precision,recall
0.84397702635883,1.0
0.8439877269499949,1.0
0.843998427812504,1.0
0.8440091289463675,1.0
0.8440198303515957,1.0
0.844030532028199,1.0
0.8440412339761878,1.0
0.8440519361955723,1.0
0.8440626386863628,1.0
0.8440733414485697,1.0
0.8440840444822033,1.0
0.844094747787274,1.0
0.844105451363792,1.0
0.8441268593312115,1.0
0.8441375637221334,1.0
0.8441482683845442,1.0
0.8441696785238729,1.0
0.8441803840008116,1.0
0.8441910897492803,1.0
0.8442017957692893,1.0
0.844212502060849,1.0
0.8442232086239696,1.0
0.8442339154586614,1.0
0.844244622564935,1.0
0.8442553299428006,1.0
0.8442660375922685,1.0
0.844276745513349,1.0
0.8442874537060524,1.0
0.8442981621703892,1.0
0.8443088709063697,1.0
0.8443195799140041,1.0
0.8443302891933029,1.0
0.8443409987442763,1.0
0.8443624186612885,1.0
0.844373129027348,1.0
0.8443838396651233,1.0
0.8443945505746252,1.0
0.8444052617558636,1.0
0.8444159732088492,1.0
0.8444266849335921,1.0
0.8444481091983914,1.0
0.8444588217384685,1.0
0.8444695345503445,1.0
0.8444802476340294,1.0
0.8444909609895338,1.0
0.844501674616868,1.0
0.8445123885160423,1.0
0.8445231026870671,1.0
0.8445338171299527,1.0
0.8445445318447095,1.0
0.8445552468313478,1.0
0.844565962089878,1.0
0.8445766776203103,1.0
0.8445873934226553,1.0
0.8445981094969232,1.0
0.8446088258431244,1.0
0.8446195424612691,1.0
0.8446302593513678,1.0
0.8446624116534913,1.0
0.8446731296315095,1.0
0.8446838478815334,1.0
0.8446945664035733,1.0
0.8447052851976398,1.0
0.8447160042637429,1.0
0.8447267236018934,1.0
0.8447374432121012,1.0
0.844748163094377,1.0
0.8447588832487309,1.0
0.8447696036751735,1.0
0.8447803243737151,1.0
0.8447910453443659,1.0
0.8448017665871363,1.0
0.8448124881020369,1.0
0.8448232098890779,1.0
0.8448660997588526,1.0
0.8448768229067509,1.0
0.8448875463268518,1.0
0.8448982700191656,1.0
0.8449089939837027,1.0
0.8449197182204734,1.0
0.8449304427294883,1.0
0.8449411675107574,1.0
0.8449518925642914,1.0
0.8449626178901004,1.0
0.844973343488195,1.0
0.8449840693585854,1.0
0.8449947955012821,1.0
0.8450055219162954,1.0
0.8450162486036357,1.0
0.8450269755633132,1.0
0.8450377027953385,1.0
0.845048430299722,1.0
0.8450591580764739,1.0
0.8450698861256046,1.0
0.8450806144471246,1.0
0.845091343041044,1.0
0.8451020719073735,1.0
0.8451128010461234,1.0
0.8451235304573039,1.0
0.8451342601409255,1.0
0.8451449900969986,1.0
0.8451557203255335,1.0
0.8451664508265407,1.0
0.8451771816000305,1.0
0.8451879126460132,1.0
0.8451986439644993,1.0
0.8452308395550815,1.0
0.8452415719636849,1.0
0.8452523046448435,1.0
0.8452630375985677,1.0
0.845273770824868,1.0
0.8452845043237546,1.0
0.8452952380952381,1.0
0.8453059721393288,1.0
0.845316706456037,1.0
0.8453274410453732,1.0
0.8453381759073477,1.0
0.845348911041971,1.0
0.8453596464492533,1.0
0.8453703821292051,1.0
0.8453811180818369,1.0
0.8453918543071589,1.0
0.8454025908051817,1.0
0.8454133275759154,1.0
0.8454348019355576,1.0
0.8454455395244869,1.0
0.8454670155206138,1.0
0.8454777539278321,1.0
0.8454884926078342,1.0
0.8455099707862315,1.0
0.8455207102846474,1.0
0.8455314500558886,1.0
0.8455421900999657,1.0
0.845552930416889,1.0
0.8455636710066687,1.0
0.8455744118693156,1.0
0.8455851530048397,1.0
0.8455958944132517,1.0
0.8456066360945618,1.0
0.8456281202759182,1.0
0.8456388627759852,1.0
0.8456496055489919,1.0
0.845660348594949,1.0
0.8456710919138665,1.0
0.845681835505755,1.0
0.8456925793706249,1.0
0.8457033235084866,1.0
0.8457140679193506,1.0
0.8457248126032271,1.0
0.8457355575601265,1.0
0.8457570482930362,1.0
0.8457677940690672,1.0
0.8457785401181628,1.0
0.8457892864403334,1.0
0.8458000330355895,1.0
0.8458107799039415,1.0
0.8458215270453997,1.0
0.8458322744599746,1.0
0.8458430221476766,1.0
0.8458537701085161,1.0
0.8458645183425035,1.0
0.8458752668496493,1.0
0.8458860156299638,1.0
0.8458967646834574,1.0
0.8459075140101406,1.0
0.8459182636100239,1.0
0.8459290134831176,1.0
0.8459397636294319,1.0
0.8459505140489776,1.0
0.8459612647417649,1.0
0.8459720157078043,1.0
0.8459827669471062,1.0
0.845993518459681,1.0
0.8460042702455391,1.0
0.846015022304691,1.0
0.846025774637147,1.0
0.8460472801220132,1.0
0.8460580332744443,1.0
0.8460687867002211,1.0
0.8460795403993543,1.0
0.8460902943718542,1.0
0.8464560921644922,1.0
0.8464668557113973,1.0
0.8464776195320448,1.0
0.8464883836264449,1.0
0.8464991479946082,1.0
0.8465099126365452,1.0
0.8465422082051021,1.0
0.8465529739422379,1.0
0.8465637399531997,1.0
0.8465745062379977,1.0
0.8465852727966425,1.0
0.8465960396291444,1.0
0.846606806735514,1.0
0.8466175741157618,1.0
0.846628341769898,1.0
0.8466391096979332,1.0
0.8466498778998779,1.0
0.8466606463757425,1.0
0.8466714151255373,1.0
0.8466821841492731,1.0
0.84669295344696,1.0
0.8467144928642296,1.0
0.846725262983833,1.0
0.8467360333774295,1.0
0.8467468040450296,1.0
0.8467575749866436,1.0
0.846768346202282,1.0
0.8467791176919555,1.0
0.8467898894556741,1.0
0.8468006614934487,1.0
0.8468114338052894,1.0
0.846822206391207,1.0
0.8468329792512117,1.0
0.8468437523853141,1.0
0.8468545257935246,1.0
0.8468652994758537,1.0
0.8468760734323117,1.0
0.8468868476629093,1.0
0.8468976221676568,1.0
0.8469083969465648,1.0
0.8469191719996437,1.0
0.846929947326904,1.0
0.8469407229283561,1.0
0.8469514988040103,1.0
0.8469622749538774,1.0
0.8469730513779677,1.0
0.8469838280762918,1.0
0.8469946050488599,1.0
0.8470053822956827,1.0
0.8470161598167706,1.0
0.847026937612134,1.0
0.8470377156817834,1.0
0.8470484940257295,1.0
0.8470700515365528,1.0
0.8470808307034511,1.0
0.8470916101446878,1.0
0.8471023898602733,1.0
0.847123950114533,1.0
0.847134730653228,1.0
0.8471562925538008,1.0
0.8471670739156995,1.0
0.8471778555520204,1.0
0.847188637462774,1.0
0.847210202107621,1.0
0.8472209848417355,1.0
0.8472317678503245,1.0
0.8472425511333986,1.0
0.8472533346909683,1.0
0.8472641185230441,1.0
0.8472749026296362,1.0
0.8472964716664121,1.0
0.8473072565966168,1.0
0.8473180418013798,1.0
0.8473288272807118,1.0
0.8473396130346232,1.0
0.8473503990631245,1.0
0.8473611853662262,1.0
0.8473719719439388,1.0
0.8473827587962727,1.0
0.8473935459232385,1.0
0.8474043333248465,1.0
0.8474151210011075,1.0
0.8474259089520317,1.0
0.8474366971776298,1.0
0.8474474856779122,1.0
0.8474582744528892,1.0
0.8474690635025717,1.0
0.8474798528269698,1.0
0.8474906424260943,1.0
0.8475014322999554,1.0
0.8475338035700645,1.0
0.8475445945429776,1.0
0.8475553857906799,1.0
0.847566177313182,1.0
0.8475769691104943,1.0
0.8476093461513975,1.0
0.8476201390480557,1.0
0.8476309322195765,1.0
0.8476417256659705,1.0
0.8476525193872484,1.0
0.8476633133834204,1.0
0.847674107654497,1.0
0.847684902200489,1.0
0.8476956970214067,1.0
0.8477064921172606,1.0
0.8477172874880611,1.0
0.847728083133819,1.0
0.8477388790545445,1.0
0.8477496752502484,1.0
0.8477604717209409,1.0
0.8477712684666328,1.0
0.8477820654873343,1.0
0.8477928627830561,1.0
0.8478036603538087,1.0
0.8478144581996027,1.0
0.8478252563204484,1.0
0.8478468533873371,1.0
0.8478576523334013,1.0
0.8478684515545593,1.0
0.8478792510508215,1.0
0.8478900508221987,1.0
0.8479008508687013,1.0
0.8479116511903397,1.0
0.8479332526590663,1.0
0.8479440538061754,1.0
0.8479548552284626,1.0
0.8479656569259382,1.0
0.8479764588986127,1.0
0.8479872611464968,1.0
0.8479980636696008,1.0
0.8480088664679355,1.0
0.8480304728903384,1.0
0.8480412765144276,1.0
0.8480520804137895,1.0
0.8480628845884346,1.0
0.8480736890383733,1.0
0.8480844937636162,1.0
0.8480952987641738,1.0
0.8481061040400566,1.0
0.8481169095912751,1.0
0.8481277154178399,1.0
0.8481601345497172,1.0
0.8481709414777723,1.0
0.8481817486812263,1.0
0.8481925561600897,1.0
0.8482033639143731,1.0
0.848214171944087,1.0
0.8482249802492419,1.0
0.8482357888298482,1.0
0.8482465976859167,1.0
0.8482574068174578,1.0
0.8482790259069999,1.0
0.8482898358650219,1.0
0.8483006460985587,1.0
0.8483222673922186,1.0
0.8483438897880637,1.0
0.8483547013993322,1.0
0.8483655132861786,1.0
0.8483763254486134,1.0
0.8483871378866472,1.0
0.8483979506002906,1.0
0.8484087635895541,1.0
0.8484195768544481,1.0
0.8484303903949834,1.0
0.8484412042111703,1.0
0.8484628326705415,1.0
0.8484736473137467,1.0
0.8484844622326458,1.0
0.8484952774272494,1.0
0.848506092897568,1.0
0.848516908643612,1.0
0.848527724665392,1.0
0.8485385409629186,1.0
0.8485493575362023,1.0
0.8485601743852538,1.0
0.8485709915100834,1.0
0.8485818089107018,1.0
0.848603444539347,1.0
0.848614262767395,1.0
0.848625081271274,1.0
0.8486359000509944,1.0
0.8486467191065669,1.0
0.848657538438002,1.0
0.8486683580453103,1.0
0.8486791779285022,1.0
0.8486899980875885,1.0
0.8487008185225795,1.0
0.8487116392334859,1.0
0.848733281483087,1.0
0.8487441030218029,1.0
0.8487549248364763,1.0
0.8487765692937381,1.0
0.8487873919363477,1.0
0.848798214854957,1.0
0.8488090380495766,1.0
0.8488198615202173,1.0
0.8488306852668894,1.0
0.8488415092896036,1.0
0.8488523335883703,1.0
0.8488739830141039,1.0
0.8488848081410919,1.0
0.8488956335441746,1.0
0.8489064592233628,1.0
0.848917285178667,1.0
0.8489281114100978,1.0
0.8489389379176656,1.0
0.8489497647013812,1.0
0.8489605917612549,1.0
0.8489822467095194,1.0
0.8489930745979313,1.0
0.8490039027625437,1.0
0.8490147312033671,1.0
0.8490255599204122,1.0
0.8490363889136895,1.0
0.8490472181832096,1.0
0.8490580477289831,1.0
0.8490688775510205,1.0
0.8491013686748218,1.0
0.8491121996020206,1.0
0.8491230308055361,1.0
0.849133862285379,1.0
0.8491446940415598,1.0
0.8491555260740892,1.0
0.8491663583829776,1.0
0.8491771909682357,1.0
0.8491880238298741,1.0
0.8492096903823338,1.0
0.8492205240731764,1.0
0.8492313580404414,1.0
0.8492421922841397,1.0
0.8492530268042815,1.0
0.8492638616008777,1.0
0.8492746966739388,1.0
0.8492855320234753,1.0
0.849296367649498,1.0
0.8493072035520172,1.0
0.8493180397310436,1.0
0.8493288761865877,1.0
0.8493397129186603,1.0
0.8493505499272718,1.0
0.8493613872124328,1.0
0.8493722247741541,1.0
0.8493830626124459,1.0
0.8493939007273191,1.0
0.8494047391187842,1.0
0.8494155777868517,1.0
0.8494264167315324,1.0
0.8494372559528367,1.0
0.8494480954507753,1.0
0.8494589352253585,1.0
0.8494697752765974,1.0
0.8494806156045022,1.0
0.8494914562090836,1.0
0.8495131382483186,1.0
0.8495348213943872,1.0
0.8495456633825106,1.0
0.8495565056473742,1.0
0.8495673481889885,1.0
0.8495781910073641,1.0
0.8495890341025117,1.0
0.849599877474442,1.0
0.8496107211231653,1.0
0.8496757888287553,1.0
0.8496866344153274,1.0
0.8496974802787777,1.0
0.8497083264191164,1.0
0.8497300195305021,1.0
0.8497408665015701,1.0
0.8497517137495691,1.0
0.8497625612745098,1.0
0.8497734090764026,1.0
0.8497842571552583,1.0
0.8497951055110873,1.0
0.849816803053708,1.0
0.8498276522405209,1.0
0.8498385017043496,1.0
0.8498493514452048,1.0
0.849860201463097,1.0
0.8498710517580369,1.0
0.8498927531791022,1.0
0.8499253073888229,1.0
0.8499361593462718,1.0
0.8499470115808424,1.0
0.8499578640925458,1.0
0.8499687168813923,1.0
0.8499795699473927,1.0
0.8499904232905574,1.0
0.8500012769108971,1.0
0.8500121308084226,1.0
0.8500229849831443,1.0
0.8500338394350729,1.0
0.8500446941642191,1.0
0.8500881158531913,1.0
0.8500989719685844,1.0
0.8501098283612587,1.0
0.8501206850312248,1.0
0.8501315419784935,1.0
0.8501423992030753,1.0
0.8501532567049809,1.0
0.8501641144842207,1.0
0.8501749725408057,1.0
0.8501858308747462,1.0
0.850196689486053,1.0
0.8502075483747366,1.0
0.8502184075408077,1.0
0.850229266984277,1.0
0.850240126705155,1.0
0.8502509867034524,1.0
0.85026184697918,1.0
0.8502727075323481,1.0
0.8502835683629675,1.0
0.8502944294710488,1.0
0.8503052908566027,1.0
0.8503161525196398,1.0
0.8503270144601707,1.0
0.850337876678206,1.0
0.8503487391737564,1.0
0.8503596019468326,1.0
0.8503704649974451,1.0
0.8503813283256045,1.0
0.8503921919313217,1.0
0.8504030558146071,1.0
0.8504139199754714,1.0
0.8504247844139252,1.0
0.8504356491299793,1.0
0.8504465141236441,1.0
0.8504573793949305,1.0
0.850468244943849,1.0
0.8504791107704102,1.0
0.8504899768746247,1.0
0.8505008432565033,1.0
0.8505117099160566,1.0
0.8505334440682297,1.0
0.8505551793312294,1.0
0.8505660473793156,1.0
0.8505769157051405,1.0
0.8505877843087145,1.0
0.8505986531900485,1.0
0.8506095223491528,1.0
0.8506203917860383,1.0
0.8506530017634881,1.0
0.8506638723116047,1.0
0.8506747431375556,1.0
0.8506856142413516,1.0
0.8506964856230032,1.0
0.8507073572825212,1.0
0.8507182292199161,1.0
0.8507291014351988,1.0
0.8507271937223628,0.9999849775414245
0.850738066330117,0.9999849775414245
0.8507489392157865,0.9999849775414245
0.8507815595403945,0.9999849775414245
0.8507924335378323,0.9999849775414245
0.8508033078132389,0.9999849775414245
0.8508141823666249,0.9999849775414245
0.850825057198001,0.9999849775414245
0.8508359323073776,0.9999849775414245
0.8508468076947657,0.9999849775414245
0.8508576833601759,0.9999849775414245
0.8508685593036187,0.9999849775414245
0.8508794355251048,0.9999849775414245
0.8508903120246449,0.9999849775414245
0.8509011888022497,0.9999849775414245
0.8509120658579299,0.9999849775414245
0.850922943191696,0.9999849775414245
0.8509338208035588,0.9999849775414245
0.850944698693529,0.9999849775414245
0.8509555768616172,0.9999849775414245
0.8509664553078339,0.9999849775414245
0.85097733403219,0.9999849775414245
0.8509882130346961,0.9999849775414245
0.8509990923153629,0.9999849775414245
0.851009971874201,0.9999849775414245
0.8510208517112211,0.9999849775414245
0.8510317318264338,0.9999849775414245
0.8510426122198499,0.9999849775414245
0.8510643738413348,0.9999849775414245
0.8510752550694249,0.9999849775414245
0.851086136575761,0.9999849775414245
0.8510970183603539,0.9999849775414245
0.8511079004232142,0.9999849775414245
0.8511187827643524,0.9999849775414245
0.8511296653837793,0.9999849775414245
0.8511405482815058,0.9999849775414245
0.8511514314575421,0.9999849775414245
0.8511623149118993,0.9999849775414245
0.851173198644588,0.9999849775414245
0.8511840826556186,0.9999849775414245
0.8511949669450021,0.9999849775414245
0.8512276214833759,0.9999849775414245
0.8512385068862773,0.9999849775414245
0.8512493925675848,0.9999849775414245
0.8512602785273092,0.9999849775414245
0.8512711647654612,0.9999849775414245
0.8512820512820513,0.9999849775414245
0.8512929380770903,0.9999849775414245
0.8513038251505889,0.9999849775414245
0.8513147125025579,0.9999849775414245
0.8513256001330076,0.9999849775414245
0.8513364880419491,0.9999849775414245
0.8513473762293928,0.9999849775414245
0.8513582646953497,0.9999849775414245
0.8513691534398301,0.9999849775414245
0.851380042462845,0.9999849775414245
0.851390931764405,0.9999849775414245
0.8514018213445206,0.9999849775414245
0.8514127112032027,0.9999849775414245
0.851423601340462,0.9999849775414245
0.851434491756309,0.9999849775414245
0.8514453824507546,0.9999849775414245
0.8514562734238095,0.9999849775414245
0.8514671646754841,0.9999849775414245
0.8514780562057894,0.9999849775414245
0.851488948014736,0.9999849775414245
0.8514998401023345,0.9999849775414245
0.8515107324685957,0.9999849775414245
0.8515216251135302,0.9999849775414245
0.8515325180371488,0.9999849775414245
0.8515434112394622,0.9999849775414245
0.8515869868358771,0.9999849775414245
0.8515978814318246,0.9999849775414245
0.8516087763065311,0.9999849775414245
0.8516196714600072,0.9999849775414245
0.8516305668922636,0.9999849775414245
0.8516414626033111,0.9999849775414245
0.8516523585931602,0.9999849775414245
0.8516632548618219,0.9999849775414245
0.8516741514093067,0.9999849775414245
0.8516850482356253,0.9999849775414245
0.8517068427248068,0.9999849775414245
0.8517177403876911,0.9999849775414245
0.8517395365501005,0.9999849775414245
0.851761333828102,0.9999849775414245
0.8517722328854767,0.9999849775414245
0.8517831322217815,0.9999849775414245
0.8517940318370272,0.9999849775414245
0.8518049317312245,0.9999849775414245
0.8518158319043841,0.9999849775414245
0.851837633087633,0.9999849775414245
0.8518594353868598,0.9999849775414245
0.8518703369549916,0.9999849775414245
0.8518812388021499,0.9999849775414245
0.8518921409283456,0.9999849775414245
0.8519030433335892,0.9999849775414245
0.8519139460178916,0.9999849775414245
0.8519248489812634,0.9999849775414245
0.8519357522237153,0.9999849775414245
0.8519466557452582,0.9999849775414245
0.8519575595459025,0.9999849775414245
0.8519684636256591,0.9999849775414245
0.8519793679845388,0.9999849775414245
0.8519902726225521,0.9999849775414245
0.8520011775397099,0.9999849775414245
0.8520229882115018,0.9999849775414245
0.8520338939661573,0.9999849775414245
0.8520557063130408,0.9999849775414245
0.8520666129052904,0.9999849775414245
0.8520775197767594,0.9999849775414245
0.8520884269274587,0.9999849775414245
0.8520993343573988,0.9999849775414245
0.8521102420665907,0.9999849775414245
0.8521320583227723,0.9999849775414245
0.8521429668697834,0.9999849775414245
0.8521538756960891,0.9999849775414245
0.8521647848017001,0.9999849775414245
0.8521756941866271,0.9999849775414245
0.8521866038508807,0.9999849775414245
0.852197513794472,0.9999849775414245
0.8522193345197097,0.9999849775414245
0.8522302453013776,0.9999849775414245
0.8522411563624259,0.9999849775414245
0.8522520677028653,0.9999849775414245
0.8522629793227066,0.9999849775414245
0.8522738912219605,0.9999849775414245
0.8522848034006376,0.9999849775414245
0.8522957158587489,0.9999849775414245
0.8523066285963048,0.9999849775414245
0.8523175416133163,0.9999849775414245
0.852328454909794,0.9999849775414245
0.8523393684857486,0.9999849775414245
0.852350282341191,0.9999849775414245
0.852361196476132,0.9999849775414245
0.852372110890582,0.9999849775414245
0.8523830255845519,0.9999849775414245
0.8523939405580526,0.9999849775414245
0.8524048558110946,0.9999849775414245
0.8524157713436887,0.9999849775414245
0.8524812704104502,0.9999849775414245
0.8524921879002101,0.9999849775414245
0.852503105669608,0.9999849775414245
0.8525140237186547,0.9999849775414245
0.8525249420473611,0.9999849775414245
0.8525358606557377,0.9999849775414245
0.8525467795437954,0.9999849775414245
0.8525576987115449,0.9999849775414245
0.8525686181589969,0.9999849775414245
0.8525795378861623,0.9999849775414245
0.8525904578930515,0.9999849775414245
0.8526013781796757,0.9999849775414245
0.8526122987460454,0.9999849775414245
0.8526232195921714,0.9999849775414245
0.8526341407180643,0.9999849775414245
0.8526450621237351,0.9999849775414245
0.8526559838091944,0.9999849775414245
0.852666905774453,0.9999849775414245
0.8526778280195217,0.9999849775414245
0.8526887505444112,0.9999849775414245
0.8526996733491321,0.9999849775414245
0.8527105964336954,0.9999849775414245
0.8527215197981117,0.9999849775414245
0.852732443442392,0.9999849775414245
0.8527433673665467,0.9999849775414245
0.8527542915705867,0.9999849775414245
0.8527652160545228,0.9999849775414245
0.8527761408183658,0.9999849775414245
0.8527870658621264,0.9999849775414245
0.8527979911858153,0.9999849775414245
0.8528089167894434,0.9999849775414245
0.8528307688365597,0.9999849775414245
0.8528416952800697,0.9999849775414245
0.8528526220035618,0.9999849775414245
0.8528635490070468,0.9999849775414245
0.8528744762905355,0.9999849775414245
0.8528854038540385,0.9999849775414245
0.8528963316975668,0.9999849775414245
0.8529072598211311,0.9999849775414245
0.8529181882247422,0.9999849775414245
0.8529291169084107,0.9999849775414245
0.8529400458721474,0.9999849775414245
0.8529509751159632,0.9999849775414245
0.8529619046398688,0.9999849775414245
0.852972834443875,0.9999849775414245
0.8529709504222248,0.9999699550828488
0.852981880622261,0.9999699550828488
0.8529928111024258,0.9999699550828488
0.85300374186273,0.9999699550828488
0.8530146729031844,0.9999699550828488
0.8530256042237999,0.9999699550828488
0.853036535824587,0.9999699550828488
0.8530474677055567,0.9999699550828488
0.8530583998667196,0.9999699550828488
0.8530911980314759,0.9999699550828488
0.8531021313135196,0.9999699550828488
0.8531130648758106,0.9999699550828488
0.8531239987183595,0.9999699550828488
0.853134932841177,0.9999699550828488
0.8531458672442741,0.9999699550828488
0.8531568019276614,0.9999699550828488
0.8531677368913497,0.9999699550828488
0.8531786721353499,0.9999699550828488
0.8531896076596727,0.9999699550828488
0.8532005434643287,0.9999699550828488
0.853211479549329,0.9999699550828488
0.8532224159146842,0.9999699550828488
0.853233352560405,0.9999699550828488
0.8532442894865024,0.9999699550828488
0.853255226692987,0.9999699550828488
0.8532661641798698,0.9999699550828488
0.8532771019471613,0.9999699550828488
0.8532880399948725,0.9999699550828488
0.8533099169315967,0.9999699550828488
0.8533208558206314,0.9999699550828488
0.853331794990129,0.9999699550828488
0.8533427344401,0.9999699550828488
0.8533536741705554,0.9999699550828488
0.8533646141815059,0.9999699550828488
0.8533755544729622,0.9999699550828488
0.8533864950449354,0.9999699550828488
0.8534083770304748,0.9999699550828488
0.8534193184440627,0.9999699550828488
0.8534302601382104,0.9999699550828488
0.8534412021129288,0.9999699550828488
0.8534521443682287,0.9999699550828488
0.8534630869041209,0.9999699550828488
0.8534740297206159,0.9999699550828488
0.8534849728177248,0.9999699550828488
0.8534959161954585,0.9999699550828488
0.8535068598538275,0.9999699550828488
0.8535287480125148,0.9999699550828488
0.8535396925128547,0.9999699550828488
0.8535506372938733,0.9999699550828488
0.8535615823555812,0.9999699550828488
0.8535725276979893,0.9999699550828488
0.8535834733211084,0.9999699550828488
0.8535944192249494,0.9999699550828488
0.8536053654095228,0.9999699550828488
0.8536163118748397,0.9999699550828488
0.8536382056477468,0.9999699550828488
0.8536491529553586,0.9999699550828488
0.8536601005437571,0.9999699550828488
0.8536710484129528,0.9999699550828488
0.8536929449937799,0.9999699550828488
0.8537038937054328,0.9999699550828488
0.8537148426979262,0.9999699550828488
0.853725791971271,0.9999699550828488
0.8537367415254781,0.9999699550828488
0.8537476913605582,0.9999699550828488
0.8537805425511448,0.9999699550828488
0.8537914935098251,0.9999699550828488
0.8538024447494325,0.9999699550828488
0.8538462525173489,0.9999699550828488
0.8538681580871507,0.9999699550828488
0.8538791112935502,0.9999699550828488
0.8538900647809634,0.9999699550828488
0.8539010185494009,0.9999699550828488
0.8539119725988736,0.9999699550828488
0.8539229269293924,0.9999699550828488
0.853933881540968,0.9999699550828488
0.8539448364336113,0.9999699550828488
0.853966747062144,0.9999699550828488
0.8539777027980551,0.9999699550828488
0.8539996151132209,0.9999699550828488
0.8540215285529169,0.9999699550828488
0.8540324856944908,0.9999699550828488
0.8540434431172297,0.9999699550828488
0.8540544008211445,0.9999699550828488
0.8540653588062459,0.9999699550828488
0.8540763170725448,0.9999699550828488
0.854087275620052,0.9999699550828488
0.8540982344487785,0.9999699550828488
0.8541091935587348,0.9999699550828488
0.854120152949932,0.9999699550828488
0.8541311126223807,0.9999699550828488
0.854142072576092,0.9999699550828488
0.8541530328110765,0.9999699550828488
0.854163993327345,0.9999699550828488
0.8541749541249086,0.9999699550828488
0.854207838205477,0.9999699550828488
0.8542188001283285,0.9999699550828488
0.8542297623325291,0.9999699550828488
0.8542516875850209,0.9999699550828488
0.8542626506333337,0.9999699550828488
0.854273613963039,0.9999699550828488
0.8542845775741476,0.9999699550828488
0.8542955414666701,0.9999699550828488
0.8543065056406176,0.9999699550828488
0.8543174700960008,0.9999699550828488
0.8543284348328306,0.9999699550828488
0.854339399851118,0.9999699550828488
0.8543503651508734,0.9999699550828488
0.8543613307321081,0.9999699550828488
0.8543832627390578,0.9999699550828488
0.8543942291647948,0.9999699550828488
0.8544051958720542,0.9999699550828488
0.8544271301311838,0.9999699550828488
0.8544380976830755,0.9999699550828488
0.8544490655165332,0.9999699550828488
0.8544600336315674,0.9999699550828488
0.8544710020281893,0.9999699550828488
0.8544819707064094,0.9999699550828488
0.8544929396662387,0.9999699550828488
0.8545039089076881,0.9999699550828488
0.8545148784307685,0.9999699550828488
0.8545258482354905,0.9999699550828488
0.854536818321865,0.9999699550828488
0.8545477886899031,0.9999699550828488
0.8545587593396153,0.9999699550828488
0.8545697302710128,0.9999699550828488
0.8545807014841063,0.9999699550828488
0.8545916729789064,0.9999699550828488
0.8546026447554244,0.9999699550828488
0.8546136168136708,0.9999699550828488
0.8546355617753926,0.9999699550828488
0.8546465346788896,0.9999699550828488
0.8546575078641587,0.9999699550828488
0.8546794550800559,0.9999699550828488
0.8546904291107059,0.9999699550828488
0.8547014034231712,0.9999699550828488
0.8547123780174628,0.9999699550828488
0.8547233528935914,0.9999699550828488
0.8547343280515678,0.9999699550828488
0.8547453034914031,0.9999699550828488
0.854756279213108,0.9999699550828488
0.8547672552166934,0.9999699550828488
0.8547782315021701,0.9999699550828488
0.8547892080695492,0.9999699550828488
0.8548001849188411,0.9999699550828488
0.854822139463208,0.9999699550828488
0.8548331171583043,0.9999699550828488
0.8548440951353573,0.9999699550828488
0.8548660519353761,0.9999699550828488
0.8548770307583639,0.9999699550828488
0.8548880098633515,0.9999699550828488
0.85489898925035,0.9999699550828488
0.8549099689193702,0.9999699550828488
0.8549209488704229,0.9999699550828488
0.8549319291035191,0.9999699550828488
0.8549429096186697,0.9999699550828488
0.8549538904158853,0.9999699550828488
0.8549648714951771,0.9999699550828488
0.8549758528565556,0.9999699550828488
0.8549868345000321,0.9999699550828488
0.8549978164256172,0.9999699550828488
0.8550087986333218,0.9999699550828488
0.8550197811231568,0.9999699550828488
0.855030763895133,0.9999699550828488
0.8550417469492614,0.9999699550828488
0.8550527302855528,0.9999699550828488
0.8550637139040181,0.9999699550828488
0.8550746978046682,0.9999699550828488
0.8550856819875138,0.9999699550828488
0.855096666452566,0.9999699550828488
0.8551076511998356,0.9999699550828488
0.8551186362293334,0.9999699550828488
0.8551296215410704,0.9999699550828488
0.8551406071350574,0.9999699550828488
0.8551515930113053,0.9999699550828488
0.8551625791698249,0.9999699550828488
0.8551735656106272,0.9999699550828488
0.855184552333723,0.9999699550828488
0.8551955393391233,0.9999699550828488
0.8552065266268388,0.9999699550828488
0.8552175141968805,0.9999699550828488
0.8552285020492593,0.9999699550828488
0.855239490183986,0.9999699550828488
0.8552504786010715,0.9999699550828488
0.8552614673005268,0.9999699550828488
0.8552724562823626,0.9999699550828488
0.85528344554659,0.9999699550828488
0.8552944350932196,0.9999699550828488
0.8553054249222625,0.9999699550828488
0.8553274054276315,0.9999699550828488
0.8553383961039795,0.9999699550828488
0.8553493870627843,0.9999699550828488
0.8553603783040568,0.9999699550828488
0.8553713698278078,0.9999699550828488
0.8553823616340482,0.9999699550828488
0.8554263316841226,0.9999699550828488
0.8554373249029738,0.9999699550828488
0.8554483184043797,0.9999699550828488
0.8554593121883514,0.9999699550828488
0.8554703062548997,0.9999699550828488
0.8554813006040355,0.9999699550828488
0.8554922952357696,0.9999699550828488
0.8555032901501131,0.9999699550828488
0.8555142853470767,0.9999699550828488
0.8555252808266715,0.9999699550828488
0.8555362765889082,0.9999699550828488
0.8555472726337977,0.9999699550828488
0.8555582689613511,0.9999699550828488
0.8555692655715791,0.9999699550828488
0.8555802624644927,0.9999699550828488
0.8556022570984203,0.9999699550828488
0.855613254839456,0.9999699550828488
0.855624252863221,0.9999699550828488
0.8556352511697259,0.9999699550828488
0.855646249758982,0.9999699550828488
0.8556572486309998,0.9999699550828488
0.8556682477857905,0.9999699550828488
0.8556792472233649,0.9999699550828488
0.8556902469437339,0.9999699550828488
0.8557012469469083,0.9999699550828488
0.8557122472328993,0.9999699550828488
0.8557232478017175,0.9999699550828488
0.855734248653374,0.9999699550828488
0.8557452497878796,0.9999699550828488
0.8557562512052452,0.9999699550828488
0.8557672529054818,0.9999699550828488
0.8558002597035266,0.9999699550828488
0.8558112625353561,0.9999699550828488
0.8558222656501112,0.9999699550828488
0.8558332690478028,0.9999699550828488
0.8558442727284415,0.9999699550828488
0.8558552766920386,0.9999699550828488
0.855866280938605,0.9999699550828488
0.8558882902806887,0.9999699550828488
0.855899295376228,0.9999699550828488
0.8559323123609665,0.9999699550828488
0.8559653318931152,0.9999699550828488
0.8559763389699736,0.9999699550828488
0.8559873463299214,0.9999699550828488
0.8559983539729692,0.9999699550828488
0.8560093618991281,0.9999699550828488
0.8560203701084091,0.9999699550828488
0.856031378600823,0.9999699550828488
0.8560423873763808,0.9999699550828488
0.8560533964350935,0.9999699550828488
0.8560644057769718,0.9999699550828488
0.8560754154020268,0.9999699550828488
0.8560864253102695,0.9999699550828488
0.8560845744270391,0.9999549326242733
0.8561065953287376,0.9999549326242733
0.8561176062044218,0.9999549326242733
0.856128617363344,0.9999549326242733
0.8561396288055152,0.9999549326242733
0.8561726648316312,0.9999549326242733
0.8561946902654868,0.9999549326242733
0.8562057034073808,0.9999549326242733
0.8562167168326001,0.9999549326242733
0.8562277305411559,0.9999549326242733
0.8562387445330589,0.9999549326242733
0.8562497588083201,0.9999549326242733
0.8562607733669505,0.9999549326242733
0.856271788208961,0.9999549326242733
0.8562828033343625,0.9999549326242733
0.8562938187431659,0.9999549326242733
0.8563048344353822,0.9999549326242733
0.8563158504110223,0.9999549326242733
0.8563268666700973,0.9999549326242733
0.8563378832126178,0.9999549326242733
0.8563489000385951,0.9999549326242733
0.8563709345409634,0.9999549326242733
0.8563819522173762,0.9999549326242733
0.8563929701772894,0.9999549326242733
0.8564150069476609,0.9999549326242733
0.8564260257581411,0.9999549326242733
0.8564370448521654,0.9999549326242733
0.8564590838908904,0.9999549326242733
0.856470103835613,0.9999549326242733
0.8564811240639234,0.9999549326242733
0.8565031653713521,0.9999549326242733
0.8565141864504922,0.9999549326242733
0.856525207813264,0.9999549326242733
0.8565362294596786,0.9999549326242733
0.8565472513897467,0.9999549326242733
0.8565582736034796,0.9999549326242733
0.856569296100888,0.9999549326242733
0.8565803188819828,0.9999549326242733
0.8565913419467751,0.9999549326242733
0.8566023652952759,0.9999549326242733
0.856613388927496,0.9999549326242733
0.856646461526582,0.9999549326242733
0.8566574862937891,0.9999549326242733
0.8566685113447703,0.9999549326242733
0.856690562298099,0.9999549326242733
0.8567015882004685,0.9999549326242733
0.8567126143866558,0.9999549326242733
0.8567236408566722,0.9999549326242733
0.8567346676105283,0.9999549326242733
0.8567567219698042,0.9999549326242733
0.8567677495752458,0.9999549326242733
0.8567787774645712,0.9999549326242733
0.8567898056377912,0.9999549326242733
0.8568008340949169,0.9999549326242733
0.8568118628359592,0.9999549326242733
0.8568228918609291,0.9999549326242733
0.8568339211698376,0.9999549326242733
0.8568449507626955,0.9999549326242733
0.856855980639514,0.9999549326242733
0.8568670108003038,0.9999549326242733
0.856878041245076,0.9999549326242733
0.8568890719738418,0.9999549326242733
0.8569001029866118,0.9999549326242733
0.856911134283397,0.9999549326242733
0.8569221658642087,0.9999549326242733
0.8569331977290575,0.9999549326242733
0.8569442298779546,0.9999549326242733
0.8569552623109108,0.9999549326242733
0.8569662950279373,0.9999549326242733
0.8569773280290448,0.9999549326242733
0.8569883613142445,0.9999549326242733
0.8569993948835473,0.9999549326242733
0.8570104287369641,0.9999549326242733
0.8570214628745059,0.9999549326242733
0.8570324972961838,0.9999549326242733
0.8570435320020086,0.9999549326242733
0.8570766378244746,0.9999549326242733
0.8570876736669971,0.9999549326242733
0.8570987097937215,0.9999549326242733
0.8571097462046587,0.9999549326242733
0.8571207828998197,0.9999549326242733
0.8571318198792155,0.9999549326242733
0.8571538946907555,0.9999549326242733
0.8571649325229216,0.9999549326242733
0.8571759706393665,0.9999549326242733
0.8571870090401009,0.9999549326242733
0.8571980477251362,0.9999549326242733
0.857209086694483,0.9999549326242733
0.8572201259481527,0.9999549326242733
0.8572311654861559,0.9999549326242733
0.8572422053085037,0.9999549326242733
0.8572532454152071,0.9999549326242733
0.8572642858062771,0.9999549326242733
0.8572753264817248,0.9999549326242733
0.857286367441561,0.9999549326242733
0.8572974086857967,0.9999549326242733
0.857308450214443,0.9999549326242733
0.8573194920275109,0.9999549326242733
0.8573305341250113,0.9999549326242733
0.8573415765069552,0.9999549326242733
0.8573526191733536,0.9999549326242733
0.8573636621242176,0.9999549326242733
0.857374705359558,0.9999549326242733
0.8573857488793859,0.9999549326242733
0.8573967926837123,0.9999549326242733
0.8574078367725481,0.9999549326242733
0.8574188811459045,0.9999549326242733
0.8574299258037923,0.9999549326242733
0.8574409707462225,0.9999549326242733
0.8574520159732062,0.9999549326242733
0.8574630614847544,0.9999549326242733
0.857474107280878,0.9999549326242733
0.8574851533615881,0.9999549326242733
0.8574961997268956,0.9999549326242733
0.8575072463768116,0.9999549326242733
0.857518293311347,0.9999549326242733
0.8575293405305129,0.9999549326242733
0.8575403880343202,0.9999549326242733
0.8575514358227799,0.9999549326242733
0.8575624838959032,0.9999549326242733
0.8575735322537008,0.9999549326242733
0.8575845808961838,0.9999549326242733
0.8575956298233635,0.9999549326242733
0.8576066790352505,0.9999549326242733
0.8576177285318559,0.9999549326242733
0.857628778313191,0.9999549326242733
0.8576398283792663,0.9999549326242733
0.8576508787300933,0.9999549326242733
0.8576619293656828,0.9999549326242733
0.8576729802860457,0.9999549326242733
0.857695082981136,0.9999549326242733
0.8577061347558854,0.9999549326242733
0.8577171868154524,0.9999549326242733
0.857728239159848,0.9999549326242733
0.857739291789083,0.9999549326242733
0.8577503447031687,0.9999549326242733
0.8577613979021159,0.9999549326242733
0.8577835051546392,0.9999549326242733
0.8577945592082372,0.9999549326242733
0.8578056135467409,0.9999549326242733
0.8578166681701612,0.9999549326242733
0.8578277230785092,0.9999549326242733
0.8578387782717959,0.9999549326242733
0.8578498337500322,0.9999549326242733
0.8578608895132293,0.9999549326242733
0.8578719455613981,0.9999549326242733
0.857894058512695,0.9999549326242733
0.857905115415845,0.9999549326242733
0.857916172604011,0.9999549326242733
0.8579272300772036,0.9999549326242733
0.8579382878354342,0.9999549326242733
0.8579493458787136,0.9999549326242733
0.857960404207053,0.9999549326242733
0.8579714628204632,0.9999549326242733
0.8579825217189554,0.9999549326242733
0.8579935809025405,0.9999549326242733
0.8580157001250338,0.9999549326242733
0.8580267601639641,0.9999549326242733
0.8580378204880312,0.9999549326242733
0.8580488810972465,0.9999549326242733
0.8580599419916211,0.9999549326242733
0.8580710031711656,0.9999549326242733
0.8580820646358913,0.9999549326242733
0.8580931263858093,0.9999549326242733
0.8581041884209305,0.9999549326242733
0.8581152507412659,0.9999549326242733
0.8581263133468267,0.9999549326242733
0.8581373762376238,0.9999549326242733
0.8581484394136681,0.9999549326242733
0.858159502874971,0.9999549326242733
0.8581705666215432,0.9999549326242733
0.8581926949705401,0.9999549326242733
0.8582037595729868,0.9999549326242733
0.8582258896338318,0.9999549326242733
0.8582369550922524,0.9999549326242733
0.8582480208360195,0.9999549326242733
0.8582590868651443,0.9999549326242733
0.858270153179638,0.9999549326242733
0.8582812197795113,0.9999549326242733
0.8582922866647755,0.9999549326242733
0.8583033538354415,0.9999549326242733
0.8583254890330234,0.9999549326242733
0.8583365570599614,0.9999549326242733
0.8583476253723452,0.9999549326242733
0.8583586939701862,0.9999549326242733
0.8583697628534953,0.9999549326242733
0.858391901476562,0.9999549326242733
0.8584029712163417,0.9999549326242733
0.8584140412416337,0.9999549326242733
0.858425111552449,0.9999549326242733
0.8584361821487987,0.9999549326242733
0.8584472530306938,0.9999549326242733
0.8584583241981455,0.9999549326242733
0.8584693956511645,0.9999549326242733
0.8584804673897624,0.9999549326242733
0.8584915394139496,0.9999549326242733
0.8585026117237377,0.9999549326242733
0.8585136843191374,0.9999549326242733
0.85852475720016,0.9999549326242733
0.8585358303668162,0.9999549326242733
0.8585469038191175,0.9999549326242733
0.8585579775570746,0.9999549326242733
0.8585690515806988,0.9999549326242733
0.858580125890001,0.9999549326242733
0.8585912004849924,0.9999549326242733
0.8586022753656838,0.9999549326242733
0.8586133505320864,0.9999549326242733
0.8586244259842113,0.9999549326242733
0.8586355017220696,0.9999549326242733
0.8586576540550303,0.9999549326242733
0.8586687306501548,0.9999549326242733
0.8586798075310569,0.9999549326242733
0.8586908846977476,0.9999549326242733
0.858701962150238,0.9999549326242733
0.8587130398885391,0.9999549326242733
0.858724117912662,0.9999549326242733
0.8587351962226178,0.9999549326242733
0.8587462748184176,0.9999549326242733
0.8587573537000722,0.9999549326242733
0.8587795123209908,0.9999549326242733
0.8587905920602769,0.9999549326242733
0.8588127523965577,0.9999549326242733
0.8588238329935747,0.9999549326242733
0.8588349138765241,0.9999549326242733
0.858845995045417,0.9999549326242733
0.8588681582410777,0.9999549326242733
0.8588792402678675,0.9999549326242733
0.8588903225806451,0.9999549326242733
0.8589235712350155,0.9999549326242733
0.858934654691855,0.9999549326242733
0.8589457384347378,0.9999549326242733
0.8589568224636746,0.9999549326242733
0.8589679067786767,0.9999549326242733
0.8589789913797553,0.9999549326242733
0.8589900762669214,0.9999549326242733
0.8590011614401858,0.9999549326242733
0.8590122468995599,0.9999549326242733
0.8590233326450547,0.9999549326242733
0.8590455049944506,0.9999549326242733
0.8590565915983739,0.9999549326242733
0.8590676784884621,0.9999549326242733
0.8590787656647264,0.9999549326242733
0.8590898531271779,0.9999549326242733
0.8591009408758277,0.9999549326242733
0.8591120289106866,0.9999549326242733
0.859123117231766,0.9999549326242733
0.8591342058390768,0.9999549326242733
0.8591452947326303,0.9999549326242733
0.8591563839124374,0.9999549326242733
0.8591674733785092,0.9999549326242733
0.8591785631308568,0.9999549326242733
0.8591896531694913,0.9999549326242733
0.8592007434944238,0.9999549326242733
0.8592118341056654,0.9999549326242733
0.8592229250032271,0.9999549326242733
0.85923401618712,0.9999549326242733
0.8592451076573553,0.9999549326242733
0.859256199413944,0.9999549326242733
0.8592672914568972,0.9999549326242733
0.859278383786226,0.9999549326242733
0.8593005693040549,0.9999549326242733
0.859311662492577,0.9999549326242733
0.8593227559675192,0.9999549326242733
0.8593338497288924,0.9999549326242733
0.8593449437767077,0.9999549326242733
0.8593560381109763,0.9999549326242733
0.8593782276389176,0.9999549326242733
0.8593893228326125,0.9999549326242733
0.859400418312805,0.9999549326242733
0.8594115140795063,0.9999549326242733
0.8594226101327274,0.9999549326242733
0.8594337064724794,0.9999549326242733
0.8594448030987734,0.9999549326242733
0.8594559000116205,0.9999549326242733
0.8594669972110319,0.9999549326242733
0.8594780946970186,0.9999549326242733
0.8594891924695918,0.9999549326242733
0.8595002905287623,0.9999549326242733
0.8595113888745416,0.9999549326242733
0.8595224875069406,0.9999549326242733
0.8595335864259704,0.9999549326242733
0.8595446856316421,0.9999549326242733
0.8595668849029559,0.9999549326242733
0.85957798496862,0.9999549326242733
0.8595890853209706,0.9999549326242733
0.8596001859600186,0.9999549326242733
0.8596112868857751,0.9999549326242733
0.8596223880982514,0.9999549326242733
0.8596334895974584,0.9999549326242733
0.8596445913834074,0.9999549326242733
0.8596556934561093,0.9999549326242733
0.8596667958155754,0.9999549326242733
0.8596778984618166,0.9999549326242733
0.859711208121303,0.9999549326242733
0.8597223119147562,0.9999549326242733
0.8597334159950403,0.9999549326242733
0.8597445203621663,0.9999549326242733
0.8597556250161453,0.9999549326242733
0.8597667299569884,0.9999549326242733
0.8597778351847067,0.9999549326242733
0.8597889406993116,0.9999549326242733
0.8598000465008138,0.9999549326242733
0.8598111525892246,0.9999549326242733
0.8598222589645551,0.9999549326242733
0.8598333656268166,0.9999549326242733
0.8598444725760198,0.9999549326242733
0.8598555798121762,0.9999549326242733
0.8598666873352968,0.9999549326242733
0.8598889032424751,0.9999549326242733
0.859900011626555,0.9999549326242733
0.8599111202976436,0.9999549326242733
0.859922229255752,0.9999549326242733
0.8599333385008914,0.9999549326242733
0.8599666679586062,0.9999549326242733
0.8599777783519805,0.9999549326242733
0.8599888890324414,0.9999549326242733
0.86,0.9999549326242733
0.8600111112546673,0.9999549326242733
0.8600222227964547,0.9999549326242733
0.8600333346253731,0.9999549326242733
0.8600444467414337,0.9999549326242733
0.8600555591446476,0.9999549326242733
0.8600666718350259,0.9999549326242733
0.8600777848125799,0.9999549326242733
0.8600888980773207,0.9999549326242733
0.8601000116292592,0.9999549326242733
0.8601111254684067,0.9999549326242733
0.8601222395947744,0.9999549326242733
0.8601204321083372,0.9999399101656977
0.8601648919673317,0.9999399101656977
0.8601760076502591,0.9999399101656977
0.8601871236204802,0.9999399101656977
0.8601982398780063,0.9999399101656977
0.8602093564228482,0.9999399101656977
0.8602204732550175,0.9999399101656977
0.860231590374525,0.9999399101656977
0.860242707781382,0.9999399101656977
0.8602538254755997,0.9999399101656977
0.8602649434571891,0.9999399101656977
0.8602760617261612,0.9999399101656977
0.8602871802825275,0.9999399101656977
0.860298299126299,0.9999399101656977
0.8603094182574866,0.9999399101656977
0.8603205376761018,0.9999399101656977
0.8603316573821557,0.9999399101656977
0.8603427773756592,0.9999399101656977
0.8603538976566236,0.9999399101656977
0.8603650182250601,0.9999399101656977
0.8603761390809798,0.9999399101656977
0.8603872602243938,0.9999399101656977
0.8603983816553132,0.9999399101656977
0.8604095033737494,0.9999399101656977
0.8604206253797133,0.9999399101656977
0.8604317476732162,0.9999399101656977
0.8604539931228832,0.9999399101656977
0.8604651162790697,0.9999399101656977
0.8604762397228398,0.9999399101656977
0.8604873634542046,0.9999399101656977
0.8605096117797629,0.9999399101656977
0.8605207363739787,0.9999399101656977
0.8605318612558338,0.9999399101656977
0.8605429864253393,0.9999399101656977
0.8605541118825065,0.9999399101656977
0.8605652376273465,0.9999399101656977
0.8605763636598704,0.9999399101656977
0.8605874899800895,0.9999399101656977
0.8606097434836574,0.9999399101656977
0.8606208706670286,0.9999399101656977
0.8606319981381397,0.9999399101656977
0.8606431258970015,0.9999399101656977
0.8606542539436256,0.9999399101656977
0.8606653822780227,0.9999399101656977
0.8606765109002043,0.9999399101656977
0.8606876398101814,0.9999399101656977
0.8606987690079653,0.9999399101656977
0.8607098984935669,0.9999399101656977
0.8607210282669977,0.9999399101656977
0.8607321583282687,0.9999399101656977
0.860743288677391,0.9999399101656977
0.8607655502392344,0.9999399101656977
0.8607766814519779,0.9999399101656977
0.8607878129526174,0.9999399101656977
0.8608100768176292,0.9999399101656977
0.8608212091820239,0.9999399101656977
0.8608323418343593,0.9999399101656977
0.8608434747746466,0.9999399101656977
0.8608546080028969,0.9999399101656977
0.8608657415191215,0.9999399101656977
0.8608768753233316,0.9999399101656977
0.8608880094155382,0.9999399101656977
0.8608991437957526,0.9999399101656977
0.8609102784639859,0.9999399101656977
0.8609214134202494,0.9999399101656977
0.860932548664554,0.9999399101656977
0.8609436841969113,0.9999399101656977
0.8609548200173321,0.9999399101656977
0.8609659561258278,0.9999399101656977
0.8609770925224095,0.9999399101656977
0.8609882292070884,0.9999399101656977
0.8610216409898198,0.9999399101656977
0.8610327788269992,0.9999399101656977
0.8610439169523316,0.9999399101656977
0.8610550553658284,0.9999399101656977
0.8610661940675006,0.9999399101656977
0.8610884723354161,0.9999399101656977
0.8610996119016817,0.9999399101656977
0.8611107517561676,0.9999399101656977
0.8611218918988849,0.9999399101656977
0.8611330323298446,0.9999399101656977
0.8611441730490582,0.9999399101656977
0.8611553140565367,0.9999399101656977
0.8611664553522913,0.9999399101656977
0.8611775969363332,0.9999399101656977
0.8611887388086736,0.9999399101656977
0.8611998809693238,0.9999399101656977
0.8612110234182947,0.9999399101656977
0.8612221661555978,0.9999399101656977
0.8612333091812442,0.9999399101656977
0.8612555960976115,0.9999399101656977
0.8612667399883548,0.9999399101656977
0.8612778841674862,0.9999399101656977
0.8612890286350168,0.9999399101656977
0.8613001733909578,0.9999399101656977
0.8613113184353205,0.9999399101656977
0.8613224637681159,0.9999399101656977
0.8613336093893554,0.9999399101656977
0.8613447552990502,0.9999399101656977
0.8613559014972113,0.9999399101656977
0.8614116368154053,0.9999399101656977
0.8614227847446002,0.9999399101656977
0.8614339329623398,0.9999399101656977
0.8614450814686355,0.9999399101656977
0.8614562302634985,0.9999399101656977
0.8614673793469398,0.9999399101656977
0.8614785287189708,0.9999399101656977
0.8614896783796027,0.9999399101656977
0.8615008283288466,0.9999399101656977
0.8615119785667137,0.9999399101656977
0.8615231290932153,0.9999399101656977
0.8615342799083625,0.9999399101656977
0.8615454310121667,0.9999399101656977
0.861556582404639,0.9999399101656977
0.8615677340857905,0.9999399101656977
0.8615788860556325,0.9999399101656977
0.8615900383141762,0.9999399101656977
0.8616011908614329,0.9999399101656977
0.8616123436974137,0.9999399101656977
0.8616234968221299,0.9999399101656977
0.8616346502355926,0.9999399101656977
0.8616458039378131,0.9999399101656977
0.8616569579288026,0.9999399101656977
0.8616681122085723,0.9999399101656977
0.8616792667771334,0.9999399101656977
0.8616904216344972,0.9999399101656977
0.8617015767806747,0.9999399101656977
0.8617127322156773,0.9999399101656977
0.8617238879395164,0.9999399101656977
0.8617350439522028,0.9999399101656977
0.8617462002537479,0.9999399101656977
0.8617908283487402,0.9999399101656977
0.8618019860947473,0.9999399101656977
0.8618131441296805,0.9999399101656977
0.8618243024535509,0.9999399101656977
0.8618354610663698,0.9999399101656977
0.8618466199681484,0.9999399101656977
0.8618577791588978,0.9999399101656977
0.8618689386386296,0.9999399101656977
0.8618800984073547,0.9999399101656977
0.8619135794476025,0.9999399101656977
0.8619247403724134,0.9999399101656977
0.8619359015862739,0.9999399101656977
0.8619470630891951,0.9999399101656977
0.8619582248811882,0.9999399101656977
0.8619693869622647,0.9999399101656977
0.8619805493324355,0.9999399101656977
0.861991711991712,0.9999399101656977
0.8620028749401054,0.9999399101656977
0.862014038177627,0.9999399101656977
0.8620363655200994,0.9999399101656977
0.8620475296250728,0.9999399101656977
0.8620586940192193,0.9999399101656977
0.8620810236750764,0.9999399101656977
0.8620921889368095,0.9999399101656977
0.862114520327941,0.9999399101656977
0.862125686457362,0.9999399101656977
0.8621368528760346,0.9999399101656977
0.8621480195839701,0.9999399101656977
0.86215918658118,0.9999399101656977
0.8621703538676753,0.9999399101656977
0.8621815214434673,0.9999399101656977
0.8621926893085672,0.9999399101656977
0.8622038574629862,0.9999399101656977
0.8622150259067357,0.9999399101656977
0.862226194639827,0.9999399101656977
0.862237363662271,0.9999399101656977
0.8622485329740793,0.9999399101656977
0.862259702575263,0.9999399101656977
0.8622820426458014,0.9999399101656977
0.8623043838739766,0.9999399101656977
0.8623378978870047,0.9999399101656977
0.8623490698035964,0.9999399101656977
0.8623602420096649,0.9999399101656977
0.8623714145052211,0.9999399101656977
0.8623825872902766,0.9999399101656977
0.8623937603648425,0.9999399101656977
0.8624049337289299,0.9999399101656977
0.8624161073825504,0.9999399101656977
0.8624384555584348,0.9999399101656977
0.8624496300807214,0.9999399101656977
0.8624608048925859,0.9999399101656977
0.8624719799940397,0.9999399101656977
0.8624831553850938,0.9999399101656977
0.8624943310657597,0.9999399101656977
0.8625055070360484,0.9999399101656977
0.8625166832959714,0.9999399101656977
0.8625278598455398,0.9999399101656977
0.862539036684765,0.9999399101656977
0.8625502138136582,0.9999399101656977
0.8625613912322305,0.9999399101656977
0.8625725689404935,0.9999399101656977
0.8625949252261359,0.9999399101656977
0.8626061038035379,0.9999399101656977
0.8626172826706754,0.9999399101656977
0.8626284618275598,0.9999399101656977
0.8626396412742023,0.9999399101656977
0.8626508210106142,0.9999399101656977
0.8626620010368067,0.9999399101656977
0.862673181352791,0.9999399101656977
0.8626843619585784,0.9999399101656977
0.8626955428541805,0.9999399101656977
0.862706724039608,0.9999399101656977
0.8627179055148727,0.9999399101656977
0.8627290872799854,0.9999399101656977
0.8627850004536676,0.9999399101656977
0.8627961839581065,0.9999399101656977
0.862818551836777,0.9999399101656977
0.8628297362110312,0.9999399101656977
0.8628409208752463,0.9999399101656977
0.8628521058294336,0.9999399101656977
0.8628744766077702,0.9999399101656977
0.8628856624319419,0.9999399101656977
0.862896848546131,0.9999399101656977
0.8629080349503487,0.9999399101656977
0.8629192216446063,0.9999399101656977
0.8629304086289151,0.9999399101656977
0.8629415959032865,0.9999399101656977
0.862975159466888,0.9999399101656977
0.8629863479016219,0.9999399101656977
0.8630311045418595,0.9999399101656977
0.8630422944273007,0.9999399101656977
0.8630534846029173,0.9999399101656977
0.8630646750687205,0.9999399101656977
0.8630870568709318,0.9999399101656977
0.8630982482073625,0.9999399101656977
0.8631094398340249,0.9999399101656977
0.8631206317509303,0.9999399101656977
0.8631318239580902,0.9999399101656977
0.8631430164555156,0.9999399101656977
0.8631412417656518,0.9999248877071222
0.8631524346754846,0.9999248877071222
0.8631636278756127,0.9999248877071222
0.8631860151467995,0.9999248877071222
0.8631972092178807,0.9999248877071222
0.8632084035793023,0.9999248877071222
0.8632195982310755,0.9999248877071222
0.8632307931732116,0.9999248877071222
0.863241988405722,0.9999248877071222
0.8632531839286177,0.9999248877071222
0.8632643797419104,0.9999248877071222
0.8632755758456111,0.9999248877071222
0.8632867722397313,0.9999248877071222
0.8632979689242821,0.9999248877071222
0.863309165899275,0.9999248877071222
0.8633203631647212,0.9999248877071222
0.8633315607206319,0.9999248877071222
0.8633427585670186,0.9999248877071222
0.8633539567038925,0.9999248877071222
0.8633651551312649,0.9999248877071222
0.8633763538491471,0.9999248877071222
0.8633875528575505,0.9999248877071222
0.8633987521564863,0.9999248877071222
0.8634099517459659,0.9999248877071222
0.8634211516260004,0.9999248877071222
0.8634323517966014,0.9999248877071222
0.86344355225778,0.9999248877071222
0.8634547530095475,0.9999248877071222
0.8634659540519154,0.9999248877071222
0.8634883570084971,0.9999248877071222
0.8634995589227337,0.9999248877071222
0.8635107611276157,0.9999248877071222
0.8635219636231546,0.9999248877071222
0.8635331664093616,0.9999248877071222
0.863544369486248,0.9999248877071222
0.8635555728538253,0.9999248877071222
0.8635667765121047,0.9999248877071222
0.8635779804610973,0.9999248877071222
0.8635891847008148,0.9999248877071222
0.8636003892312683,0.9999248877071222
0.863611594052469,0.9999248877071222
0.8636227991644285,0.9999248877071222
0.863634004567158,0.9999248877071222
0.8636452102606688,0.9999248877071222
0.8636900359427511,0.9999248877071222
0.8637012430903381,0.9999248877071222
0.8637460745892918,0.9999248877071222
0.8637572831912381,0.9999248877071222
0.8637684920840903,0.9999248877071222
0.8637797012678597,0.9999248877071222
0.8638021205081953,0.9999248877071222
0.863813330564784,0.9999248877071222
0.8638245409123353,0.9999248877071222
0.8638357515508605,0.9999248877071222
0.8638469624803706,0.9999248877071222
0.8638581737008774,0.9999248877071222
0.8638805970149254,0.9999248877071222
0.8638918091084894,0.9999248877071222
0.8639030214930952,0.9999248877071222
0.8639142341687541,0.9999248877071222
0.8639254471354775,0.9999248877071222
0.8639366603932767,0.9999248877071222
0.8639478739421629,0.9999248877071222
0.8639590877821476,0.9999248877071222
0.8639703019132421,0.9999248877071222
0.8639815163354577,0.9999248877071222
0.8639927310488058,0.9999248877071222
0.8640039460532977,0.9999248877071222
0.8640151613489446,0.9999248877071222
0.8640263769357581,0.9999248877071222
0.8640375928137494,0.9999248877071222
0.8640488089829298,0.9999248877071222
0.8640600254433107,0.9999248877071222
0.8640712421949035,0.9999248877071222
0.8640824592377194,0.9999248877071222
0.8640936765717698,0.9999248877071222
0.864104894197066,0.9999248877071222
0.8641273303214415,0.9999248877071222
0.8641609866926323,0.9999248877071222
0.8641946456856483,0.9999248877071222
0.8642058659326677,0.9999248877071222
0.8642170864710464,0.9999248877071222
0.8642283073007959,0.9999248877071222
0.8642395284219273,0.9999248877071222
0.8642507498344522,0.9999248877071222
0.8642731935337272,0.9999248877071222
0.8642844158205002,0.9999248877071222
0.8642956383987119,0.9999248877071222
0.8643068612683737,0.9999248877071222
0.8643180844294971,0.9999248877071222
0.8643293078820933,0.9999248877071222
0.8643405316261735,0.9999248877071222
0.8643517556617494,0.9999248877071222
0.8643629799888322,0.9999248877071222
0.8643742046074332,0.9999248877071222
0.8643854295175638,0.9999248877071222
0.8643966547192353,0.9999248877071222
0.8644078802124593,0.9999248877071222
0.8644191059972468,0.9999248877071222
0.8644415584415585,0.9999248877071222
0.8644527851011052,0.9999248877071222
0.8644640120522611,0.9999248877071222
0.8644752392950374,0.9999248877071222
0.8644864668294456,0.9999248877071222
0.8644976946554971,0.9999248877071222
0.8645089227732031,0.9999248877071222
0.8645201511825751,0.9999248877071222
0.8645313798836243,0.9999248877071222
0.8645426088763621,0.9999248877071222
0.8645538381608001,0.9999248877071222
0.8645650677369494,0.9999248877071222
0.8645875277644277,0.9999248877071222
0.8645987582157795,0.9999248877071222
0.8646099889588881,0.9999248877071222
0.864621219993765,0.9999248877071222
0.8646324513204214,0.9999248877071222
0.8646436829388688,0.9999248877071222
0.8646549148491186,0.9999248877071222
0.8646661470511822,0.9999248877071222
0.8646773795450707,0.9999248877071222
0.8646886123307959,0.9999248877071222
0.8647110787778008,0.9999248877071222
0.8647223124391036,0.9999248877071222
0.8647335463922883,0.9999248877071222
0.8647447806373664,0.9999248877071222
0.8647560151743491,0.9999248877071222
0.864767250003248,0.9999248877071222
0.8647897205368396,0.9999248877071222
0.864800956241555,0.9999248877071222
0.864812192238232,0.9999248877071222
0.864823428526882,0.9999248877071222
0.8648346651075164,0.9999248877071222
0.8648459019801465,0.9999248877071222
0.8648571391447839,0.9999248877071222
0.8648683766014397,0.9999248877071222
0.8648908523908524,0.9999248877071222
0.8649020907236321,0.9999248877071222
0.8649133293484758,0.9999248877071222
0.864924568265395,0.9999248877071222
0.8649358074744009,0.9999248877071222
0.8649470469755052,0.9999248877071222
0.864958286768719,0.9999248877071222
0.8649695268540538,0.9999248877071222
0.864980767231521,0.9999248877071222
0.8649920079011318,0.9999248877071222
0.865003248862898,0.9999248877071222
0.8650144901168306,0.9999248877071222
0.8650257316629412,0.9999248877071222
0.8650369735012411,0.9999248877071222
0.8650482156317417,0.9999248877071222
0.8650594580544545,0.9999248877071222
0.8650707007693907,0.9999248877071222
0.8650819437765619,0.9999248877071222
0.8650931870759793,0.9999248877071222
0.8651044306676544,0.9999248877071222
0.8651156745515987,0.9999248877071222
0.8651269187278233,0.9999248877071222
0.86513816319634,0.9999248877071222
0.8651494079571598,0.9999248877071222
0.8651606530102943,0.9999248877071222
0.8651718983557548,0.9999248877071222
0.8651831439935529,0.9999248877071222
0.8651943899236998,0.9999248877071222
0.865205636146207,0.9999248877071222
0.8652168826610859,0.9999248877071222
0.8652281294683478,0.9999248877071222
0.8652393765680043,0.9999248877071222
0.8652506239600666,0.9999248877071222
0.8652956164526026,0.9999248877071222
0.8653068653068653,0.9999248877071222
0.865340613624545,0.9999248877071222
0.8653518636487734,0.9999248877071222
0.8653631139655217,0.9999248877071222
0.8653856154766238,0.9999248877071222
0.8653968666710005,0.9999248877071222
0.8654081181579426,0.9999248877071222
0.8654193699374618,0.9999248877071222
0.8654418743742768,0.9999248877071222
0.8654531270315954,0.9999248877071222
0.8654643799815366,0.9999248877071222
0.8654756332241119,0.9999248877071222
0.8654868867593327,0.9999248877071222
0.8655093947077563,0.9999248877071222
0.865520649120982,0.9999248877071222
0.8655319038268988,0.9999248877071222
0.8655431588255182,0.9999248877071222
0.8655544141168515,0.9999248877071222
0.8655656697009103,0.9999248877071222
0.8655769255777058,0.9999248877071222
0.8655881817472496,0.9999248877071222
0.865599438209553,0.9999248877071222
0.8656106949646275,0.9999248877071222
0.8656219520124846,0.9999248877071222
0.8656332093531355,0.9999248877071222
0.8656444669865918,0.9999248877071222
0.8656557249128648,0.9999248877071222
0.865666983131966,0.9999248877071222
0.8656782416439068,0.9999248877071222
0.8656895004486987,0.9999248877071222
0.8657007595463532,0.9999248877071222
0.8657120189368814,0.9999248877071222
0.865723278620295,0.9999248877071222
0.8657345385966053,0.9999248877071222
0.8657457988658238,0.9999248877071222
0.8657683202830312,0.9999248877071222
0.8657795814310428,0.9999248877071222
0.8657908428720084,0.9999248877071222
0.8658021046059392,0.9999248877071222
0.8658133666328468,0.9999248877071222
0.8658246289527427,0.9999248877071222
0.8658358915656381,0.9999248877071222
0.8658471544715447,0.9999248877071222
0.8658584176704738,0.9999248877071222
0.8658696811624368,0.9999248877071222
0.865880944947445,0.9999248877071222
0.865926003018161,0.9999248877071222
0.8659372682685678,0.9999248877071222
0.8659485338120886,0.9999248877071222
0.8659597996487348,0.9999248877071222
0.8659710657785179,0.9999248877071222
0.8659823322014494,0.9999248877071222
0.8659935989175406,0.9999248877071222
0.8660048659268029,0.9999248877071222
0.866016133229248,0.9999248877071222
0.8660386687137318,0.9999248877071222
0.8660499368957935,0.9999248877071222
0.8660612053710836,0.9999248877071222
0.8660724741396135,0.9999248877071222
0.8660837432013948,0.9999248877071222
0.866095012556439,0.9999248877071222
0.8661175521463611,0.9999248877071222
0.8661288223812622,0.9999248877071222
0.8661400929094718,0.9999248877071222
0.8661513637310014,0.9999248877071222
0.8661626348458625,0.9999248877071222
0.866185177955625,0.9999248877071222
0.8661964499505491,0.9999248877071222
0.8662077222388507,0.9999248877071222
0.8662302676956313,0.9999248877071222
0.8662415408641333,0.9999248877071222
0.8662528143260584,0.9999248877071222
0.8662753621302237,0.9999248877071222
0.8662866364724868,0.9999248877071222
0.866297911108219,0.9999248877071222
0.8663091860374313,0.9999248877071222
0.8663430125860655,0.9999248877071222
0.8663655650861003,0.9999248877071222
0.8663768417764357,0.9999248877071222
0.8663881187603316,0.9999248877071222
0.8663993960377997,0.9999248877071222
0.8664106736088513,0.9999248877071222
0.8664219514734979,0.9999248877071222
0.866433229631751,0.9999248877071222
0.8664445080836218,0.9999248877071222
0.8664557868291223,0.9999248877071222
0.8664670658682635,0.9999248877071222
0.866478345201057,0.9999248877071222
0.8664896248275143,0.9999248877071222
0.866500904747647,0.9999248877071222
0.8665121849614663,0.9999248877071222
0.866523465468984,0.9999248877071222
0.8665347462702112,0.9999248877071222
0.8665685904362657,0.9999248877071222
0.8665798724124463,0.9999248877071222
0.866591154682394,0.9999248877071222
0.8666024372461202,0.9999248877071222
0.8666137201036364,0.9999248877071222
0.8666250032549541,0.9999248877071222
0.8666362867000846,0.9999248877071222
0.8666475704390396,0.9999248877071222
0.8666588544718306,0.9999248877071222
0.8666701387984688,0.9999248877071222
0.8666814234189659,0.9999248877071222
0.8666927083333333,0.9999248877071222
0.8667039935415826,0.9999248877071222
0.8667152790437251,0.9999248877071222
0.8667265648397724,0.9999248877071222
0.8667378509297359,0.9999248877071222
0.8667604239914577,0.9999248877071222
0.8667717109632388,0.9999248877071222
0.8667829982289822,0.9999248877071222
0.8667942857886992,0.9999248877071222
0.8668055736424014,0.9999248877071222
0.8668168617901001,0.9999248877071222
0.866828150231807,0.9999248877071222
0.8668394389675336,0.9999248877071222
0.8668507279972911,0.9999248877071222
0.8668620173210914,0.9999248877071222
0.8668733069389456,0.9999248877071222
0.8668845968508654,0.9999248877071222
0.8669071775569477,0.9999248877071222
0.8669184683511331,0.9999248877071222
0.8669297594394301,0.9999248877071222
0.86694105082185,0.9999248877071222
0.8669523424984045,0.9999248877071222
0.866963634469105,0.9999248877071222
0.8669749267339629,0.9999248877071222
0.8669862192929898,0.9999248877071222
0.8669975121461972,0.9999248877071222
0.8670088052935966,0.9999248877071222
0.8670200987351995,0.9999248877071222
0.8670313924710173,0.9999248877071222
0.8670426865010616,0.9999248877071222
0.8670539808253439,0.9999248877071222
0.8670652754438756,0.9999248877071222
0.8670765703566683,0.9999248877071222
0.8670878655637335,0.9999248877071222
0.8670991610650826,0.9999248877071222
0.8671104568607272,0.9999248877071222
0.8671217529506787,0.9999248877071222
0.8671330493349487,0.9999248877071222
0.8671443460135487,0.9999248877071222
0.8671556429864902,0.9999248877071222
0.8671782378154436,0.9999248877071222
0.8671895356714785,0.9999248877071222
0.8672008338219008,0.9999248877071222
0.8672121322667222,0.9999248877071222
0.8672234310059541,0.9999248877071222
0.867234730039608,0.9999248877071222
0.8672460293676956,0.9999248877071222
0.867268628907217,0.9999248877071222
0.8672799291186741,0.9999248877071222
0.8672912296246107,0.9999248877071222
0.8673138315199688,0.9999248877071222
0.8673251329094132,0.9999248877071222
0.867336434593383,0.9999248877071222
0.8673477365718902,0.9999248877071222
0.867359038844946,0.9999248877071222
0.8673703414125619,0.9999248877071222
0.8673816442747495,0.9999248877071222
0.8673929474315203,0.9999248877071222
0.8674042508828858,0.9999248877071222
0.8674155546288573,0.9999248877071222
0.8674268586694468,0.9999248877071222
0.8674381630046655,0.9999248877071222
0.8674494676345249,0.9999248877071222
0.8674946891006008,0.9999248877071222
0.867505995203837,0.9999248877071222
0.867517301601783,0.9999248877071222
0.8675286082944503,0.9999248877071222
0.8675399152818508,0.9999248877071222
0.8675512225639956,0.9999248877071222
0.8675625301408965,0.9999248877071222
0.8675738380125648,0.9999248877071222
0.8675851461790123,0.9999248877071222
0.8675964546402503,0.9999248877071222
0.8676077633962903,0.9999248877071222
0.8676190724471441,0.9999248877071222
0.8676303817928229,0.9999248877071222
0.8676416914333386,0.9999248877071222
0.8676530013687024,0.9999248877071222
0.8676756221240207,0.9999248877071222
0.8676869329439983,0.9999248877071222
0.8677095554686481,0.9999248877071222
0.8677208671733434,0.9999248877071222
0.8677321791729676,0.9999248877071222
0.8677434914675323,0.9999248877071222
0.867754804057049,0.9999248877071222
0.8677661169415293,0.9999248877071222
0.8677774301209845,0.9999248877071222
0.8677887435954266,0.9999248877071222
0.8678000573648667,0.9999248877071222
0.8678113714293164,0.9999248877071222
0.8678226857887875,0.9999248877071222
0.8678340004432913,0.9999248877071222
0.8678453153928395,0.9999248877071222
0.8678566306374434,0.9999248877071222
0.8678679461771148,0.9999248877071222
0.8678792620118652,0.9999248877071222
0.867890578141706,0.9999248877071222
0.8679018945666489,0.9999248877071222
0.8679132112867053,0.9999248877071222
0.8679358456122049,0.9999248877071222
0.8679471632176714,0.9999248877071222
0.8679584811182975,0.9999248877071222
0.8679697993140949,0.9999248877071222
0.8679811178050753,0.9999248877071222
0.8680150750492286,0.9999248877071222
0.8680263947210558,0.9999248877071222
0.8680377146881235,0.9999248877071222
0.8680490349504434,0.9999248877071222
0.8680829975090314,0.9999248877071222
0.8680943189524754,0.9999248877071222
0.8681169627253046,0.9999248877071222
0.8681282850547128,0.9999248877071222
0.8681396076794657,0.9999248877071222
0.8681622538150515,0.9999248877071222
0.8681735773259075,0.9999248877071222
0.8681849011321542,0.9999248877071222
0.8681962252338034,0.9999248877071222
0.8682075496308663,0.9999248877071222
0.8682188743233549,0.9999248877071222
0.8682301993112804,0.9999248877071222
0.8682415245946545,0.9999248877071222
0.8682528501734889,0.9999248877071222
0.8682641760477948,0.9999248877071222
0.8682981554436588,0.9999248877071222
0.8683094824999674,0.9999248877071222
0.8683208098518055,0.9999248877071222
0.8683321374991847,0.9999248877071222
0.8683547936806126,0.9999248877071222
0.8683661222146846,0.9999248877071222
0.8683774510443438,0.9999248877071222
0.8683887801696021,0.9999248877071222
0.8684001095904709,0.9999248877071222
0.8684114393069617,0.9999248877071222
0.8684227693190862,0.9999248877071222
0.8684454302302824,0.9999248877071222
0.8684567611293774,0.9999248877071222
0.8684680923241522,0.9999248877071222
0.8684794238146186,0.9999248877071222
0.8684907556007881,0.9999248877071222
0.8685020876826722,0.9999248877071222
0.8685134200602826,0.9999248877071222
0.8685247527336308,0.9999248877071222
0.8685360857027284,0.9999248877071222
0.868547418967587,0.9999248877071222
0.8685587525282181,0.9999248877071222
0.8685700863846334,0.9999248877071222
0.8685814205368444,0.9999248877071222
0.8685927549848628,0.9999248877071222
0.8686040897286998,0.9999248877071222
0.8686154247683675,0.9999248877071222
0.8686267601038771,0.9999248877071222
0.8686380957352404,0.9999248877071222
0.8686494316624689,0.9999248877071222
0.8686607678855741,0.9999248877071222
0.8686721044045677,0.9999248877071222
0.8686834412194613,0.9999248877071222
0.8686947783302663,0.9999248877071222
0.8687061157369946,0.9999248877071222
0.8687174534396576,0.9999248877071222
0.8687287914382668,0.9999248877071222
0.8687401297328339,0.9999248877071222
0.8687514683233705,0.9999248877071222
0.8687628072098882,0.9999248877071222
0.8687968256454434,0.9999248877071222
0.8688195060825981,0.9999248877071222
0.868842187703955,0.9999248877071222
0.8688535289587386,0.9999248877071222
0.8688648705096074,0.9999248877071222
0.8688762123565732,0.9999248877071222
0.8688875544996475,0.9999248877071222
0.8689102396741685,0.9999248877071222
0.8689215827056381,0.9999248877071222
0.8689329260332629,0.9999248877071222
0.8689442696570541,0.9999248877071222
0.8689556135770234,0.9999248877071222
0.8689669577931827,0.9999248877071222
0.8689783023055432,0.9999248877071222
0.8689896471141167,0.9999248877071222
0.8690009922189148,0.9999248877071222
0.8690123376199491,0.9999248877071222
0.8690236833172311,0.9999248877071222
0.8690350293107725,0.9999248877071222
0.869046375600585,0.9999248877071222
0.8690577221866799,0.9999248877071222
0.869080416247764,0.9999248877071222
0.8690917637227764,0.9999248877071222
0.8691031114941178,0.9999248877071222
0.8691144595617998,0.9999248877071222
0.869125807925834,0.9999248877071222
0.8691371565862321,0.9999248877071222
0.8691598547961662,0.9999248877071222
0.8691712043457255,0.9999248877071222
0.869182554191695,0.9999248877071222
0.8691939043340864,0.9999248877071222
0.8692052547729113,0.9999248877071222
0.8692166055081814,0.9999248877071222
0.869227956539908,0.9999248877071222
0.8692620114139449,0.9999248877071222
0.8692733636316147,0.9999248877071222
0.8692847161457993,0.9999248877071222
0.8692960689565103,0.9999248877071222
0.8693074220637594,0.9999248877071222
0.8693187754675582,0.9999248877071222
0.8693301291679183,0.9999248877071222
0.8693414831648513,0.9999248877071222
0.8693528374583687,0.9999248877071222
0.8693641920484824,0.9999248877071222
0.8693755469352037,0.9999248877071222
0.8693869021185444,0.9999248877071222
0.8693982575985162,0.9999248877071222
0.8694096133751306,0.9999248877071222
0.8694209694483993,0.9999248877071222
0.8694323258183339,0.9999248877071222
0.8694436824849459,0.9999248877071222
0.869455039448247,0.9999248877071222
0.869466396708249,0.9999248877071222
0.8694777542649633,0.9999248877071222
0.8694891121184016,0.9999248877071222
0.8695004702685756,0.9999248877071222
0.8695118287154968,0.9999248877071222
0.869523187459177,0.9999248877071222
0.8695345464996277,0.9999248877071222
0.8695459058368605,0.9999248877071222
0.8695572654708872,0.9999248877071222
0.8695686254017192,0.9999248877071222
0.8695913461538461,0.9999248877071222
0.8696140680933344,0.9999248877071222
0.8696254295083681,0.9999248877071222
0.8696367912202769,0.9999248877071222
0.8696481532290727,0.9999248877071222
0.8696595155347671,0.9999248877071222
0.8696708781373714,0.9999248877071222
0.8696822410368976,0.9999248877071222
0.8696936042333573,0.9999248877071222
0.8697163315171234,0.9999248877071222
0.8697390599887628,0.9999248877071222
0.869750424670064,0.9999248877071222
0.8697617896483686,0.9999248877071222
0.869773154923688,0.9999248877071222
0.8697958863654183,0.9999248877071222
0.8698072525318523,0.9999248877071222
0.8698186189953478,0.9999248877071222
0.8698299857559165,0.9999248877071222
0.86984135281357,0.9999248877071222
0.8698527201683198,0.9999248877071222
0.8698640878201778,0.9999248877071222
0.8698754557691554,0.9999248877071222
0.8698868240152644,0.9999248877071222
0.8698981925585164,0.9999248877071222
0.8699095613989231,0.9999248877071222
0.8699209305364961,0.9999248877071222
0.8699322999712471,0.9999248877071222
0.8699436697031877,0.9999248877071222
0.8699550397323296,0.9999248877071222
0.8699664100586844,0.9999248877071222
0.8700005228211429,0.9999248877071222
0.870011894336466,0.9999248877071222
0.8700232661490602,0.9999248877071222
0.870046010666109,0.9999248877071222
0.8700687563723825,0.9999248877071222
0.8701028771617929,0.9999248877071222
0.8701142513529766,0.9999248877071222
0.8701256258415363,0.9999248877071222
0.8701370006274838,0.9999248877071222
0.8701483757108308,0.9999248877071222
0.8701597510915888,0.9999248877071222
0.8701711267697698,0.9999248877071222
0.8701825027453851,0.9999248877071222
0.8701938790184466,0.9999248877071222
0.8702166324569546,0.9999248877071222
0.8702280096224244,0.9999248877071222
0.8702393870853871,0.9999248877071222
0.8702507648458542,0.9999248877071222
0.8702621429038373,0.9999248877071222
0.8702735212593483,0.9999248877071222
0.8702848999123989,0.9999248877071222
0.8702962788630004,0.9999248877071222
0.8703076581111648,0.9999248877071222
0.8703190376569038,0.9999248877071222
0.8703304175002288,0.9999248877071222
0.8703417976411517,0.9999248877071222
0.870353178079684,0.9999248877071222
0.8703645588158376,0.9999248877071222
0.870375939849624,0.9999248877071222
0.870387321181055,0.9999248877071222
0.8703987028101421,0.9999248877071222
0.8704100847368972,0.9999248877071222
0.8704214669613317,0.9999248877071222
0.8704328494834576,0.9999248877071222
0.8704442323032863,0.9999248877071222
0.8704556154208296,0.9999248877071222
0.8704669988360992,0.9999248877071222
0.8704783825491068,0.9999248877071222
0.870489766559864,0.9999248877071222
0.8705011508683825,0.9999248877071222
0.870512535474674,0.9999248877071222
0.8705239203787503,0.9999248877071222
0.8705353055806228,0.9999248877071222
0.8705466910803035,0.9999248877071222
0.8705580768778038,0.9999248877071222
0.8705694629731355,0.9999248877071222
0.8705808493663105,0.9999248877071222
0.8705922360573402,0.9999248877071222
0.8706036230462364,0.9999248877071222
0.8706150103330107,0.9999248877071222
0.8706263979176749,0.9999248877071222
0.8706377858002406,0.9999248877071222
0.8706491739807197,0.9999248877071222
0.8706605624591236,0.9999248877071222
0.8706719512354641,0.9999248877071222
0.870683340309753,0.9999248877071222
0.8706947296820019,0.9999248877071222
0.8707175093204265,0.9999248877071222
0.8707288995866255,0.9999248877071222
0.8707402901508313,0.9999248877071222
0.8707516810130557,0.9999248877071222
0.8707630721733102,0.9999248877071222
0.8707744636316065,0.9999248877071222
0.8707858553879564,0.9999248877071222
0.8707972474423716,0.9999248877071222
0.8708086397948638,0.9999248877071222
0.8708200324454446,0.9999248877071222
0.8708314253941257,0.9999248877071222
0.870842818640919,0.9999248877071222
0.8708542121858359,0.9999248877071222
0.8708656060288884,0.9999248877071222
0.8708770001700881,0.9999248877071222
0.8708883946094466,0.9999248877071222
0.8708997893469757,0.9999248877071222
0.870911184382687,0.9999248877071222
0.8709225797165923,0.9999248877071222
0.8709339753487033,0.9999248877071222
0.8709453712790317,0.9999248877071222
0.8709795608594384,0.9999248877071222
0.8709909579827534,0.9999248877071222
0.8710023554043445,0.9999248877071222
0.871013753124223,0.9999248877071222
0.871025151142401,0.9999248877071222
0.8710365494588901,0.9999248877071222
0.8710479480737019,0.9999248877071222
0.8710593469868482,0.9999248877071222
0.8710707461983406,0.9999248877071222
0.871082145708191,0.9999248877071222
0.8711163460280068,0.9999248877071222
0.871127746731406,0.9999248877071222
0.8711391477332217,0.9999248877071222
0.8711505490334656,0.9999248877071222
0.8711619506321493,0.9999248877071222
0.8711733525292847,0.9999248877071222
0.8711847547248835,0.9999248877071222
0.8711961572189574,0.9999248877071222
0.871207560011518,0.9999248877071222
0.8712189631025772,0.9999248877071222
0.8712303664921466,0.9999248877071222
0.871241770180238,0.9999248877071222
0.871253174166863,0.9999248877071222
0.8712645784520334,0.9999248877071222
0.871275983035761,0.9999248877071222
0.8712873879180575,0.9999248877071222
0.8712987930989344,0.9999248877071222
0.8713101985784037,0.9999248877071222
0.8713216043564771,0.9999248877071222
0.8713444168084827,0.9999248877071222
0.8713558234824386,0.9999248877071222
0.8713672304550453,0.9999248877071222
0.8713786377263147,0.9999248877071222
0.8713900452962585,0.9999248877071222
0.8714014531648884,0.9999248877071222
0.8714128613322162,0.9999248877071222
0.8714242697982535,0.9999248877071222
0.8714356785630122,0.9999248877071222
0.871447087626504,0.9999248877071222
0.8714584969887406,0.9999248877071222
0.8714699066497336,0.9999248877071222
0.8715041374253693,0.9999248877071222
0.8715155482815057,0.9999248877071222
0.8715269594364574,0.9999248877071222
0.8715383708902361,0.9999248877071222
0.8715497826428534,0.9999248877071222
0.8715611946943211,0.9999248877071222
0.871572607044651,0.9999248877071222
0.8715840196938548,0.9999248877071222
0.8715954326419443,0.9999248877071222
0.8716068458889311,0.9999248877071222
0.8716182594348271,0.9999248877071222
0.8716296732796438,0.9999248877071222
0.8716410874233932,0.9999248877071222
0.871652501866087,0.9999248877071222
0.8716639166077368,0.9999248877071222
0.8716753316483545,0.9999248877071222
0.8716867469879518,0.9999248877071222
0.8716981626265404,0.9999248877071222
0.8717095785641321,0.9999248877071222
0.8717209948007386,0.9999248877071222
0.8717324113363717,0.9999248877071222
0.8717780804694049,0.9999248877071222
0.8718009168303864,0.9999248877071222
0.8718123354595345,0.9999248877071222
0.8718237543878032,0.9999248877071222
0.8718351736152042,0.9999248877071222
0.8718465931417494,0.9999248877071222
0.8718580129674504,0.9999248877071222
0.871869433092319,0.9999248877071222
0.8718808535163669,0.9999248877071222
0.871892274239606,0.9999248877071222
0.8719036952620479,0.9999248877071222
0.8719151165837045,0.9999248877071222
0.8719379601247085,0.9999248877071222
0.8719493823440796,0.9999248877071222
0.8719608048627122,0.9999248877071222
0.8719722276806183,0.9999248877071222
0.8719836507978096,0.9999248877071222
0.8719950742142979,0.9999248877071222
0.8720064979300949,0.9999248877071222
0.8720179219452123,0.9999248877071222
0.872029346259662,0.9999248877071222
0.8720407708734557,0.9999248877071222
0.8720636209991222,0.9999248877071222
0.8720750465110185,0.9999248877071222
0.872086472322306,0.9999248877071222
0.8720978984329961,0.9999248877071222
0.872109324843101,0.9999248877071222
0.8721321785616016,0.9999248877071222
0.8721436058700209,0.9999248877071222
0.8721664613852564,0.9999248877071222
0.8721778895920961,0.9999248877071222
0.8721893180984328,0.9999248877071222
0.8722007469042783,0.9999248877071222
0.8722350351189853,0.9999248877071222
0.8722464651229835,0.9999248877071222
0.8722578954265496,0.9999248877071222
0.8722807569324317,0.9999248877071222
0.8722921881347714,0.9999248877071222
0.8723036196367259,0.9999248877071222
0.8723150514383068,0.9999248877071222
0.8723264835395261,0.9999248877071222
0.8723379159403956,0.9999248877071222
0.8723493486409268,0.9999248877071222
0.8723607816411318,0.9999248877071222
0.8723722149410222,0.9999248877071222
0.87238364854061,0.9999248877071222
0.8723950824399067,0.9999248877071222
0.8724065166389242,0.9999248877071222
0.8724293859361688,0.9999248877071222
0.8724408210344194,0.9999248877071222
0.8724522564324381,0.9999248877071222
0.8724751281278263,0.9999248877071222
0.8724865644252195,0.9999248877071222
0.8724980010224279,0.9999248877071222
0.8725094379194631,0.9999248877071222
0.872520875116337,0.9999248877071222
0.8725323126130614,0.9999248877071222
0.872543750409648,0.9999248877071222
0.8725551885061088,0.9999248877071222
0.8725666269024553,0.9999248877071222
0.8725895045948533,0.9999248877071222
0.8726009438909281,0.9999248877071222
0.8726238233828889,0.9999248877071222
0.8726352635787983,0.9999248877071222
0.8726695859663843,0.9999248877071222
0.8726810273622383,0.9999248877071222
0.8726924690581078,0.9999248877071222
0.8727039110540048,0.9999248877071222
0.872715353349941,0.9999248877071222
0.8727267959459283,0.9999248877071222
0.8727382388419783,0.9999248877071222
0.872749682038103,0.9999248877071222
0.8727611255343141,0.9999248877071222
0.8727725693306235,0.9999248877071222
0.8727840134270429,0.9999248877071222
0.872806902520259,0.9999248877071222
0.8728183475170795,0.9999248877071222
0.8728412384112039,0.9999248877071222
0.8728526843085316,0.9999248877071222
0.8728641305060519,0.9999248877071222
0.8728755770037767,0.9999248877071222
0.8728984708998873,0.9999248877071222
0.8729099182982964,0.9999248877071222
0.8729213659969575,0.9999248877071222
0.8729328139958821,0.9999248877071222
0.8729786089944522,0.9999248877071222
0.8730244087981848,0.9999248877071222
0.8730358595000132,0.9999248877071222
0.8730473105022232,0.9999248877071222
0.8730587618048269,0.9999248877071222
0.8730702134078359,0.9999248877071222
0.8730816653112621,0.9999248877071222
0.8730931175151173,0.9999248877071222
0.8731045700194134,0.9999248877071222
0.8731160228241621,0.9999248877071222
0.8731274759293753,0.9999248877071222
0.8731389293350649,0.9999248877071222
0.8731503830412425,0.9999248877071222
0.8731618370479202,0.9999248877071222
0.873196200871071,0.9999248877071222
0.8732076560798667,0.9999248877071222
0.8732191115892215,0.9999248877071222
0.8732305673991473,0.9999248877071222
0.8732420235096557,0.9999248877071222
0.8732534799207589,0.9999248877071222
0.8732649366324683,0.9999248877071222
0.873276393644796,0.9999248877071222
0.8732878509577539,0.9999248877071222
0.8732993085713536,0.9999248877071222
0.8733107664856071,0.9999248877071222
0.8733222247005261,0.9999248877071222
0.8733336832161226,0.9999248877071222
0.8733451420324083,0.9999248877071222
0.8733566011493952,0.9999248877071222
0.8733680605670948,0.9999248877071222
0.8733795202855194,0.9999248877071222
0.8733909803046804,0.9999248877071222
0.8734024406245899,0.9999248877071222
0.8734139012452597,0.9999248877071222
0.8734253621667016,0.9999248877071222
0.8734826712859074,0.9999248877071222
0.8734941340122306,0.9999248877071222
0.8735055970394089,0.9999248877071222
0.873517060367454,0.9999248877071222
0.8735285239963779,0.9999248877071222
0.8735399879261923,0.9999248877071222
0.8735514521569091,0.9999248877071222
0.87356291668854,0.9999248877071222
0.8735743815210972,0.9999248877071222
0.8735858466545923,0.9999248877071222
0.8736202438608235,0.9999248877071222
0.8736317101981887,0.9999248877071222
0.8736431768365512,0.9999248877071222
0.8736546437759227,0.9999248877071222
0.8736890464002101,0.9999248877071222
0.8737005145437362,0.9999248877071222
0.8737119829883307,0.9999248877071222
0.8737234517340055,0.9999248877071222
0.8737349207807721,0.9999248877071222
0.8737693297277429,0.9999248877071222
0.8737807999789963,0.9999248877071222
0.8738037413849689,0.9999248877071222
0.8738152125397117,0.9999248877071222
0.8738266839956415,0.9999248877071222
0.8738496278111092,0.9999248877071222
0.8738611001706709,0.9999248877071222
0.8738725728314669,0.9999248877071222
0.8738840457935091,0.9999248877071222
0.8738955190568094,0.9999248877071222
0.8739069926213796,0.9999248877071222
0.8739184664872317,0.9999248877071222
0.8739299406543773,0.9999248877071222
0.8739414151228286,0.9999248877071222
0.8739528898925973,0.9999248877071222
0.8739643649636953,0.9999248877071222
0.8739758403361344,0.9999248877071222
0.8739873160099266,0.9999248877071222
0.8739987919850837,0.9999248877071222
0.8740102682616174,0.9999248877071222
0.8740217448395399,0.9999248877071222
0.8740332217188629,0.9999248877071222
0.8740446988995982,0.9999248877071222
0.8740561763817578,0.9999248877071222
0.8740676541653535,0.9999248877071222
0.8741020893248762,0.9999248877071222
0.8741135683143353,0.9999248877071222
0.8741250476052898,0.9999248877071222
0.8741365271977517,0.9999248877071222
0.8741480070917329,0.9999248877071222
0.8741594872872452,0.9999248877071222
0.8741709677843006,0.9999248877071222
0.8741824485829108,0.9999248877071222
0.874193929683088,0.9999248877071222
0.8742054110848437,0.9999248877071222
0.87421689278819,0.9999248877071222
0.8742513397078912,0.9999248877071222
0.8742628226177185,0.9999248877071222
0.8742743058291959,0.9999248877071222
0.8742857893423351,0.9999248877071222
0.8742972731571481,0.9999248877071222
0.8743087572736468,0.9999248877071222
0.8743202416918429,0.9999248877071222
0.8743317264117485,0.9999248877071222
0.8743432114333753,0.9999248877071222
0.8743546967567355,0.9999248877071222
0.8743661823818406,0.9999248877071222
0.8743776683087028,0.9999248877071222
0.8743891545373338,0.9999248877071222
0.8744006410677456,0.9999248877071222
0.87441212789995,0.9999248877071222
0.8744351024697845,0.9999248877071222
0.8744465902074383,0.9999248877071222
0.8744580782469324,0.9999248877071222
0.8744695665882786,0.9999248877071222
0.8744810552314888,0.9999248877071222
0.874492544176575,0.9999248877071222
0.8745155229724226,0.9999248877071222
0.8745270128232079,0.9999248877071222
0.8745385029759167,0.9999248877071222
0.8745499934305611,0.9999248877071222
0.8745614841871526,0.9999248877071222
0.8745729752457034,0.9999248877071222
0.8745844666062255,0.9999248877071222
0.8745959582687305,0.9999248877071222
0.8746074502332304,0.9999248877071222
0.8746304350682628,0.9999248877071222
0.874641927938819,0.9999248877071222
0.874664914586071,0.9999248877071222
0.8746764083627906,0.9999248877071222
0.8746879024415884,0.9999248877071222
0.8746993968224765,0.9999248877071222
0.8747108915054668,0.9999248877071222
0.874722386490571,0.9999248877071222
0.8747338817778011,0.9999248877071222
0.8747453773671692,0.9999248877071222
0.8747568732586869,0.9999248877071222
0.8747683694523662,0.9999248877071222
0.8747798659482192,0.9999248877071222
0.8747913627462577,0.9999248877071222
0.8748028598464935,0.9999248877071222
0.8748143572489387,0.9999248877071222
0.8748258549536051,0.9999248877071222
0.8748373529605047,0.9999248877071222
0.8748488512696493,0.9999248877071222
0.874860349881051,0.9999248877071222
0.8748718487947215,0.9999248877071222
0.8748833480106728,0.9999248877071222
0.8748948475289169,0.9999248877071222
0.8749063473494657,0.9999248877071222
0.874917847472331,0.9999248877071222
0.8749293478975249,0.9999248877071222
0.8749408486250592,0.9999248877071222
0.8749523496549457,0.9999248877071222
0.8749638509871966,0.9999248877071222
0.8749753526218238,0.9999248877071222
0.874986854558839,0.9999248877071222
0.8749983567982542,0.9999248877071222
0.8750098593400815,0.9999248877071222
0.8750213621843327,0.9999248877071222
0.8750328653310196,0.9999248877071222
0.8750443687801543,0.9999248877071222
0.8750558725317488,0.9999248877071222
0.8750673765858148,0.9999248877071222
0.8750788809423643,0.9999248877071222
0.8750903856014094,0.9999248877071222
0.8751133958270335,0.9999248877071222
0.8751249013936366,0.9999248877071222
0.8751364072627829,0.9999248877071222
0.8751479134344842,0.9999248877071222
0.8751594199087527,0.9999248877071222
0.8751709266856,0.9999248877071222
0.8751939411470797,0.9999248877071222
0.8752054488317358,0.9999248877071222
0.8752169568190186,0.9999248877071222
0.87522846510894,0.9999248877071222
0.8752399737015122,0.9999248877071222
0.8752514825967468,0.9999248877071222
0.875262991794656,0.9999248877071222
0.8752860110985456,0.9999248877071222
0.87529752120455,0.9999248877071222
0.8753090316132766,0.9999248877071222
0.8753320533389443,0.9999248877071222
0.8753435646559093,0.9999248877071222
0.8753550762756444,0.9999248877071222
0.8753665881981615,0.9999248877071222
0.8753781004234725,0.9999248877071222
0.8753896129515893,0.9999248877071222
0.875401125782524,0.9999248877071222
0.8754126389162885,0.9999248877071222
0.8754241523528947,0.9999248877071222
0.8754356660923547,0.9999248877071222
0.8754471801346801,0.9999248877071222
0.8754586944798832,0.9999248877071222
0.8755162707494805,0.9999248877071222
0.8755277869121999,0.9999248877071222
0.8755393033778807,0.9999248877071222
0.8755508201465346,0.9999248877071222
0.8755623372181737,0.9999248877071222
0.8755738545928099,0.9999248877071222
0.8755968902511214,0.9999248877071222
0.8756084085348207,0.9999248877071222
0.8756199271215649,0.9999248877071222
0.875631446011366,0.9999248877071222
0.875642965204236,0.9999248877071222
0.8756544847001868,0.9999248877071222
0.8756660044992304,0.9999248877071222
0.8756775246013787,0.9999248877071222
0.8756890450066438,0.9999248877071222
0.8757005657150375,0.9999248877071222
0.8757120867265719,0.9999248877071222
0.8757236080412588,0.9999248877071222
0.8757351296591104,0.9999248877071222
0.8757466515801384,0.9999248877071222
0.875758173804355,0.9999248877071222
0.875769696331772,0.9999248877071222
0.8757812191624015,0.9999248877071222
0.8757927422962554,0.9999248877071222
0.8758042657333456,0.9999248877071222
0.8758157894736842,0.9999248877071222
0.8758273135172832,0.9999248877071222
0.8758388378641543,0.9999248877071222
0.8758503625143098,0.9999248877071222
0.8758618874677615,0.9999248877071222
0.8758964641480136,0.9999248877071222
0.87590799031477,0.9999248877071222
0.8759195167848824,0.9999248877071222
0.8759310435583629,0.9999248877071222
0.8759425706352235,0.9999248877071222
0.8759540980154761,0.9999248877071222
0.8759656256991327,0.9999248877071222
0.8759771536862053,0.9999248877071222
0.8759755214845035,0.9999098652485465
0.8759870499052432,0.9999098652485465
0.8760101076570767,0.9999098652485465
0.8760216369881945,0.9999098652485465
0.8760331666227955,0.9999098652485465
0.8760446965608918,0.9999098652485465
0.8760677573476183,0.9999098652485465
0.8760792881962725,0.9999098652485465
0.8760908193484699,0.9999098652485465
0.8761023508042225,0.9999098652485465
0.8761138825635423,0.9999098652485465
0.8761254146264413,0.9999098652485465
0.8761369469929315,0.9999098652485465
0.8761484796630249,0.9999098652485465
0.8761600126367334,0.9999098652485465
0.8761715459140691,0.9999098652485465
0.8761830794950439,0.9999098652485465
0.8761946133796699,0.9999098652485465
0.8762061475679589,0.9999098652485465
0.8762176820599231,0.9999098652485465
0.8762292168555744,0.9999098652485465
0.8762753590752906,0.9999098652485465
0.8762984320075833,0.9999098652485465
0.8763099689293802,0.9999098652485465
0.8763215061549602,0.9999098652485465
0.8763330436843353,0.9999098652485465
0.8763445815175174,0.9999098652485465
0.8763561196545187,0.9999098652485465
0.8763791968400263,0.9999098652485465
0.8763907358885568,0.9999098652485465
0.8764022752409544,0.9999098652485465
0.8764138148972309,0.9999098652485465
0.8764253548573987,0.9999098652485465
0.8764368951214695,0.9999098652485465
0.8764484356894554,0.9999098652485465
0.8764946010007901,0.9999098652485465
0.8765061430885316,0.9999098652485465
0.8765176854802602,0.9999098652485465
0.876529228175988,0.9999098652485465
0.8765407711757269,0.9999098652485465
0.876552314479489,0.9999098652485465
0.8765638580872863,0.9999098652485465
0.8765754019991309,0.9999098652485465
0.8765869462150345,0.9999098652485465
0.8765984907350094,0.9999098652485465
0.8766100355590676,0.9999098652485465
0.876621580687221,0.9999098652485465
0.8766331261194816,0.9999098652485465
0.8766446718558616,0.9999098652485465
0.8766562178963728,0.9999098652485465
0.8766677642410273,0.9999098652485465
0.8766793108898372,0.9999098652485465
0.8767255005268704,0.9999098652485465
0.8767485971706315,0.9999098652485465
0.8767716950313504,0.9999098652485465
0.8767832444180992,0.9999098652485465
0.8767947941091235,0.9999098652485465
0.8768063441044354,0.9999098652485465
0.8768178944040468,0.9999098652485465
0.8768294450079699,0.9999098652485465
0.8768409959162166,0.9999098652485465
0.876852547128799,0.9999098652485465
0.876864098645729,0.9999098652485465
0.8768756504670189,0.9999098652485465
0.8768872025926804,0.9999098652485465
0.8769103077571669,0.9999098652485465
0.876921860796016,0.9999098652485465
0.8769449677869857,0.9999098652485465
0.8769565217391304,0.9999098652485465
0.8769680759957311,0.9999098652485465
0.8769796305568,0.9999098652485465
0.8769911854223487,0.9999098652485465
0.8770027405923896,0.9999098652485465
0.8770142960669346,0.9999098652485465
0.8770258518459957,0.9999098652485465
0.8770374079295851,0.9999098652485465
0.8770489643177146,0.9999098652485465
0.8770605210103964,0.9999098652485465
0.8770720780076426,0.9999098652485465
0.8770836353094651,0.9999098652485465
0.877095192915876,0.9999098652485465
0.8771067508268874,0.9999098652485465
0.8771183090425111,0.9999098652485465
0.8771298675627595,0.9999098652485465
0.8771414263876443,0.9999098652485465
0.8771529855171778,0.9999098652485465
0.8771645449513719,0.9999098652485465
0.8771992250820385,0.9999098652485465
0.8772107857349957,0.9999098652485465
0.8772223466926736,0.9999098652485465
0.8772339079550846,0.9999098652485465
0.8772454695222405,0.9999098652485465
0.8772570313941535,0.9999098652485465
0.8772685935708354,0.9999098652485465
0.8772801560522986,0.9999098652485465
0.877291718838555,0.9999098652485465
0.8773032819296165,0.9999098652485465
0.877337973031753,0.9999098652485465
0.8773495373421559,0.9999098652485465
0.877384232102606,0.9999098652485465
0.8773957976325433,0.9999098652485465
0.8774073634673943,0.9999098652485465
0.877418929607171,0.9999098652485465
0.8774304960518857,0.9999098652485465
0.8774420628015502,0.9999098652485465
0.8774536298561768,0.9999098652485465
0.8774651972157773,0.9999098652485465
0.8774883328499485,0.9999098652485465
0.8774999011245436,0.9999098652485465
0.8775114697041607,0.9999098652485465
0.8775230385888123,0.9999098652485465
0.8775346077785102,0.9999098652485465
0.8775461772732667,0.9999098652485465
0.8775577470730935,0.9999098652485465
0.8775693171780031,0.9999098652485465
0.8775808875880072,0.9999098652485465
0.8775924583031182,0.9999098652485465
0.8776040293233479,0.9999098652485465
0.8776156006487085,0.9999098652485465
0.8776387442148705,0.9999098652485465
0.8776503164556962,0.9999098652485465
0.877661889001701,0.9999098652485465
0.877673461852897,0.9999098652485465
0.8776850350092963,0.9999098652485465
0.8776966084709109,0.9999098652485465
0.877708182237753,0.9999098652485465
0.8777197563098347,0.9999098652485465
0.8777313306871679,0.9999098652485465
0.8777429053697647,0.9999098652485465
0.8777544803576374,0.9999098652485465
0.8777660556507978,0.9999098652485465
0.8777776312492582,0.9999098652485465
0.8777892071530305,0.9999098652485465
0.877800783362127,0.9999098652485465
0.8778123598765595,0.9999098652485465
0.8778239366963403,0.9999098652485465
0.8778355138214813,0.9999098652485465
0.8778470912519948,0.9999098652485465
0.8778586689878927,0.9999098652485465
0.8778702470291871,0.9999098652485465
0.8778818253758902,0.9999098652485465
0.8778934040280141,0.9999098652485465
0.8779049829855707,0.9999098652485465
0.8779165622485722,0.9999098652485465
0.8779281418170307,0.9999098652485465
0.8779397216909582,0.9999098652485465
0.877951301870367,0.9999098652485465
0.8779628823552689,0.9999098652485465
0.8779744631456762,0.9999098652485465
0.8779860442416009,0.9999098652485465
0.8779976256430551,0.9999098652485465
0.8780092073500508,0.9999098652485465
0.8780207893626003,0.9999098652485465
0.8780323716807155,0.9999098652485465
0.8780439543044086,0.9999098652485465
0.8780555372336917,0.9999098652485465
0.8780671204685768,0.9999098652485465
0.8780787040090762,0.9999098652485465
0.8780902878552017,0.9999098652485465
0.87811345646438,0.9999098652485465
0.8781250412274568,0.9999098652485465
0.8781482116706466,0.9999098652485465
0.8781597973507836,0.9999098652485465
0.8781713833366317,0.9999098652485465
0.8781829696282027,0.9999098652485465
0.8781945562255089,0.9999098652485465
0.8782061431285624,0.9999098652485465
0.8782177303373752,0.9999098652485465
0.8782293178519593,0.9999098652485465
0.8782409056723272,0.9999098652485465
0.8782524937984906,0.9999098652485465
0.8782756709682528,0.9999098652485465
0.8782872600118757,0.9999098652485465
0.8782988493613427,0.9999098652485465
0.8783104390166661,0.9999098652485465
0.8783220289778575,0.9999098652485465
0.8783336192449295,0.9999098652485465
0.8783452098178939,0.9999098652485465
0.8783568006967629,0.9999098652485465
0.8783683918815487,0.9999098652485465
0.8783799833722633,0.9999098652485465
0.878391575168919,0.9999098652485465
0.8784031672715276,0.9999098652485465
0.8784147596801014,0.9999098652485465
0.8784263523946525,0.9999098652485465
0.8784379454151929,0.9999098652485465
0.8784495387417349,0.9999098652485465
0.8784611323742906,0.9999098652485465
0.878472726312872,0.9999098652485465
0.8784843205574913,0.9999098652485465
0.8784959151081605,0.9999098652485465
0.8785075099648919,0.9999098652485465
0.8785307005965894,0.9999098652485465
0.8785422963715798,0.9999098652485465
0.8785538924526808,0.9999098652485465
0.8785654888399045,0.9999098652485465
0.878577085533263,0.9999098652485465
0.8785886825327683,0.9999098652485465
0.8786002798384329,0.9999098652485465
0.8786118774502686,0.9999098652485465
0.8786234753682877,0.9999098652485465
0.8786350735925021,0.9999098652485465
0.8786466721229242,0.9999098652485465
0.878658270959566,0.9999098652485465
0.8786698701024396,0.9999098652485465
0.8786930693069307,0.9999098652485465
0.8787046693685725,0.9999098652485465
0.8787162697364947,0.9999098652485465
0.8787278704107093,0.9999098652485465
0.8787394713912285,0.9999098652485465
0.8787510726780645,0.9999098652485465
0.8787626742712294,0.9999098652485465
0.8787742761707352,0.9999098652485465
0.8787858783765943,0.9999098652485465
0.8787974808888185,0.9999098652485465
0.8788090837074202,0.9999098652485465
0.8788206868324113,0.9999098652485465
0.8788322902638042,0.9999098652485465
0.8788438940016109,0.9999098652485465
0.8788554980458435,0.9999098652485465
0.8788671023965141,0.9999098652485465
0.8789135228638206,0.9999098652485465
0.8789251287468639,0.9999098652485465
0.878936734936418,0.9999098652485465
0.8789483414324952,0.9999098652485465
0.8789599482351077,0.9999098652485465
0.8789715553442675,0.9999098652485465
0.8789831627599868,0.9999098652485465
0.8789947704822777,0.9999098652485465
0.8790063785111525,0.9999098652485465
0.8790179868466231,0.9999098652485465
0.879029595488702,0.9999098652485465
0.8790528136927324,0.9999098652485465
0.8790644232547082,0.9999098652485465
0.8790760331233408,0.9999098652485465
0.8790876432986423,0.9999098652485465
0.8790992537806247,0.9999098652485465
0.879122475664681,0.9999098652485465
0.8791340870667794,0.9999098652485465
0.8791456987756072,0.9999098652485465
0.8791573107911769,0.9999098652485465
0.8791689231135004,0.9999098652485465
0.8791805357425899,0.9999098652485465
0.8791921486784577,0.9999098652485465
0.879226989326852,0.9999098652485465
0.8792386034899542,0.9999098652485465
0.8792502179598953,0.9999098652485465
0.8792618327366878,0.9999098652485465
0.8792734478203434,0.9999098652485465
0.8792966789082934,0.9999098652485465
0.8793082949126121,0.9999098652485465
0.8793199112238428,0.9999098652485465
0.8793315278419975,0.9999098652485465
0.8793431447670885,0.9999098652485465
0.8793547619991281,0.9999098652485465
0.8793663795381282,0.9999098652485465
0.8793779973841012,0.9999098652485465
0.8793896155370591,0.9999098652485465
0.8794360912189837,0.9999098652485465
0.879447710907049,0.9999098652485465
0.8794593309021722,0.9999098652485465
0.8794709512043656,0.9999098652485465
0.8795174354840841,0.9999098652485465
0.8795290573218109,0.9999098652485465
0.8795406794666808,0.9999098652485465
0.879552301918706,0.9999098652485465
0.8795639246778989,0.9999098652485465
0.8795871711178359,0.9999098652485465
0.8795987947986045,0.9999098652485465
0.8796104187865893,0.9999098652485465
0.8796220430818026,0.9999098652485465
0.8796336676842564,0.9999098652485465
0.8796569178109348,0.9999098652485465
0.8796685433351835,0.9999098652485465
0.8796801691667218,0.9999098652485465
0.8796917953055614,0.9999098652485465
0.8797034217517148,0.9999098652485465
0.8797150485051941,0.9999098652485465
0.8797266755660116,0.9999098652485465
0.8797383029341792,0.9999098652485465
0.8797499306097094,0.9999098652485465
0.8797731868829057,0.9999098652485465
0.8797848154805964,0.9999098652485465
0.8797964443856983,0.9999098652485465
0.8798080735982234,0.9999098652485465
0.8798197031181844,0.9999098652485465
0.879831332945593,0.9999098652485465
0.8798429630804616,0.9999098652485465
0.8798545935228024,0.9999098652485465
0.8798894866947797,0.9999098652485465
0.8799011183671311,0.9999098652485465
0.8799127503470157,0.9999098652485465
0.8799111628152927,0.999894842789971
0.8799227952355142,0.999894842789971
0.8799344279633008,0.999894842789971
0.8799460609986648,0.999894842789971
0.8799809619503424,0.999894842789971
0.8799925962161376,0.999894842789971
0.8800042307895711,0.999894842789971
0.8800158656706552,0.999894842789971
0.8800275008594018,0.999894842789971
0.8800507721599323,0.999894842789971
0.88007404469126,0.999894842789971
0.8800856814185035,0.999894842789971
0.8800973184534828,0.999894842789971
0.8801089557962104,0.999894842789971
0.8801438696710039,0.999894842789971
0.8801555082448461,0.999894842789971
0.8801787863159705,0.999894842789971
0.8801904258132769,0.999894842789971
0.8802020656184293,0.999894842789971
0.8802137057314396,0.999894842789971
0.8802602692623059,0.999894842789971
0.8802719109147897,0.999894842789971
0.8802951951435638,0.999894842789971
0.8803068377198783,0.999894842789971
0.8803184806041608,0.999894842789971
0.8803417672966789,0.999894842789971
0.8803534111049388,0.999894842789971
0.8803650552212156,0.999894842789971
0.8803766996455215,0.999894842789971
0.8803883443778686,0.999894842789971
0.8803999894182694,0.999894842789971
0.8804116347667359,0.999894842789971
0.8804232804232804,0.999894842789971
0.8804698661304831,0.999894842789971
0.880481513327601,0.999894842789971
0.8804931608328703,0.999894842789971
0.8805048086463032,0.999894842789971
0.8805281051977087,0.999894842789971
0.8805397539357058,0.999894842789971
0.8805514029819154,0.999894842789971
0.8805630523363497,0.999894842789971
0.880574701999021,0.999894842789971
0.8805863519699415,0.999894842789971
0.8805980022491235,0.999894842789971
0.8806096528365792,0.999894842789971
0.8806213037323207,0.999894842789971
0.8806329549363605,0.999894842789971
0.8806446064487107,0.999894842789971
0.8806562582693834,0.999894842789971
0.8806679103983911,0.999894842789971
0.8806795628357459,0.999894842789971
0.8807028686355457,0.999894842789971
0.8807145219980153,0.999894842789971
0.8807261756688808,0.999894842789971
0.8807378296481547,0.999894842789971
0.8807494839358493,0.999894842789971
0.8807611385319766,0.999894842789971
0.8807727934365489,0.999894842789971
0.8807844486495785,0.999894842789971
0.8807961041710777,0.999894842789971
0.8808077600010586,0.999894842789971
0.8808310725865149,0.999894842789971
0.8808427293420147,0.999894842789971
0.8808543864060453,0.999894842789971
0.8808660437786189,0.999894842789971
0.8808777014597478,0.999894842789971
0.8808893594494441,0.999894842789971
0.8809010177477203,0.999894842789971
0.8809476540268678,0.999894842789971
0.8809593138682267,0.999894842789971
0.8809709740182389,0.999894842789971
0.8809826344769166,0.999894842789971
0.8809942952442721,0.999894842789971
0.8810059563203176,0.999894842789971
0.8810176177050656,0.999894842789971
0.881029279398528,0.999894842789971
0.8810409414007174,0.999894842789971
0.8810526037116458,0.999894842789971
0.8810642663313257,0.999894842789971
0.8810759292597692,0.999894842789971
0.8810875924969884,0.999894842789971
0.881099256042996,0.999894842789971
0.8811109198978039,0.999894842789971
0.8811225840614244,0.999894842789971
0.8811575784052849,0.999894842789971
0.8811692438042787,0.999894842789971
0.8811809095121467,0.999894842789971
0.8811925755289008,0.999894842789971
0.8812042418545536,0.999894842789971
0.8812159084891172,0.999894842789971
0.8812275754326039,0.999894842789971
0.8812625781167249,0.999894842789971
0.8812742462960266,0.999894842789971
0.8812859147843127,0.999894842789971
0.8812975835815955,0.999894842789971
0.8813092526878873,0.999894842789971
0.8813209221032003,0.999894842789971
0.881332591827547,0.999894842789971
0.8813442618609394,0.999894842789971
0.8813559322033898,0.999894842789971
0.8813676028549107,0.999894842789971
0.8813792738155142,0.999894842789971
0.8813909450852127,0.999894842789971
0.8813893744372053,0.9998798203313954
0.8814010461497715,0.9998798203313954
0.8814127181714649,0.9998798203313954
0.8814360631422821,0.9998798203313954
0.8814477360914303,0.9998798203313954
0.881459409349755,0.9998798203313954
0.8814710829172682,0.9998798203313954
0.8814827567939821,0.9998798203313954
0.8815177802794517,0.9998798203313954
0.8815294553930918,0.9998798203313954
0.8815411308159941,0.9998798203313954
0.8815528065481709,0.9998798203313954
0.8815644825896346,0.9998798203313954
0.8815761589403973,0.9998798203313954
0.8816111898486032,0.9998798203313954
0.8816228674366854,0.9998798203313954
0.8816345453341281,0.9998798203313954
0.8816462235409437,0.9998798203313954
0.8816695808827425,0.9998798203313954
0.8816812600177505,0.9998798203313954
0.8816929394621804,0.9998798203313954
0.8817046192160447,0.9998798203313954
0.8817279796521256,0.9998798203313954
0.8817396603343667,0.9998798203313954
0.8817513413260912,0.9998798203313954
0.8817630226273118,0.9998798203313954
0.8817747042380404,0.9998798203313954
0.8817980683880712,0.9998798203313954
0.881809750927398,0.9998798203313954
0.881833116934736,0.9998798203313954
0.8818448004027717,0.9998798203313954
0.8818681682676383,0.9998798203313954
0.8818798526644938,0.9998798203313954
0.8818915373709804,0.9998798203313954
0.8819149077128964,0.9998798203313954
0.8819265933483503,0.9998798203313954
0.8819499655483118,0.9998798203313954
0.881961652112844,0.9998798203313954
0.8819733389870935,0.9998798203313954
0.8819850261710727,0.9998798203313954
0.8819967136647938,0.9998798203313954
0.8820084014682692,0.9998798203313954
0.8820200895815112,0.9998798203313954
0.8820317780045321,0.9998798203313954
0.8820434667373442,0.9998798203313954
0.88205515577996,0.9998798203313954
0.8820785347946513,0.9998798203313954
0.8820902247667515,0.9998798203313954
0.8821019150487045,0.9998798203313954
0.8821136056405227,0.9998798203313954
0.8821369877538038,0.9998798203313954
0.8821603711066932,0.9998798203313954
0.8821720632480219,0.9998798203313954
0.8821837556992895,0.9998798203313954
0.8821954484605087,0.9998798203313954
0.8822071415316916,0.9998798203313954
0.8822188349128505,0.9998798203313954
0.8822305286039976,0.9998798203313954
0.8822422226051456,0.9998798203313954
0.8822539169163066,0.9998798203313954
0.8822656115374928,0.9998798203313954
0.8822773064687168,0.9998798203313954
0.8822890017099908,0.9998798203313954
0.8823006972613272,0.9998798203313954
0.8823123931227381,0.9998798203313954
0.8823240892942362,0.9998798203313954
0.8823357857758335,0.9998798203313954
0.8823474825675425,0.9998798203313954
0.8823591796693755,0.9998798203313954
0.8823708770813448,0.9998798203313954
0.8823825748034627,0.9998798203313954
0.8823942728357418,0.9998798203313954
0.8824059711781941,0.9998798203313954
0.882417669830832,0.9998798203313954
0.8824293687936681,0.9998798203313954
0.8824410680667144,0.9998798203313954
0.8824527676499835,0.9998798203313954
0.8824644675434875,0.9998798203313954
0.8824761677472389,0.9998798203313954
0.88248786826125,0.9998798203313954
0.8824995690855332,0.9998798203313954
0.8825112702201008,0.9998798203313954
0.8825229716649651,0.9998798203313954
0.8825346734201385,0.9998798203313954
0.8825580778614618,0.9998798203313954
0.8825697805476365,0.9998798203313954
0.8825814835441695,0.9998798203313954
0.8825931868510735,0.9998798203313954
0.8826048904683604,0.9998798203313954
0.882616594396043,0.9998798203313954
0.8826282986341334,0.9998798203313954
0.882640003182644,0.9998798203313954
0.8826517080415871,0.9998798203313954
0.8826634132109751,0.9998798203313954
0.8826868244811352,0.9998798203313954
0.882698530581932,0.9998798203313954
0.882710236993223,0.9998798203313954
0.8827219437150208,0.9998798203313954
0.8827336507473376,0.9998798203313954
0.8827453580901857,0.9998798203313954
0.8827570657435775,0.9998798203313954
0.8827687737075254,0.9998798203313954
0.8827804819820417,0.9998798203313954
0.8827921905671389,0.9998798203313954
0.8828038994628291,0.9998798203313954
0.8828156086691249,0.9998798203313954
0.8828273181860385,0.9998798203313954
0.8828257640067911,0.9998647978728199
0.8828374739690414,0.9998647978728199
0.8828491842419419,0.9998647978728199
0.882860894825505,0.9998647978728199
0.8828726057197432,0.9998647978728199
0.8828843169246687,0.9998647978728199
0.8828960284402939,0.9998647978728199
0.8829194524036931,0.9998647978728199
0.8829545906793489,0.9998647978728199
0.8829663040594322,0.9998647978728199
0.8829780177503018,0.9998647978728199
0.88298973175197,0.9998647978728199
0.8830248756218906,0.9998647978728199
0.8830365908668771,0.9998647978728199
0.8830600222894444,0.9998647978728199
0.8830717384670497,0.9998647978728199
0.8830834549555526,0.9998647978728199
0.8830951717549655,0.9998647978728199
0.883106888865301,0.9998647978728199
0.883118606286571,0.9998647978728199
0.8831303240187883,0.9998647978728199
0.8831420420619651,0.9998647978728199
0.8831537604161138,0.9998647978728199
0.8831654790812468,0.9998647978728199
0.8831771980573764,0.9998647978728199
0.8831889173445151,0.9998647978728199
0.8832006369426751,0.9998647978728199
0.883212356851869,0.9998647978728199
0.8832240770721091,0.9998647978728199
0.8832357976034078,0.9998647978728199
0.8832475184457774,0.9998647978728199
0.8832592395992304,0.9998647978728199
0.8832826828394357,0.9998647978728199
0.883294404926213,0.9998647978728199
0.8833061273241231,0.9998647978728199
0.8833178500331785,0.9998647978728199
0.8833295730533915,0.9998647978728199
0.8833412963847747,0.9998647978728199
0.8833999177096744,0.9998647978728199
0.883411642908338,0.9998647978728199
0.8834233684182583,0.9998647978728199
0.883458546815684,0.9998647978728199
0.8834702735707554,0.9998647978728199
0.8834820006371455,0.9998647978728199
0.8834937280148669,0.9998647978728199
0.8835054557039318,0.9998647978728199
0.8835171837043527,0.9998647978728199
0.8835406406393118,0.9998647978728199
0.883552369573875,0.9998647978728199
0.8835640988198437,0.9998647978728199
0.8835758283772303,0.9998647978728199
0.883599288426307,0.9998647978728199
0.8836110189180219,0.9998647978728199
0.8836227497212044,0.9998647978728199
0.8836344808358668,0.9998647978728199
0.8836462122620217,0.9998647978728199
0.8836579439996813,0.9998647978728199
0.8836696760488582,0.9998647978728199
0.8836814084095647,0.9998647978728199
0.8836931410818131,0.9998647978728199
0.883704874065616,0.9998647978728199
0.8837166073609857,0.9998647978728199
0.8837283409679346,0.9998647978728199
0.88375180911662,0.9998647978728199
0.8837635436583812,0.9998647978728199
0.8837752785117712,0.9998647978728199
0.8837870136768026,0.9998647978728199
0.8838104849418389,0.9998647978728199
0.8838222210418686,0.9998647978728199
0.8838339574535894,0.9998647978728199
0.8838456941770135,0.9998647978728199
0.8838574312121534,0.9998647978728199
0.8838691685590215,0.9998647978728199
0.8838809062176304,0.9998647978728199
0.8838926441879922,0.9998647978728199
0.8839043824701195,0.9998647978728199
0.8839161210640247,0.9998647978728199
0.8839278599697203,0.9998647978728199
0.8839395991872186,0.9998647978728199
0.8839513387165321,0.9998647978728199
0.8839630785576732,0.9998647978728199
0.8839748187106542,0.9998647978728199
0.8839982999521862,0.9998647978728199
0.8840100410407619,0.9998647978728199
0.8840217824412272,0.9998647978728199
0.8840335241535948,0.9998647978728199
0.8840452661778769,0.9998647978728199
0.8840570085140861,0.9998647978728199
0.8840687511622347,0.9998647978728199
0.8840804941223351,0.9998647978728199
0.8840922373943999,0.9998647978728199
0.8841039809784413,0.9998647978728199
0.8841274690825042,0.9998647978728199
0.8841392136025504,0.9998647978728199
0.8841509584346232,0.9998647978728199
0.8841627035787348,0.9998647978728199
0.8841861948031245,0.9998647978728199
0.8841979408834274,0.9998647978728199
0.8842096872758191,0.9998647978728199
0.8842214339803116,0.9998647978728199
0.8842331809969178,0.9998647978728199
0.8842801721847265,0.9998647978728199
0.884291920762087,0.9998647978728199
0.8843036696516355,0.9998647978728199
0.8843154188533847,0.9998647978728199
0.8843389181935347,0.9998647978728199
0.8843506683319603,0.9998647978728199
0.8844329280446482,0.9998647978728199
0.8844446806814256,0.9998647978728199
0.8844564336305529,0.9998647978728199
0.8844681868920428,0.9998647978728199
0.8844799404659074,0.9998647978728199
0.8844916943521595,0.9998647978728199
0.8845034485508113,0.9998647978728199
0.8845152030618754,0.9998647978728199
0.8845269578853642,0.9998647978728199
0.8845387130212902,0.9998647978728199
0.8845504684696658,0.9998647978728199
0.8845622242305035,0.9998647978728199
0.8845739803038156,0.9998647978728199
0.8845857366896148,0.9998647978728199
0.8845974933879135,0.9998647978728199
0.8846092503987241,0.9998647978728199
0.8846210077220591,0.9998647978728199
0.8846327653579308,0.9998647978728199
0.8846445233063519,0.9998647978728199
0.8846562815673348,0.9998647978728199
0.8846680401408918,0.9998647978728199
0.8846797990270356,0.9998647978728199
0.8847033177371332,0.9998647978728199
0.8847150775611118,0.9998647978728199
0.884726837697727,0.9998647978728199
0.8847385981469912,0.9998647978728199
0.8847503589089168,0.9998647978728199
0.8847621199835165,0.9998647978728199
0.8847738813708026,0.9998647978728199
0.8847856430707877,0.9998647978728199
0.884797405083484,0.9998647978728199
0.8848091674089041,0.9998647978728199
0.8848209300470607,0.9998647978728199
0.884832692997966,0.9998647978728199
0.8848444562616326,0.9998647978728199
0.8848562198380728,0.9998647978728199
0.8848679837272994,0.9998647978728199
0.8848797479293244,0.9998647978728199
0.8848915124441609,0.9998647978728199
0.8849032772718208,0.9998647978728199
0.8849150424123169,0.9998647978728199
0.8849268078656615,0.9998647978728199
0.8849385736318672,0.9998647978728199
0.8849503397109465,0.9998647978728199
0.8849621061029118,0.9998647978728199
0.8849974071562487,0.9998647978728199
0.885009174799883,0.9998647978728199
0.8850209427564657,0.9998647978728199
0.8850327110260092,0.9998647978728199
0.8850444796085263,0.9998647978728199
0.8850429509853461,0.9998497754142442
0.885054720017021,0.9998497754142442
0.8850664893617022,0.9998497754142442
0.8850782590194018,0.9998497754142442
0.8850900289901327,0.9998497754142442
0.8851135698707379,0.9998497754142442
0.885125340780637,0.9998497754142442
0.8851371120036173,0.9998497754142442
0.8851488835396912,0.9998497754142442
0.8851606553888711,0.9998497754142442
0.8851724275511696,0.9998497754142442
0.8851842000265993,0.9998497754142442
0.8851959728151725,0.9998497754142442
0.8852077459169017,0.9998497754142442
0.8852195193317994,0.9998497754142442
0.8852312930598781,0.9998497754142442
0.8852430671011505,0.9998497754142442
0.8852666161233258,0.9998497754142442
0.8852783911042537,0.9998497754142442
0.8852901663984252,0.9998497754142442
0.8853019420058527,0.9998497754142442
0.8853137179265487,0.9998497754142442
0.8853254941605256,0.9998497754142442
0.8853372707077962,0.9998497754142442
0.8853490475683728,0.9998497754142442
0.8853608247422681,0.9998497754142442
0.8853726022294942,0.9998497754142442
0.885384380030064,0.9998497754142442
0.8853961581439898,0.9998497754142442
0.8854079365712841,0.9998497754142442
0.8854197153119595,0.9998497754142442
0.8854432737335036,0.9998497754142442
0.8854550534143972,0.9998497754142442
0.885466833408722,0.9998497754142442
0.8854903943377148,0.9998497754142442
0.8855021752724079,0.9998497754142442
0.8855139565205822,0.9998497754142442
0.8855257380822501,0.9998497754142442
0.8855375199574241,0.9998497754142442
0.8855493021461169,0.9998497754142442
0.8855610846483408,0.9998497754142442
0.8855846505934323,0.9998497754142442
0.8855964340363249,0.9998497754142442
0.8856317862465404,0.9998497754142442
0.885630264401006,0.9998347529556687
0.8856891917068107,0.9998347529556687
0.8857009781089893,0.9998347529556687
0.8857127648248696,0.9998347529556687
0.8857363391977855,0.9998347529556687
0.8857481268548463,0.9998347529556687
0.8857599148256587,0.9998347529556687
0.8857717031102357,0.9998347529556687
0.8857834917085895,0.9998347529556687
0.8857952806207328,0.9998347529556687
0.8858188593864378,0.9998347529556687
0.8858306492400245,0.9998347529556687
0.8858424394074508,0.9998347529556687
0.8858542298887292,0.9998347529556687
0.8858778117928923,0.9998347529556687
0.8858896032158021,0.9998347529556687
0.8859013949526142,0.9998347529556687
0.885913187003341,0.9998347529556687
0.8859249793679951,0.9998347529556687
0.885936772046589,0.9998347529556687
0.8859485650391353,0.9998347529556687
0.8859603583456465,0.9998347529556687
0.8859839459006137,0.9998347529556687
0.8859957401490948,0.9998347529556687
0.886007534711591,0.9998347529556687
0.8860193295881147,0.9998347529556687
0.8860311247786786,0.9998347529556687
0.8860429202832951,0.9998347529556687
0.886054716101977,0.9998347529556687
0.8860665122347365,0.9998347529556687
0.8860783086815864,0.9998347529556687
0.8860901054425392,0.9998347529556687
0.8861019025176072,0.9998347529556687
0.8861136999068033,0.9998347529556687
0.8861372956276296,0.9998347529556687
0.8861490939592848,0.9998347529556687
0.8861608926051181,0.9998347529556687
0.8861726915651421,0.9998347529556687
0.8861844908393695,0.9998347529556687
0.8861962904278124,0.9998347529556687
0.8862080903304839,0.9998347529556687
0.8862198905473961,0.9998347529556687
0.8862316910785619,0.9998347529556687
0.886255293083704,0.9998347529556687
0.8862670945577054,0.9998347529556687
0.8862788963460104,0.9998347529556687
0.8862906984486317,0.9998347529556687
0.8863025008655818,0.9998347529556687
0.8863261066425185,0.9998347529556687
0.8863379100025303,0.9998347529556687
0.8863497136769211,0.9998347529556687
0.8863733219688898,0.9998347529556687
0.886385126586493,0.9998347529556687
0.8863969315185254,0.9998347529556687
0.8863954185256709,0.9998197304970932
0.8864072239092217,0.9998197304970932
0.8864190296072346,0.9998197304970932
0.8864308356197225,0.9998197304970932
0.8864426419466975,0.9998197304970932
0.8864544485881726,0.9998197304970932
0.8864662555441601,0.9998197304970932
0.8864780628146728,0.9998197304970932
0.8864898703997229,0.9998197304970932
0.8865016782993234,0.9998197304970932
0.8865134865134865,0.9998197304970932
0.8865371038855514,0.9998197304970932
0.8865489130434783,0.9998197304970932
0.8865607225160181,0.9998197304970932
0.8865725323031837,0.9998197304970932
0.8865843424049874,0.9998197304970932
0.8865961528214419,0.9998197304970932
0.8866079635525597,0.9998197304970932
0.8866315859588356,0.9998197304970932
0.886643397634019,0.9998197304970932
0.8866552096239159,0.9998197304970932
0.8866670219285391,0.9998197304970932
0.8866788345479011,0.9998197304970932
0.8866773248068212,0.9998047080385176
0.8866891378782025,0.9998047080385176
0.8867009512643556,0.9998047080385176
0.886712764965293,0.9998047080385176
0.8867245789810275,0.9998047080385176
0.8867363933115715,0.9998047080385176
0.8867482079569377,0.9998047080385176
0.8867600229171385,0.9998047080385176
0.8867718381921867,0.9998047080385176
0.8867954696868754,0.9998047080385176
0.886807285906541,0.9998047080385176
0.8868191024411044,0.9998047080385176
0.8868309192905779,0.9998047080385176
0.8868427364549742,0.9998047080385176
0.8868545539343061,0.9998047080385176
0.8868663717285858,0.9998047080385176
0.8868900082620399,0.9998047080385176
0.8869018270012393,0.9998047080385176
0.8869136460554371,0.9998047080385176
0.8869254654246459,0.9998047080385176
0.8869372851088781,0.9998047080385176
0.8869491051081466,0.9998047080385176
0.8869609254224639,0.9998047080385176
0.8869727460518425,0.9998047080385176
0.886984566996295,0.9998047080385176
0.886996388255834,0.9998047080385176
0.8870082098304723,0.9998047080385176
0.8870200317202223,0.9998047080385176
0.8870318539250966,0.9998047080385176
0.8870436764451078,0.9998047080385176
0.8870554992802687,0.9998047080385176
0.8870673224305916,0.9998047080385176
0.887114618183757,0.9998047080385176
0.8871500933084511,0.9998047080385176
0.887161918980525,0.9998047080385176
0.8871737449678744,0.9998047080385176
0.887185571270512,0.9998047080385176
0.8871973978884504,0.9998047080385176
0.8872092248217023,0.9998047080385176
0.8872210520702802,0.9998047080385176
0.8872328796341967,0.9998047080385176
0.8872447075134645,0.9998047080385176
0.8872565357080962,0.9998047080385176
0.8872683642181043,0.9998047080385176
0.8872801930435015,0.9998047080385176
0.8872920221843004,0.9998047080385176
0.8873038516405135,0.9998047080385176
0.8873156814121537,0.9998047080385176
0.8873275114992334,0.9998047080385176
0.8873393419017652,0.9998047080385176
0.8873511726197619,0.9998047080385176
0.887363003653236,0.9998047080385176
0.8873748350021999,0.9998047080385176
0.8873984986466487,0.9998047080385176
0.8874221635532088,0.9998047080385176
0.8874339964798122,0.9998047080385176
0.8874458297219815,0.9998047080385176
0.8874694971530677,0.9998047080385176
0.8874813313420098,0.9998047080385176
0.8874931658465682,0.9998047080385176
0.8875050006667555,0.9998047080385176
0.8875168358025843,0.9998047080385176
0.8875286712540673,0.9998047080385176
0.887540507021217,0.9998047080385176
0.8875523431040461,0.9998047080385176
0.8875641795025672,0.9998047080385176
0.8875760162167929,0.9998047080385176
0.887587853246736,0.9998047080385176
0.8875996905924088,0.9998047080385176
0.8876233662309949,0.9998047080385176
0.8876352045239334,0.9998047080385176
0.8876470431326522,0.9998047080385176
0.8876588820571641,0.9998047080385176
0.8876707212974818,0.9998047080385176
0.8876825608536179,0.9998047080385176
0.8876944007255849,0.9998047080385176
0.8877062409133955,0.9998047080385176
0.8877180814170623,0.9998047080385176
0.8877299222365982,0.9998047080385176
0.8877417633720155,0.9998047080385176
0.887753604823327,0.9998047080385176
0.8877654465905453,0.9998047080385176
0.8877772886736831,0.9998047080385176
0.887789131072753,0.9998047080385176
0.8878009737877677,0.9998047080385176
0.8878128168187397,0.9998047080385176
0.8878246601656817,0.9998047080385176
0.8878365038286065,0.9998047080385176
0.8878483478075265,0.9998047080385176
0.8878601921024546,0.9998047080385176
0.8878720367134033,0.9998047080385176
0.8878957268834131,0.9998047080385176
0.8879075724424996,0.9998047080385176
0.8879312645088988,0.9998047080385176
0.8879431110162368,0.9998047080385176
0.887954957839684,0.9998047080385176
0.8879668049792531,0.9998047080385176
0.8879786524349567,0.9998047080385176
0.8879905002068073,0.9998047080385176
0.8880023482948177,0.9998047080385176
0.888000853936782,0.999789685579942
0.8880127024791183,0.999789685579942
0.8880245513376476,0.999789685579942
0.8880482500033359,0.999789685579942
0.888071949933948,0.999789685579942
0.8880838003736322,0.999789685579942
0.8880956511295854,0.999789685579942
0.8881193535903492,0.999789685579942
0.8881312052951852,0.999789685579942
0.8881430573163408,0.999789685579942
0.8881549096538287,0.999789685579942
0.8881904685644126,0.999789685579942
0.8882023221673562,0.999789685579942
0.8882141760866954,0.999789685579942
0.8882260303224428,0.999789685579942
0.8882378848746113,0.999789685579942
0.8882497397432133,0.999789685579942
0.8882615949282616,0.999789685579942
0.8882734504297688,0.999789685579942
0.8882853062477477,0.999789685579942
0.8882971623822108,0.999789685579942
0.8883090188331709,0.999789685579942
0.8883208756006407,0.999789685579942
0.8883327326846328,0.999789685579942
0.8883445900851598,0.999789685579942
0.8883564478022344,0.999789685579942
0.8883683058358695,0.999789685579942
0.8883801641860776,0.999789685579942
0.8883920228528713,0.999789685579942
0.8884038818362634,0.999789685579942
0.8884157411362665,0.999789685579942
0.8884276007528934,0.999789685579942
0.8884394606861568,0.999789685579942
0.888451320936069,0.999789685579942
0.8884631815026433,0.999789685579942
0.8884750423858918,0.999789685579942
0.8884869035858276,0.999789685579942
0.8884987651024632,0.999789685579942
0.8885106269358112,0.999789685579942
0.8885224890858844,0.999789685579942
0.8885343515526956,0.999789685579942
0.8885462143362572,0.999789685579942
0.8885580774365821,0.999789685579942
0.8885699408536829,0.999789685579942
0.8886292626912703,0.999789685579942
0.8886411280092933,0.999789685579942
0.8886529936441809,0.999789685579942
0.8886767258646014,0.999789685579942
0.8886885924501595,0.999789685579942
0.8887004593526333,0.999789685579942
0.8887123265720352,0.999789685579942
0.8887241941083781,0.999789685579942
0.8887479301319374,0.999789685579942
0.8887597986191792,0.999789685579942
0.8887716674234128,0.999789685579942
0.8887835365446508,0.999789685579942
0.8888191458105185,0.999789685579942
0.8888310161999011,0.999789685579942
0.8888428869063518,0.999789685579942
0.8888785009282385,0.999789685579942
0.8888903729030879,0.999789685579942
0.8889022451950689,0.999789685579942
0.8889141178041939,0.999789685579942
0.8889259907304758,0.999789685579942
0.8889378639739275,0.999789685579942
0.8889497375345613,0.999789685579942
0.8889616114123902,0.999789685579942
0.8889734856074267,0.999789685579942
0.8889972349491738,0.999789685579942
0.8890091100959098,0.999789685579942
0.8890209855599044,0.999789685579942
0.8890328613411702,0.999789685579942
0.88904473743972,0.999789685579942
0.8890566138555666,0.999789685579942
0.8890684905887225,0.999789685579942
0.8890803676392006,0.999789685579942
0.8890922450070136,0.999789685579942
0.8891041226921741,0.999789685579942
0.889116000694695,0.999789685579942
0.8891278790145888,0.999789685579942
0.8891397576518684,0.999789685579942
0.8891635158786356,0.999789685579942
0.8891753954681488,0.999789685579942
0.8891872753750986,0.999789685579942
0.8891991555994976,0.999789685579942
0.8892110361413588,0.999789685579942
0.8892229170006948,0.999789685579942
0.8892347981775183,0.999789685579942
0.889246679671842,0.999789685579942
0.8892585614836788,0.999789685579942
0.8892704436130412,0.999789685579942
0.8892823260599421,0.999789685579942
0.88930609190641,0.999789685579942
0.8893179753060024,0.999789685579942
0.8893298590231843,0.999789685579942
0.8893417430579683,0.999789685579942
0.889353627410367,0.999789685579942
0.8893655120803934,0.999789685579942
0.8893773970680601,0.999789685579942
0.8893892823733797,0.999789685579942
0.889413053937029,0.999789685579942
0.889424940195384,0.999789685579942
0.8894368267714431,0.999789685579942
0.8894487136652188,0.999789685579942
0.8894606008767241,0.999789685579942
0.8894724884059714,0.999789685579942
0.8894843762529737,0.999789685579942
0.8894962644177437,0.999789685579942
0.8895200417006376,0.999789685579942
0.889543820254755,0.999789685579942
0.8895557100085543,0.999789685579942
0.8895676000801979,0.999789685579942
0.8895794904696982,0.999789685579942
0.8895913811770682,0.999789685579942
0.8896032722023205,0.999789685579942
0.8896151635454679,0.999789685579942
0.8896389471854991,0.999789685579942
0.8896508394824083,0.999789685579942
0.8896627320972637,0.999789685579942
0.8896746250300778,0.999789685579942
0.8896865182808635,0.999789685579942
0.8896984118496337,0.999789685579942
0.889710305736401,0.999789685579942
0.8897221999411781,0.999789685579942
0.8897340944639778,0.999789685579942
0.8897578844636961,0.999789685579942
0.8897697799406401,0.999789685579942
0.8897816757356578,0.999789685579942
0.889793571848762,0.999789685579942
0.8898054682799652,0.999789685579942
0.8898173650292804,0.999789685579942
0.8898292620967203,0.999789685579942
0.8898411594822976,0.999789685579942
0.889853057186025,0.999789685579942
0.8898649552079155,0.999789685579942
0.8898768535479816,0.999789685579942
0.8898887522062363,0.999789685579942
0.8899125504773621,0.999789685579942
0.8899244500902588,0.999789685579942
0.8899363500213949,0.999789685579942
0.8899482502707835,0.999789685579942
0.889960150838437,0.999789685579942
0.889995854451116,0.999789685579942
0.8900077562919575,0.999789685579942
0.8900196584511281,0.999789685579942
0.8900315609286402,0.999789685579942
0.8900434637245068,0.999789685579942
0.8900553668387408,0.999789685579942
0.8900672702713547,0.999789685579942
0.8900791740223614,0.999789685579942
0.8900910780917736,0.999789685579942
0.8901029824796041,0.999789685579942
0.8901148871858658,0.999789685579942
0.8901267922105713,0.999789685579942
0.8901386975537336,0.999789685579942
0.8901506032153653,0.999789685579942
0.8901625091954791,0.999789685579942
0.890174415494088,0.999789685579942
0.8901863221112047,0.999789685579942
0.890198229046842,0.999789685579942
0.8902101363010125,0.999789685579942
0.8902220438737293,0.999789685579942
0.8902339517650049,0.999789685579942
0.8902458599748522,0.999789685579942
0.890257768503284,0.999789685579942
0.890269677350313,0.999789685579942
0.8902815865159521,0.999789685579942
0.890293496000214,0.999789685579942
0.8903054058031116,0.999789685579942
0.8903173159246576,0.999789685579942
0.8903292263648647,0.999789685579942
0.8903411371237459,0.999789685579942
0.8903530482013138,0.999789685579942
0.890448348296116,0.999789685579942
0.8904602622424405,0.999789685579942
0.8904721765075797,0.999789685579942
0.8904840910915465,0.999789685579942
0.8904960059943535,0.999789685579942
0.8905079212160137,0.999789685579942
0.8905198367565398,0.999789685579942
0.8905317526159445,0.999789685579942
0.8905436687942409,0.999789685579942
0.8905555852914414,0.999789685579942
0.8905794192426068,0.999789685579942
0.8905913366965971,0.999789685579942
0.8906032544695429,0.999789685579942
0.8906151725614571,0.999789685579942
0.8906270909723524,0.999789685579942
0.8906390097022415,0.999789685579942
0.8906509287511375,0.999789685579942
0.890662848119053,0.999789685579942
0.8906747678060009,0.999789685579942
0.890686687811994,0.999789685579942
0.8906986081370449,0.999789685579942
0.8907105287811667,0.999789685579942
0.890734371026674,0.999789685579942
0.890746292628085,0.999789685579942
0.890758214548618,0.999789685579942
0.890770136788286,0.999789685579942
0.8907820593471015,0.999789685579942
0.8907939822250777,0.999789685579942
0.8908059054222269,0.999789685579942
0.8908178289385624,0.999789685579942
0.8908297527740968,0.999789685579942
0.890841676928843,0.999789685579942
0.8908536014028137,0.999789685579942
0.8908655261960218,0.999789685579942
0.8908774513084801,0.999789685579942
0.8908893767402013,0.999789685579942
0.8909013024911985,0.999789685579942
0.8909132285614842,0.999789685579942
0.8909251549510716,0.999789685579942
0.890949008688202,0.999789685579942
0.8909609360357708,0.999789685579942
0.8909728637026922,0.999789685579942
0.8909847916889794,0.999789685579942
0.8909967199946449,0.999789685579942
0.8910086486197017,0.999789685579942
0.8910205775641626,0.999789685579942
0.8910325068280405,0.999789685579942
0.8910444364113481,0.999789685579942
0.8910563663140982,0.999789685579942
0.8910682965363039,0.999789685579942
0.8910802270779777,0.999789685579942
0.8910921579391327,0.999789685579942
0.8911040891197815,0.999789685579942
0.8911160206199371,0.999789685579942
0.8911279524396122,0.999789685579942
0.8911398845788198,0.999789685579942
0.8911518170375726,0.999789685579942
0.8911637498158835,0.999789685579942
0.8911756829137654,0.999789685579942
0.891187616331231,0.999789685579942
0.8911995500682932,0.999789685579942
0.8912114841249649,0.999789685579942
0.8912234185012587,0.999789685579942
0.8912353531971878,0.999789685579942
0.8912472882127648,0.999789685579942
0.8912592235480026,0.999789685579942
0.8912711592029141,0.999789685579942
0.891283095177512,0.999789685579942
0.8912950314718093,0.999789685579942
0.8913069680858188,0.999789685579942
0.8913308422730256,0.999789685579942
0.8913427798462487,0.999789685579942
0.8913547177392352,0.999789685579942
0.8913666559519983,0.999789685579942
0.8913785944845506,0.999789685579942
0.891390533336905,0.999789685579942
0.8914024725090743,0.999789685579942
0.8914144120010715,0.999789685579942
0.8914263518129094,0.999789685579942
0.8914382919446007,0.999789685579942
0.8914502323961584,0.999789685579942
0.8914621731675954,0.999789685579942
0.8914741142589244,0.999789685579942
0.8914860556701584,0.999789685579942
0.8915099394523924,0.999789685579942
0.8915218818234183,0.999789685579942
0.8915338245144006,0.999789685579942
0.891545767525352,0.999789685579942
0.8915577108562855,0.999789685579942
0.8915815984781502,0.999789685579942
0.8915935427691071,0.999789685579942
0.8916054873800975,0.999789685579942
0.8916532690246517,0.999789685579942
0.8916771617674643,0.999789685579942
0.8916891086190495,0.999789685579942
0.8917010557907712,0.999789685579942
0.8917130032826422,0.999789685579942
0.8917249510946753,0.999789685579942
0.8917368992268836,0.999789685579942
0.8917488476792796,0.999789685579942
0.8917607964518766,0.999789685579942
0.8917727455446871,0.999789685579942
0.8917846949577242,0.999789685579942
0.8917966446910007,0.999789685579942
0.8918085947445294,0.999789685579942
0.8918205451183234,0.999789685579942
0.8918324958123953,0.999789685579942
0.8918444468267581,0.999789685579942
0.8918563981614248,0.999789685579942
0.8918683498164081,0.999789685579942
0.8918803017917208,0.999789685579942
0.891892254087376,0.999789685579942
0.8919042067033865,0.999789685579942
0.8919161596397652,0.999789685579942
0.891928112896525,0.999789685579942
0.8919400664736785,0.999789685579942
0.891952020371239,0.999789685579942
0.8919639745892192,0.999789685579942
0.8919759291276319,0.999789685579942
0.8919878839864901,0.999789685579942
0.8919998391658066,0.999789685579942
0.8920237504858664,0.999789685579942
0.8920357066266352,0.999789685579942
0.8920596198697156,0.999789685579942
0.8920715769720529,0.999789685579942
0.8920835343949386,0.999789685579942
0.892082087851695,0.9997746631213664
0.8920940457360392,0.9997746631213664
0.892106003940966,0.9997746631213664
0.8921179624664879,0.9997746631213664
0.8921299213126181,0.9997746631213664
0.8921418804793694,0.9997746631213664
0.8922136422136422,0.9997746631213664
0.8922256036251022,0.9997746631213664
0.8922375653572865,0.9997746631213664
0.8922495274102079,0.9997746631213664
0.8922734524783139,0.9997746631213664
0.8922854154935242,0.9997746631213664
0.8922973788295233,0.9997746631213664
0.8923213064639395,0.9997746631213664
0.8923332707623823,0.9997746631213664
0.8923572003218021,0.9997746631213664
0.8923811311646866,0.9997746631213664
0.8923930970674605,0.9997746631213664
0.8924050632911392,0.9997746631213664
0.8924170298357358,0.9997746631213664
0.8924289967012632,0.9997746631213664
0.8924529313951617,0.9997746631213664
0.8924648992235588,0.9997746631213664
0.8924768673729382,0.9997746631213664
0.8925008046346958,0.9997746631213664
0.8925127737470999,0.9997746631213664
0.8925247431805381,0.9997746631213664
0.8925367129350231,0.9997746631213664
0.8925486830105681,0.9997746631213664
0.8925606534071858,0.9997746631213664
0.8925726241248894,0.9997746631213664
0.8925845951636915,0.9997746631213664
0.8925965665236052,0.9997746631213664
0.8926085382046433,0.9997746631213664
0.8926205102068189,0.9997746631213664
0.8926324825301447,0.9997746631213664
0.8926444551746339,0.9997746631213664
0.8926564281402991,0.9997746631213664
0.8926684014271534,0.9997746631213664
0.8926803750352098,0.9997746631213664
0.892728272679714,0.9997746631213664
0.8927522234295142,0.9997746631213664
0.8927641992863466,0.9997746631213664
0.8927761754644845,0.9997746631213664
0.8927881519639408,0.9997746631213664
0.8928001287847283,0.9997746631213664
0.89281210592686,0.9997746631213664
0.8928240833903489,0.9997746631213664
0.892836061175208,0.9997746631213664
0.89284803928145,0.9997746631213664
0.892860017709088,0.9997746631213664
0.8928719964581349,0.9997746631213664
0.8928839755286037,0.9997746631213664
0.8928959549205071,0.9997746631213664
0.8929079346338584,0.9997746631213664
0.8929199146686703,0.9997746631213664
0.8929318950249557,0.9997746631213664
0.8929438757027277,0.9997746631213664
0.8929558567019992,0.9997746631213664
0.8929678380227831,0.9997746631213664
0.8929798196650923,0.9997746631213664
0.8929918016289399,0.9997746631213664
0.8930157665213015,0.9997746631213664
0.8930277494498416,0.9997746631213664
0.8930397326999718,0.9997746631213664
0.893051716271705,0.9997746631213664
0.8930637001650541,0.9997746631213664
0.8930756843800322,0.9997746631213664
0.8930876689166521,0.9997746631213664
0.8930996537749268,0.9997746631213664
0.8931116389548693,0.9997746631213664
0.8931356102798095,0.9997746631213664
0.8931475964248329,0.9997746631213664
0.8931715696800515,0.9997746631213664
0.8931835567902726,0.9997746631213664
0.893195544222252,0.9997746631213664
0.8932075319760029,0.9997746631213664
0.893219520051538,0.9997746631213664
0.8932315084488706,0.9997746631213664
0.8932434971680133,0.9997746631213664
0.8932554862089792,0.9997746631213664
0.8932674755717814,0.9997746631213664
0.893291455262946,0.9997746631213664
0.8933034455913343,0.9997746631213664
0.8933154362416107,0.9997746631213664
0.8933274272137881,0.9997746631213664
0.8933753943217666,0.9997746631213664
0.8933873869036433,0.9997746631213664
0.8933993798074987,0.9997746631213664
0.8934113730333458,0.9997746631213664
0.8934233665811977,0.9997746631213664
0.8934353604510673,0.9997746631213664
0.8934953346311337,0.9997746631213664
0.8935073304333817,0.9997746631213664
0.893543319772828,0.9997746631213664
0.8935553168635876,0.9997746631213664
0.8935673142765075,0.9997746631213664
0.8935793120116008,0.9997746631213664
0.8935913100688804,0.9997746631213664
0.8936033084483592,0.9997746631213664
0.8936153071500503,0.9997746631213664
0.8936393055201214,0.9997746631213664
0.8936513051885272,0.9997746631213664
0.8936633051791972,0.9997746631213664
0.8936753054921445,0.9997746631213664
0.8936873061273819,0.9997746631213664
0.8936993070849224,0.9997746631213664
0.8937113083647791,0.9997746631213664
0.8937233099669648,0.9997746631213664
0.8937353118914927,0.9997746631213664
0.8937593167076266,0.9997746631213664
0.8937713195992587,0.9997746631213664
0.8937833228132848,0.9997746631213664
0.8937953263497179,0.9997746631213664
0.8938073302085712,0.9997746631213664
0.8938193343898574,0.9997746631213664
0.8938313388935896,0.9997746631213664
0.8938433437197808,0.9997746631213664
0.893855348868444,0.9997746631213664
0.8938673543395922,0.9997746631213664
0.8938793601332384,0.9997746631213664
0.8938913662493956,0.9997746631213664
0.8939033726880767,0.9997746631213664
0.8939153794492948,0.9997746631213664
0.8939634097197969,0.9997746631213664
0.8939754180938948,0.9997746631213664
0.8939874267906077,0.9997746631213664
0.8939994358099486,0.9997746631213664
0.8940114451519303,0.9997746631213664
0.8940234548165661,0.9997746631213664
0.8940354648038689,0.9997746631213664
0.8940474751138516,0.9997746631213664
0.8940594857465273,0.9997746631213664
0.894071496701909,0.9997746631213664
0.8940835079800097,0.9997746631213664
0.8940955195808423,0.9997746631213664
0.89410753150442,0.9997746631213664
0.8941195437507558,0.9997746631213664
0.8941315563198624,0.9997746631213664
0.8941435692117532,0.9997746631213664
0.8941675959639388,0.9997746631213664
0.8941916240074167,0.9997746631213664
0.8942036385134228,0.9997746631213664
0.8942156533422909,0.9997746631213664
0.8942276684940342,0.9997746631213664
0.8942396839686656,0.9997746631213664
0.8942516997661981,0.9997746631213664
0.8942637158866449,0.9997746631213664
0.8942757323300188,0.9997746631213664
0.8942877490963329,0.9997746631213664
0.8942997661856003,0.9997746631213664
0.8943117835978338,0.9997746631213664
0.8943238013330467,0.9997746631213664
0.8943478377724622,0.9997746631213664
0.8943598564766909,0.9997746631213664
0.894371875503951,0.9997746631213664
0.8943838948542554,0.9997746631213664
0.8943959145276172,0.9997746631213664
0.8944079345240495,0.9997746631213664
0.8944199548435652,0.9997746631213664
0.8944319754861774,0.9997746631213664
0.8944439964518991,0.9997746631213664
0.8944560177407432,0.9997746631213664
0.8944920835461412,0.9997746631213664
0.8945041061276058,0.9997746631213664
0.8945161290322581,0.9997746631213664
0.8945281522601111,0.9997746631213664
0.8945401758111777,0.9997746631213664
0.8945521996854712,0.9997746631213664
0.8945642238830045,0.9997746631213664
0.8945762484037906,0.9997746631213664
0.8945882732478425,0.9997746631213664
0.8946123239057964,0.9997746631213664
0.8946243497197242,0.9997746631213664
0.89463637585697,0.9997746631213664
0.8946484023175469,0.9997746631213664
0.8946724562087461,0.9997746631213664
0.8946965113934261,0.9997746631213664
0.8947085394708539,0.9997746631213664
0.8947205678716911,0.9997746631213664
0.8947325965959506,0.9997746631213664
0.8947446256436455,0.9997746631213664
0.894756655014789,0.9997746631213664
0.8947686847093937,0.9997746631213664
0.8947807147274732,0.9997746631213664
0.8947927450690402,0.9997746631213664
0.8948047757341078,0.9997746631213664
0.894816806722689,0.9997746631213664
0.8948288380347971,0.9997746631213664
0.894840869670445,0.9997746631213664
0.8948529016296456,0.9997746631213664
0.8948649339124121,0.9997746631213664
0.8948769665187576,0.9997746631213664
0.894888999448695,0.9997746631213664
0.8949010327022375,0.9997746631213664
0.8949130662793982,0.9997746631213664
0.894911653174838,0.9997596406627909
0.8949236872184495,0.9997596406627909
0.8949357215857136,0.9997596406627909
0.8949477562766429,0.9997596406627909
0.8949597912912509,0.9997596406627909
0.8949718266295504,0.9997596406627909
0.8949838622915546,0.9997596406627909
0.8949958982772764,0.9997596406627909
0.8950079345867291,0.9997596406627909
0.8950199712199255,0.9997596406627909
0.8950320081768788,0.9997596406627909
0.8950440454576021,0.9997596406627909
0.8950560830621083,0.9997596406627909
0.8950681209904106,0.9997596406627909
0.895080159242522,0.9997596406627909
0.8950921978184557,0.9997596406627909
0.8951042367182246,0.9997596406627909
0.8951162759418418,0.9997596406627909
0.8951283154893205,0.9997596406627909
0.8951523955559142,0.9997596406627909
0.8951644360750555,0.9997596406627909
0.8951764769181104,0.9997596406627909
0.895188518085092,0.9997596406627909
0.8952005595760135,0.9997596406627909
0.895212601390888,0.9997596406627909
0.8952246435297283,0.9997596406627909
0.8952366859925477,0.9997596406627909
0.8952487287793591,0.9997596406627909
0.8952607718901758,0.9997596406627909
0.8952728153250108,0.9997596406627909
0.895284859083877,0.9997596406627909
0.8952969031667878,0.9997596406627909
0.8953089475737559,0.9997596406627909
0.8953209923047947,0.9997596406627909
0.8953330373599171,0.9997596406627909
0.8953450827391363,0.9997596406627909
0.8953691744699172,0.9997596406627909
0.895381220821505,0.9997596406627909
0.8953932674972419,0.9997596406627909
0.8954053144971409,0.9997596406627909
0.8954294094694778,0.9997596406627909
0.8954414574419418,0.9997596406627909
0.8954535057386203,0.9997596406627909
0.8954655543595264,0.9997596406627909
0.8954776033046731,0.9997596406627909
0.8954896525740735,0.9997596406627909
0.8955017021677409,0.9997596406627909
0.8955137520856882,0.9997596406627909
0.8955258023279284,0.9997596406627909
0.8955378528944749,0.9997596406627909
0.8955499037853404,0.9997596406627909
0.8955740065400816,0.9997596406627909
0.8955860584039833,0.9997596406627909
0.8955981105922567,0.9997596406627909
0.8956101631049147,0.9997596406627909
0.8956222159419704,0.9997596406627909
0.8956342691034371,0.9997596406627909
0.8956463225893277,0.9997596406627909
0.8956704305344333,0.9997596406627909
0.8956824849936744,0.9997596406627909
0.895694539777392,0.9997596406627909
0.8957186503183084,0.9997596406627909
0.8957307060755336,0.9997596406627909
0.8957427621572877,0.9997596406627909
0.8957789323498533,0.9997596406627909
0.8957909897298534,0.9997596406627909
0.8958030474344478,0.9997596406627909
0.8958151054636497,0.9997596406627909
0.8958271638174721,0.9997596406627909
0.8958392224959281,0.9997596406627909
0.8958512814990308,0.9997596406627909
0.895875400479229,0.9997596406627909
0.8958874604563506,0.9997596406627909
0.8958995207581714,0.9997596406627909
0.8959115813847044,0.9997596406627909
0.895923642335963,0.9997596406627909
0.89593570361196,0.9997596406627909
0.8959477652127087,0.9997596406627909
0.8959598271382221,0.9997596406627909
0.8959718893885135,0.9997596406627909
0.8959839519635957,0.9997596406627909
0.8959960148634821,0.9997596406627909
0.8960080780881858,0.9997596406627909
0.8960322055120973,0.9997596406627909
0.8960563342354351,0.9997596406627909
0.8960683990844217,0.9997596406627909
0.8960804642583042,0.9997596406627909
0.896092529757096,0.9997596406627909
0.8961045955808098,0.9997596406627909
0.8961166617294589,0.9997596406627909
0.8961287282030567,0.9997596406627909
0.8961407950016158,0.9997596406627909
0.8961528621251498,0.9997596406627909
0.8961649295736716,0.9997596406627909
0.8961769973471944,0.9997596406627909
0.8961890654457312,0.9997596406627909
0.8962011338692953,0.9997596406627909
0.8962132026178997,0.9997596406627909
0.8962252716915577,0.9997596406627909
0.8962373410902823,0.9997596406627909
0.8962494108140866,0.9997596406627909
0.8962614808629839,0.9997596406627909
0.8962976929603642,0.9997596406627909
0.8963097643097643,0.9997596406627909
0.8963459803089687,0.9997596406627909
0.896358052959082,0.9997596406627909
0.8963701259344063,0.9997596406627909
0.896382199234955,0.9997596406627909
0.896394272860741,0.9997596406627909
0.8964063468117777,0.9997596406627909
0.8964667214461791,0.9997596406627909
0.896478797348995,0.9997596406627909
0.8964908735771536,0.9997596406627909
0.8965029501306679,0.9997596406627909
0.896515027009551,0.9997596406627909
0.8965271042138161,0.9997596406627909
0.8965391817434765,0.9997596406627909
0.8965512595985451,0.9997596406627909
0.8965754162849598,0.9997596406627909
0.8965874951163323,0.9997596406627909
0.8965995742731657,0.9997596406627909
0.8966116537554732,0.9997596406627909
0.896623733563268,0.9997596406627909
0.8966358136965631,0.9997596406627909
0.8966599749397071,0.9997596406627909
0.8966720560495823,0.9997596406627909
0.8967083013325788,0.9997596406627909
0.896720383744745,0.9997596406627909
0.896732466482517,0.9997596406627909
0.8967445495459078,0.9997596406627909
0.8967566329349306,0.9997596406627909
0.8967687166495985,0.9997596406627909
0.8967808006899247,0.9997596406627909
0.8967928850559224,0.9997596406627909
0.8968049697476047,0.9997596406627909
0.8968412257768914,0.9997596406627909
0.896853311771444,0.9997596406627909
0.896865398091747,0.9997596406627909
0.8968774847378138,0.9997596406627909
0.8968895717096574,0.9997596406627909
0.896901659007291,0.9997596406627909
0.8969379228550635,0.9997596406627909
0.8969500114559887,0.9997596406627909
0.8969741896354202,0.9997596406627909
0.8969862792139526,0.9997596406627909
0.8969983691183805,0.9997596406627909
0.8970104593487168,0.9997596406627909
0.897022549904975,0.9997596406627909
0.8970346407871681,0.9997596406627909
0.8970467319953093,0.9997596406627909
0.8970588235294118,0.9997596406627909
0.8970709153894887,0.9997596406627909
0.8970830075755534,0.9997596406627909
0.8970951000876188,0.9997596406627909
0.8971071929256983,0.9997596406627909
0.897119286089805,0.9997596406627909
0.897131379579952,0.9997596406627909
0.8971434733961526,0.9997596406627909
0.8971918519217548,0.9997596406627909
0.897203947368421,0.9997596406627909
0.89721604314122,0.9997596406627909
0.897240235665269,0.9997596406627909
0.8972523324165453,0.9997596406627909
0.8972644294940071,0.9997596406627909
0.8972765268976676,0.9997596406627909
0.8972886246275398,0.9997596406627909
0.8973128210659728,0.9997596406627909
0.8973249197745597,0.9997596406627909
0.8973370188094114,0.9997596406627909
0.897349118170541,0.9997596406627909
0.8973612178579615,0.9997596406627909
0.8973733178716863,0.9997596406627909
0.8973854182117286,0.9997596406627909
0.8973975188781014,0.9997596406627909
0.8974096198708181,0.9997596406627909
0.8974217211898918,0.9997596406627909
0.8974338228353358,0.9997596406627909
0.8974459248071632,0.9997596406627909
0.8974580271053874,0.9997596406627909
0.8974701297300213,0.9997596406627909
0.8974822326810783,0.9997596406627909
0.8974943359585715,0.9997596406627909
0.8975064395625143,0.9997596406627909
0.8975427523331715,0.9997596406627909
0.8975548572430442,0.9997596406627909
0.8975669624794325,0.9997596406627909
0.8975790680423494,0.9997596406627909
0.8975911739318084,0.9997596406627909
0.8976032801478224,0.9997596406627909
0.8976153866904049,0.9997596406627909
0.897627493559569,0.9997596406627909
0.8976396007553278,0.9997596406627909
0.8976880328045753,0.9997596406627909
0.8977001416335064,0.9997596406627909
0.8977122507891117,0.9997596406627909
0.8977243602714041,0.9997596406627909
0.8977364700803971,0.9997596406627909
0.8977485802161039,0.9997596406627909
0.8977606906785377,0.9997596406627909
0.8977849125836391,0.9997596406627909
0.8977970240263332,0.9997596406627909
0.8978091357958071,0.9997596406627909
0.8978333603151476,0.9997596406627909
0.8978454730650406,0.9997596406627909
0.8978575861417663,0.9997596406627909
0.897869699545338,0.9997596406627909
0.897881813275769,0.9997596406627909
0.8978939273330725,0.9997596406627909
0.8979060417172616,0.9997596406627909
0.8979302714663501,0.9997596406627909
0.8979423868312757,0.9997596406627909
0.89795450252314,0.9997596406627909
0.8979666185419563,0.9997596406627909
0.8979787348877375,0.9997596406627909
0.8979908515604971,0.9997596406627909
0.8980029685602483,0.9997596406627909
0.8980150858870043,0.9997596406627909
0.8980272035407784,0.9997596406627909
0.8980393215215836,0.9997596406627909
0.8980514398294335,0.9997596406627909
0.8980635584643412,0.9997596406627909
0.8980756774263198,0.9997596406627909
0.898099916331543,0.9997596406627909
0.8981120362748141,0.9997596406627909
0.8981241565452092,0.9997596406627909
0.8981362771427415,0.9997596406627909
0.8981483980674242,0.9997596406627909
0.8981605193192707,0.9997596406627909
0.8981726408982941,0.9997596406627909
0.8981847628045078,0.9997596406627909
0.8981968850379248,0.9997596406627909
0.8982211304864223,0.9997596406627909
0.8982696253104416,0.9997596406627909
0.8982817498346538,0.9997596406627909
0.8982938746861755,0.9997596406627909
0.8983181253712003,0.9997596406627909
0.8983302512047299,0.9997596406627909
0.8983423773656218,0.9997596406627909
0.8983545038538897,0.9997596406627909
0.8983666306695465,0.9997596406627909
0.8983787578126055,0.9997596406627909
0.8984151412063286,0.9997596406627909
0.8984272696591292,0.9997596406627909
0.8984393984393985,0.9997596406627909
0.8984515275471494,0.9997596406627909
0.8984636569823955,0.9997596406627909
0.8984757867451499,0.9997596406627909
0.8985243090715164,0.9997596406627909
0.8985485722000945,0.9997596406627909
0.8985607042557788,0.9997596406627909
0.8985728366390775,0.9997596406627909
0.8985849693500041,0.9997596406627909
0.8985971023885716,0.9997596406627909
0.8986092357547935,0.9997596406627909
0.8986213694486828,0.9997596406627909
0.8986335034702531,0.9997596406627909
0.8986456378195175,0.9997596406627909
0.8986577724964891,0.9997596406627909
0.8986564040240362,0.9997446182042153
0.8986928104575164,0.9997446182042153
0.8987049465908631,0.9997446182042153
0.8987170830519919,0.9997446182042153
0.8987292198409161,0.9997446182042153
0.8987777702748329,0.9997446182042153
0.8987899087029334,0.9997446182042153
0.898802047458909,0.9997446182042153
0.8988263259545387,0.9997446182042153
0.8988384656942193,0.9997446182042153
0.8988506057618282,0.9997446182042153
0.8988748868808839,0.9997446182042153
0.8988870279323572,0.9997446182042153
0.898899169311812,0.9997446182042153
0.8989113110192615,0.9997446182042153
0.8989234530547189,0.9997446182042153
0.8989355954181976,0.9997446182042153
0.8989477381097108,0.9997446182042153
0.8989598811292719,0.9997446182042153
0.8989720244768942,0.9997446182042153
0.8990084564882609,0.9997446182042153
0.8990206011482608,0.9997446182042153
0.8990327461363882,0.9997446182042153
0.8990448914526566,0.9997446182042153
0.8990570370970793,0.9997446182042153
0.8990691830696694,0.9997446182042153
0.8990813293704404,0.9997446182042153
0.8990934759994056,0.9997446182042153
0.8991177702419715,0.9997446182042153
0.8991299178555988,0.9997446182042153
0.8991420657974735,0.9997446182042153
0.8991542140676089,0.9997446182042153
0.8991663626660181,0.9997446182042153
0.8991785115927147,0.9997446182042153
0.8991906608477118,0.9997446182042153
0.8992028104310228,0.9997446182042153
0.899214960342661,0.9997446182042153
0.8992271105826397,0.9997446182042153
0.8992392611509722,0.9997446182042153
0.8992514120476718,0.9997446182042153
0.8992635632727518,0.9997446182042153
0.8992757148262256,0.9997446182042153
0.8993121714571425,0.9997446182042153
0.8993243243243243,0.9997446182042153
0.899360784896685,0.9997446182042153
0.899372939077788,0.9997446182042153
0.8993850935874046,0.9997446182042153
0.899397248425548,0.9997446182042153
0.8994094035922316,0.9997446182042153
0.8994215590874689,0.9997446182042153
0.899433714911273,0.9997446182042153
0.8994458710636573,0.9997446182042153
0.899458027544635,0.9997446182042153
0.8994944989592626,0.9997446182042153
0.8995066567547476,0.9997446182042153
0.8995188148788927,0.9997446182042153
0.8995309733317114,0.9997446182042153
0.8995431321132167,0.9997446182042153
0.8995552912234223,0.9997446182042153
0.8995674506623412,0.9997446182042153
0.8995796104299869,0.9997446182042153
0.8995917705263727,0.9997446182042153
0.8996039309515119,0.9997446182042153
0.899616091705418,0.9997446182042153
0.8996282527881041,0.9997446182042153
0.8996404141995836,0.9997446182042153
0.8996525759398699,0.9997446182042153
0.8997133895738698,0.9997446182042153
0.8997377173295839,0.9997446182042153
0.8997498817008044,0.9997446182042153
0.8997620464009518,0.9997446182042153
0.8997742114300393,0.9997446182042153
0.8997863767880804,0.9997446182042153
0.8997985424750882,0.9997446182042153
0.8998107084910762,0.9997446182042153
0.8998228748360578,0.9997446182042153
0.8998350415100462,0.9997446182042153
0.8998472085130549,0.9997446182042153
0.8998593758450971,0.9997446182042153
0.8998715435061861,0.9997446182042153
0.8998837114963356,0.9997446182042153
0.8998958798155585,0.9997446182042153
0.8999080484638684,0.9997446182042153
0.8999202174412787,0.9997446182042153
0.8999567263482448,0.9997446182042153
0.8999688966421897,0.9997446182042153
0.8999810672653017,0.9997446182042153
0.8999932382175941,0.9997446182042153
0.9000054094990804,0.9997446182042153
0.9000040571791785,0.9997295957456397
0.9000162289361933,0.9997295957456397
0.9000284010224368,0.9997295957456397
0.9000405734379227,0.9997295957456397
0.9000527461826641,0.9997295957456397
0.9000649192566745,0.9997295957456397
0.9000770926599673,0.9997295957456397
0.9001136148456732,0.9997295957456397
0.9001257895662289,0.9997295957456397
0.9001379646161337,0.9997295957456397
0.9001501399954012,0.9997295957456397
0.9001623157040444,0.9997295957456397
0.9001744917420769,0.9997295957456397
0.900186668109512,0.9997295957456397
0.900198844806363,0.9997295957456397
0.9002231991883666,0.9997295957456397
0.9002353768735458,0.9997295957456397
0.9002475548881945,0.9997295957456397
0.9002719119059537,0.9997295957456397
0.9002840909090909,0.9997295957456397
0.9002962702417511,0.9997295957456397
0.9003084499039476,0.9997295957456397
0.9003206298956938,0.9997295957456397
0.9003328102170031,0.9997295957456397
0.9003449908678888,0.9997295957456397
0.900369353158443,0.9997295957456397
0.9003815347981383,0.9997295957456397
0.9003937167674636,0.9997295957456397
0.9004058990664322,0.9997295957456397
0.9004180816950574,0.9997295957456397
0.9004302646533529,0.9997295957456397
0.9004424479413317,0.9997295957456397
0.9004546315590074,0.9997295957456397
0.9004789997835029,0.9997295957456397
0.9004911843903495,0.9997295957456397
0.9005033693269465,0.9997295957456397
0.9005155545933072,0.9997295957456397
0.9005277401894451,0.9997295957456397
0.9005399261153737,0.9997295957456397
0.9005521123711061,0.9997295957456397
0.9005642989566559,0.9997295957456397
0.9005764858720364,0.9997295957456397
0.9006130485972961,0.9997295957456397
0.9006374253968683,0.9997295957456397
0.9006496142915145,0.9997295957456397
0.9006739930705934,0.9997295957456397
0.900686182955053,0.9997295957456397
0.9006983731694773,0.9997295957456397
0.9007105637138797,0.9997295957456397
0.9007227545882736,0.9997295957456397
0.9007349457926722,0.9997295957456397
0.9007471373270891,0.9997295957456397
0.9007593291915378,0.9997295957456397
0.9007715213860314,0.9997295957456397
0.9007837139105835,0.9997295957456397
0.9008080999499167,0.9997295957456397
0.9008324873096447,0.9997295957456397
0.9008446814846901,0.9997295957456397
0.9008568759898745,0.9997295957456397
0.9008690708252112,0.9997295957456397
0.9008812659907135,0.9997295957456397
0.900893461486395,0.9997295957456397
0.900905657312269,0.9997295957456397
0.900917853468349,0.9997295957456397
0.9009300499546482,0.9997295957456397
0.9009666413949962,0.9997295957456397
0.9009788392023069,0.9997295957456397
0.9009910373399042,0.9997295957456397
0.9010032358078012,0.9997295957456397
0.9010154346060114,0.9997295957456397
0.9010276337345483,0.9997295957456397
0.9010398331934252,0.9997295957456397
0.9010520329826557,0.9997295957456397
0.901064233102253,0.9997295957456397
0.9010764335522308,0.9997295957456397
0.9011008354433808,0.9997295957456397
0.90111303688458,0.9997295957456397
0.9011252386562132,0.9997295957456397
0.9011374407582938,0.9997295957456397
0.9011496431908353,0.9997295957456397
0.9011618459538512,0.9997295957456397
0.9011740490473547,0.9997295957456397
0.9011862524713593,0.9997295957456397
0.9011984562258786,0.9997295957456397
0.9012106603109258,0.9997295957456397
0.9012350694726579,0.9997295957456397
0.9012472745493696,0.9997295957456397
0.901259479956663,0.9997295957456397
0.9012716856945516,0.9997295957456397
0.9012838917630488,0.9997295957456397
0.9013205119523261,0.9997295957456397
0.901332719343392,0.9997295957456397
0.9013449270651335,0.9997295957456397
0.9013693435006975,0.9997295957456397
0.901381552214547,0.9997295957456397
0.9013937612591258,0.9997295957456397
0.9014059706344476,0.9997295957456397
0.9014181803405258,0.9997295957456397
0.901442600745005,0.9997295957456397
0.901454811443433,0.9997295957456397
0.9014670224726711,0.9997295957456397
0.9014792338327328,0.9997295957456397
0.9015158698979937,0.9997295957456397
0.9015280825814842,0.9997295957456397
0.9015769366244886,0.9997295957456397
0.9015891509625675,0.9997295957456397
0.9016135806316131,0.9997295957456397
0.9016502276176024,0.9997295957456397
0.9016624439416315,0.9997295957456397
0.9016746605966994,0.9997295957456397
0.9016868775828196,0.9997295957456397
0.9016990949000054,0.9997295957456397
0.9017113125482704,0.9997295957456397
0.901723530527628,0.9997295957456397
0.9017357488380916,0.9997295957456397
0.9017479674796748,0.9997295957456397
0.901760186452391,0.9997295957456397
0.9017724057562535,0.9997295957456397
0.901784625391276,0.9997295957456397
0.901796845357472,0.9997295957456397
0.9018090656548546,0.9997295957456397
0.9018212862834377,0.9997295957456397
0.9018335072432344,0.9997295957456397
0.9018321769297485,0.9997145732870641
0.9018443983683647,0.9997145732870641
0.9018566201382301,0.9997145732870641
0.9018688422393581,0.9997145732870641
0.9018810646717623,0.9997145732870641
0.9018932874354562,0.9997145732870641
0.901905510530453,0.9997145732870641
0.9019177339567663,0.9997145732870641
0.9019299577144096,0.9997145732870641
0.9019421818033965,0.9997145732870641
0.9019788560585524,0.9997145732870641
0.9019910814730479,0.9997145732870641
0.9020033072189542,0.9997145732870641
0.9020155332962847,0.9997145732870641
0.9020277597050531,0.9997145732870641
0.9020399864452728,0.9997145732870641
0.9020644409201198,0.9997145732870641
0.902101125118612,0.9997145732870641
0.9021133538478222,0.9997145732870641
0.9021255829085782,0.9997145732870641
0.9021622720802549,0.9997145732870641
0.9021745024673282,0.9997145732870641
0.9021867331860147,0.9997145732870641
0.9021989642363276,0.9997145732870641
0.9022234273318872,0.9997145732870641
0.9022356593771608,0.9997145732870641
0.9022478917541148,0.9997145732870641
0.9022723575031184,0.9997145732870641
0.9022845908751949,0.9997145732870641
0.9022968245790058,0.9997145732870641
0.9023090586145648,0.9997145732870641
0.9023212929818852,0.9997145732870641
0.9023702337690513,0.9997145732870641
0.9023947061535541,0.9997145732870641
0.9023933826022104,0.9996995508284886
0.9024056194402257,0.9996995508284886
0.902417856610119,0.9996995508284886
0.9024300941119037,0.9996995508284886
0.9024423319455933,0.9996995508284886
0.9024545701112016,0.9996995508284886
0.9024668086087416,0.9996995508284886
0.9024912865996718,0.9996995508284886
0.9025035260930888,0.9996995508284886
0.9025280060758945,0.9996995508284886
0.90254024656531,0.9996995508284886
0.902552487386752,0.9996995508284886
0.9025647285402341,0.9996995508284886
0.9025769700257698,0.9996995508284886
0.9025892118433724,0.9996995508284886
0.9026014539930556,0.9996995508284886
0.9026136964748328,0.9996995508284886
0.9026259392887177,0.9996995508284886
0.9026381824347236,0.9996995508284886
0.9026504259128642,0.9996995508284886
0.9026626697231529,0.9996995508284886
0.9026749138656032,0.9996995508284886
0.9026871583402287,0.9996995508284886
0.9026994031470429,0.9996995508284886
0.9027116482860592,0.9996995508284886
0.9027238937572913,0.9996995508284886
0.9027361395607526,0.9996995508284886
0.9027483856964567,0.9996995508284886
0.902760632164417,0.9996995508284886
0.9027728789646472,0.9996995508284886
0.9027851260971607,0.9996995508284886
0.9027973735619709,0.9996995508284886
0.9028096213590916,0.9996995508284886
0.9028218694885362,0.9996995508284886
0.9028341179503181,0.9996995508284886
0.9028463667444511,0.9996995508284886
0.9028586158709485,0.9996995508284886
0.9028708653298239,0.9996995508284886
0.9028831151210909,0.9996995508284886
0.9028953652447629,0.9996995508284886
0.9029076157008534,0.9996995508284886
0.9029198664893762,0.9996995508284886
0.9029321176103445,0.9996995508284886
0.9029443690637721,0.9996995508284886
0.9029688729680588,0.9996995508284886
0.9029811254189452,0.9996995508284886
0.9029933782023448,0.9996995508284886
0.9030056313182713,0.9996995508284886
0.9030178847667382,0.9996995508284886
0.9030301385477589,0.9996995508284886
0.9030423926613472,0.9996995508284886
0.9030546471075165,0.9996995508284886
0.9030669018862804,0.9996995508284886
0.9030791569976523,0.9996995508284886
0.9030914124416458,0.9996995508284886
0.9031036682182746,0.9996995508284886
0.903115924327552,0.9996995508284886
0.9031281807694918,0.9996995508284886
0.9031649520914199,0.9996995508284886
0.9031894679695983,0.9996995508284886
0.903201726407796,0.9996995508284886
0.9032139851787507,0.9996995508284886
0.9032262442824762,0.9996995508284886
0.9032385037189858,0.9996995508284886
0.9032507634882931,0.9996995508284886
0.9032630235904118,0.9996995508284886
0.9032752840253553,0.9996995508284886
0.9032875447931371,0.9996995508284886
0.9032862320316,0.9996845283699131
0.903298493280847,0.9996845283699131
0.9033107548629682,0.9996845283699131
0.9033230167779769,0.9996845283699131
0.9033352790258867,0.9996845283699131
0.9033475416067114,0.9996845283699131
0.9033598045204643,0.9996845283699131
0.903372067767159,0.9996845283699131
0.9033843313468091,0.9996845283699131
0.9033965952594282,0.9996845283699131
0.9034088595050298,0.9996845283699131
0.9034211240836275,0.9996845283699131
0.9034333889952348,0.9996845283699131
0.9034456542398653,0.9996845283699131
0.9034579198175327,0.9996845283699131
0.9034701857282502,0.9996845283699131
0.9034824519720318,0.9996845283699131
0.9035069854588408,0.9996845283699131
0.9035437881873727,0.9996845283699131
0.9035560564298225,0.9996845283699131
0.9035683250054313,0.9996845283699131
0.9035928631561796,0.9996845283699131
0.9036051327313463,0.9996845283699131
0.9036174026397262,0.9996845283699131
0.9036419434561799,0.9996845283699131
0.9036787571802984,0.9996845283699131
0.9036910290882425,0.9996845283699131
0.9037155739040686,0.9996845283699131
0.903727846811978,0.9996845283699131
0.9037401200532362,0.9996845283699131
0.9037523936278571,0.9996845283699131
0.9037646675358539,0.9996845283699131
0.9037769417772406,0.9996845283699131
0.9037892163520305,0.9996845283699131
0.9038014912602371,0.9996845283699131
0.9038137665018743,0.9996845283699131
0.9038260420769555,0.9996845283699131
0.9038383179854943,0.9996845283699131
0.9038505942275042,0.9996845283699131
0.9038492882755623,0.9996695059113374
0.9038615650000679,0.9996695059113374
0.9038738420580804,0.9996695059113374
0.9038861194496136,0.9996695059113374
0.9038983971746808,0.9996695059113374
0.9039106752332957,0.9996695059113374
0.903922953625472,0.9996695059113374
0.9039352323512232,0.9996695059113374
0.903947511410563,0.9996695059113374
0.9039597908035047,0.9996695059113374
0.9039720705300622,0.9996695059113374
0.903984350590249,0.9996695059113374
0.9039966309840787,0.9996695059113374
0.9040089117115648,0.9996695059113374
0.9040211927727211,0.9996695059113374
0.9040334741675611,0.9996695059113374
0.9040457558960983,0.9996695059113374
0.9040580379583464,0.9996695059113374
0.9040826030840297,0.9996695059113374
0.9041071695447196,0.9996695059113374
0.9041194532757262,0.9996695059113374
0.9041440217391304,0.9996695059113374
0.9041563064715553,0.9996695059113374
0.9041685915378135,0.9996695059113374
0.9042054487397242,0.9996695059113374
0.9042177351414518,0.9996695059113374
0.9042300218770807,0.9996695059113374
0.9042423089466246,0.9996695059113374
0.9042545963500972,0.9996695059113374
0.9042668840875119,0.9996695059113374
0.9042791721588824,0.9996695059113374
0.9043037493035455,0.9996695059113374
0.9043160383768651,0.9996695059113374
0.9043283277841951,0.9996695059113374
0.9043270276146989,0.9996544834527619
0.9043393175054021,0.9996544834527619
0.9043638982889605,0.9996544834527619
0.9043761891818429,0.9996544834527619
0.9043884804088123,0.9996544834527619
0.9044007719698823,0.9996544834527619
0.9044130638650665,0.9996544834527619
0.9044253560943786,0.9996544834527619
0.9044376486578322,0.9996544834527619
0.9044499415554408,0.9996544834527619
0.9044622347872181,0.9996544834527619
0.9044745283531779,0.9996544834527619
0.9044868222533335,0.9996544834527619
0.9044991164876988,0.9996544834527619
0.9045114110562873,0.9996544834527619
0.9045360011961885,0.9996544834527619
0.9045482967675285,0.9996544834527619
0.9045605926731461,0.9996544834527619
0.9045728889130553,0.9996544834527619
0.9045974823958022,0.9996544834527619
0.9046097796386672,0.9996544834527619
0.9046220772158782,0.9996544834527619
0.9046343751274487,0.9996544834527619
0.9046589719537229,0.9996544834527619
0.904671270868454,0.9996544834527619
0.904683570117599,0.9996544834527619
0.9046958697011719,0.9996544834527619
0.9047081696191862,0.9996544834527619
0.9047204698716554,0.9996544834527619
0.9047327704585933,0.9996544834527619
0.9047450713800136,0.9996544834527619
0.9047573726359298,0.9996544834527619
0.9047696742263556,0.9996544834527619
0.9047819761513046,0.9996544834527619
0.904806581004827,0.9996544834527619
0.9048188839334276,0.9996544834527619
0.904831187196606,0.9996544834527619
0.904843490794376,0.9996544834527619
0.904855794726751,0.9996544834527619
0.9048680989937449,0.9996544834527619
0.9048927085316435,0.9996544834527619
0.9049050138025756,0.9996544834527619
0.904917319408181,0.9996544834527619
0.9049296253484735,0.9996544834527619
0.9049542382331742,0.9996544834527619
0.9049665451776098,0.9996544834527619
0.9049911600707194,0.9996544834527619
0.9050034680194209,0.9996544834527619
0.9050280849211854,0.9996544834527619
0.9050403938742758,0.9996544834527619
0.9050527031621898,0.9996544834527619
0.905065012784941,0.9996544834527619
0.9050773227425432,0.9996544834527619
0.9050896330350099,0.9996544834527619
0.905101943662355,0.9996544834527619
0.9051142546245919,0.9996544834527619
0.9051511895207911,0.9996544834527619
0.9051635018227324,0.9996544834527619
0.9051758144596341,0.9996544834527619
0.9051881274315097,0.9996544834527619
0.9052004407383728,0.9996544834527619
0.9052127543802373,0.9996544834527619
0.9052250683571166,0.9996544834527619
0.9052373826690246,0.9996544834527619
0.9052496973159749,0.9996544834527619
0.9052620122979812,0.9996544834527619
0.9052743276150571,0.9996544834527619
0.9052866432672163,0.9996544834527619
0.9052989592544725,0.9996544834527619
0.9053112755768393,0.9996544834527619
0.9053235922343306,0.9996544834527619
0.9053359092269598,0.9996544834527619
0.9053482265547408,0.9996544834527619
0.9053605442176871,0.9996544834527619
0.9053728622158125,0.9996544834527619
0.9053851805491306,0.9996544834527619
0.9054344572346041,0.9996544834527619
0.9054467772440913,0.9996544834527619
0.9054590975888532,0.9996544834527619
0.9054714182689036,0.9996544834527619
0.9054837392842564,0.9996544834527619
0.9054960606349249,0.9996544834527619
0.9055083823209231,0.9996544834527619
0.9055330266989631,0.9996544834527619
0.9055453493910322,0.9996544834527619
0.9055576724184856,0.9996544834527619
0.9055699957813372,0.9996544834527619
0.9055823194796004,0.9996544834527619
0.9055946435132891,0.9996544834527619
0.905606967882417,0.9996544834527619
0.9056192925869977,0.9996544834527619
0.9056316176270448,0.9996544834527619
0.9056439430025722,0.9996544834527619
0.9056562687135935,0.9996544834527619
0.9056685947601225,0.9996544834527619
0.9056809211421727,0.9996544834527619
0.905693247859758,0.9996544834527619
0.9057179023015883,0.9996544834527619
0.905730230025861,0.9996544834527619
0.9057548864811891,0.9996544834527619
0.9057672152122722,0.9996544834527619
0.9057795442789862,0.9996544834527619
0.9057918736813448,0.9996544834527619
0.9058042034193619,0.9996544834527619
0.9058288639024258,0.9996544834527619
0.9058411946475,0.9996544834527619
0.9058535257282875,0.9996544834527619
0.9058658571448018,0.9996544834527619
0.9058781888970568,0.9996544834527619
0.9058905209850661,0.9996544834527619
0.9059028534088434,0.9996544834527619
0.9059151861684024,0.9996544834527619
0.9059275192637569,0.9996544834527619
0.9059398526949206,0.9996544834527619
0.9059385721287372,0.9996394609941863
0.9059509060462076,0.9996394609941863
0.9059755748886983,0.9996394609941863
0.9059879098137458,0.9996394609941863
0.9060002450746797,0.9996394609941863
0.9060125806715138,0.9996394609941863
0.9060249166042617,0.9996394609941863
0.9060372528729372,0.9996394609941863
0.9060619264181259,0.9996394609941863
0.9060742636946665,0.9996394609941863
0.9060866013071895,0.9996394609941863
0.9060853225125615,0.9996244385356108
0.9060976606116724,0.9996244385356108
0.906109999046802,0.9996244385356108
0.9061346769251719,0.9996244385356108
0.9061470163684396,0.9996244385356108
0.906159356147781,0.9996244385356108
0.9061716962632095,0.9996244385356108
0.906184036714739,0.9996244385356108
0.9061963775023832,0.9996244385356108
0.9062087186261559,0.9996244385356108
0.9062210600860707,0.9996244385356108
0.9062334018821414,0.9996244385356108
0.9062457440143818,0.9996244385356108
0.9062580864828056,0.9996244385356108
0.9062704292874264,0.9996244385356108
0.9062827724282582,0.9996244385356108
0.9062814960093705,0.9996094160770351
0.906293839637161,0.9996094160770351
0.9063061836011986,0.9996094160770351
0.9063185279014969,0.9996094160770351
0.9063555628200937,0.9996094160770351
0.9063679084655725,0.9996094160770351
0.9063802544473806,0.9996094160770351
0.9064049474200403,0.9996094160770351
0.9064172944109193,0.9996094160770351
0.9064296417381829,0.9996094160770351
0.9064419894018445,0.9996094160770351
0.906454337401918,0.9996094160770351
0.9064666857384173,0.9996094160770351
0.9065037327666067,0.9996094160770351
0.9065160824489462,0.9996094160770351
0.9065284324677801,0.9996094160770351
0.9065407828231223,0.9996094160770351
0.9065531335149863,0.9996094160770351
0.9065654845433861,0.9996094160770351
0.9065778359083354,0.9996094160770351
0.9065901876098478,0.9996094160770351
0.9066025396479372,0.9996094160770351
0.9066148920226174,0.9996094160770351
0.906627244733902,0.9996094160770351
0.9066395977818048,0.9996094160770351
0.9066519511663397,0.9996094160770351
0.9066643048875203,0.9996094160770351
0.9066766589453604,0.9996094160770351
0.9066890133398738,0.9996094160770351
0.9067137231389756,0.9996094160770351
0.9067260785435914,0.9996094160770351
0.9067384342849356,0.9996094160770351
0.9067507903630219,0.9996094160770351
0.9067631467778641,0.9996094160770351
0.9067755035294759,0.9996094160770351
0.9067878606178711,0.9996094160770351
0.9068002180430635,0.9996094160770351
0.9068125758050668,0.9996094160770351
0.9068249339038948,0.9996094160770351
0.9068372923395615,0.9996094160770351
0.9068496511120803,0.9996094160770351
0.9068620102214651,0.9996094160770351
0.9068743696677297,0.9996094160770351
0.9068867294508879,0.9996094160770351
0.9068990895709534,0.9996094160770351
0.9069114500279402,0.9996094160770351
0.9069238108218618,0.9996094160770351
0.9069361719527321,0.9996094160770351
0.9069485334205648,0.9996094160770351
0.9069608952253738,0.9996094160770351
0.9069856198459756,0.9996094160770351
0.906997982661796,0.9996094160770351
0.9070227093045445,0.9996094160770351
0.9070350731315003,0.9996094160770351
0.907047437295529,0.9996094160770351
0.9070598017966439,0.9996094160770351
0.9070721666348592,0.9996094160770351
0.9070845318101886,0.9996094160770351
0.9070968973226458,0.9996094160770351
0.9071092631722446,0.9996094160770351
0.9071216293589989,0.9996094160770351
0.9071339958829223,0.9996094160770351
0.9071463627440288,0.9996094160770351
0.907158729942332,0.9996094160770351
0.907171097477846,0.9996094160770351
0.9071834653505841,0.9996094160770351
0.9071958335605607,0.9996094160770351
0.9072205709922831,0.9996094160770351
0.9072329402140569,0.9996094160770351
0.9072453097731239,0.9996094160770351
0.9072576796694981,0.9996094160770351
0.9072700499031933,0.9996094160770351
0.9072824204742231,0.9996094160770351
0.9072947913826016,0.9996094160770351
0.9073071626283423,0.9996094160770351
0.9073319061319661,0.9996094160770351
0.9073442783898767,0.9996094160770351
0.9073566509852049,0.9996094160770351
0.9073690239179644,0.9996094160770351
0.907381397188169,0.9996094160770351
0.907406144740969,0.9996094160770351
0.9074185190235919,0.9996094160770351
0.9074308936437153,0.9996094160770351
0.9074432686013528,0.9996094160770351
0.9074556438965183,0.9996094160770351
0.9074680195292256,0.9996094160770351
0.9074803954994886,0.9996094160770351
0.9074927718073209,0.9996094160770351
0.9075051484527366,0.9996094160770351
0.9075299027563727,0.9996094160770351
0.9075422804146208,0.9996094160770351
0.9075546584105075,0.9996094160770351
0.9075670367440465,0.9996094160770351
0.9075794154152516,0.9996094160770351
0.9076041737707154,0.9996094160770351
0.9076165534550018,0.9996094160770351
0.9076289334770096,0.9996094160770351
0.9076413138367525,0.9996094160770351
0.9076536945342445,0.9996094160770351
0.9076660755694994,0.9996094160770351
0.9076784569425309,0.9996094160770351
0.907690838653353,0.9996094160770351
0.9077032207019794,0.9996094160770351
0.9077279858127003,0.9996094160770351
0.9077403688748227,0.9996094160770351
0.90776513601266,0.9996094160770351
0.9077899045020463,0.9996094160770351
0.9078022892536051,0.9996094160770351
0.9078146743430926,0.9996094160770351
0.9078270597705227,0.9996094160770351
0.9078394455359092,0.9996094160770351
0.907851831639266,0.9996094160770351
0.9078642180806069,0.9996094160770351
0.9078766048599457,0.9996094160770351
0.9078889919772963,0.9996094160770351
0.9079013794326725,0.9996094160770351
0.9079137672260882,0.9996094160770351
0.907926155357557,0.9996094160770351
0.9079385438270932,0.9996094160770351
0.9079509326347102,0.9996094160770351
0.9079633217804219,0.9996094160770351
0.9079757112642424,0.9996094160770351
0.9079881010861852,0.9996094160770351
0.9080004912462645,0.9996094160770351
0.9080252725808873,0.9996094160770351
0.9080376637554585,0.9996094160770351
0.9080500552682215,0.9996094160770351
0.9080624471191899,0.9996094160770351
0.9080748393083778,0.9996094160770351
0.9080872318357989,0.9996094160770351
0.9080996247014671,0.9996094160770351
0.9081120179053962,0.9996094160770351
0.9081244114476,0.9996094160770351
0.9081368053280926,0.9996094160770351
0.9081491995468876,0.9996094160770351
0.9081615941039989,0.9996094160770351
0.9081739889994405,0.9996094160770351
0.908186384233226,0.9996094160770351
0.9082111757158846,0.9996094160770351
0.9082235719647853,0.9996094160770351
0.9082359685520857,0.9996094160770351
0.9082483654777992,0.9996094160770351
0.9082607627419399,0.9996094160770351
0.9082731603445217,0.9996094160770351
0.9082855582855582,0.9996094160770351
0.9082979565650636,0.9996094160770351
0.9083103551830517,0.9996094160770351
0.9083227541395361,0.9996094160770351
0.908335153434531,0.9996094160770351
0.908359953040107,0.9996094160770351
0.908372353350716,0.9996094160770351
0.9083847539998908,0.9996094160770351
0.9083971549876452,0.9996094160770351
0.9084095563139932,0.9996094160770351
0.9084219579789485,0.9996094160770351
0.9084343599825251,0.9996094160770351
0.9084467623247369,0.9996094160770351
0.9084591650055975,0.9996094160770351
0.9084715680251212,0.9996094160770351
0.9084839713833215,0.9996094160770351
0.9084963750802124,0.9996094160770351
0.9085087791158079,0.9996094160770351
0.9085211834901217,0.9996094160770351
0.9085335882031677,0.9996094160770351
0.9085459932549598,0.9996094160770351
0.9085583986455119,0.9996094160770351
0.9085708043748378,0.9996094160770351
0.9085832104429515,0.9996094160770351
0.9086080235955977,0.9996094160770351
0.9086204306801579,0.9996094160770351
0.9086191828708762,0.9995943936184596
0.9086315904466687,0.9995943936184596
0.9086439983613274,0.9995943936184596
0.9086564066148657,0.9995943936184596
0.9086688152072978,0.9995943936184596
0.9086812241386374,0.9995943936184596
0.9086936334088985,0.9995943936184596
0.9087060430180949,0.9995943936184596
0.9087184529662405,0.9995943936184596
0.9087308632533494,0.9995943936184596
0.9087432738794351,0.9995943936184596
0.9087805077916934,0.9995943936184596
0.9087929197738261,0.9995943936184596
0.9088053320950052,0.9995943936184596
0.9088177447552448,0.9995943936184596
0.9088301577545584,0.9995943936184596
0.9088425710929604,0.9995943936184596
0.9088549847704642,0.9995943936184596
0.9088673987870841,0.9995943936184596
0.9088798131428337,0.9995943936184596
0.908892227837727,0.9995943936184596
0.9089170582450006,0.9995943936184596
0.9089294739574084,0.9995943936184596
0.9089418900090157,0.9995943936184596
0.9089543063998361,0.9995943936184596
0.9089667231298836,0.9995943936184596
0.9089915576077157,0.9995943936184596
0.9090039753555279,0.9995943936184596
0.909016393442623,0.9995943936184596
0.9090288118690146,0.9995943936184596
0.909027569059264,0.999579371159884
0.909064826832434,0.999579371159884
0.9090772467688608,0.999579371159884
0.9090896670446628,0.999579371159884
0.9091020876598536,0.999579371159884
0.9091145086144471,0.999579371159884
0.9091269299084574,0.999579371159884
0.9091393515418984,0.999579371159884
0.9091517735147838,0.999579371159884
0.9091641958271278,0.999579371159884
0.909176618478944,0.999579371159884
0.9091890414702466,0.999579371159884
0.9092014648010495,0.999579371159884
0.9092138884713663,0.999579371159884
0.9092263124812112,0.999579371159884
0.9092387368305981,0.999579371159884
0.9092511615195409,0.999579371159884
0.9092884376238436,0.999579371159884
0.909300863671149,0.999579371159884
0.9093257167846502,0.999579371159884
0.909338143850874,0.999579371159884
0.9093505712567649,0.999579371159884
0.909362999002337,0.999579371159884
0.9093754270876042,0.999579371159884
0.9093878555125805,0.999579371159884
0.9094002842772797,0.999579371159884
0.9094127133817158,0.999579371159884
0.9094251428259027,0.999579371159884
0.9094375726098545,0.999579371159884
0.9094500027335848,0.999579371159884
0.9094624331971078,0.999579371159884
0.9094748640004374,0.999579371159884
0.9094872951435874,0.999579371159884
0.9094997266265719,0.999579371159884
0.9095121584494047,0.999579371159884
0.9095245906120999,0.999579371159884
0.9095370231146712,0.999579371159884
0.9095494559571327,0.999579371159884
0.9095618891394983,0.999579371159884
0.909574322661782,0.999579371159884
0.9095867565239977,0.999579371159884
0.9095991907261592,0.999579371159884
0.9096116252682807,0.999579371159884
0.9096240601503759,0.999579371159884
0.9096364953724589,0.999579371159884
0.9096489309345437,0.999579371159884
0.909661366836644,0.999579371159884
0.909673803078774,0.999579371159884
0.9096862396609474,0.999579371159884
0.9096986765831784,0.999579371159884
0.9097111138454808,0.999579371159884
0.9097235514478685,0.999579371159884
0.9097359893903556,0.999579371159884
0.9097484276729559,0.999579371159884
0.9097608662956835,0.999579371159884
0.9097733052585524,0.999579371159884
0.9097857445615762,0.999579371159884
0.9097981842047692,0.999579371159884
0.9098106241881452,0.999579371159884
0.9098230645117182,0.999579371159884
0.9098355051755022,0.999579371159884
0.909847946179511,0.999579371159884
0.9098728292082593,0.999579371159884
0.9098852712330265,0.999579371159884
0.9098977135980746,0.999579371159884
0.9099101563034173,0.999579371159884
0.9099225993490687,0.999579371159884
0.9099350427350428,0.999579371159884
0.9099474864613534,0.999579371159884
0.9099599305280145,0.999579371159884
0.90997237493504,0.999579371159884
0.9099848196824442,0.999579371159884
0.9099972647702407,0.999579371159884
0.9100097101984437,0.999579371159884
0.9100221559670669,0.999579371159884
0.9100346020761245,0.999579371159884
0.9100470485256305,0.999579371159884
0.9100594953155987,0.999579371159884
0.9100719424460432,0.999579371159884
0.9100843899169778,0.999579371159884
0.9100968377284167,0.999579371159884
0.9101092858803737,0.999579371159884
0.9101217343728628,0.999579371159884
0.910134183205898,0.999579371159884
0.9101466323794933,0.999579371159884
0.9101590818936627,0.999579371159884
0.9101715317484201,0.999579371159884
0.9101964324797549,0.999579371159884
0.9102088833563602,0.999579371159884
0.9102213345736094,0.999579371159884
0.9102337861315166,0.999579371159884
0.9102462380300957,0.999579371159884
0.9102586902693607,0.999579371159884
0.9102711428493255,0.999579371159884
0.9102835957700043,0.999579371159884
0.9102960490314107,0.999579371159884
0.9103085026335591,0.999579371159884
0.9103209565764632,0.999579371159884
0.9103334108601371,0.999579371159884
0.9103458654845947,0.999579371159884
0.9103583204498502,0.999579371159884
0.9103832314028103,0.999579371159884
0.9103956873905429,0.999579371159884
0.9104081437191293,0.999579371159884
0.9104206003885833,0.999579371159884
0.9104330573989191,0.999579371159884
0.9104455147501506,0.999579371159884
0.9104579724422917,0.999579371159884
0.9104704304753565,0.999579371159884
0.9104828888493589,0.999579371159884
0.910495347564313,0.999579371159884
0.9105078066202329,0.999579371159884
0.9105202660171324,0.999579371159884
0.9105327257550255,0.999579371159884
0.9105451858339263,0.999579371159884
0.9105576462538488,0.999579371159884
0.9105950295598861,0.999579371159884
0.9106074913440353,0.999579371159884
0.910619953469276,0.999579371159884
0.9106324159356225,0.999579371159884
0.9106448787430886,0.999579371159884
0.9106573418916885,0.999579371159884
0.9106698053814359,0.999579371159884
0.9106822692123452,0.999579371159884
0.9106947333844301,0.999579371159884
0.9107071978977047,0.999579371159884
0.9107196627521831,0.999579371159884
0.9107321279478792,0.999579371159884
0.910744593484807,0.999579371159884
0.9107570593629806,0.999579371159884
0.910769525582414,0.999579371159884
0.9107819921431212,0.999579371159884
0.9108069262884129,0.999579371159884
0.9108193938730255,0.999579371159884
0.9108318617989679,0.999579371159884
0.9108443300662542,0.999579371159884
0.9108692676249145,0.999579371159884
0.9108817369163165,0.999579371159884
0.9108805169203811,0.9995643487013085
0.9108929867071885,0.9995643487013085
0.9109054568354188,0.9995643487013085
0.9109179273050859,0.9995643487013085
0.9109303981162039,0.9995643487013085
0.9109428692687869,0.9995643487013085
0.9109553407628488,0.9995643487013085
0.9109678125984036,0.9995643487013085
0.9110052301541663,0.9995643487013085
0.9110177033558333,0.9995643487013085
0.9110301768990635,0.9995643487013085
0.9110426507838707,0.9995643487013085
0.9110551250102692,0.9995643487013085
0.9110675995782729,0.9995643487013085
0.9110800744878957,0.9995643487013085
0.9110925497391519,0.9995643487013085
0.9111050253320553,0.9995643487013085
0.9111175012666201,0.9995643487013085
0.9111299775428603,0.9995643487013085
0.9111424541607899,0.9995643487013085
0.9111549311204229,0.9995643487013085
0.9111674084217734,0.9995643487013085
0.9111798860648553,0.9995643487013085
0.911192364049683,0.9995643487013085
0.9112048423762702,0.9995643487013085
0.911217321044631,0.9995643487013085
0.9112298000547795,0.9995643487013085
0.9112422794067297,0.9995643487013085
0.9112797195135313,0.9995643487013085
0.9112922002328289,0.9995643487013085
0.9113046812939984,0.9995643487013085
0.911317162697054,0.9995643487013085
0.9113296444420095,0.9995643487013085
0.9113546089576771,0.9995643487013085
0.911367091728417,0.9995643487013085
0.9113795748411133,0.9995643487013085
0.9113920582957798,0.9995643487013085
0.9114045420924307,0.9995643487013085
0.9114170262310801,0.9995643487013085
0.9114295107117418,0.9995643487013085
0.9114419955344301,0.9995643487013085
0.9114544806991589,0.9995643487013085
0.9114669662059424,0.9995643487013085
0.9114794520547945,0.9995643487013085
0.9114919382457294,0.9995643487013085
0.911504424778761,0.9995643487013085
0.9115169116539036,0.9995643487013085
0.911529398871171,0.9995643487013085
0.9115418864305774,0.9995643487013085
0.9115793511617711,0.9995643487013085
0.911591840089874,0.9995643487013085
0.9116043293601863,0.9995643487013085
0.9116293089274949,0.9995643487013085
0.9116417992245195,0.9995643487013085
0.9116542898638095,0.9995643487013085
0.9116667808453792,0.9995643487013085
0.9116792721692426,0.9995643487013085
0.9116917638354137,0.9995643487013085
0.9117042558439067,0.9995643487013085
0.9117167481947356,0.9995643487013085
0.9117292408879145,0.9995643487013085
0.9117417339234575,0.9995643487013085
0.9117542273013785,0.9995643487013085
0.9117667210216918,0.9995643487013085
0.9117917094895512,0.9995643487013085
0.9118042042371256,0.9995643487013085
0.911841690534596,0.9995643487013085
0.9118541866520488,0.9995643487013085
0.9118666831120065,0.9995643487013085
0.9118791799144831,0.9995643487013085
0.9118916770594927,0.9995643487013085
0.9119041745470493,0.9995643487013085
0.9119166723771671,0.9995643487013085
0.9119541679230284,0.9995643487013085
0.9119666671235318,0.9995643487013085
0.9119791666666667,0.9995643487013085
0.9119916665524472,0.9995643487013085
0.9120041667808876,0.9995643487013085
0.9120166673520018,0.9995643487013085
0.912029168265804,0.9995643487013085
0.9120416695223083,0.9995643487013085
0.9120541711215286,0.9995643487013085
0.9120666730634792,0.9995643487013085
0.9120791753481742,0.9995643487013085
0.9120916779756275,0.9995643487013085
0.9121041809458533,0.9995643487013085
0.9121166842588658,0.9995643487013085
0.912141691913307,0.9995643487013085
0.9121541962547638,0.9995643487013085
0.9121667009390637,0.9995643487013085
0.9121792059662207,0.9995643487013085
0.9121917113362489,0.9995643487013085
0.9122042170491623,0.9995643487013085
0.9122030133943873,0.9995493262427328
0.9122155196051549,0.9995493262427328
0.9122131125065124,0.9995192813255818
0.9122256193701413,0.9995192813255818
0.9122631420188115,0.9995192813255818
0.912275650254343,0.9995192813255818
0.9122881588328854,0.9995192813255818
0.9123006677544528,0.9995192813255818
0.9123131770190593,0.9995192813255818
0.9123256866267191,0.9995192813255818
0.9123381965774463,0.9995192813255818
0.912363217508159,0.9995192813255818
0.9123757284881728,0.9995192813255818
0.9123882398113105,0.9995192813255818
0.9124007514775859,0.9995192813255818
0.9124132634870136,0.9995192813255818
0.9124508015743497,0.9995192813255818
0.9124633149565265,0.9995192813255818
0.9125008571624494,0.9995192813255818
0.9125133719176015,0.9995192813255818
0.9125258870160328,0.9995192813255818
0.9125384024577573,0.9995192813255818
0.9125509182427891,0.9995192813255818
0.9125634343711425,0.9995192813255818
0.9125759508428315,0.9995192813255818
0.9125884676578702,0.9995192813255818
0.9126009848162728,0.9995192813255818
0.9126135023180534,0.9995192813255818
0.9126260201632261,0.9995192813255818
0.9126385383518051,0.9995192813255818
0.9126510568838045,0.9995192813255818
0.9126635757592384,0.9995192813255818
0.912676094978121,0.9995192813255818
0.9126886145404663,0.9995192813255818
0.9127011344462888,0.9995192813255818
0.9127136546956021,0.9995192813255818
0.9127261752884206,0.9995192813255818
0.9127386962247586,0.9995192813255818
0.91275121750463,0.9995192813255818
0.912763739128049,0.9995192813255818
0.9127762610950297,0.9995192813255818
0.9127887834055863,0.9995192813255818
0.912801306059733,0.9995192813255818
0.9128138290574839,0.9995192813255818
0.912826352398853,0.9995192813255818
0.9128639244848119,0.9995192813255818
0.9128764492007958,0.9995192813255818
0.9128889742604687,0.9995192813255818
0.9129014996638448,0.9995192813255818
0.9129140254109382,0.9995192813255818
0.9129265515017632,0.9995192813255818
0.9129390779363337,0.9995192813255818
0.9129516047146641,0.9995192813255818
0.9129641318367683,0.9995192813255818
0.9129891871123552,0.9995192813255818
0.9130142437632077,0.9995192813255818
0.9130267726043939,0.9995192813255818
0.913039301789439,0.9995192813255818
0.9130643611911623,0.9995192813255818
0.913076891407869,0.9995192813255818
0.913089421968491,0.9995192813255818
0.9131019528730426,0.9995192813255818
0.9131007602997283,0.9995042588670062
0.9131132917038358,0.9995042588670062
0.913138355543966,0.9995042588670062
0.9131634207600774,0.9995042588670062
0.9131759538841614,0.9995042588670062
0.9131884873522832,0.9995042588670062
0.9132010211644569,0.9995042588670062
0.9132260898210168,0.9995042588670062
0.9132386246654314,0.9995042588670062
0.9132374337716529,0.9994892364084306
0.913249969115891,0.9994892364084306
0.9132625048042607,0.9994892364084306
0.9132750408367765,0.9994892364084306
0.9132875772134523,0.9994892364084306
0.9133001139343024,0.9994892364084306
0.9133126509993411,0.9994892364084306
0.9133251884085823,0.9994892364084306
0.9133377261620405,0.9994892364084306
0.9133502642597295,0.9994892364084306
0.9133628027016638,0.9994892364084306
0.9133753414878575,0.9994892364084306
0.9133878806183245,0.9994892364084306
0.9133866915610713,0.999474213949855
0.9133992311916529,0.999474213949855
0.913424311485763,0.999474213949855
0.9134368521493197,0.999474213949855
0.91344939315723,0.999474213949855
0.9134619345095077,0.999474213949855
0.9134744762061674,0.999474213949855
0.9134870182472231,0.999474213949855
0.9134995606326889,0.999474213949855
0.9135121033625792,0.999474213949855
0.9135246464369079,0.999474213949855
0.9135371898556893,0.999474213949855
0.9135497336189378,0.999474213949855
0.9135622777266673,0.999474213949855
0.9135610908192129,0.9994591914912795
0.9135736354273944,0.9994591914912795
0.9135861803800944,0.9994591914912795
0.9135987256773273,0.9994591914912795
0.9136112713191069,0.9994591914912795
0.9136238173054476,0.9994591914912795
0.9136363636363637,0.9994591914912795
0.9136489103118691,0.9994591914912795
0.9136614573319783,0.9994591914912795
0.9136740046967055,0.9994591914912795
0.9136865524060646,0.9994591914912795
0.9136991004600701,0.9994591914912795
0.9137492961228386,0.9994591914912795
0.9137618459002884,0.9994591914912795
0.9137743960224698,0.9994591914912795
0.9137869464893967,0.9994591914912795
0.9137994973010837,0.9994591914912795
0.9138120484575447,0.9994591914912795
0.9138245999587941,0.9994591914912795
0.9138371518048459,0.9994591914912795
0.9138497039957144,0.9994591914912795
0.9138873626373626,0.9994591914912795
0.9139124701228055,0.9994591914912795
0.9139250243828729,0.9994591914912795
0.9139375789878564,0.9994591914912795
0.9139501339377705,0.9994591914912795
0.9139489518366898,0.9994441690327039
0.9139615072877887,0.9994441690327039
0.9139740630838553,0.9994441690327039
0.9139866192249042,0.9994441690327039
0.9140242897180854,0.9994441690327039
0.9140368472392048,0.9994441690327039
0.9140494051053774,0.9994441690327039
0.9140619633166175,0.9994441690327039
0.9140745218729391,0.9994441690327039
0.9140870807743566,0.9994441690327039
0.9140996400208843,0.9994441690327039
0.9141121996125362,0.9994441690327039
0.9141247595493267,0.9994441690327039
0.91413731983127,0.9994441690327039
0.9141498804583803,0.9994441690327039
0.9141624414306718,0.9994441690327039
0.9141750027481588,0.9994441690327039
0.9142126887719346,0.9994441690327039
0.9142252514703457,0.9994441690327039
0.9142378145140234,0.9994441690327039
0.914250377902982,0.9994441690327039
0.9142629416372356,0.9994441690327039
0.9142755057167986,0.9994441690327039
0.9142880701416851,0.9994441690327039
0.9143006349119094,0.9994441690327039
0.9143132000274857,0.9994441690327039
0.9143257654884284,0.9994441690327039
0.9143383312947515,0.9994441690327039
0.9143508974464694,0.9994441690327039
0.9143634639435961,0.9994441690327039
0.9143760307861463,0.9994441690327039
0.9143885979741337,0.9994441690327039
0.914401165507573,0.9994441690327039
0.9144137333864782,0.9994441690327039
0.9144514390961321,0.9994441690327039
0.9144640083570437,0.9994441690327039
0.9144891479154925,0.9994441690327039
0.9145017182130584,0.9994441690327039
0.9145142888562042,0.9994441690327039
0.9145268598449442,0.9994441690327039
0.9145520028592637,0.9994441690327039
0.9145645748848719,0.9994441690327039
0.914577147256131,0.9994441690327039
0.9145897199730558,0.9994441690327039
0.9146022930356603,0.9994441690327039
0.9146148664439587,0.9994441690327039
0.9146274401979654,0.9994441690327039
0.9146400142976945,0.9994441690327039
0.9146651635343773,0.9994441690327039
0.9146777386713595,0.9994441690327039
0.9146903141541212,0.9994441690327039
0.9147154661570401,0.9994441690327039
0.914728042677226,0.9994441690327039
0.9147406195432484,0.9994441690327039
0.9147531967551217,0.9994441690327039
0.9147657743128601,0.9994441690327039
0.9147783522164779,0.9994441690327039
0.9148035090614086,0.9994441690327039
0.91481608800275,0.9994441690327039
0.9148286672900281,0.9994441690327039
0.9148412469232567,0.9994441690327039
0.9148915689159642,0.9994441690327039
0.9149041502791606,0.9994441690327039
0.9149167319883934,0.9994441690327039
0.9149293140436767,0.9994441690327039
0.9150551536324375,0.9994441690327039
0.9150803257042254,0.9994441690327039
0.9150929122594667,0.9994441690327039
0.915130674002751,0.9994441690327039
0.9151432619430804,0.9994441690327039
0.9151558502297175,0.9994441690327039
0.9151684388626766,0.9994441690327039
0.9151936171676182,0.9994441690327039
0.9152062068396292,0.9994441690327039
0.9152187968580193,0.9994441690327039
0.9152313872228031,0.9994441690327039
0.9152439779339946,0.9994441690327039
0.9152565689916082,0.9994441690327039
0.9152691603956582,0.9994441690327039
0.9152817521461589,0.9994441690327039
0.9152943442431246,0.9994441690327039
0.9153069366865696,0.9994441690327039
0.9153195294765082,0.9994441690327039
0.9153321226129547,0.9994441690327039
0.9153699041014846,0.9994441690327039
0.9153824986241057,0.9994441690327039
0.9154076887091004,0.9994441690327039
0.9154202842715027,0.9994441690327039
0.9154328801805273,0.9994441690327039
0.9154454764361886,0.9994441690327039
0.9154580730385007,0.9994441690327039
0.9154706699874782,0.9994441690327039
0.9154832672831352,0.9994441690327039
0.9154958649254861,0.9994441690327039
0.9155084629145452,0.9994441690327039
0.9155210612503268,0.9994441690327039
0.9155336599328453,0.9994441690327039
0.9155462589621148,0.9994441690327039
0.9155588583381499,0.9994441690327039
0.9155714580609647,0.9994441690327039
0.9155840581305736,0.9994441690327039
0.9155966585469909,0.9994441690327039
0.915609259310231,0.9994441690327039
0.915621860420308,0.9994441690327039
0.9156344618772364,0.9994441690327039
0.9156470636810305,0.9994441690327039
0.9156596658317047,0.9994441690327039
0.9156722683292732,0.9994441690327039
0.9156848711737503,0.9994441690327039
0.9156974743651504,0.9994441690327039
0.9157100779034878,0.9994441690327039
0.9157226817887768,0.9994441690327039
0.9157352860210317,0.9994441690327039
0.9157478906002671,0.9994441690327039
0.9157604955264969,0.9994441690327039
0.9157731007997357,0.9994441690327039
0.9157857064199978,0.9994441690327039
0.9157983123872975,0.9994441690327039
0.9158109187016491,0.9994441690327039
0.9158361323715655,0.9994441690327039
0.9158487397271589,0.9994441690327039
0.9158613474298615,0.9994441690327039
0.9158739554796878,0.9994441690327039
0.915886563876652,0.9994441690327039
0.9158991726207685,0.9994441690327039
0.9159117817120516,0.9994441690327039
0.9159243911505156,0.9994441690327039
0.9159370009361749,0.9994441690327039
0.9159496110690438,0.9994441690327039
0.915974832376468,0.9994441690327039
0.9159874435510519,0.9994441690327039
0.916012666942035,0.9994441690327039
0.9160378917222008,0.9994441690327039
0.9160505046332631,0.9994441690327039
0.9160631178916642,0.9994441690327039
0.9160883454505397,0.9994441690327039
0.9161009597510431,0.9994441690327039
0.9161135743989425,0.9994441690327039
0.9161261893942524,0.9994441690327039
0.9161388047369871,0.9994441690327039
0.9161514204271609,0.9994441690327039
0.9161640364647884,0.9994441690327039
0.9161766528498836,0.9994441690327039
0.9161892695824612,0.9994441690327039
0.9162018866625353,0.9994441690327039
0.9162145040901204,0.9994441690327039
0.9162649772758573,0.9994441690327039
0.9162775964412125,0.9994441690327039
0.9162902159541648,0.9994441690327039
0.9163028358147286,0.9994441690327039
0.916328076578748,0.9994441690327039
0.9163406974822323,0.9994441690327039
0.9163533187333857,0.9994441690327039
0.9163659403322223,0.9994441690327039
0.9163785622787565,0.9994441690327039
0.9163911845730027,0.9994441690327039
0.9164164302046889,0.9994441690327039
0.9164290535421574,0.9994441690327039
0.9164416772273954,0.9994441690327039
0.9164543012604174,0.9994441690327039
0.9164669256412376,0.9994441690327039
0.9164795503698704,0.9994441690327039
0.9164783998236721,0.9994291465741283
0.9164910250582028,0.9994291465741283
0.9165036506405841,0.9994291465741283
0.9165162765708303,0.9994291465741283
0.916554156448902,0.9994291465741283
0.9165667837707515,0.9994291465741283
0.9165920394582754,0.9994291465741283
0.9166046678239784,0.9994291465741283
0.9166172965376613,0.9994291465741283
0.9166299255993386,0.9994291465741283
0.9166425550090247,0.9994291465741283
0.9166551847667337,0.9994291465741283
0.9166678148724803,0.9994291465741283
0.9166804453262787,0.9994291465741283
0.9166930761281433,0.9994291465741283
0.9167057072780885,0.9994291465741283
0.9167183387761288,0.9994291465741283
0.9167309706222786,0.9994291465741283
0.9167436028165521,0.9994291465741283
0.9167562353589638,0.9994291465741283
0.9167688682495281,0.9994291465741283
0.9167815014882593,0.9994291465741283
0.9167941350751719,0.9994291465741283
0.9168067690102802,0.9994291465741283
0.9168194032935988,0.9994291465741283
0.9168320379251419,0.9994291465741283
0.916844672904924,0.9994291465741283
0.9168573082329594,0.9994291465741283
0.9168699439092626,0.9994291465741283
0.9168825799338478,0.9994291465741283
0.9168952163067297,0.9994291465741283
0.9169078530279224,0.9994291465741283
0.9169204900974406,0.9994291465741283
0.9169331275152985,0.9994291465741283
0.9169457652815106,0.9994291465741283
0.9169584033960911,0.9994291465741283
0.9169710418590548,0.9994291465741283
0.9169836806704157,0.9994291465741283
0.9170089593383873,0.9994291465741283
0.9170468799536852,0.9994291465741283
0.917059520855733,0.9994291465741283
0.9170848037053374,0.9994291465741283
0.9170974456529231,0.9994291465741283
0.9171100879490502,0.9994291465741283
0.9171227305937332,0.9994291465741283
0.9171480169288245,0.9994291465741283
0.9171606606192616,0.9994291465741283
0.9171595185905125,0.9994141241155527
0.9171721627881327,0.9994141241155527
0.9171848073343903,0.9994141241155527
0.9171974522292994,0.9994141241155527
0.9172100974728744,0.9994141241155527
0.9172227430651299,0.9994141241155527
0.9172353890060801,0.9994141241155527
0.9172480352957397,0.9994141241155527
0.9172606819341229,0.9994141241155527
0.9172733289212442,0.9994141241155527
0.917285976257118,0.9994141241155527
0.9173112719751809,0.9994141241155527
0.917323920357399,0.9994141241155527
0.9173365690884271,0.9994141241155527
0.91734921816828,0.9994141241155527
0.9173618675969719,0.9994141241155527
0.9173745173745174,0.9994141241155527
0.9173871675009307,0.9994141241155527
0.9173998179762266,0.9994141241155527
0.9174124688004193,0.9994141241155527
0.917425119973523,0.9994141241155527
0.9174377714955526,0.9994141241155527
0.9174504233665223,0.9994141241155527
0.9174630755864466,0.9994141241155527
0.9174757281553398,0.9994141241155527
0.9174883810732165,0.9994141241155527
0.917501034340091,0.9994141241155527
0.9175136879559779,0.9994141241155527
0.9175389962348462,0.9994141241155527
0.9175516508978567,0.9994141241155527
0.9175643059099372,0.9994141241155527
0.9175769612711023,0.9994141241155527
0.9175896169813663,0.9994141241155527
0.9175884803177843,0.9993991016569772
0.9176011365360478,0.9993991016569772
0.9176137931034483,0.9993991016569772
0.9176264500200003,0.9993991016569772
0.9176391072857182,0.9993991016569772
0.9176517649006166,0.9993991016569772
0.9176644228647097,0.9993991016569772
0.9176770811780123,0.9993991016569772
0.9176897398405385,0.9993991016569772
0.917702398852303,0.9993991016569772
0.9177150582133201,0.9993991016569772
0.9177277179236043,0.9993991016569772
0.9177403779831701,0.9993991016569772
0.9177530383920319,0.9993991016569772
0.9177656991502041,0.9993991016569772
0.9177783602577014,0.9993991016569772
0.917791021714538,0.9993991016569772
0.9178036835207284,0.9993991016569772
0.9178163456762872,0.9993991016569772
0.9178290081812287,0.9993991016569772
0.9178416710355675,0.9993991016569772
0.9178543342393178,0.9993991016569772
0.9179049905487258,0.9993991016569772
0.9179176554997517,0.9993991016569772
0.9179303208002759,0.9993991016569772
0.9179429864503132,0.9993991016569772
0.9179556524498779,0.9993991016569772
0.9179683187989844,0.9993991016569772
0.9179809854976473,0.9993991016569772
0.9179936525458811,0.9993991016569772
0.9180063199437001,0.9993991016569772
0.9180189876911189,0.9993991016569772
0.9180316557881518,0.9993991016569772
0.9180443242348135,0.9993991016569772
0.9180569930311184,0.9993991016569772
0.9180696621770811,0.9993991016569772
0.9180823316727157,0.9993991016569772
0.918095001518037,0.9993991016569772
0.9181076717130594,0.9993991016569772
0.9181203422577974,0.9993991016569772
0.9181330131522654,0.9993991016569772
0.9181456843964779,0.9993991016569772
0.918196372871063,0.9993991016569772
0.9182090458642154,0.9993991016569772
0.9182217192071992,0.9993991016569772
0.918234392900029,0.9993991016569772
0.9182470669427191,0.9993991016569772
0.9182597413352841,0.9993991016569772
0.9182724160777385,0.9993991016569772
0.9182850911700967,0.9993991016569772
0.9182977666123734,0.9993991016569772
0.9183104424045828,0.9993991016569772
0.9183231185467395,0.9993991016569772
0.9183357950388581,0.9993991016569772
0.918348471880953,0.9993991016569772
0.9183611490730388,0.9993991016569772
0.9183738266151298,0.9993991016569772
0.9183865045072406,0.9993991016569772
0.9183991827493857,0.9993991016569772
0.9184118613415796,0.9993991016569772
0.9184245402838368,0.9993991016569772
0.9184372195761717,0.9993991016569772
0.918449899218599,0.9993991016569772
0.9184625792111331,0.9993991016569772
0.9184752595537884,0.9993991016569772
0.9184879402465795,0.9993991016569772
0.9185006212895209,0.9993991016569772
0.918538666519392,0.9993991016569772
0.9185513489630796,0.9993991016569772
0.91856403175699,0.9993991016569772
0.9185767149011378,0.9993991016569772
0.9185893983955373,0.9993991016569772
0.9186020822402032,0.9993991016569772
0.91861476643515,0.9993991016569772
0.9186274509803921,0.9993991016569772
0.9186401358759442,0.9993991016569772
0.9186528211218206,0.9993991016569772
0.9186655067180358,0.9993991016569772
0.9186781926646045,0.9993991016569772
0.9186908789615411,0.9993991016569772
0.9187035656088601,0.9993991016569772
0.9187289399547036,0.9993991016569772
0.9187416276532571,0.9993991016569772
0.9187543157022511,0.9993991016569772
0.9187670041017001,0.9993991016569772
0.9187796928516186,0.9993991016569772
0.9187923819520212,0.9993991016569772
0.9188050714029224,0.9993991016569772
0.9188177612043367,0.9993991016569772
0.9188431418587628,0.9993991016569772
0.9188558327118035,0.9993991016569772
0.9188685239154155,0.9993991016569772
0.9188939073744112,0.9993991016569772
0.918906599629824,0.9993991016569772
0.9189192922358661,0.9993991016569772
0.918931985192552,0.9993991016569772
0.9189446784998964,0.9993991016569772
0.9189573721579136,0.9993991016569772
0.9189954552361481,0.9993991016569772
0.9190081502970023,0.9993991016569772
0.9190208457086021,0.9993991016569772
0.9190335414709621,0.9993991016569772
0.9190462375840965,0.9993991016569772
0.9190589340480203,0.9993991016569772
0.9190970255446721,0.9993991016569772
0.919109723411898,0.9993991016569772
0.9191351201989499,0.9993991016569772
0.9191478191188052,0.9993991016569772
0.9192113189819549,0.9993991016569772
0.9192621251899958,0.9993991016569772
0.9192748276195608,0.9993991016569772
0.9192875304001769,0.9993991016569772
0.9192864150786961,0.9993840791984017
0.9192991183705055,0.9993840791984017
0.9193118220134042,0.9993840791984017
0.919324526007407,0.9993840791984017
0.9193372303525282,0.9993840791984017
0.9193499350487825,0.9993840791984017
0.9193626400961844,0.9993840791984017
0.9193753454947485,0.9993840791984017
0.9193880512444893,0.9993840791984017
0.9194134637975593,0.9993840791984017
0.919438877755511,0.9993840791984017
0.919451585261354,0.9993840791984017
0.9194770013268465,0.9993840791984017
0.9194897098865255,0.9993840791984017
0.919502418797512,0.9993840791984017
0.9195151280598212,0.9993840791984017
0.9195278376734671,0.9993840791984017
0.9195405476384646,0.9993840791984017
0.9195659686225724,0.9993840791984017
0.9195786796417118,0.9993840791984017
0.9195913910122611,0.9993840791984017
0.9196041027342347,0.9993840791984017
0.9196295272325131,0.9993840791984017
0.9196422400088472,0.9993840791984017
0.919654953136664,0.9993840791984017
0.919667666615978,0.9993840791984017
0.9196803804468038,0.9993840791984017
0.9197312392855168,0.9993840791984017
0.9197439548741204,0.9993840791984017
0.91976938710614,0.9993840791984017
0.9197821037495852,0.9993840791984017
0.9197948207446734,0.9993840791984017
0.9197937118048835,0.999369056739826
0.9198064293121327,0.999369056739826
0.919857302858091,0.999369056739826
0.9198700221238938,0.999369056739826
0.9198954617107774,0.999369056739826
0.9198943540246415,0.9993540342812505
0.9199070745063334,0.9993540342812505
0.9199197953398327,0.9993540342812505
0.9199325165251542,0.9993540342812505
0.9199452380623124,0.9993540342812505
0.919957959951322,0.9993540342812505
0.9199706821921976,0.9993540342812505
0.9200342986750754,0.9993540342812505
0.9200470230274531,0.9993540342812505
0.9200724727881278,0.9993540342812505
0.9200851981964537,0.9993540342812505
0.9200979239567918,0.9993540342812505
0.9201106500691563,0.9993540342812505
0.920123376533562,0.9993540342812505
0.9201361033500235,0.9993540342812505
0.9201488305185554,0.9993540342812505
0.9201615580391723,0.9993540342812505
0.9201742859118888,0.9993540342812505
0.9201870141367195,0.9993540342812505
0.9201997427136791,0.9993540342812505
0.9202124716427821,0.9993540342812505
0.9202252009240431,0.9993540342812505
0.9202379305574768,0.9993540342812505
0.9202633908809208,0.9993540342812505
0.9202761215709602,0.9993540342812505
0.9202888526132308,0.9993540342812505
0.9203015840077471,0.9993540342812505
0.9203143157545238,0.9993540342812505
0.9203270478535756,0.9993540342812505
0.9203397803049168,0.9993540342812505
0.9203525131085624,0.9993540342812505
0.9203652462645269,0.9993540342812505
0.9203779797728248,0.9993540342812505
0.9203907136334708,0.9993540342812505
0.9204034478464795,0.9993540342812505
0.9204161824118656,0.9993540342812505
0.9204289173296437,0.9993540342812505
0.9204671241974762,0.9993540342812505
0.9204798605249686,0.9993540342812505
0.9204925972049259,0.9993540342812505
0.9205053342373631,0.9993540342812505
0.9205180716222948,0.9993540342812505
0.9205308093597354,0.9993540342812505
0.9205435474496997,0.9993540342812505
0.9205562858922023,0.9993540342812505
0.9205690246872579,0.9993540342812505
0.9205817638348809,0.9993540342812505
0.9205945033350862,0.9993540342812505
0.9206072431878883,0.9993540342812505
0.920619983393302,0.9993540342812505
0.9206327239513417,0.9993540342812505
0.9206454648620221,0.9993540342812505
0.9206582061253581,0.9993540342812505
0.920670947741364,0.9993540342812505
0.9206836897100547,0.9993540342812505
0.9206964320314446,0.9993540342812505
0.9207091747055486,0.9993540342812505
0.9207219177323811,0.9993540342812505
0.9207346611119569,0.9993540342812505
0.9207474048442906,0.9993540342812505
0.920760148929397,0.9993540342812505
0.9207728933672904,0.9993540342812505
0.9207856381579858,0.9993540342812505
0.9207983833014977,0.9993540342812505
0.9208111287978407,0.9993540342812505
0.9208238746470295,0.9993540342812505
0.9208366208490788,0.9993540342812505
0.9208493674040032,0.9993540342812505
0.9208621143118174,0.9993540342812505
0.920874861572536,0.9993540342812505
0.9208876091861736,0.9993540342812505
0.9209003571527451,0.9993540342812505
0.9209131054722649,0.9993540342812505
0.9209258541447478,0.9993540342812505
0.9209386031702084,0.9993540342812505
0.9209513525486613,0.9993540342812505
0.9209641022801213,0.9993540342812505
0.9209768523646029,0.9993540342812505
0.9209896028021209,0.9993540342812505
0.92100235359269,0.9993540342812505
0.9210151047363248,0.9993540342812505
0.9210278562330398,0.9993540342812505
0.9210406080828499,0.9993540342812505
0.9210533602857697,0.9993540342812505
0.9210661128418137,0.9993540342812505
0.9210788657509968,0.9993540342812505
0.9211043726288388,0.9993540342812505
0.921117126597527,0.9993540342812505
0.921129880919413,0.9993540342812505
0.9211426355945111,0.9993540342812505
0.9211553906228365,0.9993540342812505
0.9211681460044034,0.9993540342812505
0.9211809017392267,0.9993540342812505
0.9211936578273212,0.9993540342812505
0.9212064142687013,0.9993540342812505
0.9212191710633819,0.9993540342812505
0.9212319282113776,0.9993540342812505
0.921244685712703,0.9993540342812505
0.921270201775402,0.9993540342812505
0.9212829603368048,0.9993540342812505
0.9212957192515961,0.9993540342812505
0.921321238141403,0.9993540342812505
0.9213339981164479,0.9993540342812505
0.92134675844494,0.9993540342812505
0.921359519126894,0.9993540342812505
0.9213722801623246,0.9993540342812505
0.9213978032936744,0.9993540342812505
0.921410565389623,0.9993540342812505
0.9214233278391069,0.9993540342812505
0.9214360906421408,0.9993540342812505
0.9214488537987395,0.9993540342812505
0.9214616173089176,0.9993540342812505
0.9214999099610754,0.9993540342812505
0.9215126748857182,0.9993540342812505
0.9215254401640139,0.9993540342812505
0.9215382057959771,0.9993540342812505
0.9215509717816227,0.9993540342812505
0.9215637381209653,0.9993540342812505
0.9215765048140195,0.9993540342812505
0.9215892718608002,0.9993540342812505
0.9215881855838632,0.9993390118226749
0.9216137210623294,0.9993390118226749
0.921626489332225,0.9993390118226749
0.9216392579559152,0.9993390118226749
0.9216520269334146,0.9993390118226749
0.9216647962647381,0.9993390118226749
0.9216775659499002,0.9993390118226749
0.9216903359889158,0.9993390118226749
0.9217031063817995,0.9993390118226749
0.9217158771285661,0.9993390118226749
0.9217286482292302,0.9993390118226749
0.9217541914923099,0.9993390118226749
0.9217669636547549,0.9993390118226749
0.9217797361711562,0.9993390118226749
0.9217925090415287,0.9993390118226749
0.9218180558442458,0.9993390118226749
0.9218308297766199,0.9993390118226749
0.921869153697981,0.9993390118226749
0.9218819290465632,0.9993390118226749
0.9218947047492343,0.9993390118226749
0.921907480806009,0.9993390118226749
0.9219202572169021,0.9993390118226749
0.921933033981928,0.9993390118226749
0.9219458111011017,0.9993390118226749
0.921958588574438,0.9993390118226749
0.9219713664019514,0.9993390118226749
0.9219841445836567,0.9993390118226749
0.9219969231195687,0.9993390118226749
0.9219947608421462,0.9993089669055237
0.9220075400565504,0.9993089669055237
0.9220203196252097,0.9993089669055237
0.9220330995481385,0.9993089669055237
0.9220458798253517,0.9993089669055237
0.922058660456864,0.9993089669055237
0.9220714414426903,0.9993089669055237
0.922084222782845,0.9993089669055237
0.922097004477343,0.9993089669055237
0.922109786526199,0.9993089669055237
0.9221225689294279,0.9993089669055237
0.9221353516870443,0.9993089669055237
0.9221481347990629,0.9993089669055237
0.9221609182654985,0.9993089669055237
0.9221737020863658,0.9993089669055237
0.9221864862616796,0.9993089669055237
0.9221992707914547,0.9993089669055237
0.9222120556757056,0.9993089669055237
0.9222248409144473,0.9993089669055237
0.9222376265076945,0.9993089669055237
0.9222504124554617,0.9993089669055237
0.922263198757764,0.9993089669055237
0.9222759854146159,0.9993089669055237
0.9222887724260322,0.9993089669055237
0.9223143475126172,0.9993089669055237
0.9223271355878152,0.9993089669055237
0.9223399240176368,0.9993089669055237
0.9223527128020965,0.9993089669055237
0.9223655019412091,0.9993089669055237
0.9223910812834522,0.9993089669055237
0.9224038714866121,0.9993089669055237
0.9224166620444839,0.9993089669055237
0.9224294529570825,0.9993089669055237
0.9224678278233859,0.9993089669055237
0.9224806201550387,0.9993089669055237
0.9224934128414921,0.9993089669055237
0.9225062058827608,0.9993089669055237
0.9225189992788595,0.9993089669055237
0.9225317930298029,0.9993089669055237
0.9225445871356059,0.9993089669055237
0.9225829715823197,0.9993089669055237
0.9225957671077085,0.9993089669055237
0.9226085629880307,0.9993089669055237
0.922621359223301,0.9993089669055237
0.9226341558135341,0.9993089669055237
0.9226469527587451,0.9993089669055237
0.9226597500589484,0.9993089669055237
0.9226725477141589,0.9993089669055237
0.9227109428099816,0.9993089669055237
0.9227365413158369,0.9993089669055237
0.922749341101401,0.9993089669055237
0.9227621412420758,0.9993089669055237
0.9227749417378759,0.9993089669055237
0.9227877425888162,0.9993089669055237
0.9228005437949116,0.9993089669055237
0.9228133453561768,0.9993089669055237
0.9228261472726264,0.9993089669055237
0.9228389495442754,0.9993089669055237
0.9228517521711385,0.9993089669055237
0.9228645551532304,0.9993089669055237
0.9228773584905661,0.9993089669055237
0.9228901621831601,0.9993089669055237
0.9229029662310275,0.9993089669055237
0.9229157706341828,0.9993089669055237
0.9229285753926411,0.9993089669055237
0.9229413805064169,0.9993089669055237
0.9229541859755251,0.9993089669055237
0.922979797979798,0.9993089669055237
0.9229926045149922,0.9993089669055237
0.9230054114055779,0.9993089669055237
0.9230182186515701,0.9993089669055237
0.9230310262529833,0.9993089669055237
0.9230438342098325,0.9993089669055237
0.9230566425221325,0.9993089669055237
0.9230950695918849,0.9993089669055237
0.9231078793261358,0.9993089669055237
0.9231206894159115,0.9993089669055237
0.9231334998612267,0.9993089669055237
0.9231463106620963,0.9993089669055237
0.9231591218185351,0.9993089669055237
0.9231719333305578,0.9993089669055237
0.9231847451981792,0.9993089669055237
0.9231975574214142,0.9993089669055237
0.9232103700002776,0.9993089669055237
0.9232231829347841,0.9993089669055237
0.9232616238723109,0.9993089669055237
0.9232744382295383,0.9993089669055237
0.9232872529424828,0.9993089669055237
0.9233000680111594,0.9993089669055237
0.9233256992157679,0.9993089669055237
0.9233385153517295,0.9993089669055237
0.9233513318434824,0.9993089669055237
0.9233641486910413,0.9993089669055237
0.9233769658944212,0.9993089669055237
0.9233897834536369,0.9993089669055237
0.9234026013687031,0.9993089669055237
0.9234154196396346,0.9993089669055237
0.9234282382664464,0.9993089669055237
0.9234410572491532,0.9993089669055237
0.9234538765877698,0.9993089669055237
0.9234666962823112,0.9993089669055237
0.923492336739227,0.9993089669055237
0.9235051575016312,0.9993089669055237
0.9235179786200194,0.9993089669055237
0.923543621924807,0.9993089669055237
0.923556444111236,0.9993089669055237
0.9235692666537084,0.9993089669055237
0.9236077364175332,0.9993089669055237
0.923620560384327,0.9993089669055237
0.9236333847072382,0.9993089669055237
0.9236462093862816,0.9993089669055237
0.9236590344214721,0.9993089669055237
0.9236846855603538,0.9993089669055237
0.9236975116640747,0.9993089669055237
0.9237103381240019,0.9993089669055237
0.9237231649401505,0.9993089669055237
0.9237359921125352,0.9993089669055237
0.923748819641171,0.9993089669055237
0.9237616475260724,0.9993089669055237
0.9237744757672546,0.9993089669055237
0.9238001333185202,0.9993089669055237
0.9238129626286333,0.9993089669055237
0.9238257922950865,0.9993089669055237
0.9238386223178946,0.9993089669055237
0.9238514526970724,0.9993089669055237
0.9238642834326347,0.9993089669055237
0.9238899459729726,0.9993089669055237
0.9239027777777777,0.9993089669055237
0.9239156099390269,0.9993089669055237
0.9239145531820329,0.9992939444469482
0.9239273858632998,0.9992939444469482
0.92394021890105,0.9992939444469482
0.9239530522952983,0.9992939444469482
0.9239658860460594,0.9992939444469482
0.9239787201533483,0.9992939444469482
0.9239915546171796,0.9992939444469482
0.9240043894375686,0.9992939444469482
0.9240172246145298,0.9992939444469482
0.9240300601480782,0.9992939444469482
0.9240428960382286,0.9992939444469482
0.9240557322849959,0.9992939444469482
0.924068568888395,0.9992939444469482
0.9240814058484407,0.9992939444469482
0.9240942431651478,0.9992939444469482
0.9241070808385313,0.9992939444469482
0.924119918868606,0.9992939444469482
0.9241327572553868,0.9992939444469482
0.9241455959988886,0.9992939444469482
0.9241584350991261,0.9992939444469482
0.9241712745561144,0.9992939444469482
0.9241841143698681,0.9992939444469482
0.9241969545404024,0.9992939444469482
0.9242097950677318,0.9992939444469482
0.9242226359518715,0.9992939444469482
0.9242483187906408,0.9992939444469482
0.9242740030568293,0.9992939444469482
0.9242868457252428,0.9992939444469482
0.9242996887505558,0.9992939444469482
0.9243125321327831,0.9992939444469482
0.9243253758719395,0.9992939444469482
0.92433821996804,0.9992939444469482
0.9243510644210995,0.9992939444469482
0.9243639092311327,0.9992939444469482
0.9243767543981546,0.9992939444469482
0.9243895999221801,0.9992939444469482
0.9244024458032241,0.9992939444469482
0.9244281386364268,0.9992939444469482
0.9244409855886154,0.9992939444469482
0.9244538328978821,0.9992939444469482
0.9244666805642415,0.9992939444469482
0.9244795285877088,0.9992939444469482
0.9244923769682988,0.9992939444469482
0.9245052257060262,0.9992939444469482
0.9245180748009062,0.9992939444469482
0.9245309242529535,0.9992939444469482
0.9245437740621829,0.9992939444469482
0.9245566242286095,0.9992939444469482
0.9245694747522482,0.9992939444469482
0.9245823256331137,0.9992939444469482
0.9245951768712211,0.9992939444469482
0.9246080284665851,0.9992939444469482
0.9246208804192207,0.9992939444469482
0.924633732729143,0.9992939444469482
0.9246465853963665,0.9992939444469482
0.9246979996385727,0.9992939444469482
0.9247108540925267,0.9992939444469482
0.9247365640726222,0.9992939444469482
0.9247494195987933,0.9992939444469482
0.9247622754824001,0.9992939444469482
0.9247612295116153,0.9992789219883726
0.9247740859168636,0.9992789219883726
0.9247869426795868,0.9992789219883726
0.9247997997997998,0.9992789219883726
0.9248255151127548,0.9992789219883726
0.9248383733055265,0.9992789219883726
0.9248512318558478,0.9992789219883726
0.9248640907637334,0.9992789219883726
0.9248769500291983,0.9992789219883726
0.9248898096522573,0.9992789219883726
0.9249026696329254,0.9992789219883726
0.9249155299712176,0.9992789219883726
0.9249283906671487,0.9992789219883726
0.9249412517207336,0.9992789219883726
0.9249541131319873,0.9992789219883726
0.9249669749009247,0.9992789219883726
0.9249798370275607,0.9992789219883726
0.9249926995119102,0.9992789219883726
0.9250055623539882,0.9992789219883726
0.9250184255538095,0.9992789219883726
0.9250312891113892,0.9992789219883726
0.9250441530267421,0.9992789219883726
0.9250570172998832,0.9992789219883726
0.9250698819308273,0.9992789219883726
0.9250827469195895,0.9992789219883726
0.9251084779706275,0.9992789219883726
0.9251213440329332,0.9992789219883726
0.9251342104531167,0.9992789219883726
0.9251470772311929,0.9992789219883726
0.9251599443671766,0.9992789219883726
0.9251728118610829,0.9992789219883726
0.9251856797129266,0.9992789219883726
0.9251985479227228,0.9992789219883726
0.9252114164904862,0.9992789219883726
0.925224285416232,0.9992789219883726
0.9252371546999749,0.9992789219883726
0.9252628943415123,0.9992789219883726
0.9252757646993365,0.9992789219883726
0.9252886354152177,0.9992789219883726
0.9253015064891708,0.9992789219883726
0.9253143779212107,0.9992789219883726
0.9253272497113525,0.9992789219883726
0.925340121859611,0.9992789219883726
0.9253529943660013,0.9992789219883726
0.9253787404532365,0.9992789219883726
0.9253916140341114,0.9992789219883726
0.9254044879731779,0.9992789219883726
0.9254173622704508,0.9992789219883726
0.925430236925945,0.9992789219883726
0.9254431119396755,0.9992789219883726
0.9254559873116575,0.9992789219883726
0.9254688630419055,0.9992789219883726
0.9254817391304347,0.9992789219883726
0.9254946155772602,0.9992789219883726
0.9255203695458593,0.9992789219883726
0.9255461249478224,0.9992789219883726
0.925559003186353,0.9992789219883726
0.9255847607385865,0.9992789219883726
0.9255976400523196,0.9992789219883726
0.9256105197244834,0.9992789219883726
0.925623399755093,0.9992789219883726
0.9256491608917091,0.9992789219883726
0.9256620419977456,0.9992789219883726
0.9256749234622877,0.9992789219883726
0.9257006874669487,0.9992789219883726
0.9257135700070974,0.9992789219883726
0.9257264529058116,0.9992789219883726
0.9257393361631062,0.9992789219883726
0.9257651037534967,0.9992789219883726
0.9257779880866225,0.9992789219883726
0.9257908727783886,0.9992789219883726
0.92580375782881,0.9992789219883726
0.9258166432379017,0.9992789219883726
0.9258156107337713,0.999263899529797
0.9258284966665274,0.999263899529797
0.9258413829579935,0.999263899529797
0.9258542696081843,0.999263899529797
0.9258671566171148,0.999263899529797
0.9258800439848002,0.999263899529797
0.9258929317112553,0.999263899529797
0.9259187082405346,0.999263899529797
0.9259315970433887,0.999263899529797
0.9259444862050725,0.999263899529797
0.9259702656049892,0.999263899529797
0.9259831558432519,0.999263899529797
0.9259960464404042,0.999263899529797
0.9260218287114378,0.999263899529797
0.9260476124182097,0.999263899529797
0.926060504810035,0.999263899529797
0.9260594754134878,0.9992488770712215
0.9260723683294583,0.9992488770712215
0.9260852616044329,0.9992488770712215
0.9260981552384268,0.9992488770712215
0.9261110492314547,0.9992488770712215
0.9261239435835318,0.9992488770712215
0.926136838294673,0.9992488770712215
0.9261497333648933,0.9992488770712215
0.9261487050960735,0.9992338546126459
0.926161600690625,0.9992338546126459
0.9261744966442953,0.9992338546126459
0.9261734686773326,0.9992188321540704
0.9261863651553971,0.9992188321540704
0.9262250567446005,0.9992188321540704
0.9262379546593884,0.9992188321540704
0.9262637515666342,0.9992188321540704
0.9262766505591221,0.9992188321540704
0.9262895499108734,0.9992188321540704
0.9263024496219031,0.9992188321540704
0.9263153496922263,0.9992188321540704
0.9263282501218578,0.9992188321540704
0.9263540520591061,0.9992188321540704
0.9263927576601672,0.9992188321540704
0.9263917324753826,0.9992038096954947
0.926404635226608,0.9992038096954947
0.9264175383372565,0.9992038096954947
0.926430441807343,0.9992038096954947
0.9264433456368828,0.9992038096954947
0.9264562498258907,0.9992038096954947
0.9264691543743819,0.9992038096954947
0.9264949645498739,0.9992038096954947
0.9265078701769048,0.9992038096954947
0.926520776163479,0.9992038096954947
0.9265336825096117,0.9992038096954947
0.9265465892153175,0.9992038096954947
0.9265594962806118,0.9992038096954947
0.9265724037055095,0.9992038096954947
0.9265853114900257,0.9992038096954947
0.9265982196341752,0.9992038096954947
0.9266111281379733,0.9992038096954947
0.9266498558074089,0.9992038096954947
0.9266627657499512,0.9992038096954947
0.9266756760522172,0.9992038096954947
0.926688586714222,0.9992038096954947
0.9267014977359805,0.9992038096954947
0.9267144091175077,0.9992038096954947
0.9267273208588188,0.9992038096954947
0.9267402329599287,0.9992038096954947
0.9267531454208524,0.9992038096954947
0.9267660582416051,0.9992038096954947
0.9267789714222018,0.9992038096954947
0.9267918849626574,0.9992038096954947
0.9268047988629872,0.9992038096954947
0.9268177131232059,0.9992038096954947
0.926843542723371,0.9992038096954947
0.926869373763273,0.9992038096954947
0.926882289823163,0.9992038096954947
0.9268952062430323,0.9992038096954947
0.9269210401627693,0.9992038096954947
0.9269339576626671,0.9992038096954947
0.9269468755226044,0.9992038096954947
0.9269597937425963,0.9992038096954947
0.926972712322658,0.9992038096954947
0.9269856312628043,0.9992038096954947
0.9269985505630505,0.9992038096954947
0.9270114702234116,0.9992038096954947
0.9270243902439025,0.9992038096954947
0.9270373106245383,0.9992038096954947
0.9270502313653343,0.9992038096954947
0.9270492146013074,0.9991887872369192
0.9270481978089371,0.9991737647783436
0.927061119241759,0.9991737647783436
0.9270740410347904,0.9991737647783436
0.9270869631880462,0.9991737647783436
0.9270998857015417,0.9991737647783436
0.9271128085752917,0.9991737647783436
0.9271257318093113,0.9991737647783436
0.9271515793582202,0.9991737647783436
0.9271645036731394,0.9991737647783436
0.9271774283483886,0.9991737647783436
0.9271903533839827,0.9991737647783436
0.927203278779937,0.9991737647783436
0.9272162045362664,0.9991737647783436
0.9272549839676565,0.9991737647783436
0.9272679111656373,0.9991737647783436
0.9272808387240687,0.9991737647783436
0.9272937666429657,0.9991737647783436
0.9273066949223434,0.9991737647783436
0.9273196235622168,0.9991737647783436
0.927332552562601,0.9991737647783436
0.9273454819235113,0.9991737647783436
0.9273584116449625,0.9991737647783436
0.9273713417269698,0.9991737647783436
0.9273842721695482,0.9991737647783436
0.927397202972713,0.9991737647783436
0.9274230656608614,0.9991737647783436
0.9274359975458754,0.9991737647783436
0.9274489297915359,0.9991737647783436
0.9274618623978581,0.9991737647783436
0.9274747953648571,0.9991737647783436
0.9274877286925479,0.9991737647783436
0.9275006623809458,0.9991737647783436
0.9275135964300656,0.9991737647783436
0.927552400741908,0.9991737647783436
0.9275653362340669,0.9991737647783436
0.9275782720870233,0.9991737647783436
0.9275912083007921,0.9991737647783436
0.9276041448753888,0.9991737647783436
0.9276170818108281,0.9991737647783436
0.9276300191071254,0.9991737647783436
0.9276429567642956,0.9991737647783436
0.927655894782354,0.9991737647783436
0.9276688331613155,0.9991737647783436
0.9276817719011953,0.9991737647783436
0.9276947110020085,0.9991737647783436
0.9277076504637701,0.9991737647783436
0.9277205902864953,0.9991737647783436
0.9277335304701994,0.9991737647783436
0.927746471014897,0.9991737647783436
0.9277594119206037,0.9991737647783436
0.9277723531873343,0.9991737647783436
0.9277713456736738,0.9991587423197681
0.9277842874679165,0.9991587423197681
0.9277972296232232,0.9991587423197681
0.9278101721396088,0.9991587423197681
0.9278231150170887,0.9991587423197681
0.9278360582556777,0.9991587423197681
0.9278490018553911,0.9991587423197681
0.9278619458162439,0.9991587423197681
0.9278748901382514,0.9991587423197681
0.9278878348214286,0.9991587423197681
0.9279007798657906,0.9991587423197681
0.9279137252713524,0.9991587423197681
0.9279266710381294,0.9991587423197681
0.9279525636553889,0.9991587423197681
0.9279655105059017,0.9991587423197681
0.92797845771769,0.9991587423197681
0.9279914052907691,0.9991587423197681
0.9280043532251538,0.9991587423197681
0.9280173015208595,0.9991587423197681
0.9280302501779012,0.9991587423197681
0.9280431991962941,0.9991587423197681
0.9280561485760531,0.9991587423197681
0.9280690983171936,0.9991587423197681
0.9280820484197307,0.9991587423197681
0.9280949988836794,0.9991587423197681
0.9281079497090549,0.9991587423197681
0.9281209008958723,0.9991587423197681
0.9281338524441467,0.9991587423197681
0.9281468043538934,0.9991587423197681
0.9281597566251273,0.9991587423197681
0.9281727092578638,0.9991587423197681
0.9281856622521177,0.9991587423197681
0.9281986156079044,0.9991587423197681
0.928211569325239,0.9991587423197681
0.9282504326466812,0.9991587423197681
0.9282633878103586,0.9991587423197681
0.9283022554711925,0.9991587423197681
0.928315212081455,0.9991587423197681
0.9283281690534014,0.9991587423197681
0.9283411263870472,0.9991587423197681
0.9283670421394973,0.9991587423197681
0.9283800005583317,0.9991587423197681
0.9283929593389261,0.9991587423197681
0.9284059184812954,0.9991587423197681
0.9284188779854549,0.9991587423197681
0.9284318378514196,0.9991587423197681
0.9284447980792049,0.9991587423197681
0.9284577586688257,0.9991587423197681
0.9284707196202974,0.9991587423197681
0.9284836809336349,0.9991587423197681
0.9284966426088535,0.9991587423197681
0.9285096046459683,0.9991587423197681
0.9285225670449945,0.9991587423197681
0.9285355298059472,0.9991587423197681
0.9285484929288417,0.9991587423197681
0.9285614564136929,0.9991587423197681
0.9285744202605163,0.9991587423197681
0.9285873844693268,0.9991587423197681
0.9286003490401397,0.9991587423197681
0.92861331397297,0.9991587423197681
0.9286392449247438,0.9991587423197681
0.9286522109437176,0.9991587423197681
0.9286651773247696,0.9991587423197681
0.9286781440679149,0.9991587423197681
0.9286911111731687,0.9991587423197681
0.9287040786405463,0.9991587423197681
0.9287170464700626,0.9991587423197681
0.9287300146617329,0.9991587423197681
0.9287429832155724,0.9991587423197681
0.9287559521315962,0.9991587423197681
0.9287689214098196,0.9991587423197681
0.9287818910502577,0.9991587423197681
0.928780896522832,0.9991437198611924
0.9287938666927341,0.9991437198611924
0.928819808119318,0.9991437198611924
0.9288327793760299,0.9991437198611924
0.9288457509950423,0.9991437198611924
0.9288587229763701,0.9991437198611924
0.9288716953200284,0.9991437198611924
0.9288846680260328,0.9991437198611924
0.9288976410943981,0.9991437198611924
0.9289106145251397,0.9991437198611924
0.9289495369917734,0.9991437198611924
0.9289625118721716,0.9991437198611924
0.928975487115022,0.9991437198611924
0.9289884627203397,0.9991437198611924
0.9290014386881399,0.9991437198611924
0.9290144150184378,0.9991437198611924
0.9290273917112486,0.9991437198611924
0.9290403687665875,0.9991437198611924
0.9290533461844697,0.9991437198611924
0.9290663239649103,0.9991437198611924
0.9290793021079247,0.9991437198611924
0.9290922806135278,0.9991437198611924
0.9291182387125615,0.9991437198611924
0.9291312183060224,0.9991437198611924
0.9291441982621329,0.9991437198611924
0.9291571785809083,0.9991437198611924
0.9291701592623638,0.9991437198611924
0.9291831403065145,0.9991437198611924
0.9292091034829624,0.9991437198611924
0.9292220856152901,0.9991437198611924
0.9292610341888701,0.9991437198611924
0.9292740177723132,0.9991437198611924
0.9292870017185731,0.9991437198611924
0.9292999860276652,0.9991437198611924
0.9293129706996046,0.9991437198611924
0.9293259557344065,0.9991437198611924
0.929338941132086,0.9991437198611924
0.9293519268926586,0.9991437198611924
0.9293649130161392,0.9991437198611924
0.9293908863518857,0.9991437198611924
0.9294038735641821,0.9991437198611924
0.9294168611394474,0.9991437198611924
0.929429849077697,0.9991437198611924
0.9294428373789461,0.9991437198611924
0.9294558260432098,0.9991437198611924
0.9294688150705033,0.9991437198611924
0.9294818044608418,0.9991437198611924
0.9294947942142407,0.9991437198611924
0.9295077843307152,0.9991437198611924
0.9295207748102805,0.9991437198611924
0.9295337656529516,0.9991437198611924
0.9295467568587441,0.9991437198611924
0.929559748427673,0.9991437198611924
0.9295727403597535,0.9991437198611924
0.9295857326550009,0.9991437198611924
0.9295987253134304,0.9991437198611924
0.9296117183350572,0.9991437198611924
0.9296247117198966,0.9991437198611924
0.929650699579274,0.9991437198611924
0.9296636940538425,0.9991437198611924
0.9296766888916845,0.9991437198611924
0.9296896840928152,0.9991437198611924
0.9297026796572498,0.9991437198611924
0.9297156755850038,0.9991437198611924
0.9297286718760921,0.9991437198611924
0.9297416685305301,0.9991437198611924
0.929754665548333,0.9991437198611924
0.9297676629295161,0.9991437198611924
0.9297806606740945,0.9991437198611924
0.9297936587820835,0.9991437198611924
0.9298066572534985,0.9991437198611924
0.9298196560883545,0.9991437198611924
0.9298326552866669,0.9991437198611924
0.9298456548484509,0.9991437198611924
0.9298586547737218,0.9991437198611924
0.9298716550624948,0.9991437198611924
0.9298846557147851,0.9991437198611924
0.9298976567306079,0.9991437198611924
0.9299106581099786,0.9991437198611924
0.9299236598529124,0.9991437198611924
0.9299366619594245,0.9991437198611924
0.9299496644295302,0.9991437198611924
0.9299626672632447,0.9991437198611924
0.9300016779461938,0.9991437198611924
0.9300146822344962,0.9991437198611924
0.9300276868864837,0.9991437198611924
0.9300406919021716,0.9991437198611924
0.9300536972815752,0.9991437198611924
0.93007970913159,0.9991437198611924
0.9300927156022318,0.9991437198611924
0.930118729634861,0.9991437198611924
0.9301317371968786,0.9991437198611924
0.9301447451227187,0.9991437198611924
0.9301577534123965,0.9991437198611924
0.9301707620659273,0.9991437198611924
0.9301837710833264,0.9991437198611924
0.9301967804646089,0.9991437198611924
0.9302097902097902,0.9991437198611924
0.9302228003188856,0.9991437198611924
0.9302358107919103,0.9991437198611924
0.9302488216288796,0.9991437198611924
0.9302748443947129,0.9991437198611924
0.9302878563236076,0.9991437198611924
0.9302868812331277,0.9991286974026169
0.9303129065197018,0.9991286974026169
0.9303259197090502,0.9991286974026169
0.93033893326246,0.9991286974026169
0.9303649614615245,0.9991286974026169
0.9303779761072098,0.9991286974026169
0.930377002168287,0.9991136749440414
0.930390017346539,0.9991136749440414
0.9304030328889387,0.9991136749440414
0.930416048795501,0.9991136749440414
0.9304290650662413,0.9991136749440414
0.9304420817011751,0.9991136749440414
0.9304550987003176,0.9991136749440414
0.930468116063684,0.9991136749440414
0.9304811337912895,0.9991136749440414
0.9304941518831495,0.9991136749440414
0.9305071703392794,0.9991136749440414
0.9305201891596945,0.9991136749440414
0.9305332083444098,0.9991136749440414
0.9305462278934408,0.9991136749440414
0.9305592478068028,0.9991136749440414
0.930572268084511,0.9991136749440414
0.9305983097330274,0.9991136749440414
0.9306113311038661,0.9991136749440414
0.9306243528391123,0.9991136749440414
0.9306503974028881,0.9991136749440414
0.9306634202314484,0.9991136749440414
0.9306894669819902,0.9991136749440414
0.9307024909040023,0.9991136749440414
0.9307155151905289,0.9991136749440414
0.9307285398415852,0.9991136749440414
0.9307415648571868,0.9991136749440414
0.9307545902373489,0.9991136749440414
0.9307676159820867,0.9991136749440414
0.9307806420914154,0.9991136749440414
0.9307936685653506,0.9991136749440414
0.9308066954039075,0.9991136749440414
0.9308057270017215,0.9990986524854658
0.9308187543736879,0.9990986524854658
0.9308448102116225,0.9990986524854658
0.9308438422886895,0.9990836300268902
0.9308428743386614,0.9990686075683146
0.9308559031422773,0.9990686075683146
0.930868932310621,0.9990686075683146
0.9308819618437075,0.9990686075683146
0.9308949917415525,0.9990686075683146
0.9309080220041712,0.9990686075683146
0.9309340836237909,0.9990686075683146
0.9309471149808225,0.9990686075683146
0.9309601467026891,0.9990686075683146
0.9309731787894059,0.9990686075683146
0.9309862112409883,0.9990686075683146
0.9309992440574516,0.9990686075683146
0.9310122772388112,0.9990686075683146
0.9310383446962803,0.9990686075683146
0.9310644136135183,0.9990686075683146
0.931063448507588,0.9990535851097391
0.9310764836826411,0.9990535851097391
0.931089519222692,0.9990535851097391
0.9311025551277564,0.9990535851097391
0.9311155913978495,0.9990535851097391
0.9311286280329866,0.9990535851097391
0.9311416650331831,0.9990535851097391
0.9311547023984542,0.9990535851097391
0.9311677401288154,0.9990535851097391
0.931180778224282,0.9990535851097391
0.9312068555105927,0.9990535851097391
0.9312198947014675,0.9990535851097391
0.931232934257509,0.9990535851097391
0.9312459741787324,0.9990535851097391
0.9312590144651534,0.9990535851097391
0.9312720551167871,0.9990535851097391
0.9312850961336488,0.9990535851097391
0.9312981375157541,0.9990535851097391
0.9313111792631181,0.9990535851097391
0.9313242213757562,0.9990535851097391
0.9313372638536838,0.9990535851097391
0.9313503066969162,0.9990535851097391
0.9313633499054688,0.9990535851097391
0.9313763934793569,0.9990535851097391
0.9313894374185958,0.9990535851097391
0.9314024817232011,0.9990535851097391
0.931401520987101,0.9990385626511635
0.9314145658263305,0.9990385626511635
0.9314406566010253,0.9990385626511635
0.9314537025365212,0.9990385626511635
0.9314667488374699,0.9990385626511635
0.9314797955038868,0.9990385626511635
0.9314928425357873,0.9990385626511635
0.9315058899331867,0.9990385626511635
0.9315189376961004,0.9990385626511635
0.9315319858245437,0.9990385626511635
0.931545034318532,0.9990385626511635
0.9315580831780806,0.9990385626511635
0.931571132403205,0.9990385626511635
0.9315841819939205,0.9990385626511635
0.9315972319502424,0.9990385626511635
0.931610282272186,0.9990385626511635
0.9316233329597668,0.9990385626511635
0.9316363840130003,0.9990385626511635
0.9316494354319016,0.9990385626511635
0.9316624872164861,0.9990385626511635
0.9316755393667694,0.9990385626511635
0.9316885918827666,0.9990385626511635
0.9317016447644932,0.9990385626511635
0.9317146980119646,0.9990385626511635
0.9317277516251962,0.9990385626511635
0.9317408056042031,0.9990385626511635
0.9317538599490011,0.9990385626511635
0.9317669146596051,0.9990385626511635
0.9317799697360309,0.9990385626511635
0.9317930251782937,0.9990385626511635
0.9318060809864088,0.9990385626511635
0.9318191371603918,0.9990385626511635
0.9318321937002578,0.9990385626511635
0.9318452506060224,0.9990385626511635
0.9318583078777009,0.9990385626511635
0.9318713655153086,0.9990385626511635
0.931884423518861,0.9990385626511635
0.9318974818883735,0.9990385626511635
0.9318965275636893,0.9990235401925879
0.9319095864687995,0.9990235401925879
0.9319226457399103,0.9990235401925879
0.9319357053770372,0.9990235401925879
0.9319487653801957,0.9990235401925879
0.9319618257494009,0.9990235401925879
0.9319748864846684,0.9990235401925879
0.9319879475860136,0.9990235401925879
0.9320010090534518,0.9990235401925879
0.9320140708869984,0.9990235401925879
0.9320401956524786,0.9990235401925879
0.9320532585844429,0.9990235401925879
0.9320663218825772,0.9990235401925879
0.932079385546897,0.9990235401925879
0.9320924495774174,0.9990235401925879
0.9321055139741541,0.9990235401925879
0.9321185787371224,0.9990235401925879
0.932157775223571,0.9990235401925879
0.9321708414516197,0.9990235401925879
0.9321969750066583,0.9990235401925879
0.9322231100270547,0.9990235401925879
0.9322361780868005,0.9990235401925879
0.932249246512932,0.9990235401925879
0.9322753844644134,0.9990235401925879
0.9322884539897942,0.9990235401925879
0.9323015238816224,0.9990235401925879
0.9323145941399131,0.9990235401925879
0.932327664764682,0.9990235401925879
0.9323407357559443,0.9990235401925879
0.9323538071137157,0.9990235401925879
0.9323668788380114,0.9990235401925879
0.9323799509288468,0.9990235401925879
0.9323930233862374,0.9990235401925879
0.9324191694007459,0.9990235401925879
0.9324322429578946,0.9990235401925879
0.9324453168816601,0.9990235401925879
0.932458391172058,0.9990235401925879
0.9324714658291035,0.9990235401925879
0.9324845408528121,0.9990235401925879
0.9324976162431993,0.9990235401925879
0.9325106920002805,0.9990235401925879
0.932523768124071,0.9990235401925879
0.9325368446145864,0.9990235401925879
0.932549921471842,0.9990235401925879
0.9325629986958534,0.9990235401925879
0.9325760762866359,0.9990235401925879
0.9325891542442049,0.9990235401925879
0.9326022325685758,0.9990235401925879
0.9326153112597642,0.9990235401925879
0.9326283903177853,0.9990235401925879
0.9326414697426548,0.9990235401925879
0.932654549534388,0.9990235401925879
0.9326676296930003,0.9990235401925879
0.9326807102185072,0.9990235401925879
0.9327199539965497,0.9990235401925879
0.9327330359897893,0.9990235401925879
0.9327853676326199,0.9990235401925879
0.9327984514608727,0.9990235401925879
0.9328115356561746,0.9990235401925879
0.932824620218541,0.9990235401925879
0.9328507904445286,0.9990235401925879
0.9328638761081809,0.9990235401925879
0.9328769621389594,0.9990235401925879
0.9328900485368796,0.9990235401925879
0.9328891071052816,0.9990085177340123
0.9328881656472701,0.9989934952754368
0.9329143402261441,0.9989934952754368
0.9329133990825045,0.9989784728168613
0.9329264870931537,0.9989784728168613
0.9329395754710363,0.9989784728168613
0.9329657533285632,0.9989784728168613
0.9329788428082384,0.9989784728168613
0.9329919326552087,0.9989784728168613
0.9330050228694896,0.9989784728168613
0.9330181134510965,0.9989784728168613
0.933031204400045,0.9989784728168613
0.9330442957163503,0.9989784728168613
0.9330573874000281,0.9989784728168613
0.9330704794510938,0.9989784728168613
0.9330695403266543,0.9989634503582856
0.9330957258720849,0.9989634503582856
0.9331088191959588,0.9989634503582856
0.9331219128872923,0.9989634503582856
0.9331350069461011,0.9989634503582856
0.9331481013724005,0.9989634503582856
0.933161196166206,0.9989634503582856
0.9331742913275329,0.9989634503582856
0.9331873868563971,0.9989634503582856
0.9332004827528138,0.9989634503582856
0.9332135790167984,0.9989634503582856
0.9332266756483665,0.9989634503582856
0.9332397726475335,0.9989634503582856
0.933252870014315,0.9989634503582856
0.9332659677487264,0.9989634503582856
0.9332790658507831,0.9989634503582856
0.9332781294297624,0.9989484278997101
0.9332912280701754,0.9989484278997101
0.9333043270782748,0.9989484278997101
0.9333174264540759,0.9989484278997101
0.9333305261975943,0.9989484278997101
0.9333436263088454,0.9989484278997101
0.9333567267878448,0.9989484278997101
0.9333698276346079,0.9989484278997101
0.9333688923824095,0.9989334054411345
0.9333819937677212,0.9989334054411345
0.9333950955208378,0.9989334054411345
0.9334081976417743,0.9989334054411345
0.9334213001305465,0.9989334054411345
0.9334344029871697,0.9989334054411345
0.9334475062116596,0.9989334054411345
0.9334606098040317,0.9989334054411345
0.9334737137643012,0.9989334054411345
0.9334868180924839,0.9989334054411345
0.9334999227885952,0.9989334054411345
0.9334989892183289,0.998918382982559
0.9335120944532577,0.998918382982559
0.9335252000561561,0.998918382982559
0.9335383060270396,0.998918382982559
0.9335514123659235,0.998918382982559
0.9335645190728236,0.998918382982559
0.9335907335907336,0.998918382982559
0.9336038414017747,0.998918382982559
0.9336169495808938,0.998918382982559
0.9336300581281065,0.998918382982559
0.9336431670434282,0.998918382982559
0.9336562763268744,0.998918382982559
0.9336693859784608,0.998918382982559
0.9336824959982027,0.998918382982559
0.9336956063861157,0.998918382982559
0.9337087171422153,0.998918382982559
0.9337218282665168,0.998918382982559
0.9337349397590361,0.998918382982559
0.9337480516197886,0.998918382982559
0.9337611638487895,0.998918382982559
0.9337742764460547,0.998918382982559
0.9337873894115994,0.998918382982559
0.9338136164475902,0.998918382982559
0.9338267305180671,0.998918382982559
0.9338398449568857,0.998918382982559
0.9338529597640615,0.998918382982559
0.9338660749396102,0.998918382982559
0.9338791904835471,0.998918382982559
0.9338923063958877,0.998918382982559
0.9339054226766478,0.998918382982559
0.9339185393258427,0.998918382982559
0.9339176112024046,0.9989033605239833
0.9339307283912469,0.9989033605239833
0.9339438459485653,0.9989033605239833
0.933956963874375,0.9989033605239833
0.9339832008315307,0.9989033605239833
0.9339963198629079,0.9989033605239833
0.9340094392628385,0.9989033605239833
0.9340356791684226,0.9989033605239833
0.9340487996741069,0.9989033605239833
0.9340881634029163,0.9989033605239833
0.9341012853831565,0.9989033605239833
0.9341144077320747,0.9989033605239833
0.934127530449686,0.9989033605239833
0.934153776991051,0.9989033605239833
0.9341669008148357,0.9989033605239833
0.9341659759198641,0.9988883380654078
0.9341791002837956,0.9988883380654078
0.9341922250165081,0.9988883380654078
0.9342053501180173,0.9988883380654078
0.9342184755883386,0.9988883380654078
0.9342316014274875,0.9988883380654078
0.9342447276354797,0.9988883380654078
0.9342578542123307,0.9988883380654078
0.934270981158056,0.9988883380654078
0.9342841084726711,0.9988883380654078
0.9343103642086331,0.9988883380654078
0.9343234926300111,0.9988883380654078
0.9343497505796389,0.9988883380654078
0.9343628801079197,0.9988883380654078
0.9343619577589478,0.9988733156068322
0.9343750878277732,0.9988733156068322
0.934388218265623,0.9988733156068322
0.9344013490725126,0.9988733156068322
0.9344276117934737,0.9988733156068322
0.9344538759907808,0.9988733156068322
0.9344670086431031,0.9988733156068322
0.9344801416645586,0.9988733156068322
0.9344932750551628,0.9988733156068322
0.9345064088149314,0.9988733156068322
0.93451954294388,0.9988733156068322
0.9345326774420238,0.9988733156068322
0.9345458123093789,0.9988733156068322
0.9345589475459606,0.9988733156068322
0.9345720831517843,0.9988733156068322
0.9345852191268659,0.9988733156068322
0.9345983554712207,0.9988733156068322
0.9346114921848645,0.9988733156068322
0.9346246292678128,0.9988733156068322
0.9346377667200809,0.9988733156068322
0.9346509045416849,0.9988733156068322
0.9346640427326398,0.9988733156068322
0.9346771812929616,0.9988733156068322
0.9347034595217678,0.9988733156068322
0.9347165991902834,0.9988733156068322
0.934729739228228,0.9988733156068322
0.9347560204124667,0.9988733156068322
0.9347691615587921,0.9988733156068322
0.9347823030746089,0.9988733156068322
0.9347954449599325,0.9988733156068322
0.9348217298391632,0.9988733156068322
0.9348348728331014,0.9988733156068322
0.9348480161966088,0.9988733156068322
0.9348611599297012,0.9988733156068322
0.9348743040323941,0.9988733156068322
0.9349005933466438,0.9988733156068322
0.9348996780135262,0.9988582931482567
0.9349128233970754,0.9988582931482567
0.9349259691502974,0.9988582931482567
0.9349391152732079,0.9988582931482567
0.9349522617658225,0.9988582931482567
0.9349654086281568,0.9988582931482567
0.9349785558602264,0.9988582931482567
0.9349917034620469,0.9988582931482567
0.9350048514336338,0.9988582931482567
0.9350179997750028,0.9988582931482567
0.9350311484861695,0.9988582931482567
0.9350442975671495,0.9988582931482567
0.9350574470179583,0.9988582931482567
0.9350705968386117,0.9988582931482567
0.9350968975895142,0.9988582931482567
0.935123199819982,0.9988582931482567
0.935122287385905,0.998843270689681
0.9351485914403455,0.998843270689681
0.9351617440225035,0.998843270689681
0.935174896974641,0.998843270689681
0.9351880502967734,0.998843270689681
0.9352012039889166,0.998843270689681
0.9352143580510859,0.998843270689681
0.935227512483297,0.998843270689681
0.9352406672855655,0.998843270689681
0.9352538224579072,0.998843270689681
0.9352669780003376,0.998843270689681
0.9352801339128722,0.998843270689681
0.9352932901955268,0.998843270689681
0.9353064468483169,0.998843270689681
0.9353196038712581,0.998843270689681
0.9353327612643662,0.998843270689681
0.9353722356648472,0.998843270689681
0.9353853945387786,0.998843270689681
0.9353985537829549,0.998843270689681
0.9354117133973917,0.998843270689681
0.9354380337371094,0.998843270689681
0.9354511944624215,0.998843270689681
0.9354643555580567,0.998843270689681
0.9354634475772413,0.9988282482311055
0.9354766092156173,0.9988282482311055
0.9354897712243577,0.9988282482311055
0.9355029336034781,0.9988282482311055
0.9355292594729214,0.9988282482311055
0.9355424229632756,0.9988282482311055
0.9355555868240724,0.9988282482311055
0.9355687510553273,0.9988282482311055
0.9355819156570561,0.9988282482311055
0.9355950806292742,0.9988282482311055
0.9356082459719974,0.9988282482311055
0.9356214116852415,0.9988282482311055
0.9356345777690218,0.9988282482311055
0.9356477442233543,0.9988282482311055
0.9356609110482543,0.9988282482311055
0.9356740782437377,0.9988282482311055
0.9357004137465169,0.9988282482311055
0.9357135820538441,0.9988282482311055
0.9357267507318171,0.9988282482311055
0.9357399197804518,0.9988282482311055
0.9357530891997635,0.9988282482311055
0.9357662589897682,0.9988282482311055
0.9357653549513033,0.99881322577253
0.9357785252846547,0.99881322577253
0.9357916959887403,0.99881322577253
0.9358048670635758,0.99881322577253
0.9358180385091769,0.99881322577253
0.9358312103255592,0.99881322577253
0.9358443825127383,0.99881322577253
0.9358575550707299,0.99881322577253
0.9358707279995496,0.99881322577253
0.9358839012992132,0.99881322577253
0.9358970749697362,0.99881322577253
0.9359102490111344,0.99881322577253
0.9359234234234234,0.99881322577253
0.9359497733607365,0.99881322577253
0.9359629488857919,0.99881322577253
0.9359620474125795,0.9987982033139544
0.9359752234813824,0.9987982033139544
0.9359743221555875,0.9987831808553788
0.9359874987681782,0.9987831808553788
0.9359865975898187,0.9987681583968032
0.9359997747462375,0.9987681583968032
0.9360129522736872,0.9987681583968032
0.9360261301721832,0.9987681583968032
0.9360393084417413,0.9987681583968032
0.9360656660941064,0.9987681583968032
0.9360788454769448,0.9987681583968032
0.9360920252309078,0.9987681583968032
0.9361052053560114,0.9987681583968032
0.9361183858522711,0.9987681583968032
0.9361315667197027,0.9987681583968032
0.9361447479583216,0.9987681583968032
0.9361579295681437,0.9987681583968032
0.9361711115491848,0.9987681583968032
0.9361842939014602,0.9987681583968032
0.9361974766249859,0.9987681583968032
0.9362106597197775,0.9987681583968032
0.9362238431858507,0.9987681583968032
0.9362370270232211,0.9987681583968032
0.9362502112319044,0.9987681583968032
0.9362633958119164,0.9987681583968032
0.9362765807632728,0.9987681583968032
0.9362897660859891,0.9987681583968032
0.9363029517800812,0.9987681583968032
0.9363161378455646,0.9987681583968032
0.936329324282455,0.9987681583968032
0.9363425110907683,0.9987681583968032
0.93635569827052,0.9987681583968032
0.9363688858217258,0.9987681583968032
0.9363820737444015,0.9987681583968032
0.9363952620385628,0.9987681583968032
0.9364084507042254,0.9987681583968032
0.9364216397414048,0.9987681583968032
0.9364348291501169,0.9987681583968032
0.93643393382819,0.9987531359382277
0.9364471237816215,0.9987531359382277
0.9364603141066272,0.9987531359382277
0.9364735048032228,0.9987531359382277
0.9364998873112463,0.9987531359382277
0.9365130791227056,0.9987531359382277
0.9365262713058177,0.9987531359382277
0.9365394638605982,0.9987531359382277
0.9365526567870626,0.9987531359382277
0.9365658500852269,0.9987531359382277
0.9365790437551066,0.9987531359382277
0.9365922377967176,0.9987531359382277
0.9366054322100755,0.9987531359382277
0.936618626995196,0.9987531359382277
0.936631822152095,0.9987531359382277
0.9366450176807878,0.9987531359382277
0.9366582135812905,0.9987531359382277
0.9366714098536186,0.9987531359382277
0.9366846064977881,0.9987531359382277
0.9366978035138144,0.9987531359382277
0.9367110009017132,0.9987531359382277
0.9367241986615005,0.9987531359382277
0.9367373967931919,0.9987531359382277
0.936750595296803,0.9987531359382277
0.9367637941723497,0.9987531359382277
0.9367769934198475,0.9987531359382277
0.9367901930393124,0.9987531359382277
0.9368033930307599,0.9987531359382277
0.9368165933942059,0.9987531359382277
0.9368297941296659,0.9987531359382277
0.9368429952371559,0.9987531359382277
0.9368561967166913,0.9987531359382277
0.9368693985682881,0.9987531359382277
0.9368826007919621,0.9987531359382277
0.9368958033877286,0.9987531359382277
0.9369090063556038,0.9987531359382277
0.9369222096956031,0.9987531359382277
0.9369354134077424,0.9987531359382277
0.9369486174920375,0.9987531359382277
0.936961821948504,0.9987531359382277
0.9369750267771577,0.9987531359382277
0.9370014375510894,0.9987531359382277
0.9370146434963991,0.9987531359382277
0.9370278498139587,0.9987531359382277
0.9370410565037843,0.9987531359382277
0.9370542635658915,0.9987531359382277
0.937067471000296,0.9987531359382277
0.9370806788070136,0.9987531359382277
0.93709388698606,0.9987531359382277
0.937107095537451,0.9987531359382277
0.9371203044612023,0.9987531359382277
0.9371335137573297,0.9987531359382277
0.9371467234258489,0.9987531359382277
0.9371731438801257,0.9987531359382277
0.9371722582464054,0.9987381134796521
0.9371854692059375,0.9987381134796521
0.9371986805379345,0.9987381134796521
0.9372118922424123,0.9987381134796521
0.9372251043193864,0.9987381134796521
0.9372383167688729,0.9987381134796521
0.9372647427854455,0.9987381134796521
0.9372779563525631,0.9987381134796521
0.9372911702922558,0.9987381134796521
0.9373043846045397,0.9987381134796521
0.9373175992894303,0.9987381134796521
0.9373308143469434,0.9987381134796521
0.9373440297770947,0.9987381134796521
0.9373572455799002,0.9987381134796521
0.9373704617553754,0.9987381134796521
0.9373836783035362,0.9987381134796521
0.9373968952243983,0.9987381134796521
0.9374101125179775,0.9987381134796521
0.9374233301842896,0.9987381134796521
0.9374365482233502,0.9987381134796521
0.9374497666351753,0.9987381134796521
0.9374629854197806,0.9987381134796521
0.9374762045771817,0.9987381134796521
0.9374894241073947,0.9987381134796521
0.9375158642863186,0.9987381134796521
0.9375423059566786,0.9987381134796521
0.9375555273511867,0.9987381134796521
0.937568749118601,0.9987381134796521
0.9375819712589375,0.9987381134796521
0.9375951937722119,0.9987381134796521
0.93760841665844,0.9987381134796521
0.9376216399176375,0.9987381134796521
0.9376348635498202,0.9987381134796521
0.9376339839783369,0.9987230910210765
0.9376472081576238,0.9987230910210765
0.9376604327099377,0.9987230910210765
0.9376736576352943,0.9987230910210765
0.9376868829337095,0.9987230910210765
0.9377001086051989,0.9987230910210765
0.9377133346497786,0.9987230910210765
0.9377265610674641,0.9987230910210765
0.9377397878582713,0.9987230910210765
0.937753015022216,0.9987230910210765
0.937766242559314,0.9987230910210765
0.9377794704695809,0.9987230910210765
0.9377926987530327,0.9987230910210765
0.9378059274096853,0.9987230910210765
0.9378191564395543,0.9987230910210765
0.9378323858426554,0.9987230910210765
0.9378456156190046,0.9987230910210765
0.9378853071876984,0.9987230910210765
0.9378985384571977,0.9987230910210765
0.937911770100024,0.9987230910210765
0.9379250021161931,0.9987230910210765
0.9379382345057209,0.9987230910210765
0.937951467268623,0.9987230910210765
0.9379647004049154,0.9987230910210765
0.9379911677977341,0.9987230910210765
0.938004402054292,0.9987230910210765
0.9380176366843034,0.9987230910210765
0.938030871687784,0.9987230910210765
0.9380441070647496,0.9987230910210765
0.9380573428152161,0.9987230910210765
0.9380705789391994,0.9987230910210765
0.9380838154367152,0.9987230910210765
0.9380970523077792,0.9987230910210765
0.9381102895524073,0.9987230910210765
0.9381235271706154,0.9987230910210765
0.9381367651624192,0.9987230910210765
0.9381500035278346,0.9987230910210765
0.9381632422668774,0.9987230910210765
0.9381764813795633,0.9987230910210765
0.9381897208659083,0.9987230910210765
0.9382029607259282,0.9987230910210765
0.9382294415670557,0.9987230910210765
0.938242682548195,0.9987230910210765
0.9382559239030723,0.9987230910210765
0.9382691656317037,0.9987230910210765
0.9382824077341049,0.9987230910210765
0.9382956502102916,0.9987230910210765
0.9383088930602798,0.9987230910210765
0.9383221362840851,0.9987230910210765
0.9383353798817237,0.9987230910210765
0.938348623853211,0.9987230910210765
0.9383618681985632,0.9987230910210765
0.9383883580109249,0.9987230910210765
0.9384148493189357,0.9987230910210765
0.9384413421227221,0.9987230910210765
0.9384545890855707,0.9987230910210765
0.9384678364224107,0.9987230910210765
0.938481084133258,0.9987230910210765
0.9384943322181284,0.9987230910210765
0.9385208295100018,0.9987230910210765
0.9385340787170365,0.9987230910210765
0.9385473282981577,0.9987230910210765
0.9385605782533811,0.9987230910210765
0.9385738285827228,0.9987230910210765
0.9385870792861983,0.9987230910210765
0.9386003303638237,0.9987230910210765
0.9386135818156148,0.9987230910210765
0.9386268336415875,0.9987230910210765
0.9386533384161407,0.9987230910210765
0.9386665913647531,0.9987230910210765
0.9386930983847284,0.9987230910210765
0.938706352456123,0.9987230910210765
0.9387196069018102,0.9987230910210765
0.9387328617218057,0.9987230910210765
0.9387461169161254,0.9987230910210765
0.9387593724847851,0.9987230910210765
0.9387726284278008,0.9987230910210765
0.9387858847451883,0.9987230910210765
0.9387991414369634,0.9987230910210765
0.938812398503142,0.9987230910210765
0.9388256559437399,0.9987230910210765
0.9388389137587732,0.9987230910210765
0.9388521719482573,0.9987230910210765
0.9388654305122086,0.9987230910210765
0.9388786894506426,0.9987230910210765
0.9388919487635753,0.9987230910210765
0.9389052084510224,0.9987230910210765
0.9389184685130001,0.9987230910210765
0.938931728949524,0.9987230910210765
0.9389449897606101,0.9987230910210765
0.9389582509462743,0.9987230910210765
0.9389715125065322,0.9987230910210765
0.9389847744413999,0.9987230910210765
0.9389980367508933,0.9987230910210765
0.9390378259272861,0.9987230910210765
0.9390510897354407,0.9987230910210765
0.9390643539183005,0.9987230910210765
0.9390776184758811,0.9987230910210765
0.9390908834081985,0.9987230910210765
0.9391041487152685,0.9987230910210765
0.939117414397107,0.9987230910210765
0.9391165543642553,0.9987080685625009
0.9391298205961294,0.9987080685625009
0.939143087202814,0.9987080685625009
0.9391563541843251,0.9987080685625009
0.9391961573779756,0.9987080685625009
0.9392094258589512,0.9987080685625009
0.9392085670288064,0.9986930461039254
0.9392218360600153,0.9986930461039254
0.9392351054661562,0.9986930461039254
0.939248375247245,0.9986930461039254
0.9392616454032976,0.9986930461039254
0.9392607872502755,0.9986780236453497
0.9392740579566808,0.9986780236453497
0.939287329038092,0.9986780236453497
0.9393006004945249,0.9986780236453497
0.9393138723259954,0.9986780236453497
0.9393271445325194,0.9986780236453497
0.939340417114113,0.9986780236453497
0.9393536900707917,0.9986780236453497
0.9393669634025718,0.9986780236453497
0.9394067856486781,0.9986780236453497
0.939420060481022,0.9986780236453497
0.9394333356885466,0.9986780236453497
0.9394466112712678,0.9986780236453497
0.9394598872292017,0.9986780236453497
0.9394864402707707,0.9986780236453497
0.9394997173544375,0.9986780236453497
0.939539550857159,0.9986780236453497
0.9395528294420261,0.9986780236453497
0.9395661084022331,0.9986780236453497
0.9395793877377957,0.9986780236453497
0.93959266744873,0.9986780236453497
0.939605947535052,0.9986780236453497
0.9396192279967774,0.9986780236453497
0.9396325088339222,0.9986780236453497
0.9396457900465024,0.9986780236453497
0.9396723535980325,0.9986780236453497
0.9396989186514948,0.9986780236453497
0.9397387690480903,0.9986780236453497
0.9397520532647262,0.9986780236453497
0.9397653378569409,0.9986780236453497
0.9397786228247501,0.9986780236453497
0.9397919081681698,0.9986780236453497
0.9398051938872161,0.9986780236453497
0.9398184799819046,0.9986780236453497
0.9398317664522514,0.9986780236453497
0.9398450532982724,0.9986780236453497
0.9398583405199836,0.9986780236453497
0.9398849160905403,0.9986780236453497
0.9398982044394175,0.9986780236453497
0.9399114931640487,0.9986780236453497
0.9399247822644498,0.9986780236453497
0.9399380717406365,0.9986780236453497
0.939951361592625,0.9986780236453497
0.9399505125486037,0.9986630011867742
0.9399638029523217,0.9986630011867742
0.9399770937318835,0.9986630011867742
0.9399903848873052,0.9986630011867742
0.9400036764186027,0.9986630011867742
0.9400169683257918,0.9986630011867742
0.9400302606088887,0.9986630011867742
0.9400435532679091,0.9986630011867742
0.9400568463028692,0.9986630011867742
0.9400701397137847,0.9986630011867742
0.9400834335006717,0.9986630011867742
0.9400967276635461,0.9986630011867742
0.9401100222024239,0.9986630011867742
0.940123317117321,0.9986630011867742
0.9401366124082533,0.9986630011867742
0.9401765005374215,0.9986630011867742
0.9401897973326545,0.9986630011867742
0.9402030945040025,0.9986630011867742
0.9402163920514816,0.9986630011867742
0.9402296899751075,0.9986630011867742
0.9402429882748964,0.9986630011867742
0.9402562869508642,0.9986630011867742
0.9402695860030268,0.9986630011867742
0.9402828854314003,0.9986630011867742
0.9403094854168434,0.9986630011867742
0.9403227859739451,0.9986630011867742
0.9403360869073215,0.9986630011867742
0.9403493882169884,0.9986630011867742
0.940362689902962,0.9986630011867742
0.9403759919652582,0.9986630011867742
0.940389294403893,0.9986630011867742
0.9404025972188822,0.9986630011867742
0.9404159004102419,0.9986630011867742
0.9404292039779881,0.9986630011867742
0.9404558122427038,0.9986630011867742
0.9404691169397051,0.9986630011867742
0.9404957274630751,0.9986630011867742
0.9405090332894755,0.9986630011867742
0.9405223394923743,0.9986630011867742
0.9405356460717873,0.9986630011867742
0.9405489530277307,0.9986630011867742
0.9405622603602202,0.9986630011867742
0.9405755680692719,0.9986630011867742
0.9405888761549018,0.9986630011867742
0.9406021846171261,0.9986630011867742
0.9406154934559604,0.9986630011867742
0.9406288026714209,0.9986630011867742
0.9406279625882586,0.9986479787281987
0.9406412723568033,0.9986479787281987
0.9406545825020164,0.9986479787281987
0.940667893023914,0.9986479787281987
0.940681203922512,0.9986479787281987
0.9407078268498733,0.9986479787281987
0.9407211388786687,0.9986479787281987
0.9407477640665686,0.9986479787281987
0.9407469255480237,0.9986329562696231
0.9407602388836999,0.9986329562696231
0.9407735525961988,0.9986329562696231
0.9407868666855363,0.9986329562696231
0.9408001811517287,0.9986329562696231
0.9408268112147417,0.9986329562696231
0.9408401268115942,0.9986329562696231
0.9408534427853655,0.9986329562696231
0.9408667591360715,0.9986329562696231
0.9408800758637283,0.9986329562696231
0.940893392968352,0.9986329562696231
0.9409200283085634,0.9986329562696231
0.9409333465441833,0.9986329562696231
0.9409466651568339,0.9986329562696231
0.9409599841465314,0.9986329562696231
0.9409733035132917,0.9986329562696231
0.9409866232571307,0.9986329562696231
0.9409999433780647,0.9986329562696231
0.9410132638761095,0.9986329562696231
0.9410265847512811,0.9986329562696231
0.9410257499186025,0.9986179338110475
0.9410390713476784,0.9986179338110475
0.9410523931539234,0.9986179338110475
0.9410657153373538,0.9986179338110475
0.9410790378979855,0.9986179338110475
0.9410923608358345,0.9986179338110475
0.9411056841509167,0.9986179338110475
0.9411190078432483,0.9986179338110475
0.9411323319128453,0.9986179338110475
0.9411456563597237,0.9986179338110475
0.9411589811838994,0.9986179338110475
0.9411856319642073,0.9986179338110475
0.9411989579203716,0.9986179338110475
0.9412122842538972,0.9986179338110475
0.9412256109648005,0.9986179338110475
0.9412247787610619,0.9986029113524719
0.94123810602628,0.9986029113524719
0.9412514336689181,0.9986029113524719
0.9412647616889921,0.9986029113524719
0.9412780900865182,0.9986029113524719
0.9412914188615124,0.9986029113524719
0.9413047480139906,0.9986029113524719
0.941318077543969,0.9986029113524719
0.9413314074514635,0.9986029113524719
0.9413447377364903,0.9986029113524719
0.9413580683990653,0.9986029113524719
0.9413847308569243,0.9986029113524719
0.9413980626522405,0.9986029113524719
0.9414113948251689,0.9986029113524719
0.9414247273757258,0.9986029113524719
0.9414380603039273,0.9986029113524719
0.9414513936097892,0.9986029113524719
0.9414647272933279,0.9986029113524719
0.9414780613545591,0.9986029113524719
0.941491395793499,0.9986029113524719
0.9415180658045692,0.9986029113524719
0.9415314013767315,0.9986029113524719
0.9415447373266668,0.9986029113524719
0.9415580736543909,0.9986029113524719
0.9415714103599201,0.9986029113524719
0.9415980849044577,0.9986029113524719
0.9416114227434982,0.9986029113524719
0.9416247609604079,0.9986029113524719
0.941638099555203,0.9986029113524719
0.9416514385278993,0.9986029113524719
0.9416647778785131,0.9986029113524719
0.9416781176070604,0.9986029113524719
0.9416914577135571,0.9986029113524719
0.9417047981980196,0.9986029113524719
0.9417181390604635,0.9986029113524719
0.9417314803009053,0.9986029113524719
0.9417448219193608,0.9986029113524719
0.9417581639158461,0.9986029113524719
0.9417715062903774,0.9986029113524719
0.9417848490429707,0.9986029113524719
0.941798192173642,0.9986029113524719
0.9418115356824075,0.9986029113524719
0.9418248795692831,0.9986029113524719
0.941838223834285,0.9986029113524719
0.9418515684774292,0.9986029113524719
0.9418649134987319,0.9986029113524719
0.9418640897755611,0.9985878888938964
0.9418774353524619,0.9985878888938964
0.9418907813075637,0.9985878888938964
0.9419041276408825,0.9985878888938964
0.9419174743524344,0.9985878888938964
0.9419441689103019,0.9985878888938964
0.9419575167566495,0.9985878888938964
0.9419708649812947,0.9985878888938964
0.9419842135842532,0.9985878888938964
0.9419975625655415,0.9985878888938964
0.9420109119251754,0.9985878888938964
0.942024261663171,0.9985878888938964
0.9420376117795445,0.9985878888938964
0.942050962274312,0.9985878888938964
0.9420643131474894,0.9985878888938964
0.942077664399093,0.9985878888938964
0.9420910160291387,0.9985878888938964
0.9421043680376427,0.9985878888938964
0.9421177204246213,0.9985878888938964
0.9421310731900902,0.9985878888938964
0.9421444263340656,0.9985878888938964
0.9421577798565638,0.9985878888938964
0.9421844880371925,0.9985878888938964
0.9421978426953551,0.9985878888938964
0.9422111977321049,0.9985878888938964
0.9422245531474578,0.9985878888938964
0.94223790894143,0.9985878888938964
0.9422512651140375,0.9985878888938964
0.9422646216652965,0.9985878888938964
0.9422779785952229,0.9985878888938964
0.9422913359038331,0.9985878888938964
0.942304693591143,0.9985878888938964
0.9423180516571688,0.9985878888938964
0.9423447689254324,0.9985878888938964
0.9423581281277024,0.9985878888938964
0.9423714877087527,0.9985878888938964
0.9423848476685994,0.9985878888938964
0.9423982080072587,0.9985878888938964
0.9424115687247466,0.9985878888938964
0.9424249298210792,0.9985878888938964
0.9424382912962727,0.9985878888938964
0.9424516531503431,0.9985878888938964
0.9424650153833066,0.9985878888938964
0.9424783779951793,0.9985878888938964
0.9425184681044139,0.9985878888938964
0.9425176530641182,0.9985728664353208
0.942531017369727,0.9985728664353208
0.9425443820543361,0.9985728664353208
0.9425577471179615,0.9985728664353208
0.9425711125606194,0.9985728664353208
0.9425844783823258,0.9985728664353208
0.942597844583097,0.9985728664353208
0.942611211162949,0.9985728664353208
0.9426245781218979,0.9985728664353208
0.94263794545996,0.9985728664353208
0.9427047878375312,0.9985728664353208
0.9427181574506105,0.9985728664353208
0.9427315274429159,0.9985728664353208
0.9427448978144634,0.9985728664353208
0.9427582685652692,0.9985728664353208
0.9427716396953494,0.9985728664353208
0.9427850112047201,0.9985728664353208
0.9427983830933976,0.9985728664353208
0.9428117553613979,0.9985728664353208
0.9428251280087372,0.9985728664353208
0.9428385010354317,0.9985728664353208
0.9428518744414973,0.9985728664353208
0.9428510638297872,0.9985578439767452
0.9428644377934439,0.9985578439767452
0.9428778121365146,0.9985578439767452
0.9428911868590153,0.9985578439767452
0.9429045619609623,0.9985578439767452
0.9429179374423718,0.9985578439767452
0.9429313133032599,0.9985578439767452
0.9429446895436426,0.9985578439767452
0.9429580661635363,0.9985578439767452
0.942971443162957,0.9985578439767452
0.9429848205419208,0.9985578439767452
0.9429981983004441,0.9985578439767452
0.9430115764385427,0.9985578439767452
0.9430249549562331,0.9985578439767452
0.9430383338535312,0.9985578439767452
0.9430517131304533,0.9985578439767452
0.9430650927870154,0.9985578439767452
0.9431186152099886,0.9985578439767452
0.9431319967649938,0.9985578439767452
0.9431587610142316,0.9985578439767452
0.9431721437084966,0.9985578439767452
0.9431989102363992,0.9985578439767452
0.9432122940700693,0.9985578439767452
0.9432256782835736,0.9985578439767452
0.943239062876928,0.9985578439767452
0.943252447850149,0.9985578439767452
0.9432658332032525,0.9985578439767452
0.9432792189362548,0.9985578439767452
0.943292605049172,0.9985578439767452
0.9433059915420202,0.9985578439767452
0.9433193784148158,0.9985578439767452
0.943332765667575,0.9985578439767452
0.9433461533003137,0.9985578439767452
0.9433595413130482,0.9985578439767452
0.9433729297057947,0.9985578439767452
0.9433997076313885,0.9985578439767452
0.943413097164268,0.9985578439767452
0.9434264870772244,0.9985578439767452
0.9434398773702737,0.9985578439767452
0.943453268043432,0.9985578439767452
0.9434666590967156,0.9985578439767452
0.9434800505301406,0.9985578439767452
0.9434934423437233,0.9985578439767452
0.9435336200655794,0.9985578439767452
0.9435470133999546,0.9985578439767452
0.9435604071145683,0.9985578439767452
0.943573801209437,0.9985578439767452
0.9435871956845766,0.9985578439767452
0.9436005905400034,0.9985578439767452
0.9435997899010548,0.9985428215181696
0.9436131853155788,0.9985428215181696
0.9436265811104328,0.9985428215181696
0.9436399772856332,0.9985428215181696
0.943653373841196,0.9985428215181696
0.9436667707771373,0.9985428215181696
0.9436801680934735,0.9985428215181696
0.9436935657902209,0.9985428215181696
0.9437069638673955,0.9985428215181696
0.9437061646363972,0.9985277990595941
0.9437195632728976,0.9985277990595941
0.9437329622898682,0.9985277990595941
0.9437463616873252,0.9985277990595941
0.9437999630823406,0.9985277990595941
0.9438133643824724,0.9985277990595941
0.9438267660631878,0.9985277990595941
0.9438259684198569,0.9985127766010186
0.9438393706601537,0.9985127766010186
0.943852773281077,0.9985127766010186
0.9438661762826429,0.9985127766010186
0.9438653791536495,0.9984977541424429
0.9438787827148923,0.9984977541424429
0.9438921866568207,0.9984977541424429
0.9439189956827994,0.9984977541424429
0.943932400766882,0.9984977541424429
0.9439458062317153,0.9984977541424429
0.9439592120773153,0.9984977541424429
0.9439726183036983,0.9984977541424429
0.9439860249108804,0.9984977541424429
0.943999431898878,0.9984977541424429
0.9440128392677073,0.9984977541424429
0.9440262470173844,0.9984977541424429
0.9440396551479256,0.9984977541424429
0.9440530636593473,0.9984977541424429
0.9440798818248963,0.9984977541424429
0.9440932914790563,0.9984977541424429
0.9441067015141615,0.9984977541424429
0.9441201119302283,0.9984977541424429
0.9441335227272727,0.9984977541424429
0.9441469339053111,0.9984977541424429
0.9441603454643598,0.9984977541424429
0.9441737574044349,0.9984977541424429
0.9441729643729757,0.9984827316838674
0.9441863768733575,0.9984827316838674
0.9442132030173455,0.9984827316838674
0.9442266166609842,0.9984827316838674
0.944240030685741,0.9984827316838674
0.9442802750468829,0.9984827316838674
0.9442936905962749,0.9984827316838674
0.944320522838673,0.9984827316838674
0.9443473566059986,0.9984827316838674
0.9443607740615498,0.9984827316838674
0.9443741918983817,0.9984827316838674
0.9443876101165104,0.9984827316838674
0.9444010287159522,0.9984827316838674
0.9444144476967234,0.9984827316838674
0.9444278670588403,0.9984827316838674
0.944441286802319,0.9984827316838674
0.9444547069271758,0.9984827316838674
0.9444681274334271,0.9984827316838674
0.9444815483210891,0.9984827316838674
0.9444949695901779,0.9984827316838674
0.94450839124071,0.9984827316838674
0.9445218132727015,0.9984827316838674
0.9445352356861686,0.9984827316838674
0.9445486584811278,0.9984827316838674
0.9445620816575951,0.9984827316838674
0.9445755052155871,0.9984827316838674
0.9445889291551197,0.9984827316838674
0.9446023534762095,0.9984827316838674
0.9446157781788724,0.9984827316838674
0.9446292032631249,0.9984827316838674
0.9446426287289834,0.9984827316838674
0.944656054576464,0.9984827316838674
0.9446694808055828,0.9984827316838674
0.9446829074163563,0.9984827316838674
0.9446963344088009,0.9984827316838674
0.9447097617829325,0.9984827316838674
0.9447231895387677,0.9984827316838674
0.9447366176763226,0.9984827316838674
0.9447500461956135,0.9984827316838674
0.9447634750966568,0.9984827316838674
0.9447769043794687,0.9984827316838674
0.9447903340440654,0.9984827316838674
0.9448037640904633,0.9984827316838674
0.9448171945186785,0.9984827316838674
0.9448306253287276,0.9984827316838674
0.9448440565206266,0.9984827316838674
0.944857488094392,0.9984827316838674
0.9448709200500398,0.9984827316838674
0.9448843523875865,0.9984827316838674
0.9448977851070485,0.9984827316838674
0.9449112182084417,0.9984827316838674
0.9449246516917827,0.9984827316838674
0.9449380855570878,0.9984827316838674
0.9449515198043732,0.9984827316838674
0.9449649544336551,0.9984827316838674
0.9449783894449499,0.9984827316838674
0.9449918248382739,0.9984827316838674
0.9450052606136434,0.9984827316838674
0.9450186967710748,0.9984827316838674
0.9450321333105841,0.9984827316838674
0.9450455702321878,0.9984827316838674
0.9450590075359022,0.9984827316838674
0.9450724452217435,0.9984827316838674
0.9450993217398723,0.9984827316838674
0.9451127605721924,0.9984827316838674
0.9451261997867045,0.9984827316838674
0.9451396393834253,0.9984827316838674
0.9451388592636832,0.9984677092252918
0.9451522994226558,0.9984677092252918
0.9451515194607585,0.9984526867667163
0.945164960182025,0.9984526867667163
0.9451784012855701,0.9984526867667163
0.9451918427714099,0.9984526867667163
0.9452052846395609,0.9984526867667163
0.9452187268900393,0.9984526867667163
0.9452321695228614,0.9984526867667163
0.9452456125380436,0.9984526867667163
0.9452724997155535,0.9984526867667163
0.9452859438779139,0.9984526867667163
0.9452993884226994,0.9984526867667163
0.9453128333499268,0.9984526867667163
0.9453262786596119,0.9984526867667163
0.9453397243517715,0.9984526867667163
0.9453531704264216,0.9984526867667163
0.9453523931441576,0.9984376643081406
0.9453658397815202,0.9984376643081406
0.9453792868014167,0.9984376643081406
0.9453927342038634,0.9984376643081406
0.9454061819888764,0.9984376643081406
0.9454196301564722,0.9984376643081406
0.9454330787066673,0.9984376643081406
0.9454465276394777,0.9984376643081406
0.9454599769549198,0.9984376643081406
0.9454734266530102,0.9984376643081406
0.9454868767337649,0.9984376643081406
0.9455003271972003,0.9984376643081406
0.9455137780433329,0.9984376643081406
0.9455272292721789,0.9984376643081406
0.9455406808837546,0.9984376643081406
0.9455541328780765,0.9984376643081406
0.9455675852551608,0.9984376643081406
0.9455810380150239,0.9984376643081406
0.9455944911576821,0.9984376643081406
0.945593717098711,0.9984226418495651
0.9456071708045813,0.9984226418495651
0.9456206248932901,0.9984226418495651
0.9456340793648536,0.9984226418495651
0.945647534219288,0.9984226418495651
0.9456609894566099,0.9984226418495651
0.9456602162777462,0.9984076193909895
0.9456736720784302,0.9984076193909895
0.9457005848286067,0.9984076193909895
0.9457140417781319,0.9984076193909895
0.9457274991106368,0.9984076193909895
0.9457409568261377,0.9984076193909895
0.945754414924651,0.9984076193909895
0.9457678734061931,0.9984076193909895
0.9457947915184289,0.9984076193909895
0.9458217111629761,0.9984076193909895
0.9458351715599073,0.9984076193909895
0.9458486323399653,0.9984076193909895
0.9458478616665481,0.998392596932414
0.945861323010361,0.998392596932414
0.945874784737344,0.998392596932414
0.9458882468475136,0.998392596932414
0.9459017093408861,0.998392596932414
0.9459151722174779,0.998392596932414
0.9459286354773054,0.998392596932414
0.9459420991203848,0.998392596932414
0.9459690275563652,0.998392596932414
0.9459682584869404,0.9983775744738383
0.9459817234605858,0.9983775744738383
0.9460086545578773,0.9983775744738383
0.9460221206815561,0.9983775744738383
0.9460355871886121,0.9983775744738383
0.9460490540790616,0.9983775744738383
0.9460625213529211,0.9983775744738383
0.9460759890102068,0.9983775744738383
0.9460894570509353,0.9983775744738383
0.9461029254751228,0.9983775744738383
0.9461298634739405,0.9983775744738383
0.9461433330486034,0.9983775744738383
0.946156803006791,0.9983775744738383
0.9461702733485193,0.9983775744738383
0.9461837440738051,0.9983775744738383
0.9461829778752242,0.9983625520152628
0.94619644916497,0.9983625520152628
0.9462099208383166,0.9983625520152628
0.9462233928952801,0.9983625520152628
0.9462368653358773,0.9983625520152628
0.9462503381601242,0.9983625520152628
0.9462638113680374,0.9983625520152628
0.9462772849596333,0.9983625520152628
0.9462907589349281,0.9983625520152628
0.9462899941619559,0.9983475295566873
0.9463034687019423,0.9983475295566873
0.9463169436256711,0.9983475295566873
0.9463304189331586,0.9983475295566873
0.9463296546813813,0.9983325070981117
0.9463288904078377,0.9983174846395361
0.946342366461131,0.9983174846395361
0.946355842898237,0.9983174846395361
0.9463693197191724,0.9983174846395361
0.9463827969239533,0.9983174846395361
0.9463962745125963,0.9983174846395361
0.9464232308415341,0.9983174846395361
0.9464367095818617,0.9983174846395361
0.946450188706117,0.9983174846395361
0.9464636682143163,0.9983174846395361
0.946477148106476,0.9983174846395361
0.9464906283826127,0.9983174846395361
0.9464898662602726,0.9983024621809605
0.9465033471015525,0.9983024621809605
0.9465168283268527,0.9983024621809605
0.9465303099361896,0.9983024621809605
0.9465437919295797,0.9983024621809605
0.9465572743070393,0.9983024621809605
0.9465707570685848,0.9983024621809605
0.9465699960116233,0.998287439722385
0.9465834793384899,0.998287439722385
0.9465969630494858,0.998287439722385
0.9466104471446276,0.998287439722385
0.9466239316239317,0.998287439722385
0.9466374164874144,0.998287439722385
0.9466366563149947,0.9982724172638094
0.9466358961209168,0.9982573948052338
0.9466493817311528,0.9982573948052338
0.9466628677256215,0.9982573948052338
0.9466763541043394,0.9982573948052338
0.946689840867323,0.9982573948052338
0.9466890813767951,0.9982423723466582
0.9467025687053896,0.9982423723466582
0.9467160564182932,0.9982423723466582
0.9467295445155224,0.9982423723466582
0.9467430329970935,0.9982423723466582
0.9467565218630231,0.9982423723466582
0.9467700111133275,0.9982423723466582
0.9467969907671264,0.9982423723466582
0.9468104811706539,0.9982423723466582
0.9468239719586219,0.9982423723466582
0.9468374631310469,0.9982423723466582
0.9468509546879453,0.9982423723466582
0.9468779389552281,0.9982423723466582
0.9468914316656455,0.9982423723466582
0.946904924760602,0.9982423723466582
0.946918418240114,0.9982423723466582
0.9469319121041981,0.9982423723466582
0.9469454063528707,0.9982423723466582
0.9469589009861483,0.9982423723466582
0.9469723960040473,0.9982423723466582
0.946985891406584,0.9982423723466582
0.9469993871937751,0.9982423723466582
0.9470128833656367,0.9982423723466582
0.9470263799221856,0.9982423723466582
0.9470398768634382,0.9982423723466582
0.9470533741894107,0.9982423723466582
0.9470668719001197,0.9982423723466582
0.9470803699955818,0.9982423723466582
0.9470938684758131,0.9982423723466582
0.9471073673408303,0.9982423723466582
0.9471066134549601,0.9982273498880827
0.9471201128864436,0.9982273498880827
0.9471471129039155,0.9982273498880827
0.9471606134899367,0.9982273498880827
0.9471741144608368,0.9982273498880827
0.947187615816632,0.9982273498880827
0.9472011175573389,0.9982273498880827
0.9472146196829742,0.9982273498880827
0.9472138672292626,0.9982123274295072
0.9472131147540983,0.9981973049709315
0.9472266176281914,0.9981973049709315
0.947240120887267,0.9981973049709315
0.9472536245313413,0.9981973049709315
0.947267128560431,0.9981973049709315
0.9472806329745527,0.9981973049709315
0.9472941377737226,0.9981973049709315
0.9473076429579573,0.9981973049709315
0.9473211485272732,0.9981973049709315
0.9473346544816869,0.9981973049709315
0.9473616675458731,0.9981973049709315
0.9473751746556788,0.9981973049709315
0.947388682150648,0.9981973049709315
0.9474292069467021,0.9981973049709315
0.9474427159824904,0.9981973049709315
0.9474697352098216,0.9981973049709315
0.9474832454013974,0.9981973049709315
0.9475237782879633,0.9981973049709315
0.9475372900208197,0.9981973049709315
0.947564314642633,0.9981973049709315
0.947577827531623,0.9981973049709315
0.9475913408060238,0.9981973049709315
0.9476048544658519,0.9981973049709315
0.947645397758065,0.9981973049709315
0.9476589129597672,0.9981973049709315
0.9476724285469793,0.9981973049709315
0.9476859445197177,0.9981973049709315
0.9476994608779987,0.9981973049709315
0.947712977621839,0.9981973049709315
0.9477264947512551,0.9981973049709315
0.9477400122662635,0.9981973049709315
0.9477535301668806,0.9981973049709315
0.947767048453123,0.9981973049709315
0.9477805671250071,0.9981973049709315
0.9477940861825496,0.9981973049709315
0.9478076056257667,0.9981973049709315
0.9478211254546751,0.9981973049709315
0.9478203811480087,0.998182282512356
0.9478339015448697,0.998182282512356
0.9478474223274657,0.998182282512356
0.9478609434958132,0.998182282512356
0.9478744650499287,0.998182282512356
0.9478879869898287,0.998182282512356
0.9479015093155296,0.998182282512356
0.9479150320270482,0.998182282512356
0.9479285551244008,0.998182282512356
0.9479420786076039,0.998182282512356
0.9479556024766742,0.998182282512356
0.9479826513724818,0.998182282512356
0.9480232276106094,0.998182282512356
0.9480367537952289,0.998182282512356
0.948050280365831,0.998182282512356
0.9480638073224325,0.998182282512356
0.9480773346650496,0.998182282512356
0.948090862393699,0.998182282512356
0.9481043905083972,0.998182282512356
0.9481179190091606,0.998182282512356
0.948131447896006,0.998182282512356
0.9481449771689497,0.998182282512356
0.9481855673045364,0.998182282512356
0.948199098122039,0.998182282512356
0.9482126293257225,0.998182282512356
0.9482118902874105,0.9981672600537804
0.9482254220598518,0.9981672600537804
0.9482246831830118,0.9981522375952049
0.948238215524254,0.9981522375952049
0.9482517482517483,0.9981522375952049
0.9482652813655111,0.9981522375952049
0.9482788148655592,0.9981522375952049
0.9482923487519089,0.9981522375952049
0.9483194176835795,0.9981522375952049
0.9483329527289336,0.9981522375952049
0.9483464881606554,0.9981522375952049
0.9483457509063401,0.9981372151366292
0.9483592869071238,0.9981372151366292
0.9483728232943192,0.9981372151366292
0.9483998972280111,0.9981372151366292
0.9484134347745408,0.9981372151366292
0.9484269727075483,0.9981372151366292
0.9484405110270502,0.9981372151366292
0.948454049733063,0.9981372151366292
0.948453313919461,0.9981221926780537
0.9484668531947696,0.9981221926780537
0.948480392856633,0.9981221926780537
0.9484939329050678,0.9981221926780537
0.9485074733400906,0.9981221926780537
0.9485210141617176,0.9981221926780537
0.9485345553699659,0.9981221926780537
0.9485616389463916,0.9981221926780537
0.9485751813146023,0.9981221926780537
0.9485887240695001,0.9981221926780537
0.9486022672111019,0.9981221926780537
0.948615810739424,0.9981221926780537
0.9486293546544832,0.9981221926780537
0.9486428989562958,0.9981221926780537
0.9486564436448784,0.9981221926780537
0.9486699887202479,0.9981221926780537
0.9486970800314128,0.9981221926780537
0.9487106262672417,0.9981221926780537
0.9487098939071581,0.9981071702194781
0.9487369879053562,0.9981071702194781
0.9487505354847923,0.9981071702194781
0.9487640834511417,0.9981071702194781
0.9487776318044211,0.9981071702194781
0.9487911805446471,0.9981071702194781
0.9488047296718362,0.9981071702194781
0.948818279186005,0.9981071702194781
0.9488318290871701,0.9981071702194781
0.9488453793753481,0.9981071702194781
0.9488589300505555,0.9981071702194781
0.948872481112809,0.9981071702194781
0.9488995843985204,0.9981071702194781
0.9489131366220115,0.9981071702194781
0.9489266892326149,0.9981071702194781
0.9489402422303473,0.9981071702194781
0.9489537956152253,0.9981071702194781
0.9489673493872655,0.9981071702194781
0.9489809035464842,0.9981071702194781
0.9489944580928984,0.9981071702194781
0.9490080130265244,0.9981071702194781
0.9490215683473789,0.9981071702194781
0.9490351240554786,0.9981071702194781
0.9490622366334796,0.9981071702194781
0.949075793503414,0.9981071702194781
0.9490893507606599,0.9981071702194781
0.949102908405234,0.9981071702194781
0.9491164664371526,0.9981071702194781
0.9491300248564327,0.9981071702194781
0.9491435836630905,0.9981071702194781
0.9491571428571428,0.9981071702194781
0.9491707024386062,0.9981071702194781
0.9491842624074973,0.9981071702194781
0.9491978227638327,0.9981071702194781
0.949211383507629,0.9981071702194781
0.9492249446389027,0.9981071702194781
0.9492385061576707,0.9981071702194781
0.9492520680639492,0.9981071702194781
0.9492656303577551,0.9981071702194781
0.949279193039105,0.9981071702194781
0.9492927561080154,0.9981071702194781
0.9493198834085843,0.9981071702194781
0.9493470122595947,0.9981071702194781
0.9493605772665571,0.9981071702194781
0.9493741426611797,0.9981071702194781
0.9493877084434791,0.9981071702194781
0.949401274613472,0.9981071702194781
0.949414841171175,0.9981071702194781
0.9494284081166048,0.9981071702194781
0.9494419754497778,0.9981071702194781
0.9494555431707108,0.9981071702194781
0.9494548208697143,0.9980921477609026
0.9494683891619984,0.9980921477609026
0.9494819578420864,0.9980921477609026
0.9494812358876153,0.998077125302327
0.9494805139125091,0.9980621028437514
0.9494940833476248,0.9980621028437514
0.9495076531705993,0.9980621028437514
0.9495212233814492,0.9980621028437514
0.9495347939801912,0.9980621028437514
0.949548364966842,0.9980621028437514
0.9495890802544129,0.9980621028437514
0.9496026527928649,0.9980621028437514
0.9496162257193088,0.9980621028437514
0.9496433727362388,0.9980621028437514
0.9496569468267582,0.9980621028437514
0.949670521305336,0.9980621028437514
0.9496840961719889,0.9980621028437514
0.9496976714267336,0.9980621028437514
0.9497112470695867,0.9980621028437514
0.9497248231005646,0.9980621028437514
0.9497383995196844,0.9980621028437514
0.9497519763269624,0.9980621028437514
0.9497655535224153,0.9980621028437514
0.9497791311060599,0.9980621028437514
0.9497927090779128,0.9980621028437514
0.9498062874379906,0.9980621028437514
0.9498198661863099,0.9980621028437514
0.9498334453228874,0.9980621028437514
0.9498470248477396,0.9980621028437514
0.9498606047608835,0.9980621028437514
0.9498741850623356,0.9980621028437514
0.9498877657521124,0.9980621028437514
0.9499013468302308,0.9980621028437514
0.9499285101515584,0.9980621028437514
0.9499420923948012,0.9980621028437514
0.949955675026452,0.9980621028437514
0.9499692580465275,0.9980621028437514
0.9499964252520198,0.9980621028437514
0.9500100094374696,0.9980621028437514
0.9500235940114109,0.9980621028437514
0.9500371789738603,0.9980621028437514
0.9500507643248345,0.9980621028437514
0.9500643500643501,0.9980621028437514
0.9500779361924238,0.9980621028437514
0.9500915227090722,0.9980621028437514
0.9500908089865145,0.9980470803851759
0.9501043960758516,0.9980470803851759
0.9501179835538076,0.9980470803851759
0.9501315714203993,0.9980470803851759
0.9501308582297671,0.9980320579266002
0.9501444466691457,0.9980320579266002
0.950158035497204,0.9980320579266002
0.9501716247139588,0.9980320579266002
0.9501852143194268,0.9980320579266002
0.9502123946965688,0.9980320579266002
0.9502259854682762,0.9980320579266002
0.9502395766287635,0.9980320579266002
0.9502531681780473,0.9980320579266002
0.9502667601161443,0.9980320579266002
0.9502803524430713,0.9980320579266002
0.9502939451588448,0.9980320579266002
0.9503075382634816,0.9980320579266002
0.9503211317569984,0.9980320579266002
0.9503347256394118,0.9980320579266002
0.9503483199107385,0.9980320579266002
0.9503619145709954,0.9980320579266002
0.9503755096201988,0.9980320579266002
0.9503891050583657,0.9980320579266002
0.9503883953478391,0.9980170354680247
0.9504019913593317,0.9980170354680247
0.9504012818128496,0.9980020130094491
0.950414878397711,0.9980020130094491
0.9504284753716076,0.9980020130094491
0.950442072734556,0.9980020130094491
0.9504556704865731,0.9980020130094491
0.9504692686276754,0.9980020130094491
0.9504964660772026,0.9980020130094491
0.950510065385661,0.9980020130094491
0.9505236650832714,0.9980020130094491
0.9505372651700505,0.9980020130094491
0.950564466511182,0.9980020130094491
0.9506052714420627,0.9980020130094491
0.9506188738642055,0.9980020130094491
0.9506181672485834,0.9979869905508736
0.9506317702445516,0.9979869905508736
0.9506453736298331,0.9979869905508736
0.9506589774044447,0.9979869905508736
0.950672581568403,0.9979869905508736
0.9507133963965253,0.9979869905508736
0.9507270021180376,0.9979869905508736
0.9507406082289803,0.9979869905508736
0.95075421472937,0.9979869905508736
0.9507678216192235,0.9979869905508736
0.9507814288985573,0.9979869905508736
0.9507950365673885,0.9979869905508736
0.9508086446257336,0.9979869905508736
0.9508358619110322,0.9979869905508736
0.9508494711380194,0.9979869905508736
0.9508630807545874,0.9979869905508736
0.9508766907607529,0.9979869905508736
0.9508903011565327,0.9979869905508736
0.9509039119419436,0.9979869905508736
0.9509175231170021,0.9979869905508736
0.9509447466361294,0.9979869905508736
0.9509583589802316,0.9979869905508736
0.9509719717140485,0.9979869905508736
0.9509855848375968,0.9979869905508736
0.9509991983508933,0.9979869905508736
0.9510128122539546,0.9979869905508736
0.9510264265467976,0.9979869905508736
0.951040041229439,0.9979869905508736
0.9510536563018954,0.9979869905508736
0.9510808876163207,0.9979869905508736
0.951094503858323,0.9979869905508736
0.9511081204902073,0.9979869905508736
0.9511217375119905,0.9979869905508736
0.9511353549236893,0.9979869905508736
0.9511489727253204,0.9979869905508736
0.9511625909169005,0.9979869905508736
0.9511762094984465,0.9979869905508736
0.9511898284699751,0.9979869905508736
0.951203447831503,0.9979869905508736
0.9512170675830469,0.9979869905508736
0.9512579291779429,0.9979869905508736
0.9512715504897188,0.9979869905508736
0.9512851721915945,0.9979869905508736
0.9512987942835868,0.9979869905508736
0.9513124167657124,0.9979869905508736
0.9513260396379883,0.9979869905508736
0.951339662900431,0.9979869905508736
0.9513532865530574,0.9979869905508736
0.9513669105958842,0.9979869905508736
0.9513805350289283,0.9979869905508736
0.9513941598522062,0.9979869905508736
0.9514077850657349,0.9979869905508736
0.9514350366636114,0.9979869905508736
0.9514486630479928,0.9979869905508736
0.951462289822692,0.9979869905508736
0.9514895445431109,0.9979869905508736
0.9515031724888641,0.9979869905508736
0.9515168008250021,0.9979869905508736
0.9515304295515419,0.9979869905508736
0.9515440586685,0.9979869905508736
0.9515985790408525,0.9979869905508736
0.9516258415699757,0.9979869905508736
0.9516394734203326,0.9979869905508736
0.9516667382927214,0.9979869905508736
0.9516803713147867,0.9979869905508736
0.951694004727455,0.9979869905508736
0.9517076385307432,0.9979869905508736
0.951721272724668,0.9979869905508736
0.9517349073092461,0.9979869905508736
0.9517485422844945,0.9979869905508736
0.9517621776504298,0.9979869905508736
0.9517758134070688,0.9979869905508736
0.9517894495544285,0.9979869905508736
0.9518030860925255,0.9979869905508736
0.9518167230213765,0.9979869905508736
0.9518303603409987,0.9979869905508736
0.9518439980514084,0.9979869905508736
0.9518576361526228,0.9979869905508736
0.9518985528012609,0.9979869905508736
0.9519121924658613,0.9979869905508736
0.9519108143350481,0.9979569456337224
0.9519244547617001,0.9979569456337224
0.9519380955792792,0.9979569456337224
0.9519517367878023,0.9979569456337224
0.9519653783872863,0.9979569456337224
0.9519790203777478,0.9979569456337224
0.9519926627592038,0.9979569456337224
0.952006305531671,0.9979569456337224
0.9520056177359951,0.9979419231751468
0.9520192610851558,0.9979419231751468
0.9520329048253723,0.9979419231751468
0.9520465489566613,0.9979419231751468
0.9520601934790398,0.9979419231751468
0.9520738383925245,0.9979419231751468
0.9520874836971321,0.9979419231751468
0.9521011293928797,0.9979419231751468
0.9521147754797838,0.9979419231751468
0.9521284219578615,0.9979419231751468
0.9521420688271295,0.9979419231751468
0.9521557160876046,0.9979419231751468
0.9521693637393037,0.9979419231751468
0.9521830117822435,0.9979419231751468
0.9521966602164409,0.9979419231751468
0.9522103090419127,0.9979419231751468
0.9522082538954431,0.9978968557994201
0.9522219036697248,0.9978968557994201
0.9522355538353474,0.9978968557994201
0.9522628553406827,0.9978968557994201
0.952276506680429,0.9978968557994201
0.9522901584115834,0.9978968557994201
0.9523038105341629,0.9978968557994201
0.9523174630481843,0.9978968557994201
0.9523311159536644,0.9978968557994201
0.9523447692506201,0.9978968557994201
0.9523584229390681,0.9978968557994201
0.9523720770190254,0.9978968557994201
0.9523857314905086,0.9978968557994201
0.9523993863535349,0.9978968557994201
0.9524130416081209,0.9978968557994201
0.9524266972542834,0.9978968557994201
0.9524403532920395,0.9978968557994201
0.9524396713648682,0.9978818333408446
0.9524533279802702,0.9978818333408446
0.9524669849873102,0.9978818333408446
0.9524806423860052,0.9978818333408446
0.9524943001763719,0.9978818333408446
0.9525079583584273,0.9978818333408446
0.9525216169321881,0.9978818333408446
0.9525352758976712,0.9978818333408446
0.9525489352548935,0.9978818333408446
0.9525625950038719,0.9978818333408446
0.9525762551446231,0.9978818333408446
0.952589915677164,0.9978818333408446
0.9526035766015115,0.9978818333408446
0.9526172379176825,0.9978818333408446
0.9526308996256938,0.9978818333408446
0.9526445617255622,0.9978818333408446
0.9526582242173046,0.9978818333408446
0.952671887100938,0.9978818333408446
0.9526712083183937,0.997866810882269
0.9526985356338654,0.997866810882269
0.9527121998795215,0.997866810882269
0.9527258645171469,0.997866810882269
0.9527395295467584,0.997866810882269
0.9527531949683731,0.997866810882269
0.9527805269876788,0.997866810882269
0.9527941935854036,0.997866810882269
0.9528078605751991,0.997866810882269
0.9528215279570817,0.997866810882269
0.9528351957310688,0.997866810882269
0.9528488638971769,0.997866810882269
0.9528625324554231,0.997866810882269
0.9528762014058241,0.997866810882269
0.9528898707483969,0.997866810882269
0.9529035404831583,0.997866810882269
0.9529172106101252,0.997866810882269
0.9529308811293146,0.997866810882269
0.9529445520407431,0.997866810882269
0.9529582233444278,0.997866810882269
0.9529718950403856,0.997866810882269
0.9529855671286334,0.997866810882269
0.9529992396091879,0.997866810882269
0.953012912482066,0.997866810882269
0.9530402594048609,0.997866810882269
0.9530539334548115,0.997866810882269
0.9530676078971534,0.997866810882269
0.9530812827319033,0.997866810882269
0.9530949579590783,0.997866810882269
0.9531086335786951,0.997866810882269
0.9531223095907708,0.997866810882269
0.9531359859953222,0.997866810882269
0.9531353135313532,0.9978517884236934
0.9531489905150023,0.9978517884236934
0.9531626678911721,0.9978517884236934
0.9531763456598792,0.9978517884236934
0.9531900238211406,0.9978517884236934
0.9532037023749731,0.9978517884236934
0.9532173813213938,0.9978517884236934
0.9532310606604193,0.9978517884236934
0.9532447403920669,0.9978517884236934
0.9532721010332951,0.9978517884236934
0.9532857819429096,0.9978517884236934
0.9532994632452138,0.9978517884236934
0.953326827027958,0.9978517884236934
0.953340509508432,0.9978517884236934
0.9533541923816632,0.9978517884236934
0.9533678756476683,0.9978517884236934
0.9533815593064646,0.9978517884236934
0.9533952433580687,0.9978517884236934
0.9534089278024975,0.9978517884236934
0.953422612639768,0.9978517884236934
0.953449983492902,0.9978517884236934
0.9534636695087991,0.9978517884236934
0.9534773559176056,0.9978517884236934
0.9534910427193385,0.9978517884236934
0.9535047299140146,0.9978517884236934
0.9535184175016508,0.9978517884236934
0.9535321054822641,0.9978517884236934
0.9535457938558713,0.9978517884236934
0.9535451269756959,0.9978367659651178
0.9535588159292544,0.9978367659651178
0.9535725052758517,0.9978367659651178
0.9535861950155048,0.9978367659651178
0.9535998851482306,0.9978367659651178
0.9535992189967554,0.9978217435065423
0.9536129097095603,0.9978217435065423
0.9536266008154827,0.9978217435065423
0.9536539842067481,0.9978217435065423
0.9536676764921248,0.9978217435065423
0.9536670112566047,0.9978067210479667
0.9536807041222163,0.9978067210479667
0.9536943973810412,0.9978067210479667
0.9537080910330964,0.9978067210479667
0.9537217850783987,0.9978067210479667
0.9537354795169651,0.9978067210479667
0.9537491743488125,0.9978067210479667
0.9537628695739578,0.9978067210479667
0.9537902612042103,0.9978067210479667
0.9538176544078579,0.9978067210479667
0.9538313515997473,0.9978067210479667
0.9538450491850362,0.9978067210479667
0.9538587471637419,0.9978067210479667
0.953872445535881,0.9978067210479667
0.9538861443014706,0.9978067210479667
0.953885482041045,0.9977916985893911
0.9538991813873331,0.9977916985893911
0.9539128811271166,0.9977916985893911
0.953912219222152,0.9977766761308156
0.9539259195427061,0.9977766761308156
0.953925257805992,0.99776165367224
0.9539389587073609,0.99776165367224
0.9539382971389176,0.9977466312136645
0.9539519986211453,0.9977466312136645
0.9539657004969694,0.9977466312136645
0.9539794027664067,0.9977466312136645
0.9540068084861891,0.9977466312136645
0.9540205119365681,0.9977466312136645
0.9540342157806283,0.9977466312136645
0.9540479200183866,0.9977466312136645
0.95406162464986,0.9977466312136645
0.9540753296750654,0.9977466312136645
0.9540890350940198,0.9977466312136645
0.9541027409067402,0.9977466312136645
0.9541164471132436,0.9977466312136645
0.9541301537135469,0.9977466312136645
0.9541438607076671,0.9977466312136645
0.9541575680956212,0.9977466312136645
0.9541712758774261,0.9977466312136645
0.9541986926226564,0.9977466312136645
0.9542124015861158,0.9977466312136645
0.9542398206948076,0.9977466312136645
0.9542535308400741,0.9977466312136645
0.9542672413793103,0.9977466312136645
0.9542809523125332,0.9977466312136645
0.9542946636397598,0.9977466312136645
0.954308375361007,0.9977466312136645
0.9543220874762918,0.9977466312136645
0.9543357999856311,0.9977466312136645
0.9543495128890421,0.9977466312136645
0.9543632261865418,0.9977466312136645
0.9543769398781469,0.9977466312136645
0.9543762842896352,0.9977316087550888
0.9543899985630119,0.9977316087550888
0.9544037132305393,0.9977316087550888
0.9544174282922343,0.9977316087550888
0.9544722924810302,0.9977316087550888
0.954486009513818,0.9977316087550888
0.9544997269408755,0.9977316087550888
0.9545134447622196,0.9977316087550888
0.9545271629778672,0.9977316087550888
0.9545408815878355,0.9977316087550888
0.9545546005921411,0.9977316087550888
0.9545539474251549,0.9977165862965133
0.9545676670116132,0.9977165862965133
0.9545813869924542,0.9977165862965133
0.9545951073676948,0.9977165862965133
0.9545944547453754,0.9977015638379377
0.9546081757028689,0.9977015638379377
0.9546218970548073,0.9977015638379377
0.9546356188012074,0.9977015638379377
0.9546493409420863,0.9977015638379377
0.9546630634774609,0.9977015638379377
0.9546624117756982,0.9976865413793622
0.9546761348934825,0.9976865413793622
0.9547035823126905,0.9976865413793622
0.9547173066141483,0.9976865413793622
0.9547310313101981,0.9976865413793622
0.9547447564008568,0.9976865413793622
0.9547584818861414,0.9976865413793622
0.9547722077660691,0.9976865413793622
0.9547859340406567,0.9976865413793622
0.9547996607099214,0.9976865413793622
0.95481338777388,0.9976865413793622
0.9548271152325498,0.9976865413793622
0.9548408430859476,0.9976865413793622
0.9548545713340906,0.9976865413793622
0.9548682999769956,0.9976865413793622
0.9548820290146799,0.9976865413793622
0.9548957584471603,0.9976865413793622
0.954909488274454,0.9976865413793622
0.9549232184965779,0.9976865413793622
0.9549369491135491,0.9976865413793622
0.9549506801253846,0.9976865413793622
0.9549644115321015,0.9976865413793622
0.9549781433337168,0.9976865413793622
0.9549918755302474,0.9976865413793622
0.9550056081217106,0.9976865413793622
0.9550193411081233,0.9976865413793622
0.9550330744895025,0.9976865413793622
0.9550468082658652,0.9976865413793622
0.9550605424372286,0.9976865413793622
0.9550742770036096,0.9976865413793622
0.9550880119650254,0.9976865413793622
0.9550873660746386,0.9976715189207865
0.9551011016193517,0.9976715189207865
0.9551148375591446,0.9976715189207865
0.9551285738940344,0.9976715189207865
0.9551423106240382,0.9976715189207865
0.9551560477491731,0.9976715189207865
0.955169785269456,0.9976715189207865
0.955183523184904,0.9976715189207865
0.9551972614955341,0.9976715189207865
0.9551966170928862,0.997656496462211
0.9552103559870551,0.997656496462211
0.9552240952764512,0.997656496462211
0.955237834961092,0.997656496462211
0.9552515750409942,0.997656496462211
0.955265315516175,0.997656496462211
0.9552790563866513,0.997656496462211
0.9552927976524404,0.997656496462211
0.9553065393135591,0.997656496462211
0.9553058963994419,0.9976414740036355
0.9553196386443409,0.9976414740036355
0.9553471243202808,0.9976414740036355
0.9553608677513559,0.9976414740036355
0.9553602255725631,0.9976264515450599
0.9553595833752931,0.9976114290864843
0.9553870721777036,0.9976114290864843
0.9554008171721241,0.9976114290864843
0.9554001755218898,0.9975964066279087
0.9554139211003366,0.9975964066279087
0.9554276670743111,0.9975964066279087
0.9554414134438306,0.9975964066279087
0.9554551602089119,0.9975964066279087
0.9554689073695721,0.9975964066279087
0.9554826549258284,0.9975964066279087
0.9554964028776979,0.9975964066279087
0.9554957625289573,0.9975813841693332
0.9555095110650667,0.9975813841693332
0.9555232599968344,0.9975813841693332
0.9555370093242777,0.9975813841693332
0.9555507590474135,0.9975813841693332
0.955564509166259,0.9975813841693332
0.9555782596808312,0.9975813841693332
0.9555920105911472,0.9975813841693332
0.9556057618972241,0.9975813841693332
0.955619513599079,0.9975813841693332
0.955618874929845,0.9975663617107576
0.9556182362422289,0.997551339252182
0.955631988717314,0.997551339252182
0.9556457415882336,0.997551339252182
0.9556594948550047,0.997551339252182
0.9557007570305979,0.997551339252182
0.9557145118809459,0.997551339252182
0.9557282671272309,0.997551339252182
0.9557276299313462,0.9975363167936064
0.9557269927171191,0.9975212943350309
0.9557407487369921,0.9975212943350309
0.9557545051528585,0.9975212943350309
0.9557682619647355,0.9975212943350309
0.9557820191726402,0.9975212943350309
0.9557957767765894,0.9975212943350309
0.9558095347766007,0.9975212943350309
0.9558232931726908,0.9975212943350309
0.9558370519648769,0.9975212943350309
0.9558364162432164,0.9975062718764554
0.9558639353937841,0.9975062718764554
0.9558776955632972,0.9975062718764554
0.9558914561289859,0.9975062718764554
0.9559052170908672,0.9975062718764554
0.9559189784489585,0.9975062718764554
0.9559327402032766,0.9975062718764554
0.9559465023538388,0.9975062718764554
0.9559602649006622,0.9975062718764554
0.955974027843764,0.9975062718764554
0.955987791183161,0.9975062718764554
0.9560015549188706,0.9975062718764554
0.95601531905091,0.9975062718764554
0.956029083579296,0.9975062718764554
0.9560284504852132,0.9974912494178797
0.9560422155990382,0.9974912494178797
0.9560415826758049,0.9974762269593042
0.9560553483751134,0.9974762269593042
0.9560691144708423,0.9974762269593042
0.9560828809630089,0.9974762269593042
0.95609664785163,0.9974762269593042
0.956110415136723,0.9974762269593042
0.9561241828183049,0.9974762269593042
0.9561379508963929,0.9974762269593042
0.956151719371004,0.9974762269593042
0.9561654882421554,0.9974762269593042
0.9561792575098643,0.9974762269593042
0.9561786264598724,0.9974612045007286
0.9562061665634586,0.9974612045007286
0.9562474796935307,0.9974612045007286
0.9562750237635741,0.9974612045007286
0.9562887963936457,0.9974612045007286
0.9563025694204401,0.9974612045007286
0.9563163428439746,0.9974612045007286
0.9563301166642661,0.9974612045007286
0.956343890881332,0.9974612045007286
0.9563576654951893,0.9974612045007286
0.9563714405058551,0.9974612045007286
0.956398991717681,0.9974612045007286
0.9564127679188753,0.9974612045007286
0.9564265445169469,0.9974612045007286
0.9564403215119126,0.9974612045007286
0.95645409890379,0.9974612045007286
0.9564678766925958,0.9974612045007286
0.9564816548783475,0.9974612045007286
0.9565229918174484,0.9974612045007286
0.9565505517618924,0.9974612045007286
0.9565643323296789,0.9974612045007286
0.9565781132945312,0.9974612045007286
0.9565918946564665,0.9974612045007286
0.9566056764155021,0.9974612045007286
0.956619458571655,0.9974612045007286
0.9566332411249424,0.9974612045007286
0.9566470240753815,0.9974612045007286
0.9566463994467337,0.9974461820421531
0.9566739669183333,0.9974461820421531
0.9566733426508941,0.9974311595835774
0.9566871271721276,0.9974311595835774
0.9567009120906039,0.9974311595835774
0.9567146974063401,0.9974311595835774
0.9567284831193533,0.9974311595835774
0.9567422692296608,0.9974311595835774
0.9567560557372797,0.9974311595835774
0.9567698426422272,0.9974311595835774
0.9567836299445205,0.9974311595835774
0.9567974176441767,0.9974311595835774
0.9568112057412131,0.9974311595835774
0.9568249942356467,0.9974311595835774
0.9568525724167748,0.9974311595835774
0.9568663621035034,0.9974311595835774
0.9568801521876982,0.9974311595835774
0.9568939426693761,0.9974311595835774
0.9569077335485545,0.9974311595835774
0.95690711248829,0.9974161371250019
0.9569209039548022,0.9974161371250019
0.9569346958188605,0.9974161371250019
0.9569340751203482,0.9974011146664263
0.9569478675718136,0.9974011146664263
0.9569616604208706,0.9974011146664263
0.9569754536675363,0.9974011146664263
0.957016835793358,0.9974011146664263
0.9570306306306307,0.9974011146664263
0.957044425865598,0.9974011146664263
0.9570582214982775,0.9974011146664263
0.9570720175286859,0.9974011146664263
0.9570858139568408,0.9974011146664263
0.9570996107827591,0.9974011146664263
0.9571134080064582,0.9974011146664263
0.9571272056279553,0.9974011146664263
0.9571410036472674,0.9974011146664263
0.9571403857797768,0.9973860922078507
0.9571541843869387,0.9973860922078507
0.9571679833919613,0.9973860922078507
0.9571817827948618,0.9973860922078507
0.9571955825956575,0.9973860922078507
0.9572093827943657,0.9973860922078507
0.9572231833910034,0.9973860922078507
0.957236984385588,0.9973860922078507
0.9572363678306757,0.9973710697492751
0.9572501694133253,0.9973710697492751
0.9572639713939674,0.9973710697492751
0.9572777737726191,0.9973710697492751
0.95727715777028,0.9973560472906996
0.9572909607370986,0.9973560472906996
0.9573047641019725,0.9973560472906996
0.9573185678649191,0.9973560472906996
0.9573323720259553,0.9973560472906996
0.957359981542366,0.9973560472906996
0.957373786897775,0.9973560472906996
0.9574013988030861,0.9973560472906996
0.9574152053530226,0.9973560472906996
0.9574290123011695,0.9973560472906996
0.9574428196475441,0.9973560472906996
0.9574566273921634,0.9973560472906996
0.9574704355350447,0.9973560472906996
0.9574842440762054,0.9973560472906996
0.9574980530156624,0.9973560472906996
0.9575118623534332,0.9973560472906996
0.957525672089535,0.9973560472906996
0.957539482223985,0.9973560472906996
0.9575532927568005,0.9973560472906996
0.9575809150175965,0.9973560472906996
0.9576085388720612,0.9973560472906996
0.9576223513969623,0.9973560472906996
0.9576361643203324,0.9973560472906996
0.9576355532476525,0.9973410248321241
0.9576631806707537,0.9973410248321241
0.9576769949800935,0.9973410248321241
0.9576908096879824,0.9973410248321241
0.9577046247944375,0.9973410248321241
0.9577040146564533,0.9973260023735484
0.9577178303519908,0.9973260023735484
0.9577316464461403,0.9973260023735484
0.9577310366715716,0.9973109799149729
0.9577586704368399,0.9973109799149729
0.9577863057968087,0.9973109799149729
0.9578001240748488,0.9973109799149729
0.9578139427516159,0.9973109799149729
0.957813334102812,0.9972959574563973
0.9578271533689222,0.9972959574563973
0.9578409730338051,0.9972959574563973
0.9578547930974779,0.9972959574563973
0.9578686135599579,0.9972959574563973
0.9578824344212622,0.9972959574563973
0.9578962556814082,0.9972959574563973
0.9579100773404132,0.9972959574563973
0.9579238993982945,0.9972959574563973
0.9579377218550691,0.9972959574563973
0.9579515447107545,0.9972959574563973
0.957965367965368,0.9972959574563973
0.9579791916189266,0.9972959574563973
0.9579930156714479,0.9972959574563973
0.958006840122949,0.9972959574563973
0.9580206649734473,0.9972959574563973
0.9580200591673281,0.9972809349978218
0.958033884607614,0.9972809349978218
0.9580477104469427,0.9972809349978218
0.9580471050049068,0.9972659125392461
0.9580885854897603,0.9972659125392461
0.9581024131162683,0.9972659125392461
0.958116241141917,0.9972659125392461
0.9581300695667234,0.9972659125392461
0.9581577276138791,0.9972659125392461
0.9581853872578736,0.9972659125392461
0.9581992176787286,0.9972659125392461
0.9582130484988453,0.9972659125392461
0.9582268797182407,0.9972659125392461
0.9582407113369323,0.9972659125392461
0.9582545433549374,0.9972659125392461
0.9582683757722732,0.9972659125392461
0.9582822085889571,0.9972659125392461
0.9582960418050062,0.9972659125392461
0.958309875420438,0.9972659125392461
0.9583237094352697,0.9972659125392461
0.9583375438495185,0.9972659125392461
0.958351378663202,0.9972659125392461
0.9583652138763372,0.9972659125392461
0.9583790494889415,0.9972659125392461
0.9583928855010322,0.9972659125392461
0.9584067219126267,0.9972659125392461
0.9584205587237421,0.9972659125392461
0.9584343959343959,0.9972659125392461
0.9584482335446054,0.9972659125392461
0.9584620715543877,0.9972659125392461
0.9584759099637603,0.9972659125392461
0.9584753104244874,0.9972508900806706
0.9584747108679016,0.997235867622095
0.958488550059199,0.997235867622095
0.9585023896501437,0.997235867622095
0.9585162296407531,0.997235867622095
0.9585300700310447,0.997235867622095
0.9585439108210356,0.997235867622095
0.9585577520107432,0.997235867622095
0.9585715936001848,0.997235867622095
0.9585854355893778,0.997235867622095
0.9585992779783393,0.997235867622095
0.9586131207670869,0.997235867622095
0.9586269639556377,0.997235867622095
0.9586408075440092,0.997235867622095
0.9586546515322185,0.997235867622095
0.958668495920283,0.997235867622095
0.9586823407082202,0.997235867622095
0.9586961858960472,0.997235867622095
0.9587100314837815,0.997235867622095
0.9587238774714403,0.997235867622095
0.958737723859041,0.997235867622095
0.9587515706466009,0.997235867622095
0.9587654178341373,0.997235867622095
0.9587792654216676,0.997235867622095
0.958793113409209,0.997235867622095
0.958806961796779,0.997235867622095
0.958820810584395,0.997235867622095
0.958834659772074,0.997235867622095
0.9588485093598336,0.997235867622095
0.958862359347691,0.997235867622095
0.9588762097356637,0.997235867622095
0.9588900605237689,0.997235867622095
0.9589177633004463,0.997235867622095
0.9589171698494785,0.9972208451635195
0.9589310220296136,0.9972208451635195
0.9589448746099619,0.9972208451635195
0.9589587275905407,0.9972208451635195
0.9589725809713675,0.9972208451635195
0.9589864347524595,0.9972208451635195
0.9590002889338342,0.9972208451635195
0.9590141435155087,0.9972208451635195
0.9590135513883672,0.9972058227049438
0.9590274065619717,0.9972058227049438
0.9590412621359223,0.9972058227049438
0.9590551181102362,0.9972058227049438
0.9591105460114722,0.9972058227049438
0.959124403987863,0.9972058227049438
0.9591382623647213,0.9972058227049438
0.9591521211420645,0.9972058227049438
0.9591659803199098,0.9972058227049438
0.9591798398982747,0.9972058227049438
0.9591936998771765,0.9972058227049438
0.9592075602566326,0.9972058227049438
0.9592214210366603,0.9972058227049438
0.9592352822172769,0.9972058227049438
0.9592491437985,0.9972058227049438
0.9592630057803468,0.9972058227049438
0.9592768681628348,0.9972058227049438
0.959290730945981,0.9972058227049438
0.9593045941298033,0.9972058227049438
0.9593184577143188,0.9972058227049438
0.9593323216995447,0.9972058227049438
0.9593461860854987,0.9972058227049438
0.959360050872198,0.9972058227049438
0.9593877816479022,0.9972058227049438
0.9594016476369418,0.9972058227049438
0.9594010608622758,0.9971908002463683
0.9594149274440654,0.9971908002463683
0.9594287944266987,0.9971908002463683
0.9594565295945653,0.9971908002463683
0.9594703977798335,0.9971908002463683
0.9594698119480219,0.9971757777877928
0.9594692260992744,0.9971607553292172
0.9594830950694555,0.9971607553292172
0.9594969644405897,0.9971607553292172
0.9595247043857874,0.9971607553292172
0.9595385749598855,0.9971607553292172
0.9595524459350063,0.9971607553292172
0.9595663173111674,0.9971607553292172
0.9595801890883858,0.9971607553292172
0.9596079338460649,0.9971607553292172
0.9596218068265603,0.9971607553292172
0.9596356802081827,0.9971607553292172
0.9596495539909498,0.9971607553292172
0.9596634281748786,0.9971607553292172
0.9596773027599868,0.9971607553292172
0.9596911777462915,0.9971607553292172
0.9597050531338105,0.9971607553292172
0.9597044705338037,0.9971457328706416
0.9597038879169498,0.997130710412066
0.9597177640901073,0.997130710412066
0.9597316406645364,0.997130710412066
0.9597455176402545,0.997130710412066
0.959759395017279,0.997130710412066
0.9597732727956274,0.997130710412066
0.9597871509753171,0.997130710412066
0.9598010295563654,0.997130710412066
0.9598149085387897,0.997130710412066
0.9598287879226075,0.997130710412066
0.9598426677078362,0.997130710412066
0.9598565478944933,0.997130710412066
0.9598704284825961,0.997130710412066
0.9598981908632085,0.997130710412066
0.9599120726557528,0.997130710412066
0.9599259548498127,0.997130710412066
0.9599398374454053,0.997130710412066
0.9599537204425482,0.997130710412066
0.9599531412703922,0.9971156879534905
0.9599670248615189,0.9971156879534905
0.959980908854242,0.9971156879534905
0.959994793248579,0.9971156879534905
0.9600086780445473,0.9971156879534905
0.9600225632421643,0.9971156879534905
0.9600364488414476,0.9971156879534905
0.9600358708072378,0.9971006654949149
0.9600497570006943,0.9971006654949149
0.9600636435958632,0.9971006654949149
0.9600775305927619,0.9971006654949149
0.9600914179914078,0.9971006654949149
0.9601053057918185,0.9971006654949149
0.960104728703476,0.9970856430363393
0.9601186170982208,0.9970856430363393
0.9601325058947764,0.9970856430363393
0.9601463950931605,0.9970856430363393
0.9601741746954836,0.9970856430363393
0.9601880650994575,0.9970856430363393
0.9602019559053295,0.9970856430363393
0.9602158471131172,0.9970856430363393
0.9602297387228379,0.9970856430363393
0.960243630734509,0.9970856430363393
0.9602575231481482,0.9970856430363393
0.9602714159637726,0.9970856430363393
0.9602853091813999,0.9970856430363393
0.9602992028010475,0.9970856430363393
0.9603130968227328,0.9970856430363393
0.9603125226072488,0.9970706205777637
0.9603264172237174,0.9970706205777637
0.9603542076629239,0.9970706205777637
0.9603819997106062,0.9970706205777637
0.9603958963376695,0.9970706205777637
0.960409793366904,0.9970706205777637
0.9604236907983272,0.9970706205777637
0.9604375886319567,0.9970706205777637
0.9604514868678099,0.9970706205777637
0.9604653855059041,0.9970706205777637
0.9604792845462571,0.9970706205777637
0.960493183988886,0.9970706205777637
0.9605070838338085,0.9970706205777637
0.9605209840810419,0.9970706205777637
0.9605348847306039,0.9970706205777637
0.9605487857825118,0.9970706205777637
0.9605626872367831,0.9970706205777637
0.9605765890934352,0.9970706205777637
0.9605904913524858,0.9970706205777637
0.960604394013952,0.9970706205777637
0.9606182970778516,0.9970706205777637
0.9606177270885197,0.9970555981191882
0.9606455348096685,0.9970555981191882
0.9606594392739799,0.9970555981191882
0.960673344140806,0.9970555981191882
0.9606727749070013,0.9970405756606127
0.9607423062447527,0.9970405756606127
0.9607840298788344,0.9970405756606127
0.9607979385622051,0.9970405756606127
0.9608257571370664,0.9970405756606127
0.9608396670285921,0.9970405756606127
0.9608535773228711,0.9970405756606127
0.960867488019921,0.9970405756606127
0.9608813991197591,0.9970405756606127
0.960880832766284,0.997025553202037
0.9608947444621398,0.997025553202037
0.9609086565608305,0.997025553202037
0.9609225690623733,0.997025553202037
0.9609364819667858,0.997025553202037
0.9609503952740857,0.997025553202037
0.9609498298704119,0.9970105307434615
0.9609637437738909,0.9970105307434615
0.9609776580803034,0.9970105307434615
0.9609915727896673,0.9970105307434615
0.9610054879019997,0.9970105307434615
0.9610194034173183,0.9970105307434615
0.9610333193356405,0.9970105307434615
0.961047235656984,0.9970105307434615
0.9610611523813661,0.9970105307434615
0.9610750695088045,0.9970105307434615
0.9610889870393164,0.9970105307434615
0.9611029049729197,0.9970105307434615
0.9611168233096318,0.9970105307434615
0.9611307420494699,0.9970105307434615
0.961144661192452,0.9970105307434615
0.9611585807385952,0.9970105307434615
0.9611725006879173,0.9970105307434615
0.9611864210404356,0.9970105307434615
0.9612003417961679,0.9970105307434615
0.9612142629551313,0.9970105307434615
0.9612281845173437,0.9970105307434615
0.9612421064828226,0.9970105307434615
0.9612838747990324,0.9970105307434615
0.961297798377752,0.9970105307434615
0.9612972377931314,0.9969955082848859
0.9613111619687709,0.9969955082848859
0.9613250865477933,0.9969955082848859
0.9613390115302162,0.9969955082848859
0.961352936916057,0.9969955082848859
0.9613523770895501,0.9969804858263104
0.961351817246824,0.9969654633677347
0.9613657434233399,0.9969654633677347
0.9613651837580217,0.9969504409091592
0.9613791105316529,0.9969504409091592
0.961393037708789,0.9969504409091592
0.9614069652894478,0.9969504409091592
0.9614208932736465,0.9969504409091592
0.9614348216614029,0.9969504409091592
0.9614487504527345,0.9969504409091592
0.9614626796476587,0.9969504409091592
0.9614766092461933,0.9969504409091592
0.9614905392483556,0.9969504409091592
0.9615044696541633,0.9969504409091592
0.9615184004636337,0.9969504409091592
0.9615323316767846,0.9969504409091592
0.9615462632936336,0.9969504409091592
0.9615601953141979,0.9969504409091592
0.9615741277384954,0.9969504409091592
0.9615880605665436,0.9969504409091592
0.9616019937983598,0.9969504409091592
0.9616159274339617,0.9969504409091592
0.9616298614733669,0.9969504409091592
0.961643795916593,0.9969504409091592
0.9616577307636575,0.9969504409091592
0.9616716660145778,0.9969504409091592
0.9616856016693717,0.9969504409091592
0.9616995377280566,0.9969504409091592
0.9617134741906501,0.9969504409091592
0.9617274110571697,0.9969504409091592
0.9617413483276331,0.9969504409091592
0.9617407938785271,0.9969354184505836
0.9617402394133503,0.9969203959920081
0.9617541774756888,0.9969203959920081
0.9617681159420289,0.9969203959920081
0.9617820548123885,0.9969203959920081
0.961879638218924,0.9969203959920081
0.961893580322071,0.9969203959920081
0.9619075228293955,0.9969203959920081
0.9619214657409152,0.9969203959920081
0.9619354090566475,0.9969203959920081
0.9619493527766101,0.9969203959920081
0.9619632969008205,0.9969203959920081
0.9619772414292962,0.9969203959920081
0.9619766902470138,0.9969053735334324
0.9619906353739327,0.9969053735334324
0.9620045809051637,0.9969053735334324
0.9620464199249047,0.9969053735334324
0.9620603670735597,0.9969053735334324
0.9620743146266146,0.9969053735334324
0.9620882625840872,0.9969053735334324
0.9621022109459949,0.9969053735334324
0.9621161597123554,0.9969053735334324
0.9621301088831862,0.9969053735334324
0.9621440584585049,0.9969053735334324
0.9621580084383291,0.9969053735334324
0.9621719588226765,0.9969053735334324
0.9621859096115646,0.9969053735334324
0.962199860805011,0.9969053735334324
0.9622138124030334,0.9969053735334324
0.9622277644056492,0.9969053735334324
0.9622417168128761,0.9969053735334324
0.9622556696247317,0.9969053735334324
0.9622551223119644,0.9968903510748569
0.9622690757228619,0.9968903510748569
0.9622830295384348,0.9968903510748569
0.9622969837587007,0.9968903510748569
0.9623109383836772,0.9968903510748569
0.9623103918327097,0.9968753286162814
0.9623243470568615,0.9968753286162814
0.9623383026857706,0.9968753286162814
0.9623522587194547,0.9968753286162814
0.9623662151579314,0.9968753286162814
0.9623656693689905,0.9968603061577058
0.9623796264067758,0.9968603061577058
0.9623935838494003,0.9968603061577058
0.9624075416968818,0.9968603061577058
0.9624214999492379,0.9968603061577058
0.9624209549225503,0.9968452836991302
0.9624349137743484,0.9968452836991302
0.9624488730310677,0.9968452836991302
0.9624483283776923,0.9968302612405546
0.962462288233929,0.9968302612405546
0.9624617437593375,0.9968152387819791
0.9624757042151374,0.9968152387819791
0.9624896650759345,0.9968152387819791
0.9625036263417465,0.9968152387819791
0.9625175880125908,0.9968152387819791
0.9625315500884853,0.9968152387819791
0.9625455125694474,0.9968152387819791
0.9625594754554949,0.9968152387819791
0.9625734387466454,0.9968152387819791
0.9625874024429164,0.9968152387819791
0.9625868597043507,0.9968002163234035
0.9626008240004642,0.9968002163234035
0.9626147887017452,0.9968002163234035
0.9626287538082112,0.9968002163234035
0.9626427193198799,0.9968002163234035
0.9626566852367688,0.9968002163234035
0.9626561434561203,0.9967851938648279
0.9626701099730145,0.9967851938648279
0.9626840768951759,0.9967851938648279
0.9626980442226221,0.9967851938648279
0.9627120119553705,0.9967851938648279
0.962725980093439,0.9967851938648279
0.9627399486368451,0.9967851938648279
0.9627539175856065,0.9967851938648279
0.9627678869397408,0.9967851938648279
0.9627818566992657,0.9967851938648279
0.962795826864199,0.9967851938648279
0.962809797434558,0.9967851938648279
0.9628092577813249,0.9967701714062523
0.9628232289520272,0.9967701714062523
0.9628372005282022,0.9967701714062523
0.9628511725098676,0.9967701714062523
0.9628506334257231,0.9967551489476768
0.9628646060078363,0.9967551489476768
0.9628785789954868,0.9967551489476768
0.9628925523886922,0.9967551489476768
0.9629065261874701,0.9967551489476768
0.9629205003918382,0.9967551489476768
0.9629344750018141,0.9967551489476768
0.9629484500174156,0.9967551489476768
0.9629624254386602,0.9967551489476768
0.9629764012655656,0.9967551489476768
0.9629903774981495,0.9967551489476768
0.9630043541364296,0.9967551489476768
0.9630183311804236,0.9967551489476768
0.9630323086301489,0.9967551489476768
0.9630462864856235,0.9967551489476768
0.9630602647468648,0.9967551489476768
0.9630742434138907,0.9967551489476768
0.9630882224867188,0.9967551489476768
0.9631022019653666,0.9967551489476768
0.9631161818498519,0.9967551489476768
0.9631156464559957,0.9967401264891012
0.9631436078328905,0.9967401264891012
0.9631575891301823,0.9967401264891012
0.9631715708333938,0.9967401264891012
0.9631855529425427,0.9967401264891012
0.9631995354576468,0.9967401264891012
0.9631990012194414,0.9967251040305256
0.9632129843357577,0.9967251040305256
0.9632269678580762,0.9967251040305256
0.9632264339948607,0.9967100815719501
0.963240418118467,0.9967100815719501
0.9632544026481221,0.9967100815719501
0.9632683875838439,0.9967100815719501
0.9632823729256501,0.9967100815719501
0.9632963586735582,0.9967100815719501
0.9633103448275863,0.9967100815719501
0.9633243313877515,0.9967100815719501
0.963338318354072,0.9967100815719501
0.9633523057265653,0.9967100815719501
0.9633662935052489,0.9967100815719501
0.9633802816901409,0.9967100815719501
0.9633797499600691,0.9966950591133745
0.9633937387465876,0.9966950591133745
0.9634077279393614,0.9966950591133745
0.9634217175384079,0.9966950591133745
0.963435707543745,0.9966950591133745
0.9634496979553904,0.9966950591133745
0.9634636887733616,0.9966950591133745
0.9634776799976765,0.9966950591133745
0.9634916716283528,0.9966950591133745
0.963491141446413,0.9966800366547989
0.9635051336789672,0.9966800366547989
0.9635191263179297,0.9966800366547989
0.9635331193633182,0.9966800366547989
0.9635471128151505,0.9966800366547989
0.9635890956094869,0.9966800366547989
0.9636030906872712,0.9966800366547989
0.9636025620542912,0.9966650141962233
0.9636165577342048,0.9966650141962233
0.9636305538206801,0.9966650141962233
0.9636445503137346,0.9966650141962233
0.9636585472133862,0.9966650141962233
0.9636725445196526,0.9966650141962233
0.9636865422325513,0.9966650141962233
0.9637005403521004,0.9966650141962233
0.9637145388783174,0.9966650141962233
0.9637565368971528,0.9966650141962233
0.9637705370502186,0.9966650141962233
0.9637700107498766,0.9966499917376478
0.9637840115054404,0.9966499917376478
0.9637980126677901,0.9966499917376478
0.9638120142369434,0.9966499917376478
0.9638260162129181,0.9966499917376478
0.9638400185957317,0.9966499917376478
0.9638540213854021,0.9966499917376478
0.9638680245819471,0.9966499917376478
0.9638674996367863,0.9966349692790722
0.9638815034360516,0.9966349692790722
0.9638955076422386,0.9966349692790722
0.9639095122553649,0.9966349692790722
0.9639235172754482,0.9966349692790722
0.9639375227025063,0.9966349692790722
0.963951528536557,0.9966349692790722
0.9639655347776179,0.9966349692790722
0.9639650111882828,0.9966199468204966
0.9639644875837317,0.996604924361921
0.9639784946236559,0.996604924361921
0.963977971199814,0.9965899019033455
0.9639919788427447,0.9965899019033455
0.9640059868927736,0.9965899019033455
0.9640199953499187,0.9965899019033455
0.9640340042141975,0.9965899019033455
0.964048013485628,0.9965899019033455
0.9640620231642277,0.9965899019033455
0.9640760332500146,0.9965899019033455
0.9640900437430062,0.9965899019033455
0.9641040546432205,0.9965899019033455
0.9641180659506751,0.9965899019033455
0.964117544471573,0.99657487944477
0.964145568700404,0.99657487944477
0.9641595814257685,0.99657487944477
0.9641735945584559,0.99657487944477
0.964187608098484,0.99657487944477
0.9642016220458708,0.99657487944477
0.9642156364006337,0.99657487944477
0.9642296511627907,0.99657487944477
0.9642436663323595,0.99657487944477
0.9642576819093578,0.99657487944477
0.9642716978938035,0.99657487944477
0.9642711785568928,0.9965598569861943
0.964285195144996,0.9965598569861943
0.9642992121405937,0.9965598569861943
0.9643132295437036,0.9965598569861943
0.9643127107803233,0.9965448345276188
0.964326728787196,0.9965448345276188
0.9643407472016281,0.9965448345276188
0.9643547660236375,0.9965448345276188
0.9643542478339245,0.9965298120690432
0.964368267259802,0.9965298120690432
0.9643822870933039,0.9965298120690432
0.9643817692810933,0.9965147896104677
0.9643957897185392,0.9965147896104677
0.9644098105636567,0.9965147896104677
0.9644092931290164,0.996499767151892
0.9644233145781539,0.996499767151892
0.9644373364350102,0.996499767151892
0.9644513586996031,0.996499767151892
0.9644653813719504,0.996499767151892
0.9644794044520697,0.996499767151892
0.964493427939979,0.996499767151892
0.9645074518356961,0.996499767151892
0.9645355008506246,0.996499767151892
0.9645495259698714,0.996499767151892
0.9645490104840703,0.9964847446933165
0.9645630362076487,0.9964847446933165
0.9645770623391353,0.9964847446933165
0.9645910888785482,0.9964847446933165
0.9646051158259049,0.9964847446933165
0.9646191431812233,0.9964847446933165
0.9646331709445212,0.9964847446933165
0.9646471991158164,0.9964847446933165
0.9646612276951267,0.9964847446933165
0.96467525668247,0.9964847446933165
0.9646892860778639,0.9964847446933165
0.9647033158813264,0.9964847446933165
0.9647173460928751,0.9964847446933165
0.964731376712528,0.9964847446933165
0.9647454077403028,0.9964847446933165
0.9647594391762173,0.9964847446933165
0.9647734710202894,0.9964847446933165
0.9647875032725368,0.9964847446933165
0.9648015359329775,0.9964847446933165
0.964815569001629,0.9964847446933165
0.9648150572355311,0.996469722234741
0.9648145454545455,0.9964546997761654
0.9648285793247902,0.9964546997761654
0.9648426136033048,0.9964546997761654
0.9648421022008233,0.9964396773175898
0.9648561370843395,0.9964396773175898
0.9648701723761728,0.9964396773175898
0.9648842080763412,0.9964396773175898
0.9648982441848625,0.9964396773175898
0.9649543927028325,0.9964396773175898
0.9649684308533854,0.9964396773175898
0.964982469412398,0.9964396773175898
0.9649965083798883,0.9964396773175898
0.9649959991270822,0.9964246548590142
0.9650100386999156,0.9964246548590142
0.9650240786812739,0.9964246548590142
0.9650521598696367,0.9964246548590142
0.9650662010766768,0.9964246548590142
0.9650802426923133,0.9964246548590142
0.9651083271494464,0.9964246548590142
0.9651223699909787,0.9964246548590142
0.9651364132411786,0.9964246548590142
0.9651504569000641,0.9964246548590142
0.9651645009676527,0.9964246548590142
0.9651785454439626,0.9964246548590142
0.9651780387363397,0.9964096324004387
0.9651920838183935,0.9964096324004387
0.9652061293092158,0.9964096324004387
0.9652201752088244,0.9964096324004387
0.9652342215172374,0.9964096324004387
0.9652337155829792,0.9963946099418631
0.9652332096339955,0.9963795874832875
0.9652472567453503,0.9963795874832875
0.9652613042655683,0.9963795874832875
0.9652753521946676,0.9963795874832875
0.9652748468221973,0.9963645650247119
0.9652888953572988,0.9963645650247119
0.9653029443013288,0.9963645650247119
0.9653169936543051,0.9963645650247119
0.9653310434162458,0.9963645650247119
0.9653450935871685,0.9963645650247119
0.9653591441670912,0.9963645650247119
0.9653731951560317,0.9963645650247119
0.9653872465540079,0.9963645650247119
0.9654012983610375,0.9963645650247119
0.965429403202329,0.9963645650247119
0.9654288999839882,0.9963495425661364
0.965442953215523,0.9963495425661364
0.9654710609060208,0.9963495425661364
0.9654705582647937,0.9963345201075609
0.9654846129210702,0.9963345201075609
0.9654986679865488,0.9963345201075609
0.9655127234612473,0.9963345201075609
0.9655267793451835,0.9963345201075609
0.9655408356383753,0.9963345201075609
0.9655548923408406,0.9963345201075609
0.9655830069736632,0.9963345201075609
0.9655970649040562,0.9963345201075609
0.9656111232437942,0.9963345201075609
0.965625181992895,0.9963345201075609
0.9656392411513766,0.9963345201075609
0.9656387408636906,0.9963194976489852
0.965652800628995,0.9963194976489852
0.9656668608037274,0.9963194976489852
0.9656809213879061,0.9963194976489852
0.9656949823815487,0.9963194976489852
0.9657090437846731,0.9963194976489852
0.9657231055972975,0.9963194976489852
0.9657371678194394,0.9963194976489852
0.9657512304511169,0.9963194976489852
0.9657652934923477,0.9963194976489852
0.9657793569431501,0.9963194976489852
0.9657934208035415,0.9963194976489852
0.9658074850735401,0.9963194976489852
0.9658496803413575,0.9963194976489852
0.9658637462499636,0.9963194976489852
0.9658778125682662,0.9963194976489852
0.9658918792962834,0.9963194976489852
0.9659059464340329,0.9963194976489852
0.9659200139815327,0.9963194976489852
0.9659340819388008,0.9963194976489852
0.9659481503058549,0.9963194976489852
0.9659622190827131,0.9963194976489852
0.9659762882693932,0.9963194976489852
0.9659903578659131,0.9963194976489852
0.9660044278722908,0.9963194976489852
0.9660184982885441,0.9963194976489852
0.966032569114691,0.9963194976489852
0.9660320743448939,0.9963044751904097
0.9660461457787101,0.9963044751904097
0.9660602176224673,0.9963044751904097
0.9660883625398767,0.9963044751904097
0.9661024356135649,0.9963044751904097
0.9661165090972658,0.9963044751904097
0.9661305829909973,0.9963044751904097
0.9661446572947775,0.9963044751904097
0.9661587320086242,0.9963044751904097
0.9661728071325554,0.9963044751904097
0.9661868826665889,0.9963044751904097
0.9662150349650349,0.9963044751904097
0.9662291117294832,0.9963044751904097
0.9662431889041055,0.9963044751904097
0.96625726648892,0.9963044751904097
0.9662567748703305,0.9962894527318341
0.9662708530633058,0.9962894527318341
0.966284931666521,0.9962894527318341
0.9662990106799936,0.9962894527318341
0.9663130901037417,0.9962894527318341
0.9663271699377832,0.9962894527318341
0.9663412501821361,0.9962894527318341
0.9663553308368182,0.9962894527318341
0.9663548405898467,0.9962744302732586
0.966368921852915,0.9962744302732586
0.9663830035263603,0.9962744302732586
0.9663970856102003,0.9962744302732586
0.9664111681044533,0.9962744302732586
0.9664252510091369,0.9962744302732586
0.9664393343242692,0.9962744302732586
0.9664534180498681,0.9962744302732586
0.9664675021859516,0.9962744302732586
0.9664815867325376,0.9962744302732586
0.9664956716896441,0.9962744302732586
0.966509757057289,0.9962744302732586
0.9665238428354903,0.9962744302732586
0.9665233549515412,0.9962594078146829
0.9665374413385024,0.9962594078146829
0.9665515281360675,0.9962594078146829
0.9665656153442547,0.9962594078146829
0.9665797029630817,0.9962594078146829
0.9665937909925667,0.9962594078146829
0.9666078794327275,0.9962594078146829
0.966621968283582,0.9962594078146829
0.9666360575451485,0.9962594078146829
0.9666355712328368,0.9962443853561074
0.9666496611034181,0.9962443853561074
0.9666637513847589,0.9962443853561074
0.9666778420768771,0.9962443853561074
0.9666919331797906,0.9962443853561074
0.9667060246935176,0.9962443853561074
0.9667201166180758,0.9962443853561074
0.9667342089534833,0.9962443853561074
0.966748301699758,0.9962443853561074
0.9667905824039653,0.9962443853561074
0.9668046767938887,0.9962443853561074
0.9668187715947691,0.9962443853561074
0.9668182878469792,0.9962293628975318
0.9668323832572786,0.9962293628975318
0.9668464790785829,0.9962293628975318
0.96686057531091,0.9962293628975318
0.9668746719542777,0.9962293628975318
0.9669028664742075,0.9962293628975318
0.9669023839031858,0.9962143404389563
0.9669019013180917,0.9961993179803806
0.9669014187189245,0.9961842955218051
0.9669155171910997,0.9961842955218051
0.9669719151914609,0.9961842955218051
0.9669860157195561,0.9961842955218051
0.9669855342977135,0.9961692730632296
0.9669996354356544,0.9961692730632296
0.967013736984863,0.9961692730632296
0.9670278389453575,0.9961692730632296
0.9670419413171557,0.9961692730632296
0.9670560441002757,0.9961692730632296
0.9670701472947353,0.9961692730632296
0.9670842509005527,0.9961692730632296
0.9670983549177459,0.9961692730632296
0.9671124593463328,0.9961692730632296
0.9671119796983928,0.996154250604654
0.9671260847371108,0.996154250604654
0.9671401901872703,0.996154250604654
0.9671397109228009,0.9961392281460784
0.9671538169831685,0.9961392281460784
0.9671679234550254,0.9961392281460784
0.9671820303383898,0.9961392281460784
0.9671961376332794,0.9961392281460784
0.9672102453397123,0.9961392281460784
0.9672243534577067,0.9961392281460784
0.9672384619872805,0.9961392281460784
0.9672525709284516,0.9961392281460784
0.9672666802812382,0.9961392281460784
0.9672807900456581,0.9961392281460784
0.9672949002217295,0.9961392281460784
0.9673090108094703,0.9961392281460784
0.9673231218088986,0.9961392281460784
0.9673372332200324,0.9961392281460784
0.9673513450428897,0.9961392281460784
0.9673654572774885,0.9961392281460784
0.9673795699238468,0.9961392281460784
0.9674077964519141,0.9961392281460784
0.9674219103336592,0.9961392281460784
0.9674360246272359,0.9961392281460784
0.9674501393326622,0.9961392281460784
0.9674783699791359,0.9961392281460784
0.9674924859202194,0.9961392281460784
0.9675066022732247,0.9961392281460784
0.9675489538039513,0.9961392281460784
0.9675630718048239,0.9961392281460784
0.9675771902177085,0.9961392281460784
0.967591309042623,0.9961392281460784
0.9676054282795856,0.9961392281460784
0.9676195479286142,0.9961392281460784
0.9676336679897268,0.9961392281460784
0.9676477884629416,0.9961392281460784
0.9676619093482766,0.9961392281460784
0.9676760306457497,0.9961392281460784
0.9676755589282587,0.9961242056875028
0.9676896808370912,0.9961242056875028
0.9677179258913325,0.9961242056875028
0.9677320490367776,0.9961242056875028
0.9677461725944628,0.9961242056875028
0.9677457018593654,0.9961091832289273
0.9677598260285768,0.9961091832289273
0.9677593554790122,0.9960941607703516
0.9677588849157119,0.9960791383117761
0.9677730098957877,0.9960791383117761
0.9677871352881935,0.9960791383117761
0.9678295139395708,0.9960791383117761
0.9678436409814769,0.9960791383117761
0.9678577684358031,0.9960791383117761
0.9678718963025676,0.9960791383117761
0.9678860245817884,0.9960791383117761
0.9679001532734837,0.9960791383117761
0.9679284118943696,0.9960791383117761
0.9679425418235964,0.9960791383117761
0.9679420738383381,0.9960641158532005
0.9679562043795621,0.9960641158532005
0.9679703353333625,0.9960641158532005
0.9679844666997577,0.9960641158532005
0.9679839992992394,0.996049093394625
0.9679981312777388,0.996049093394625
0.9679976640630703,0.9960340709360493
0.9680117966537215,0.9960340709360493
0.9680259296570453,0.9960340709360493
0.9680400630730597,0.9960340709360493
0.9680395964433283,0.9960190484774738
0.9680391297999708,0.9960040260188983
0.9680532640278001,0.9960040260188983
0.9680673986683799,0.9960040260188983
0.9680815337217282,0.9960040260188983
0.9680956691878632,0.9960040260188983
0.968109805066803,0.9960040260188983
0.9681239413585655,0.9960040260188983
0.968138078063169,0.9960040260188983
0.9681376128033644,0.9959890035603227
0.9681517501204714,0.9959890035603227
0.9681658878504673,0.9959890035603227
0.9681800259933703,0.9959890035603227
0.9681941645491983,0.9959890035603227
0.9682083035179695,0.9959890035603227
0.9682078392429464,0.9959739811017471
0.9682219788243884,0.9959739811017471
0.9682361188188218,0.9959739811017471
0.9682502592262644,0.9959739811017471
0.96827854128025,0.9959739811017471
0.9682926829268292,0.9959739811017471
0.9683068249864902,0.9959739811017471
0.968320967459251,0.9959739811017471
0.9683351103451298,0.9959739811017471
0.9683492536441446,0.9959739811017471
0.9683633973563135,0.9959739811017471
0.9683775414816546,0.9959739811017471
0.9683770795904357,0.9959589586431715
0.9683912243288247,0.9959589586431715
0.9684053694804341,0.9959589586431715
0.9684049079754601,0.995943936184596
0.9684190537401949,0.995943936184596
0.9684185924216308,0.9959289137260204
0.9684327387995384,0.9959289137260204
0.9684468855907444,0.9959289137260204
0.9684464246585348,0.9959138912674448
0.9684605720629912,0.9959138912674448
0.9684601113172542,0.9958988688088692
0.9684742593350085,0.9958988688088692
0.9684737987757666,0.9958838463502937
0.9684879474068663,0.9958838463502937
0.9685020964513725,0.9958838463502937
0.9685162459093034,0.9958838463502937
0.9685157859365641,0.9958688238917182
0.9685299360079479,0.9958688238917182
0.9685440864928044,0.9958688238917182
0.9685582373911519,0.9958688238917182
0.9685723887030083,0.9958688238917182
0.9685719295169632,0.9958538014331425
0.9685860814424102,0.9958538014331425
0.9686002337814144,0.9958538014331425
0.9686143865339938,0.9958538014331425
0.9686285397001666,0.9958538014331425
0.9686276228885382,0.9958237565159914
0.9686417768685615,0.9958237565159914
0.968655931262238,0.9958237565159914
0.9686700860695863,0.9958237565159914
0.9686842412906242,0.9958237565159914
0.9686837836652978,0.9958087340574159
0.9686979395002192,0.9958087340574159
0.9687120957488784,0.9958087340574159
0.9687262524112936,0.9958087340574159
0.968740409487483,0.9958087340574159
0.9687399526495777,0.9957937115988402
0.9687541103397881,0.9957937115988402
0.9687682684438209,0.9957937115988402
0.9687678119930433,0.9957786891402647
0.9687819707111748,0.9957786891402647
0.9687961298431768,0.9957786891402647
0.9687956737795966,0.9957636666816891
0.968809833525775,0.9957636666816891
0.9688239936858721,0.9957636666816891
0.9688381542599062,0.9957636666816891
0.9688523152478953,0.9957636666816891
0.9688664766498575,0.9957636666816891
0.9688660215745315,0.9957486442231136
0.968880183590838,0.9957486442231136
0.9688797287025668,0.995733621764538
0.9688938913332651,0.995733621764538
0.9689080543780149,0.995733621764538
0.9689222178368343,0.995733621764538
0.9689363817097415,0.995733621764538
0.9689505459967547,0.995733621764538
0.968964710697892,0.995733621764538
0.9689788758131715,0.995733621764538
0.9689930413426115,0.995733621764538
0.9690072072862301,0.995733621764538
0.9690213736440455,0.995733621764538
0.9690209207467727,0.9957185993059624
0.9690350877192982,0.9957185993059624
0.9690492551060688,0.9957185993059624
0.9690634229071026,0.9957185993059624
0.9690775911224176,0.9957185993059624
0.9690917597520323,0.9957185993059624
0.9691059287959646,0.9957185993059624
0.9691200982542328,0.9957185993059624
0.9691342681268551,0.9957185993059624
0.9691484384138496,0.9957185993059624
0.9691626091152344,0.9957185993059624
0.9691767802310279,0.9957185993059624
0.9691909517612481,0.9957185993059624
0.9692051237059133,0.9957185993059624
0.9692192960650416,0.9957185993059624
0.9692334688386511,0.9957185993059624
0.9692476420267603,0.9957185993059624
0.969261815629387,0.9957185993059624
0.9692759896465496,0.9957185993059624
0.9692901640782662,0.9957185993059624
0.969304338924555,0.9957185993059624
0.9693185141854344,0.9957185993059624
0.9693326898609222,0.9957185993059624
0.9693468659510369,0.9957185993059624
0.9693610424557966,0.9957185993059624
0.9693752193752194,0.9957185993059624
0.9693893967093236,0.9957185993059624
0.9693889490157077,0.9957035768473869
0.9694031269653226,0.9957035768473869
0.9694026794594278,0.9956885543888113
0.9694022319404426,0.9956735319302357
0.9694017844083662,0.9956585094716601
0.969415963375214,0.9956585094716601
0.9694301427568454,0.9956585094716601
0.9694443225532786,0.9956585094716601
0.969458502764532,0.9956585094716601
0.9694726833906239,0.9956585094716601
0.9694868644315722,0.9956585094716601
0.9695010458873953,0.9956585094716601
0.9695005997483982,0.9956434870130846
0.9695147818200436,0.9956434870130846
0.9695289643066121,0.9956434870130846
0.9695431472081218,0.9956434870130846
0.9695573305245911,0.9956434870130846
0.9695715142560382,0.9956434870130846
0.9695856984024811,0.9956434870130846
0.9695998829639383,0.9956434870130846
0.9696140679404278,0.9956434870130846
0.9696282533319679,0.9956434870130846
0.9696424391385767,0.9956434870130846
0.9696708119970738,0.9956434870130846
0.9696703682570338,0.995628464554509
0.9696699245040089,0.9956134420959334
0.9696841119580962,0.9956134420959334
0.9696982998273491,0.9956134420959334
0.9697124881117858,0.9956134420959334
0.9697266768114245,0.9956134420959334
0.9697408659262836,0.9956134420959334
0.9697550554563812,0.9956134420959334
0.9697692454017354,0.9956134420959334
0.9697834357623647,0.9956134420959334
0.969797626538287,0.9956134420959334
0.9697971845825163,0.9955984196373578
0.9697963006321705,0.9955683747202068
0.969810492427014,0.9955683747202068
0.969824684637223,0.9955683747202068
0.9698388772628159,0.9955683747202068
0.9698530703038108,0.9955683747202068
0.9698672637602259,0.9955683747202068
0.9698814576320797,0.9955683747202068
0.96989565191939,0.9955683747202068
0.9698952113335675,0.9955533522616311
0.9699094062376513,0.9955533522616311
0.9699236015572403,0.9955533522616311
0.9699377972923527,0.9955533522616311
0.9699519934430069,0.9955533522616311
0.9699661900092209,0.9955533522616311
0.9699803869910132,0.9955533522616311
0.9699945843884018,0.9955533522616311
0.9700087822014052,0.9955533522616311
0.9700229804300414,0.9955533522616311
0.9700371790743288,0.9955533522616311
0.9700513781342858,0.9955533522616311
0.9700655776099303,0.9955533522616311
0.9700651394276513,0.9955383298030556
0.9700793395204497,0.9955383298030556
0.9700935400289842,0.9955383298030556
0.9701077409532732,0.9955383298030556
0.9701219422933349,0.9955383298030556
0.9701361440491876,0.9955383298030556
0.9701503462208494,0.9955383298030556
0.9701645488083387,0.9955383298030556
0.9701641120236579,0.99552330734448
0.9701636752261881,0.9955082848859045
0.9701778786326037,0.9955082848859045
0.9701920824549075,0.9955082848859045
0.9702062866931175,0.9955082848859045
0.9702204913472519,0.9955082848859045
0.9702346964173292,0.9955082848859045
0.9702489019033675,0.9955082848859045
0.9702484663025813,0.9954932624273288
0.9702626724062198,0.9954932624273288
0.9702622369943043,0.9954782399687533
0.970276443715591,0.9954782399687533
0.9702906508529174,0.9954782399687533
0.9703048584063022,0.9954782399687533
0.9703190663757633,0.9954782399687533
0.970333274761319,0.9954782399687533
0.9703474835629878,0.9954782399687533
0.9703616927807878,0.9954782399687533
0.9703612587678836,0.9954632175101777
0.9703754686035614,0.9954632175101777
0.9703750347796799,0.9954481950516021
0.9703892452332835,0.9954481950516021
0.9704034561030973,0.9954481950516021
0.9704176673891395,0.9954481950516021
0.9704460912099822,0.9954481950516021
0.9704456583822733,0.9954331725930265
0.9704598711189221,0.9954331725930265
0.9704594384803527,0.995418150134451
0.9704736518351446,0.995418150134451
0.9704878656062803,0.995418150134451
0.9705020797937782,0.995418150134451
0.9705162943976565,0.995418150134451
0.9705305094179336,0.995418150134451
0.9705447248546277,0.995418150134451
0.9705442934145769,0.9954031276758755
0.9705585094696138,0.9954031276758755
0.9705727259411162,0.9954031276758755
0.9705869428291025,0.9954031276758755
0.9706153778546003,0.9954031276758755
0.9706145169559803,0.9953730827587243
0.9706287354974804,0.9953730827587243
0.9706429544555616,0.9953730827587243
0.9706571738302423,0.9953730827587243
0.9706567439680052,0.9953580603001487
0.9706563140931732,0.9953430378415732
0.9706705342885187,0.9953430378415732
0.9706847549005245,0.9953430378415732
0.9706989759292087,0.9953430378415732
0.9707131973745898,0.9953430378415732
0.970712768295363,0.9953280153829975
0.9707123392035631,0.995312992924422
0.9707265614698255,0.995312992924422
0.9707261325675438,0.9952979704658464
0.9707403554526673,0.9952979704658464
0.9707545787545787,0.9952979704658464
0.9707688024732963,0.9952979704658464
0.9707683741648107,0.9952829480072709
0.9707825985024983,0.9952829480072709
0.9707968232570408,0.9952829480072709
0.9708110484284563,0.9952829480072709
0.9708252740167633,0.9952829480072709
0.9708395000219803,0.9952829480072709
0.9708537264441253,0.9952829480072709
0.9708679532832168,0.9952829480072709
0.9708821805392731,0.9952829480072709
0.9709106363023535,0.9952829480072709
0.9709248648094142,0.9952829480072709
0.9709390937335131,0.9952829480072709
0.9709533230746684,0.9952829480072709
0.9709675528328986,0.9952829480072709
0.9709817830082218,0.9952829480072709
0.9709960136006566,0.9952829480072709
0.9709955885154842,0.9952679255486953
0.9710098197273926,0.9952679255486953
0.9710240513564613,0.9952679255486953
0.9710382834027086,0.9952679255486953
0.9710525158661527,0.9952679255486953
0.9710667487468121,0.9952679255486953
0.971066324661048,0.9952529030901197
0.9710805581613509,0.9952529030901197
0.9710801342655703,0.9952378806315442
0.9710797103573627,0.9952228581729686
0.9710939446797907,0.9952228581729686
0.9711081794195251,0.9952228581729686
0.9711224145765842,0.9952228581729686
0.9711366501509865,0.9952228581729686
0.9711508861427504,0.9952228581729686
0.971165122551894,0.9952228581729686
0.9711793593784358,0.9952228581729686
0.9711935966223942,0.9952228581729686
0.9711931743216102,0.995207835714393
0.9711927520084442,0.9951928132558174
0.9712069900749146,0.9951928132558174
0.9712212285588623,0.9951928132558174
0.9712354674603059,0.9951928132558174
0.9712497067792635,0.9951928132558174
0.9712639465157535,0.9951928132558174
0.9712781866697945,0.9951928132558174
0.9712924272414046,0.9951928132558174
0.9713066682306023,0.9951928132558174
0.971320909637406,0.9951928132558174
0.9713351514618339,0.9951928132558174
0.9713493937039046,0.9951928132558174
0.9713636363636363,0.9951928132558174
0.9713778794410475,0.9951928132558174
0.9713921229361565,0.9951928132558174
0.9714063668489816,0.9951928132558174
0.9714206111795414,0.9951928132558174
0.971434855927854,0.9951928132558174
0.9714491010939379,0.9951928132558174
0.9714633466778115,0.9951928132558174
0.9714629282027217,0.9951777907972419
0.9714625097153583,0.9951627683386663
0.9714767561225987,0.9951627683386663
0.9714910029476895,0.9951627683386663
0.9714905848536399,0.9951477458800907
0.9715048322994119,0.9951477458800907
0.9715190801630833,0.9951477458800907
0.9715333284446726,0.9951477458800907
0.971547577144198,0.9951477458800907
0.9715618262616781,0.9951477458800907
0.9715760757971312,0.9951477458800907
0.9715903257505757,0.9951477458800907
0.9716188269115124,0.9951477458800907
0.9716184106309953,0.9951327234215152
0.9716469138699836,0.9951327234215152
0.9716611661166117,0.9951327234215152
0.9716607504327163,0.9951177009629396
0.9716750033004269,0.9951177009629396
0.9716892565862818,0.9951177009629396
0.9717035102902994,0.9951177009629396
0.9717030952031686,0.9951026785043641
0.971717349528378,0.9951026785043641
0.9717169346320854,0.9950876560457884
0.9717165197236199,0.9950726335872129
0.9717307748731039,0.9950726335872129
0.971745030440842,0.9950726335872129
0.9717446159262954,0.9950576111286373
0.9717442013995863,0.9950425886700618
0.9717437868607142,0.9950275662114861
0.9717580434559352,0.9950275662114861
0.9717723004694836,0.9950275662114861
0.9717718863246233,0.9950125437529106
0.9717714721676105,0.994997521294335
0.9717857300057221,0.994997521294335
0.9717999882622219,0.994997521294335
0.9718285060304604,0.994997521294335
0.9718427655422358,0.994997521294335
0.9718570254724733,0.994997521294335
0.971885546588408,0.994997521294335
0.971899807774142,0.994997521294335
0.9719140693784117,0.994997521294335
0.9719283314012356,0.994997521294335
0.971942593842632,0.994997521294335
0.9719568567026194,0.994997521294335
0.9719711199812162,0.994997521294335
0.9719996477943119,0.994997521294335
0.9720281772820664,0.994997521294335
0.9720424426539866,0.994997521294335
0.9720567084446271,0.994997521294335
0.9720709746540059,0.994997521294335
0.9720852412821416,0.994997521294335
0.9720995083290526,0.994997521294335
0.9721137757947574,0.994997521294335
0.97211336650375,0.9949824988357595
0.972112957200728,0.9949674763771839
0.9721272254920668,0.9949674763771839
0.9721414942022604,0.9949674763771839
0.9721557633313274,0.9949674763771839
0.972170032879286,0.9949674763771839
0.9721696243779999,0.9949524539186083
0.9721838945483369,0.9949524539186083
0.9721981651376147,0.9949524539186083
0.9722124361458517,0.9949524539186083
0.9722267075730664,0.9949524539186083
0.9722262998737559,0.9949374314600328
0.9722405719234891,0.9949374314600328
0.972254844392249,0.9949374314600328
0.972269117280054,0.9949374314600328
0.9722687101793945,0.9949224090014572
0.9722829836898278,0.9949224090014572
0.9722972576193553,0.9949224090014572
0.9723115319679954,0.9949224090014572
0.9723258067357665,0.9949224090014572
0.9723400819226873,0.9949224090014572
0.9723543575287761,0.9949224090014572
0.9723686335540515,0.9949224090014572
0.9723829099985318,0.9949224090014572
0.9723971868622355,0.9949224090014572
0.9724114641451812,0.9949224090014572
0.9724257418473872,0.9949224090014572
0.9724400199688721,0.9949224090014572
0.9724396152999045,0.9949073865428816
0.9724392106190533,0.994892364084306
0.9724534895672731,0.994892364084306
0.972467768934833,0.994892364084306
0.9724820487217515,0.994892364084306
0.9724963289280469,0.994892364084306
0.9725106095537379,0.994892364084306
0.9725248905988428,0.994892364084306
0.9725391720633801,0.994892364084306
0.9725534539473685,0.994892364084306
0.972567736250826,0.994892364084306
0.9725820189737715,0.994892364084306
0.972581616318858,0.9948773416257305
0.9725958996651589,0.9948773416257305
0.9726101834309967,0.9948773416257305
0.9726244676163901,0.9948773416257305
0.9726387522213573,0.9948773416257305
0.972653037245917,0.9948773416257305
0.9726673226900877,0.9948773416257305
0.9726669212466587,0.994862319167155
0.9726812073143865,0.994862319167155
0.9726808060630985,0.9948472967085793
0.9726950927544321,0.9948472967085793
0.9727093798654564,0.9948472967085793
0.9727236673961899,0.9948472967085793
0.972737955346651,0.9948472967085793
0.972737554899455,0.9948322742500038
0.9727518434736626,0.9948322742500038
0.972766132467647,0.9948322742500038
0.9727804218814267,0.9948322742500038
0.9727947117150202,0.9948322742500038
0.9728090019684461,0.9948322742500038
0.9728232926417228,0.9948322742500038
0.972837583734869,0.9948322742500038
0.9728371847042059,0.9948172517914282
0.972851476421331,0.9948172517914282
0.9728657685583746,0.9948172517914282
0.9728653699241935,0.9948022293328526
0.9728796626852954,0.9948022293328526
0.972893955866365,0.9948022293328526
0.9729082494674208,0.9948022293328526
0.9729225434884814,0.9948022293328526
0.9729368379295652,0.9948022293328526
0.9729511327906908,0.9948022293328526
0.9729654280718767,0.9948022293328526
0.9729650308551279,0.994787206874277
0.9729646336267063,0.9947721844157015
0.9729789297364013,0.9947721844157015
0.9729785327005305,0.9947571619571259
0.9729928294345833,0.9947571619571259
0.9729924325912864,0.9947421394985503
0.9730067299497458,0.9947421394985503
0.9730210277283882,0.9947421394985503
0.9730353259272321,0.9947421394985503
0.9730639235855988,0.9947421394985503
0.9730782230451587,0.9947421394985503
0.9730925229249942,0.9947421394985503
0.9731068232251238,0.9947421394985503
0.9731211239455663,0.9947421394985503
0.9731354250863399,0.9947421394985503
0.9731497266474634,0.9947421394985503
0.9731640286289552,0.9947421394985503
0.9731783310308338,0.9947421394985503
0.9731779368322041,0.9947271170399747
0.9731922398589066,0.9947271170399747
0.9732065433060451,0.9947271170399747
0.9732208471736382,0.9947271170399747
0.9732351514617047,0.9947271170399747
0.9732494561702628,0.9947271170399747
0.9732490629822885,0.9947120945813992
0.973263368315842,0.9947120945813992
0.9732776740699366,0.9947120945813992
0.9732919802445907,0.9947120945813992
0.9732915876585674,0.9946970721228237
0.9733058944583272,0.9946970721228237
0.9733055020652956,0.994682049664248
0.9733051096607279,0.9946670272056725
0.9733194172901936,0.9946670272056725
0.973333725340311,0.9946670272056725
0.9733480338110989,0.9946670272056725
0.9733623427025756,0.9946670272056725
0.9733766520147598,0.9946670272056725
0.9733762606215636,0.9946520047470969
0.9733758692168595,0.9946369822885214
0.9733901793590121,0.9946369822885214
0.9734044899219336,0.9946369822885214
0.9734188009056426,0.9946369822885214
0.9734331123101577,0.9946369822885214
0.9734474241354976,0.9946369822885214
0.9734617363816805,0.9946369822885214
0.9734760490487253,0.9946369822885214
0.9734756590651787,0.9946219598299457
0.9734899723578192,0.9946219598299457
0.9735042860713709,0.9946219598299457
0.9735186002058521,0.9946219598299457
0.9735329147612816,0.9946219598299457
0.9735472297376779,0.9946219598299457
0.9735615451350597,0.9946219598299457
0.9735758609534453,0.9946219598299457
0.9735754723917359,0.9946069373713702
0.9735897888359508,0.9946069373713702
0.973604105701219,0.9946069373713702
0.9736184229875592,0.9946069373713702
0.9736327406949897,0.9946069373713702
0.9736470588235294,0.9946069373713702
0.9736613773731967,0.9946069373713702
0.9736756963440101,0.9946069373713702
0.9736753092048178,0.9945919149127946
0.9736749220542384,0.9945768924542191
0.9736745348922715,0.9945618699956434
0.9736888548989616,0.9945618699956434
0.9737031753268719,0.9945618699956434
0.9737027885633603,0.9945468475370679
0.9737171096174494,0.9945468475370679
0.9737314310928078,0.9945468475370679
0.9737310447278236,0.9945318250784924
0.9737306583514738,0.9945168026199168
0.973744980658067,0.9945168026199168
0.9737445944753331,0.9945017801613412
0.9737589174082518,0.9945017801613412
0.9737732407625324,0.9945017801613412
0.9737728549784505,0.9944867577027656
0.9737724691830191,0.9944717352441901
0.9737867933687354,0.9944717352441901
0.9738011179758752,0.9944717352441901
0.9738154430044572,0.9944717352441901
0.9738297684545,0.9944717352441901
0.973844094326022,0.9944717352441901
0.9738437095445451,0.9944567127856145
0.9738723629623092,0.9944567127856145
0.9738866903035028,0.9944567127856145
0.9739010180662626,0.9944567127856145
0.9739153462506068,0.9944567127856145
0.9739296748565544,0.9944567127856145
0.9739440038841236,0.9944567127856145
0.9739583333333334,0.9944567127856145
0.9739726632042021,0.9944567127856145
0.9739869934967483,0.9944567127856145
0.974001324210991,0.9944567127856145
0.9740156553469483,0.9944567127856145
0.9740152730162,0.9944416903270389
0.9740148906742003,0.9944266678684633
0.9740292226423979,0.9944266678684633
0.9740435550323719,0.9944266678684633
0.9740578878441413,0.9944266678684633
0.9740722210777245,0.9944266678684633
0.9740718395455951,0.9944116454098878
0.9740714580022367,0.9943966229513123
0.9740857920682805,0.9943966229513123
0.9741001265561998,0.9943966229513123
0.9741144614660133,0.9943966229513123
0.9741287967977396,0.9943966229513123
0.9741431325513973,0.9943966229513123
0.9741574687270051,0.9943966229513123
0.9741718053245817,0.9943966229513123
0.9741714252075117,0.9943816004927366
0.9741857624324841,0.9943816004927366
0.97418538250964,0.9943665780341611
0.9741997203620576,0.9943665780341611
0.9742140586365242,0.9943665780341611
0.9742283973330585,0.9943665780341611
0.9742280180153661,0.9943515555755855
0.9742276386865074,0.99433653311701
0.9742272593464822,0.9943215106584343
0.974241599081529,0.9943215106584343
0.9742559392387177,0.9943215106584343
0.9742555602985119,0.9943064881998588
0.9742699010833726,0.9943064881998588
0.9742842422904247,0.9943064881998588
0.9742985839196867,0.9943064881998588
0.9743129259711775,0.9943064881998588
0.9743272684449155,0.9943064881998588
0.9743416113409195,0.9943064881998588
0.974355954659208,0.9943064881998588
0.9743702983997998,0.9943064881998588
0.9743846425627135,0.9943064881998588
0.9743989871479677,0.9943064881998588
0.9744133321555811,0.9943064881998588
0.9744276775855724,0.9943064881998588
0.97444202343796,0.9943064881998588
0.9744707164099997,0.9943064881998588
0.9744850635296889,0.9943064881998588
0.9744846878680801,0.9942914657412832
0.9744990356159543,0.9942914657412832
0.9745133837863306,0.9942914657412832
0.9745277323792276,0.9942914657412832
0.974542081394664,0.9942914657412832
0.9745707806932297,0.9942914657412832
0.9745851309763963,0.9942914657412832
0.9745994816821769,0.9942914657412832
0.9746281843616551,0.9942914657412832
0.97464253633539,0.9942914657412832
0.9746568887318137,0.9942914657412832
0.9746712415509446,0.9942914657412832
0.9746855947928018,0.9942914657412832
0.9746999484574037,0.9942914657412832
0.974699575871819,0.9942764432827077
0.9747139301650884,0.9942764432827077
0.9747282848811523,0.9942764432827077
0.9747279126964257,0.994261420824132
0.9747422680412371,0.994261420824132
0.9747566238088926,0.994261420824132
0.9747562520250964,0.9942463983655565
0.9747706084215797,0.9942463983655565
0.9747849652409567,0.9942463983655565
0.9747993224832462,0.9942463983655565
0.9748136801484667,0.9942463983655565
0.9748133091776766,0.994231375906981
0.9748276674718671,0.994231375906981
0.9748420261890383,0.994231375906981
0.974856385329209,0.994231375906981
0.9748560149656056,0.9942163534484054
0.9748703747348574,0.9942163534484054
0.9748700045664118,0.9942013309898298
0.9748843649647939,0.9942013309898298
0.9748839949915298,0.9941863085312542
0.9748983560190914,0.9941863085312542
0.9749127174697642,0.9941863085312542
0.9749270793435668,0.9941863085312542
0.974941441640518,0.9941863085312542
0.9749558043606364,0.9941863085312542
0.9749554354071215,0.9941712860726787
0.9749697987565927,0.9941712860726787
0.9749841625292809,0.9941712860726787
0.9749985267252048,0.9941712860726787
0.9750128913443831,0.9941712860726787
0.9750272563868344,0.9941712860726787
0.9750416218525776,0.9941712860726787
0.9750412541254125,0.994156263614103
0.9750556202207128,0.994156263614103
0.9750552526889642,0.9941412411555275
0.9750696194138708,0.9941412411555275
0.97508398656215,0.9941412411555275
0.9750983541338205,0.9941412411555275
0.9751127221289011,0.9941412411555275
0.9751270905474103,0.9941412411555275
0.9751414593893669,0.9941412411555275
0.975141093084597,0.994126218696952
0.9751554625563644,0.994126218696952
0.9751550964471494,0.9941111962383764
0.9751694665487769,0.9941111962383764
0.9751691006351405,0.9940961737798008
0.9751834713666775,0.9940961737798008
0.9751831056486435,0.9940811513212252
0.9751974770101391,0.9940811513212252
0.9752118487952252,0.9940811513212252
0.9752262210039202,0.9940811513212252
0.975240593636243,0.9940811513212252
0.975240228733125,0.9940661288626497
0.975254601995549,0.9940661288626497
0.9752689756816507,0.9940661288626497
0.9752977243249616,0.9940661288626497
0.9753120992822085,0.9940661288626497
0.9753117354007605,0.9940511064040741
0.9753261109882821,0.9940511064040741
0.9753257473026354,0.9940360839454985
0.9753401235204812,0.9940360839454985
0.9753545001621414,0.9940360839454985
0.9753688772276352,0.9940360839454985
0.9753832547169812,0.9940360839454985
0.975397632630198,0.9940360839454985
0.9754120109673045,0.9940360839454985
0.9754116485104,0.9940210614869229
0.9754260274780353,0.9940210614869229
0.9754404068696101,0.9940210614869229
0.9754547866851432,0.9940210614869229
0.9754691669246532,0.9940210614869229
0.975483547588159,0.9940210614869229
0.9754979286756793,0.9940210614869229
0.9755123101872328,0.9940210614869229
0.9755266921228383,0.9940210614869229
0.9755263313086041,0.9940060390283474
0.9755407138750055,0.9940060390283474
0.9755550968655088,0.9940060390283474
0.9755694802801327,0.9940060390283474
0.9755691200754895,0.9939910165697718
0.9755835041210209,0.9939910165697718
0.9755978885907228,0.9939910165697718
0.9755975287890182,0.9939759941111962
0.975611913889708,0.9939759941111962
0.9756262994146183,0.9939759941111962
0.9756406853637677,0.9939759941111962
0.975655071737175,0.9939759941111962
0.975669458534859,0.9939759941111962
0.975669099756691,0.9939609716526207
0.9756834871855369,0.9939609716526207
0.9756978750387094,0.9939609716526207
0.9757122633162272,0.9939609716526207
0.9757266520181092,0.9939609716526207
0.975741041144374,0.9939609716526207
0.9757554306950404,0.9939609716526207
0.9757698206701274,0.9939609716526207
0.9757842110696536,0.9939609716526207
0.9757986018936378,0.9939609716526207
0.9758129931420987,0.9939609716526207
0.9758273848150552,0.9939609716526207
0.975841776912526,0.9939609716526207
0.9758561694345299,0.9939609716526207
0.9758705623810858,0.9939609716526207
0.9758849557522123,0.9939609716526207
0.9758993495479285,0.9939609716526207
0.9758989940706215,0.9939459491940451
0.9759133884980161,0.9939459491940451
0.9759277833500501,0.9939459491940451
0.9759274282764215,0.9939309267354696
0.9759270731923179,0.9939159042768939
0.975941468883218,0.9939159042768939
0.9759558649988199,0.9939159042768939
0.9759555103184788,0.9939008818183184
0.9759551556276737,0.9938858593597428
0.9759839499616452,0.9938858593597428
0.9759983477657957,0.9938858593597428
0.9760127459947482,0.9938858593597428
0.976027144648521,0.9938858593597428
0.9760415437271333,0.9938858593597428
0.9760559432306035,0.9938858593597428
0.9760555899796406,0.9938708369011673
0.976069990115224,0.9938708369011673
0.9760843906757155,0.9938708369011673
0.976084037828826,0.9938558144425916
0.9760984390215114,0.9938558144425916
0.9761128406391548,0.9938558144425916
0.9761272426817753,0.9938558144425916
0.9761416451493914,0.9938558144425916
0.976156048042022,0.9938558144425916
0.976170451359686,0.9938558144425916
0.9761848551024022,0.9938558144425916
0.9761992592701894,0.9938558144425916
0.9762136638630663,0.9938558144425916
0.976213312871667,0.9938407919840161
0.9762277180970369,0.9938407919840161
0.9762421237475467,0.9938407919840161
0.9762565298232152,0.9938407919840161
0.9762561794436656,0.9938257695254405
0.9762705861519391,0.9938257695254405
0.9762849932854213,0.9938257695254405
0.9762994008441309,0.9938257695254405
0.9763138088280869,0.9938257695254405
0.9763282172373081,0.9938257695254405
0.9763426260718133,0.9938257695254405
0.9763422769267097,0.993810747066865
0.9763566863940257,0.993810747066865
0.9763855066046786,0.993810747066865
0.9763999173480532,0.993810747066865
0.9764143285168184,0.993810747066865
0.9764139803991027,0.9937957246082894
0.9764283922008531,0.9937957246082894
0.9764280442804428,0.9937807021497138
0.9764276963497616,0.9937656796911383
0.9764273484088091,0.9937506572325627
0.9764270004575848,0.9937356347739871
0.9764414135151891,0.9937356347739871
0.9764558269983025,0.9937356347739871
0.9764554794520548,0.9937206123154115
0.9764698935683391,0.9937206123154115
0.9764843081101827,0.9937206123154115
0.9764987230776044,0.9937206123154115
0.9765131384706229,0.9937206123154115
0.9765275542892573,0.9937206123154115
0.9765272077711181,0.993705589856836
0.9765268612427477,0.9936905673982604
0.9765265147041455,0.9936755449396848
0.9765409315715656,0.9936755449396848
0.9765553488646765,0.9936755449396848
0.9765697665834969,0.9936755449396848
0.9765841847280459,0.9936755449396848
0.9765986032983419,0.9936755449396848
0.976598257788277,0.9936605224811093
0.9766126769921304,0.9936605224811093
0.9766270966217813,0.9936605224811093
0.9766415166772484,0.9936605224811093
0.9766559371585506,0.9936605224811093
0.9766703580657069,0.9936605224811093
0.976684779398736,0.9936605224811093
0.9766844351254375,0.9936455000225337
0.97669885709223,0.9936455000225337
0.9767132794849456,0.9936455000225337
0.9767277023036031,0.9936455000225337
0.9767273586438076,0.9936304775639582
0.9767270149738622,0.9936154551053825
0.9767266712937667,0.993600432646807
0.9767263276035206,0.9935854101882314
0.9767407516798347,0.9935854101882314
0.9767404081873763,0.9935703877296559
0.9767400646847725,0.9935553652710802
0.9767544896030246,0.9935553652710802
0.9767689149473497,0.9935553652710802
0.9768121935369528,0.9935553652710802
0.976811851064144,0.9935403428125047
0.9768115085812188,0.9935253203539292
0.9768111660881766,0.9935102978953535
0.9768255937610776,0.9935102978953535
0.9768400218601835,0.9935102978953535
0.976854450385513,0.9935102978953535
0.9768688793370851,0.9935102978953535
0.9768833087149188,0.9935102978953535
0.9768977385190328,0.9935102978953535
0.976897397264321,0.993495275436778
0.9769118277028525,0.993495275436778
0.9769262585677145,0.993495275436778
0.9769259177191816,0.9934802529782024
0.9769403492185422,0.9934802529782024
0.9769547811442838,0.9934802529782024
0.976969213496425,0.9934802529782024
0.9769836462749849,0.9934802529782024
0.9769980794799823,0.9934802529782024
0.9770125131114361,0.9934802529782024
0.9770269471693653,0.9934802529782024
0.9770413816537887,0.9934802529782024
0.9770410424607747,0.9934652305196269
0.9770407032577381,0.9934502080610512
0.97705513858519,0.9934502080610512
0.9770695743391989,0.9934502080610512
0.9770840105197837,0.9934502080610512
0.9770836719315613,0.9934351856024757
0.9770829947250994,0.9934051406853246
0.9770974319572091,0.9934051406853246
0.97711186961597,0.9934051406853246
0.9771263077014007,0.9934051406853246
0.9771407462135205,0.9934051406853246
0.977155185152348,0.9934051406853246
0.9771696245179022,0.9934051406853246
0.9771840643102021,0.9934051406853246
0.9771837271504781,0.9933901182267489
0.9771833899807891,0.9933750957681734
0.9771978306166782,0.9933750957681734
0.9772267131689006,0.9933750957681734
0.9772263766145479,0.9933600733095979
0.9772408187393778,0.9933600733095979
0.9772552612910853,0.9933600733095979
0.9772697042696895,0.9933600733095979
0.9772841476752091,0.9933600733095979
0.9772838119448427,0.9933450508510223
0.9772982559858114,0.9933450508510223
0.977312700453746,0.9933450508510223
0.9773123651305093,0.9933300283924467
0.9773120297973602,0.9933150059338711
0.9773264751093769,0.9933150059338711
0.9773258048304608,0.99328496101672
0.9773254696761415,0.9932699385581444
0.9773399160409153,0.9932699385581444
0.9773543628327741,0.9932699385581444
0.9773688100517369,0.9932699385581444
0.9773684755133114,0.9932549160995688
0.9773681409649952,0.9932398936409933
0.9773825890283383,0.9932398936409933
0.9773970375188481,0.9932398936409933
0.9774114864365437,0.9932398936409933
0.977425935781444,0.9932398936409933
0.977440385553568,0.9932398936409933
0.9774548357529346,0.9932398936409933
0.9774545024467409,0.9932248711824178
0.9774689532820816,0.9932248711824178
0.9774834045447153,0.9932248711824178
0.9774830716461161,0.9932098487238421
0.9774827387376732,0.9931948262652666
0.9774824058193862,0.993179803806691
0.9774968581355807,0.993179803806691
0.9775113108791437,0.993179803806691
0.977510978368548,0.9931647813481155
0.9775254317482849,0.9931647813481155
0.9775398855554406,0.9931647813481155
0.977554339790034,0.9931647813481155
0.977554007896021,0.9931497588895398
0.9775536759921926,0.9931347364309643
0.9775681310719091,0.9931347364309643
0.9775825865791263,0.9931347364309643
0.9775970425138633,0.9931347364309643
0.9775967112267834,0.9931197139723887
0.9776111677979386,0.9931197139723887
0.9776108367099464,0.9931046915138132
0.977639751552795,0.9931046915138132
0.9776542096156405,0.9931046915138132
0.9776686681061256,0.9931046915138132
0.9776831270242691,0.9931046915138132
0.9776827969711311,0.9930896690552375
0.9776972565259188,0.9930896690552375
0.977696926671991,0.993074646596662
0.9776965968083061,0.9930596241380865
0.9776962669348637,0.9930446016795109
0.9777107275443345,0.9930446016795109
0.9777251885815708,0.9930446016795109
0.9777396500465915,0.9930446016795109
0.977739320790439,0.9930295792209353
0.9777537828923041,0.9930295792209353
0.9777534538354584,0.9930145567623597
0.977753124768878,0.9929995343037842
0.9777527956925626,0.9929845118452086
0.9777672588494594,0.9929845118452086
0.9777817224342475,0.9929845118452086
0.9777961864469461,0.9929845118452086
0.9777955295196674,0.9929544669280574
0.9778099943785319,0.9929544669280574
0.9778096661094428,0.9929394444694819
0.9778241316054205,0.9929394444694819
0.977838597529403,0.9929394444694819
0.9778530638814096,0.9929394444694819
0.977852736230083,0.9929244220109064
0.9778672032193159,0.9929244220109064
0.9778668757674839,0.9929093995523307
0.9778813433939932,0.9929093995523307
0.9778810161416799,0.9928943770937552
0.9778954844055158,0.9928943770937552
0.9778951573527453,0.9928793546351796
0.9779096262539579,0.9928793546351796
0.9779092994007546,0.992864332176604
0.9779089725378788,0.9928493097180284
0.9779234422857819,0.9928493097180284
0.977923115622503,0.9928342872594529
0.9779375860079016,0.9928342872594529
0.9779520568215448,0.9928342872594529
0.9779665280634516,0.9928342872594529
0.9779809997336412,0.9928342872594529
0.9779806738979239,0.9928192648008773
0.9779951462057536,0.9928192648008773
0.9779948205697373,0.9928042423423017
0.9780092935152573,0.9928042423423017
0.9780237668891422,0.9928042423423017
0.978023441662227,0.9927892198837261
0.9780379156738838,0.9927892198837261
0.978052390113956,0.9927892198837261
0.9780668649824624,0.9927892198837261
0.9780813402794222,0.9927892198837261
0.9780810158805334,0.9927741974251506
0.9780954918154101,0.9927741974251506
0.9780951676163694,0.9927591749665751
0.9781096441892132,0.9927591749665751
0.9781093201900448,0.9927441525079994
0.9781237974009058,0.9927441525079994
0.9781382750403339,0.9927441525079994
0.9781527531083481,0.9927441525079994
0.9781672316049675,0.9927441525079994
0.9781817105302111,0.9927441525079994
0.9781813875690158,0.9927291300494239
0.9781958671324531,0.9927291300494239
0.978195544371253,0.9927141075908483
0.9782100245729343,0.9927141075908483
0.9782245052033218,0.9927141075908483
0.9782534677502924,0.9927141075908483
0.9782531458179127,0.9926990851322728
0.978267627944159,0.9926990851322728
0.9782821104992006,0.9926990851322728
0.9782965934830562,0.9926990851322728
0.9783110768957451,0.9926990851322728
0.9783255607372863,0.9926990851322728
0.9783400450076987,0.9926990851322728
0.9783545297070014,0.9926990851322728
0.9783542092327737,0.9926840626736971
0.9783686945707052,0.9926840626736971
0.9783683742967131,0.9926690402151216
0.9783828602733236,0.9926690402151216
0.9783825401995914,0.992654017756546
0.9783822201163807,0.9926389952979705
0.9783819000236911,0.9926239728393949
0.9783963870585622,0.9926239728393949
0.9784108745224628,0.9926239728393949
0.9784253624154117,0.9926239728393949
0.9784398507374282,0.9926239728393949
0.9784543394885312,0.9926239728393949
0.9784540204353621,0.9926089503808193
0.9784537013727436,0.9925939279222438
0.9784681909726336,0.9925939279222438
0.9784678721104151,0.9925789054636682
0.9784823623493173,0.9925789054636682
0.9784820436875231,0.9925638830050926
0.9784817250162905,0.992548860546517
0.9784962161041423,0.992548860546517
0.9785107076212197,0.992548860546517
0.9785251995675419,0.992548860546517
0.9785541847479968,0.992548860546517
0.9785538671169169,0.9925338380879415
0.9785683605610439,0.9925338380879415
0.9785973487373176,0.9925338380879415
0.9786118434695026,0.9925338380879415
0.9786263386310785,0.9925338380879415
0.9786408342220643,0.9925338380879415
0.978655330242479,0.9925338380879415
0.9786550140719893,0.992518815629366
0.9786546978921329,0.9925037931707903
0.9786543817029093,0.9924887707122148
0.9786540655043181,0.9924737482536392
0.9786685627944183,0.9924737482536392
0.9786682467965336,0.9924587257950637
0.9786679307892866,0.992443703336488
0.9786676147726767,0.9924286808779125
0.9786821131225741,0.9924286808779125
0.9786966119020459,0.9924286808779125
0.9786962962962963,0.9924136584193369
0.9786959806811952,0.9923986359607614
0.9787104803105278,0.9923986359607614
0.978724980369498,0.9923986359607614
0.9787394808581249,0.9923986359607614
0.9787391658641381,0.9923836135021857
0.9787388508608172,0.9923685910436102
0.9787385358481621,0.9923535685850347
0.978738220826172,0.9923385461264591
0.9787527225852336,0.9923385461264591
0.9787672247740405,0.9923385461264591
0.9787817273926122,0.9923385461264591
0.9787814129919393,0.9923235236678835
0.9787810985819492,0.9923085012093079
0.9787807841626411,0.9922934787507324
0.978780469734015,0.9922784562921568
0.9787949736233774,0.9922784562921568
0.9787946593956997,0.9922634338335812
0.9788091639251949,0.9922634338335812
0.9788088498984899,0.9922484113750056
0.9788085358624777,0.9922333889164301
0.9788082218171579,0.9922183664578544
0.9788227274074514,0.9922183664578544
0.97882241356314,0.9922033439992789
0.9788369197937045,0.9922033439992789
0.9788514264542423,0.9922033439992789
0.9788659335447728,0.9922033439992789
0.978880441065315,0.9922033439992789
0.9788801280531183,0.9921883215407034
0.9788946362140771,0.9921883215407034
0.9789091448050986,0.9921883215407034
0.9789088322044198,0.9921732990821278
0.97892334143594,0.9921732990821278
0.9789378510975736,0.9921732990821278
0.9789375389084872,0.9921582766235522
0.978937226710146,0.9921432541649766
0.9789517372228151,0.9921432541649766
0.9789662481656611,0.9921432541649766
0.9789807595387032,0.9921432541649766
0.9789804479625265,0.9921282317064011
0.9789949599762823,0.9921282317064011
0.9790094724202849,0.9921282317064011
0.9790239852945537,0.9921282317064011
0.9790236743406912,0.9921132092478255
0.9790381878557874,0.9921132092478255
0.9790527018012009,0.9921132092478255
0.9790672161769503,0.9921132092478255
0.9790669058455517,0.9920981867892499
0.9790814208622428,0.9920981867892499
0.9790811107322352,0.9920831643306743
0.9790956263899184,0.9920831643306743
0.9790953164613263,0.9920681418720988
0.9791098327600521,0.9920681418720988
0.9791243494892286,0.9920681418720988
0.9791388666488746,0.9920681418720988
0.9791533842390095,0.9920681418720988
0.9791679022596524,0.9920681418720988
0.9791824207108225,0.9920681418720988
0.9791821120370096,0.9920531194135233
0.9791966311294317,0.9920531194135233
0.9792111506524318,0.9920531194135233
0.9792256706060292,0.9920531194135233
0.9792401909902428,0.9920531194135233
0.9792547118050922,0.9920531194135233
0.9792692330505961,0.9920531194135233
0.979283754726774,0.9920531194135233
0.9792982768336448,0.9920531194135233
0.9793127993712277,0.9920531194135233
0.979327322339542,0.9920531194135233
0.9793418457386068,0.9920531194135233
0.9793563695684413,0.9920531194135233
0.9793708938290646,0.9920531194135233
0.979385418520496,0.9920531194135233
0.9793999436427544,0.9920531194135233
0.9794144691958592,0.9920531194135233
0.9794289951798294,0.9920531194135233
0.9794435215946844,0.9920531194135233
0.9794432167064652,0.9920380969549476
0.9794429118092017,0.9920230744963721
0.9794574390768455,0.9920230744963721
0.9794571343814892,0.9920080520377965
0.979456829677094,0.991993029579221
0.9794713577976208,0.991993029579221
0.9794858863491405,0.991993029579221
0.979500415331672,0.991993029579221
0.9795149447452347,0.991993029579221
0.9795294745898478,0.991993029579221
0.9795291709314228,0.9919780071206453
0.9795437014181452,0.9919780071206453
0.979558232335969,0.9919780071206453
0.9795727636849132,0.9919780071206453
0.979572460650655,0.9919629846620698
0.9795869926418229,0.9919629846620698
0.9796015250641624,0.9919629846620698
0.9796160579176928,0.9919629846620698
0.979630591202433,0.9919629846620698
0.9796451249184025,0.9919629846620698
0.9796448229307301,0.9919479622034942
0.9796593572891013,0.9919479622034942
0.9797029629519726,0.9919479622034942
0.9797026618000534,0.9919329397449187
0.9797171980948707,0.9919329397449187
0.9797168971452311,0.991917917286343
0.9797314340826471,0.991917917286343
0.9797459714514645,0.991917917286343
0.979745670915377,0.9919028948277675
0.9797602089268755,0.9919028948277675
0.9797747473698268,0.9919028948277675
0.9797892862442499,0.9919028948277675
0.9797889863330811,0.991887872369192
0.9797886864130112,0.9918728499106164
0.9798032261415407,0.9918728499106164
0.9798029264238862,0.9918578274520408
0.9798174667952808,0.9918578274520408
0.979832007598243,0.9918578274520408
0.9798317082943769,0.9918428049934652
0.9798314089816271,0.9918277825348897
0.9798311096599932,0.9918127600763141
0.9798456515286436,0.9918127600763141
0.9798747365608953,0.9918127600763141
0.9798892797245351,0.9918127600763141
0.9799038233198765,0.9918127600763141
0.9799183673469388,0.9918127600763141
0.979932911805741,0.9918127600763141
0.9799326139551452,0.9917977376177385
0.9799471590571751,0.9917977376177385
0.9799617045909961,0.9917977376177385
0.9799762505566276,0.9917977376177385
0.9799907969540886,0.9917977376177385
0.9800053437833987,0.9917977376177385
0.9800198910445768,0.9917977376177385
0.9800344387376422,0.9917977376177385
0.9800489868626141,0.9917977376177385
0.9800486906953269,0.9917827151591629
0.9800483945192465,0.9917676927005874
0.9800629434993022,0.9917676927005874
0.9800774929113285,0.9917676927005874
0.9800771971496437,0.9917526702420119
0.9800917472052733,0.9917526702420119
0.9801062976929243,0.9917526702420119
0.9801060023457102,0.9917376477834362
0.9801057069897262,0.9917226253248607
0.9801054116249721,0.9917076028662851
0.9801199631796181,0.9917076028662851
0.9801345151663623,0.9917076028662851
0.9801490675852239,0.9917076028662851
0.9801487728467283,0.9916925804077096
0.9801633259094283,0.9916925804077096
0.980177879404297,0.9916925804077096
0.9801775850804775,0.9916775579491339
0.9801921392192674,0.9916775579491339
0.980206693790277,0.9916775579491339
0.9802503600968178,0.9916775579491339
0.9802649163968994,0.9916775579491339
0.9802794731292972,0.9916775579491339
0.9802791802791803,0.9916625354905584
0.9802937376557418,0.9916625354905584
0.9802934450087618,0.9916475130319828
0.9802931523530897,0.9916324905734073
0.9803077105857194,0.9916324905734073
0.9803074181332145,0.9916174681148316
0.9803219770101286,0.9916174681148316
0.9803365363194867,0.9916174681148316
0.9803510960613081,0.9916174681148316
0.9803508042357904,0.9916024456562561
0.9803505124016041,0.9915874231976806
0.9803502205587489,0.9915724007391049
0.9803647813688213,0.9915724007391049
0.9803793426114338,0.9915724007391049
0.9803939042866054,0.9915724007391049
0.9803936130709247,0.9915573782805294
0.9804081753906482,0.9915573782805294
0.9804078843782956,0.9915423558219538
0.9804224473426221,0.9915423558219538
0.9804370107395909,0.9915423558219538
0.9804367201426025,0.9915273333633783
0.9804512841842571,0.9915273333633783
0.9804658486586054,0.9915273333633783
0.9804655584770563,0.9915123109048026
0.9804801235961733,0.9915123109048026
0.9804946891480354,0.9915123109048026
0.9805092551326618,0.9915123109048026
0.980523821550072,0.9915123109048026
0.9805235322082244,0.9914972884462271
0.9805380992705501,0.9914972884462271
0.9805526667657108,0.9914972884462271
0.9805523778395162,0.9914822659876515
0.9805669459796755,0.9914822659876515
0.9805666572570461,0.991467243529076
0.9805812260422547,0.991467243529076
0.9805957952603819,0.991467243529076
0.9806103649114466,0.991467243529076
0.9806100768167838,0.9914522210705004
0.980624647113013,0.9914522210705004
0.9806243592220026,0.9914371986119248
0.9806389301634473,0.9914371986119248
0.9806386424761141,0.9914221761533493
0.980653214062825,0.9914221761533493
0.9806677860825891,0.9914221761533493
0.9806823585354256,0.9914221761533493
0.9806969314213537,0.9914221761533493
0.9806966445745534,0.9914071536947737
0.9806963577192278,0.9913921312361981
0.9806960708553766,0.9913771087776225
0.9806957839829992,0.991362086319047
0.9807103581512855,0.991362086319047
0.980710071482709,0.9913470638604714
0.9807246462965165,0.9913470638604714
0.9807392215435374,0.9913470638604714
0.9807389352911453,0.9913320414018958
0.9807386490302444,0.9913170189433202
0.9807532251352477,0.9913170189433202
0.9807678016735283,0.9913170189433202
0.9807823786451056,0.9913170189433202
0.9807969560499993,0.9913170189433202
0.9808115338882283,0.9913170189433202
0.9808261121598121,0.9913170189433202
0.9808406908647701,0.9913170189433202
0.9808404060823164,0.9913019964847447
0.9808549854331411,0.9913019964847447
0.9808547008547008,0.9912869740261692
0.9808544162678003,0.9912719515675935
0.9808689964770413,0.9912719515675935
0.9808835771197526,0.9912719515675935
0.9808981581959537,0.9912719515675935
0.9809127397056637,0.9912719515675935
0.9809273216489022,0.9912719515675935
0.9809419040256883,0.9912719515675935
0.9809416207055466,0.991256929109018
0.980941337376981,0.9912419066504424
0.9809410540399911,0.9912268841918669
0.9809556374881065,0.9912268841918669
0.9809702213698467,0.9912268841918669
0.9809699384496446,0.9912118617332912
0.98096965552103,0.9911968392747157
0.9809693725840024,0.9911818168161401
0.9809688066847067,0.991151771898989
0.9809833920632797,0.991151771898989
0.9809979778755799,0.991151771898989
0.9810125641216266,0.991151771898989
0.9810417379150372,0.991151771898989
0.9810563254624398,0.991151771898989
0.9810709134436663,0.991151771898989
0.9810855018587361,0.991151771898989
0.9811000907076686,0.991151771898989
0.981114679990483,0.991151771898989
0.9811292697071988,0.991151771898989
0.9811289890848526,0.9911367494404134
0.9811435794482861,0.9911367494404134
0.981172761477031,0.9911367494404134
0.9811724814847863,0.9911217269818379
0.981187073362978,0.9911217269818379
0.9812016656751933,0.9911217269818379
0.9812013861003287,0.9911067045232623
0.9812159790594605,0.9911067045232623
0.9812305724526674,0.9911067045232623
0.9812302932952585,0.9910916820646867
0.9812448873354651,0.9910916820646867
0.9812446083826636,0.9910766596061111
0.981259203069921,0.9910766596061111
0.9812589243217515,0.9910616371475356
0.981273519656111,0.9910616371475356
0.9812881154246617,0.9910616371475356
0.9813027116274227,0.9910616371475356
0.9813024335098471,0.99104661468896
0.9813170303598256,0.99104661468896
0.9813316276440662,0.99104661468896
0.9813462253625883,0.99104661468896
0.9813608235154112,0.99104661468896
0.9813754221025542,0.99104661468896
0.9813751450418018,0.9910315922303844
0.9813897442763422,0.9910315922303844
0.9813894674204106,0.9910165697718089
0.9813891905562415,0.9910015473132333
0.9813889136838347,0.9909865248546578
0.9813886368031897,0.9909715023960821
0.9814032373244466,0.9909715023960821
0.9814178382801458,0.9909715023960821
0.9814324396703068,0.9909715023960821
0.9814470414949489,0.9909715023960821
0.9814616437540915,0.9909715023960821
0.9814762464477541,0.9909715023960821
0.981475970837673,0.9909564799375066
0.9814905741790534,0.9909564799375066
0.9814902987739554,0.990941457478931
0.981504902763105,0.990941457478931
0.9815046275630152,0.9909264350203554
0.9815043523547355,0.9909114125617798
0.9815189572049283,0.9909114125617798
0.9815335624897698,0.9909114125617798
0.9815332876997709,0.9908963901032043
0.9815330129015937,0.9908813676446288
0.981547619047619,0.9908813676446288
0.9815473444545306,0.9908663451860531
0.9815470698532694,0.9908513227274776
0.9815616768605742,0.9908513227274776
0.9815614024644324,0.990836300268902
0.9815760101198006,0.990836300268902
0.9815906182099592,0.990836300268902
0.9816052267349278,0.990836300268902
0.9816198356947256,0.990836300268902
0.9816195621437395,0.9908212778103265
0.9816341717517487,0.9908212778103265
0.981648781794639,0.9908212778103265
0.9816633922724296,0.9908212778103265
0.9816631193534463,0.9908062553517508
0.9816777304795642,0.9908062553517508
0.981692342040634,0.9908062553517508
0.9817069540366754,0.9908062553517508
0.9817066817498474,0.9907912328931753
0.9817064094549135,0.9907762104345997
0.9817061371518733,0.9907611879760242
0.9817207502232808,0.9907611879760242
0.9817204781256047,0.9907461655174485
0.9817350918455446,0.9907461655174485
0.9817497060005657,0.9907461655174485
0.9817643205906872,0.9907461655174485
0.9817789356159285,0.9907461655174485
0.9817935510763093,0.9907461655174485
0.9818081669718488,0.9907461655174485
0.9818078961472042,0.990731143058873
0.9818076253144958,0.9907161206002975
0.9818222420723537,0.9907161206002975
0.9818219714451607,0.9907010981417219
0.9818365888518342,0.9907010981417219
0.9818363184301815,0.9906860756831463
0.9818360480004764,0.9906710532245707
0.9818506662696345,0.9906710532245707
0.9818503960455006,0.9906560307659952
0.9818501258133199,0.9906410083074196
0.9818498555730919,0.990625985848844
0.9818495853248165,0.9906109633902684
0.9818642048838594,0.9906109633902684
0.9818639348411977,0.9905959409316929
0.9818785550492868,0.9905959409316929
0.9818931756927796,0.9905959409316929
0.9819077967716957,0.9905959409316929
0.9819075273620728,0.9905809184731174
0.9819072579444262,0.9905658960145417
0.9819069885187557,0.9905508735559662
0.9819067190850608,0.9905358510973906
0.9819213414543343,0.9905358510973906
0.9819359642591213,0.9905358510973906
0.9819356952449031,0.9905208286388151
0.9819354262226723,0.9905058061802394
0.9819351571924285,0.9904907837216639
0.9819497810740774,0.9904907837216639
0.9819644053913174,0.9904907837216639
0.9819790301441678,0.9904907837216639
0.9819787617473155,0.9904757612630883
0.9819933871496231,0.9904757612630883
0.9820080129875933,0.9904757612630883
0.982007745010426,0.9904607388045128
0.9820223714979371,0.9904607388045128
0.9820221037266526,0.9904457163459371
0.9820218359473911,0.9904306938873616
0.9820364632983795,0.9904306938873616
0.982051091085127,0.9904306938873616
0.9820657193076533,0.9904306938873616
0.982080347965978,0.9904306938873616
0.9820949770601204,0.9904306938873616
0.9821096065900999,0.9904306938873616
0.9821093400863995,0.9904156714287861
0.9821090735747591,0.9904006489702105
0.9821088070551781,0.9903856265116349
0.9821234376629374,0.9903856265116349
0.9821380687066115,0.9903856265116349
0.9821527001862197,0.9903856265116349
0.9821673321017818,0.9903856265116349
0.9821819644533171,0.9903856265116349
0.9821816989958583,0.9903706040530593
0.9821963319974375,0.9903706040530593
0.9821960667461264,0.9903555815944838
0.9822107003978009,0.9903555815944838
0.982225334485533,0.9903555815944838
0.982225069654484,0.9903405591359081
0.9822397043923953,0.9903405591359081
0.9822543395664158,0.9903405591359081
0.9822836112228629,0.9903405591359081
0.9822982477053284,0.9903405591359081
0.9823128846239811,0.9903405591359081
0.9823275219788407,0.9903405591359081
0.9823421597699266,0.9903405591359081
0.9823567979972582,0.9903405591359081
0.9823565350857586,0.9903255366773326
0.9823562721664233,0.990310514218757
0.9823855507868383,0.990310514218757
0.9823852882881541,0.9902954917601815
0.9823999284671098,0.9902954917601815
0.9823996661748707,0.9902804693016058
0.982414307004471,0.9902804693016058
0.9824140449187022,0.9902654468430303
0.9824286863989985,0.9902654468430303
0.982443328315722,0.9902654468430303
0.9824430666507691,0.9902504243844548
0.9824577092182726,0.9902504243844548
0.9824723522222554,0.9902504243844548
0.9824869956627368,0.9902504243844548
0.9825016395397365,0.9902504243844548
0.9825013787244191,0.9902354019258792
0.9825160232523475,0.9902354019258792
0.9825157626436525,0.9902203794673036
0.9825304078225614,0.9902203794673036
0.982545053438073,0.9902203794673036
0.9825447932504546,0.990205357008728
0.9825445330550794,0.9901903345501525
0.9825442728519468,0.9901753120915769
0.9825589195474264,0.9901753120915769
0.9825735666795862,0.9901753120915769
0.9825730471079308,0.9901452671744257
0.9825727873104847,0.9901302447158502
0.9825725275052923,0.9901152222572747
0.9825871759321377,0.9901152222572747
0.9826018247957541,0.9901152222572747
0.982616474096161,0.9901152222572747
0.982631123833378,0.9901152222572747
0.9826457740074247,0.9901152222572747
0.9826604246183206,0.9901152222572747
0.9826750756660851,0.9901152222572747
0.9826748173550023,0.990100199798699
0.9826894690542576,0.990100199798699
0.9826892109500805,0.9900851773401235
0.9826889528382066,0.9900701548815479
0.9827036054036322,0.9900701548815479
0.982718258406024,0.9900701548815479
0.9827329118454015,0.9900701548815479
0.982747565721784,0.9900701548815479
0.9827622200351913,0.9900701548815479
0.9827619629889205,0.9900551324229724
0.982776617954071,0.9900551324229724
0.9827763611148391,0.9900401099643967
0.9827910167317844,0.9900401099643967
0.9827907600996167,0.9900250875058212
0.9827905034597948,0.9900100650472456
0.9827902468123182,0.9899950425886701
0.9828049035106033,0.9899950425886701
0.9828046470702281,0.9899800201300945
0.9828043906222037,0.9899649976715189
0.9828337061894109,0.9899649976715189
0.9828334501633134,0.9899499752129434
0.9828481088175636,0.9899499752129434
0.9828627679090787,0.9899499752129434
0.9828774274378784,0.9899499752129434
0.982877172048624,0.9899349527543678
0.9828918322295805,0.9899349527543678
0.9829064928478738,0.9899349527543678
0.9829062378807315,0.9899199302957922
0.9829208991512657,0.9899199302957922
0.9829206443914081,0.9899049078372166
0.9829203896239502,0.9898898853786411
0.9829350517616874,0.9898898853786411
0.9829347972015454,0.9898748629200655
0.9829494599916463,0.9898748629200655
0.9829492056388454,0.9898598404614899
0.9829489512784557,0.9898448180029144
0.9829636149359271,0.9898448180029144
0.9829782790309106,0.9898448180029144
0.9829780250928675,0.9898297955443388
0.98299268984037,0.9898297955443388
0.9830073550254368,0.9898297955443388
0.9830220206480874,0.9898297955443388
0.9830366867083414,0.9898297955443388
0.9830660201417382,0.9898297955443388
0.9830657674862736,0.9898147730857633
0.9830655148232696,0.9897997506271876
0.9830652621527259,0.9897847281686121
0.9830799301711404,0.9897847281686121
0.9830945986272754,0.9897847281686121
0.983094346379385,0.9897697057100365
0.9831090154883763,0.9897697057100365
0.9831087634480803,0.989754683251461
0.9831234332099797,0.989754683251461
0.9831381034096844,0.989754683251461
0.983152774047214,0.989754683251461
0.98315252264486,0.9897396607928853
0.9831522712350027,0.9897246383343098
0.983166942740744,0.9897246383343098
0.9831666915385764,0.9897096158757342
0.9831813636974138,0.9897096158757342
0.9831811127029608,0.9896945934171586
0.9831808617010163,0.989679570958583
0.9831806106915798,0.9896645485000075
0.9831803596746511,0.989649526041432
0.9831801086502299,0.9896345035828563
0.9831947823231796,0.9896345035828563
0.9831945315065221,0.9896194811242808
0.9832092058327487,0.9896194811242808
0.9832089552238806,0.9896044586657052
0.9832236302034358,0.9896044586657052
0.9832233798023822,0.9895894362071297
0.983238055435318,0.9895894362071297
0.983237805242104,0.989574413748554
0.9832524815284722,0.989574413748554
0.9832671582529778,0.989574413748554
0.9832669084829758,0.9895593912899785
0.9832666587055171,0.989544368831403
0.9832813362989058,0.989544368831403
0.9832960143304971,0.989544368831403
0.9833106928003105,0.989544368831403
0.9833253717083656,0.989544368831403
0.9833400510546823,0.989544368831403
0.983339802346759,0.9895293463728274
0.98333955363141,0.9895143239142518
0.9833393049086349,0.9894993014556762
0.9833390561784333,0.9894842789971007
0.9833537368248186,0.9894842789971007
0.983353488302653,0.9894692565385251
0.9833681696028665,0.9894692565385251
0.9833679212887622,0.9894542340799495
0.9833826032428559,0.9894542340799495
0.9833972856353673,0.9894542340799495
0.9834119684663163,0.9894542340799495
0.9834117207913401,0.9894392116213739
0.9834114731089677,0.9894241891627984
0.9834112254191988,0.9894091667042229
0.9834259093352445,0.9894091667042229
0.9834405936898061,0.9894091667042229
0.9834552784829028,0.9894091667042229
0.9834550314324538,0.9893941442456472
0.9834697168797037,0.9893941442456472
0.9834694700374812,0.9893791217870717
0.9834841561389361,0.9893791217870717
0.9834839095049652,0.9893640993284961
0.9834985962606774,0.9893640993284961
0.9835132834550423,0.9893640993284961
0.9835130372450046,0.9893490768699206
0.9835127910276131,0.9893340544113449
0.9835274790919952,0.9893340544113449
0.9835421675950955,0.9893340544113449
0.9835568565369336,0.9893340544113449
0.9835566109592724,0.9893190319527694
0.9835563653742756,0.9893040094941938
0.9835561197819431,0.9892889870356183
0.9835708098097201,0.9892889870356183
0.9835705644257913,0.9892739645770426
0.9835703190345322,0.9892589421184671
0.9835850099326373,0.9892589421184671
0.9835997012696042,0.9892589421184671
0.9835994563025586,0.9892439196598916
0.9835992113281951,0.989228897201316
0.9836139035356327,0.989228897201316
0.9836136587697547,0.9892138747427404
0.9836134139965643,0.9891988522841648
0.9836281070745698,0.9891988522841648
0.9836278625098965,0.9891838298255893
0.9836276179379164,0.9891688073670137
0.9836423118865867,0.9891688073670137
0.9836570062742754,0.9891688073670137
0.9836717011010024,0.9891688073670137
0.9836714571693209,0.9891537849084381
0.9836712132303509,0.9891387624498625
0.9836859089279312,0.9891387624498625
0.9837006050646149,0.9891387624498625
0.9837003615501838,0.989123739991287
0.9837001180284762,0.9891087175327115
0.9837148150361561,0.9891087175327115
0.9837295124830049,0.9891087175327115
0.9837442103690422,0.9891087175327115
0.983758908694288,0.9891087175327115
0.9837736074587616,0.9891087175327115
0.9837733650096374,0.9890936950741358
0.9837880644293697,0.9890936950741358
0.9838027642883825,0.9890936950741358
0.9838174645866954,0.9890936950741358
0.9838321653243279,0.9890936950741358
0.9838468665013,0.9890936950741358
0.9838615681176313,0.9890936950741358
0.9838762701733413,0.9890936950741358
0.9838760292293669,0.9890786726155603
0.983890731940584,0.9890786726155603
0.9838904912055233,0.9890636501569847
0.9839051945722996,0.9890636501569847
0.983904954046178,0.9890486276984091
0.9839196580685656,0.9890486276984091
0.98393436253045,0.9890486276984091
0.9839490674318508,0.9890486276984091
0.9839637727727877,0.9890486276984091
0.9839784785532806,0.9890486276984091
0.9839782391008683,0.9890336052398335
0.9839779996412985,0.989018582781258
0.9839927062938109,0.989018582781258
0.9839924670433146,0.9890035603226824
0.9840071743516927,0.9890035603226824
0.9840069353102954,0.9889885378641068
0.9840216432745915,0.9889885378641068
0.9840214044423187,0.9889735154055312
0.9840211656029058,0.9889584929469557
0.9840209267563528,0.9889434704883802
0.984035635809205,0.9889434704883802
0.9840503453018028,0.9889434704883802
0.9840501068807271,0.9889284480298045
0.9840498684525233,0.988913425571229
0.9840496300171911,0.9888984031126534
0.984064340598559,0.9888984031126534
0.984079051619751,0.9888984031126534
0.9840937630807869,0.9888984031126534
0.9840935252874079,0.9888833806540779
0.9841082374046942,0.9888833806540779
0.9841079998205983,0.9888683581955022
0.9841227125941873,0.9888683581955022
0.9841224752193999,0.9888533357369267
0.9841371886493436,0.9888533357369267
0.9841519025192494,0.9888533357369267
0.984166616829137,0.9888533357369267
0.9841813315790261,0.9888533357369267
0.9841810950629467,0.9888383132783511
0.984195810469341,0.9888383132783511
0.9841955741626794,0.9888232908197756
0.9842102902256313,0.9888232908197756
0.9842100541284129,0.9888082683612
0.9842098180241339,0.9887932459026244
0.9842095819127938,0.9887782234440489
0.9842093457943926,0.9887632009854733
0.9842091096689296,0.9887481785268977
0.9842088735364048,0.9887331560683221
0.9842235913386769,0.9887331560683221
0.9842383095811338,0.9887331560683221
0.9842380738746822,0.9887181336097466
0.9842378381611808,0.988703111151171
0.9842525572770234,0.988703111151171
0.9842672768331164,0.988703111151171
0.9842819968294798,0.988703111151171
0.9842967172661332,0.988703111151171
0.9843114381430964,0.988703111151171
0.9843112035056758,0.9886880886925954
0.9843259250396339,0.9886880886925954
0.9843406470139543,0.9886880886925954
0.9843404128028717,0.9886730662340198
0.9843551354342721,0.9886730662340198
0.9843549014328876,0.9886580437754443
0.9843696247214203,0.9886580437754443
0.9843843484504009,0.9886580437754443
0.9843990726198489,0.9886580437754443
0.9844137972297843,0.9886580437754443
0.9844285222802268,0.9886580437754443
0.9844282893555915,0.9886430213168688
0.9844430150633499,0.9886430213168688
0.984457741211668,0.9886430213168688
0.9844724678005654,0.9886430213168688
0.9844722355193872,0.9886279988582931
0.9844869627657187,0.9886279988582931
0.9845016904526823,0.9886279988582931
0.9845014585982497,0.9886129763997176
0.9845161869427324,0.9886129763997176
0.9845309157278997,0.9886129763997176
0.9845306843002902,0.988597953941142
0.984530452865756,0.9885829314825665
0.9845302214242968,0.9885679090239908
0.9845299899759122,0.9885528865654153
0.9845297585206021,0.9885378641068397
0.9845295270583658,0.9885228416482642
0.9845442575857323,0.9885228416482642
0.9845589885539014,0.9885228416482642
0.9845737199628931,0.9885228416482642
0.9845884518127273,0.9885228416482642
0.9846031841034235,0.9885228416482642
0.9846029537190825,0.9885078191896886
0.9846027233278468,0.988492796731113
0.9846024929297161,0.9884777742725375
0.9846022625246903,0.9884627518139619
0.9846020321127688,0.9884477293553863
0.9846018016939515,0.9884327068968107
0.9846015712682379,0.9884176844382352
0.9846013408356279,0.9884026619796595
0.9846160753034134,0.9884026619796595
0.9846308102122056,0.9884026619796595
0.9846305802068213,0.988387639521084
0.9846453157737205,0.988387639521084
0.9846450859785391,0.9883726170625085
0.9846448561764793,0.9883575946039329
0.9846446263675412,0.9883425721453573
0.9846443965517241,0.9883275496867817
0.9846591334281224,0.9883275496867817
0.9846738707456522,0.9883275496867817
0.9846736413572209,0.9883125272282062
0.984673411961923,0.9882975047696306
0.9846731825597581,0.988282482311055
0.9846879209699146,0.988282482311055
0.9847026598212816,0.988282482311055
0.9847024308466052,0.9882674598524794
0.9847171703563998,0.9882674598524794
0.9847169415920726,0.9882524373939039
0.9847316817603473,0.9882524373939039
0.9847464223699179,0.9882524373939039
0.9847461940332021,0.9882374149353284
0.9847609353013382,0.9882374149353284
0.9847607071750423,0.9882223924767527
0.9847754491017964,0.9882223924767527
0.9847752211859458,0.9882073700181772
0.9847899637713704,0.9882073700181772
0.984789736065991,0.9881923475596016
0.9848044793101384,0.9881923475596016
0.9848042518152557,0.9881773251010261
0.9848189957181783,0.9881773251010261
0.9848337400625814,0.9881773251010261
0.9848484848484849,0.9881773251010261
0.9848482579988321,0.9881623026424504
0.9848480311423866,0.9881472801838749
0.9848478042791478,0.9881322577252993
0.9848475774091154,0.9881172352667238
0.9848473505322892,0.9881022128081481
0.9848471236486689,0.9880871903495726
0.9848468967582541,0.988072167890997
0.9848466698610445,0.9880571454324215
0.9848614168276357,0.9880571454324215
0.984876164235872,0.9880571454324215
0.9849204091106486,0.9880571454324215
0.9849201832938992,0.9880421229738459
0.9849199574703865,0.9880271005152703
0.9849197316401103,0.9880120780566948
0.98491950580307,0.9879970555981192
0.9849190541086966,0.987967010680968
0.9849188282513629,0.9879519882223925
0.984933578948945,0.9879519882223925
0.9849333533023813,0.987936965763817
0.9849331276490587,0.9879219433052413
0.9849329019889768,0.9879069208466658
0.9849326763221352,0.9878918983880902
0.9849324506485336,0.9878768759295147
0.9849472028757582,0.9878768759295147
0.9849619555449044,0.9878768759295147
0.9849767086559921,0.9878768759295147
0.9849914622090411,0.9878768759295147
0.9849912373990803,0.987861853470939
0.9850059916117435,0.987861853470939
0.9850057670126874,0.9878468310123635
0.9850205218850175,0.9878468310123635
0.9850352771993948,0.9878468310123635
0.9850500329558391,0.9878468310123635
0.9850647891543705,0.9878468310123635
0.9850645654193008,0.9878318085537879
0.9850643416775277,0.9878167860952124
0.9850641179290508,0.9878017636366367
0.9850788752228431,0.9878017636366367
0.9850936329588015,0.9878017636366367
0.9850934096390958,0.9877867411780612
0.9850931863126985,0.9877717187194857
0.9851079449263638,0.9877717187194857
0.9851227039822611,0.9877717187194857
0.9851224810847254,0.98775669626091
0.9851222581805106,0.9877416738023345
0.985151778490306,0.9877416738023345
0.9851515560150432,0.9877266513437589
0.9851513335331136,0.9877116288851834
0.9851660947871559,0.9877116288851834
0.9851808564835626,0.9877116288851834
0.9851956186223534,0.9877116288851834
0.9852103812035483,0.9877116288851834
0.9852101595864239,0.9876966064266077
0.9852099379626578,0.9876815839680322
0.9852097163322494,0.9876665615094566
0.9852094946951987,0.9876515390508811
0.9852242585904603,0.9876515390508811
0.9852240371646935,0.9876365165923054
0.9852238157322903,0.9876214941337299
0.9852235942932502,0.9876064716751544
0.9852383592848473,0.9876064716751544
0.9852381380571291,0.9875914492165788
0.9852379168227801,0.9875764267580032
0.9852526826928841,0.9875764267580032
0.9852674490055903,0.9875764267580032
0.9852672282005935,0.9875614042994276
0.9852819951739332,0.9875614042994276
0.9852817745803357,0.9875463818408521
0.9852815539801256,0.9875313593822765
0.9852813333733026,0.9875163369237009
0.9852961014434102,0.9875163369237009
0.9853108699562324,0.9875163369237009
0.9853256389117889,0.9875163369237009
0.9853254189525437,0.9875013144651253
0.9853251989867042,0.9874862920065498
0.9853399688212016,0.9874862920065498
0.9853397490668705,0.9874712695479743
0.9853395293059511,0.9874562470893986
0.9853393095384431,0.9874412246308231
0.9853390897643461,0.9874262021722475
0.9853538609141469,0.9874262021722475
0.9853536413516025,0.987411179713672
0.9853684131624316,0.987411179713672
0.985383185416167,0.987411179713672
0.9853979581128285,0.987411179713672
0.9854127312524362,0.987411179713672
0.9854125125560337,0.9873961572550963
0.9854122938530735,0.9873811347965208
0.985427067872082,0.9873811347965208
0.9854418423341029,0.9873811347965208
0.9854416240610522,0.9873661123379452
0.9854414057814561,0.9873510898793697
0.9854411874953145,0.987336067420794
0.9854409692026269,0.9873210449622185
0.9854557449807326,0.9873210449622185
0.9854555268997781,0.987306022503643
0.9854703033392812,0.987306022503643
0.9854700854700855,0.9872910000450674
0.9854698675943558,0.9872759775864918
0.9854846449136276,0.9872759775864918
0.9854994226760838,0.9872759775864918
0.9854992052304832,0.9872609551279162
0.985498987778361,0.9872459326693407
0.9854987703197169,0.9872309102107651
0.9854985528545507,0.9872158877521895
0.9854983353828619,0.987200865293614
0.9854981179046505,0.9871858428350384
0.9855128974205158,0.9871858428350384
0.9855126801541715,0.9871708203764629
0.9855274603317437,0.9871708203764629
0.985527243277292,0.9871557979178872
0.9855270262163297,0.9871407754593117
0.9855418072740907,0.9871407754593117
0.9855415904250533,0.9871257530007361
0.9855563721446463,0.9871257530007361
0.9855559388639739,0.9870957080835849
0.9855557222138893,0.9870806856250094
0.9855705050323239,0.9870806856250094
0.9855852882942341,0.9870806856250094
0.9855850720746396,0.9870656631664338
0.98559985599856,0.9870656631664338
0.9856146403660091,0.9870656631664338
0.9856144245769831,0.9870506407078582
0.985614208781483,0.9870356182492827
0.9856139929795086,0.9870205957907071
0.9856137771710596,0.9870055733321316
0.9856285628562856,0.9870055733321316
0.9856433489851333,0.9870055733321316
0.9856581355576225,0.9870055733321316
0.9856729225737731,0.9870055733321316
0.9856877100336053,0.9870055733321316
0.9856874953116795,0.9869905508735559
0.9856872805833108,0.9869755284149804
0.985687065848499,0.9869605059564048
0.9857018544079698,0.9869605059564048
0.9857016398853731,0.9869454834978293
0.9857014253563391,0.9869304610392536
0.9857012108208675,0.9869154385806781
0.9857009962789581,0.9869004161221026
0.9857157861569162,0.9869004161221026
0.9857305764787084,0.9869004161221026
0.9857303623677696,0.986885393663527
0.9857301482504052,0.9868703712049514
0.9857449394535059,0.9868703712049514
0.9857597311005072,0.9868703712049514
0.9857745231914287,0.9868703712049514
0.9857893157262905,0.9868703712049514
0.9857891024775282,0.9868553487463758
0.9858038956751403,0.9868553487463758
0.9858036826387743,0.9868403262878003
0.9858034695960142,0.9868253038292247
0.9858032565468597,0.9868102813706491
0.985818050844914,0.9868102813706491
0.9858328455870214,0.9868102813706491
0.9858326329691439,0.9867952589120735
0.9858324203448845,0.986780236453498
0.9858472159687828,0.986780236453498
0.9858620120368008,0.986780236453498
0.9858768085489584,0.986780236453498
0.9858916055052757,0.986780236453498
0.9858913937501876,0.9867652139949225
0.9858911819887429,0.9867501915363468
0.9858907584467826,0.9867201466191957
0.9858905466662664,0.9867051241606202
0.9858903348793924,0.9866901017020445
0.9858901230861603,0.986675079243469
0.9859049220192437,0.986675079243469
0.9859197213966195,0.986675079243469
0.985919510034976,0.9866600567848934
0.9859192986669869,0.9866450343263179
0.9859340989266682,0.9866450343263179
0.9859338877713394,0.9866300118677422
0.9859336766096708,0.9866149894091667
0.9859334654416622,0.9865999669505912
0.9859482668027804,0.9865999669505912
0.9859480558474704,0.9865849444920156
0.9859628578720593,0.9865849444920156
0.9859626471294739,0.98656992203344
0.9859624363805606,0.9865548995748644
0.9859772392877518,0.9865548995748644
0.9859770287515952,0.9865398771162889
0.9859918323223831,0.9865398771162889
0.985991621999009,0.9865248546577133
0.9860064262334465,0.9865248546577133
0.9860212309124488,0.9865248546577133
0.9860360360360361,0.9865248546577133
0.9860358263637592,0.9865098321991377
0.9860506321511157,0.9865098321991377
0.9860504226917128,0.9864948097405621
0.9860652291428915,0.9864948097405621
0.9860650198963886,0.9864797872819866
0.9860798270114425,0.9864797872819866
0.9860796179778656,0.986464764823411
0.9860794089380106,0.9864497423648354
0.9860942169362226,0.9864497423648354
0.9861090253791861,0.9864497423648354
0.986123834266921,0.9864497423648354
0.9861386435994474,0.9864497423648354
0.9861384354303393,0.9864347199062599
0.9861532454269666,0.9864347199062599
0.9861680558684388,0.9864347199062599
0.986182866754776,0.9864347199062599
0.9861826592373428,0.9864196974476843
0.9861822441837762,0.9863896525305331
0.9861820366476419,0.9863746300719576
0.9861818291052734,0.986359607613382
0.9861816215566703,0.9863445851548064
0.9861964342040044,0.9863445851548064
0.9861962268685412,0.9863295626962308
0.9862110401802479,0.9863295626962308
0.9862108330579505,0.9863145402376553
0.9862256470340829,0.9863145402376553
0.9862404614552664,0.9863145402376553
0.9862552763215214,0.9863145402376553
0.9862700916328676,0.9863145402376553
0.9862849073893254,0.9863145402376553
0.9862997235909146,0.9863145402376553
0.9862995177790798,0.9862995177790798
0.9863143346453144,0.9862995177790798
0.9863141290467964,0.9862844953205041
0.9863139234421008,0.9862694728619286
0.9863287411925544,0.9862694728619286
0.9863285358012079,0.986254450403353
0.9863283304036898,0.9862394279447775
0.9863431490384615,0.9862394279447775
0.9863429438543247,0.9862244054862018
0.986357763153941,0.9862244054862018
0.9863575581832114,0.9862093830276263
0.9863723781477253,0.9862093830276263
0.9863871985575839,0.9862093830276263
0.9863869940198936,0.9861943605690507
0.9863867894760566,0.9861793381104752
0.9864016107705253,0.9861793381104752
0.9864014064401737,0.9861643156518995
0.9864012021036814,0.986149293193324
0.9864160242828592,0.986149293193324
0.9864158201598846,0.9861342707347485
0.9864156160307752,0.9861192482761729
0.986415411895531,0.9861042258175973
0.986430235179202,0.9861042258175973
0.9864300312575138,0.9860892033590217
0.9864448552064079,0.9860892033590217
0.9864446514983018,0.9860741809004462
0.986459476112472,0.9860741809004462
0.9864743011722272,0.9860741809004462
0.9864891266775876,0.9860741809004462
0.9864889236225916,0.9860591584418706
0.9864887205614921,0.986044135983295
0.986503546952026,0.986044135983295
0.9865183737882317,0.986044135983295
0.9865332010701295,0.986044135983295
0.9865329986623179,0.9860291135247194
0.9865327962484218,0.9860140910661439
0.9865476244156859,0.9860140910661439
0.9865474222155418,0.9859990686075684
0.986562251048415,0.9859990686075684
0.9865770803270804,0.9859990686075684
0.9866067402218681,0.9859990686075684
0.9866215708380308,0.9859990686075684
0.9866213697312248,0.9859840461489927
0.9866211686183726,0.9859690236904172
0.9866209674994738,0.9859540012318416
0.9866357992212985,0.9859540012318416
0.9866355983162959,0.9859389787732661
0.9866353974052526,0.9859239563146904
0.9866351964881687,0.9859089338561149
0.986650029315814,0.9859089338561149
0.9866648625894522,0.9859089338561149
0.9866796963091032,0.9859089338561149
0.9866794960459452,0.9858939113975393
0.9866792957767655,0.9858788889389638
0.9866790955015636,0.9858638664803882
0.9866788952203395,0.9858488440218126
0.9866937302661254,0.9858488440218126
0.9867085657580177,0.9858488440218126
0.9867083659108679,0.9858338215632371
0.9867081660577082,0.9858187991046614
0.9867079661985385,0.9858037766460859
0.9867077663333584,0.9857887541875103
0.9867226031516901,0.9857887541875103
0.9867374404162218,0.9857887541875103
0.9867522781269736,0.9857887541875103
0.9867671162839656,0.9857887541875103
0.9867669172932331,0.9857737317289348
0.9867667182965157,0.9857587092703591
0.9867815573400703,0.9857587092703591
0.9867813585575289,0.9857436868117836
0.9867811597690087,0.985728664353208
0.9867809609745094,0.9857136418946325
0.9867958011249135,0.9857136418946325
0.986810641721685,0.9857136418946325
0.9868254827648439,0.9857136418946325
0.9868403242544104,0.9857136418946325
0.9868401263347872,0.9856986194360569
0.9868549684910286,0.9856986194360569
0.9868698110937312,0.9856986194360569
0.9868846541429152,0.9856986194360569
0.9868994976386006,0.9856986194360569
0.986899300594119,0.9856835969774813
0.9869141447566332,0.9856835969774813
0.9869289893657025,0.9856835969774813
0.9869287927559339,0.9856685745189058
0.9869436380319189,0.9856685745189058
0.9869434416365824,0.9856535520603302
0.9869582875795364,0.9856535520603302
0.9869731339691327,0.9856535520603302
0.9869879808053913,0.9856535520603302
0.9869877850652867,0.9856385296017546
0.986987589319293,0.985623507143179
0.9869873935674098,0.9856084846846035
0.986987197809637,0.985593462226028
0.9869870020459742,0.9855784397674523
0.9870018504310151,0.9855784397674523
0.9870016548819016,0.9855634173088768
0.9870014593269043,0.9855483948503012
0.9870012637660227,0.9855333723917257
0.9870010681992568,0.98551834993315
0.9870159179129179,0.98551834993315
0.987030768073422,0.98551834993315
0.9870305729417429,0.9855033274745745
0.9870303778041918,0.9854883050159989
0.9870301826607686,0.9854732825574234
0.9870299875114729,0.9854582600988477
0.9870297923563045,0.9854432376402722
0.9870295971952633,0.9854282151816967
0.9870444491257636,0.9854282151816967
0.9870593015032276,0.9854282151816967
0.9870591067774166,0.9854131927231211
0.9870739598224363,0.9854131927231211
0.9870737653113432,0.9853981702645455
0.9870886190239718,0.9853981702645455
0.9870884247276229,0.9853831478059699
0.9870882304254263,0.9853681253473944
0.9871030850263356,0.9853681253473944
0.9871179400743427,0.9853681253473944
0.9871177462075608,0.9853531028888188
0.9871175523349437,0.9853380804302432
0.987117358456491,0.9853230579716676
0.9871322146135902,0.9853230579716676
0.9871470712178677,0.9853230579716676
0.9871619282693437,0.9853230579716676
0.9871617350471088,0.9853080355130921
0.9871765927665147,0.9853080355130921
0.9871914509331728,0.9853080355130921
0.9871912581465705,0.9852930130545166
0.9871910653541648,0.9852779905959409
0.9871908725559553,0.9852629681373654
0.9871906797519417,0.9852479456787898
0.9872055392488899,0.9852479456787898
0.9872203991931842,0.9852479456787898
0.9872202068249214,0.9852329232202143
0.9872350674373795,0.9852329232202143
0.9872348752841293,0.9852179007616386
0.9872497365648051,0.9852179007616386
0.9872495446265938,0.9852028783030631
0.9872644065755405,0.9852028783030631
0.9872792689719542,0.9852028783030631
0.9872790774696655,0.9851878558444875
0.9872939405344373,0.9851878558444875
0.98729374924726,0.9851728333859119
0.9873086129804435,0.9851728333859119
0.9873234771611815,0.9851728333859119
0.9873383417894943,0.9851728333859119
0.9873381511592894,0.9851578109273363
0.9873530164561345,0.9851578109273363
0.9873528260411334,0.9851427884687608
0.9873676920065646,0.9851427884687608
0.9873675018067936,0.9851277660101853
0.9873673116012949,0.9851127435516096
0.9873821784563496,0.9851127435516096
0.9873819884661136,0.9850977210930341
0.9873816084684766,0.985067676175883
0.9873814184610752,0.9850526537173073
0.9873962866478941,0.9850526537173073
0.9873960968558005,0.9850376312587318
0.987410965711446,0.9850376312587318
0.9874107761346866,0.9850226088001562
0.9874105865522175,0.9850075863415807
0.9874254562978134,0.9850075863415807
0.987425266930711,0.984992563883005
0.9874250775579049,0.9849775414244295
0.9874248881793949,0.984962518965854
0.9874246987951807,0.9849474965072784
0.9874245094052622,0.9849324740487028
0.9874243200096389,0.9849174515901272
0.9874391915297378,0.9849174515901272
0.9874390023495391,0.9849024291315517
0.9874538745387453,0.9849024291315517
0.9874687471759497,0.9849024291315517
0.9874685584323648,0.9848874066729761
0.9874834317387637,0.9848874066729761
0.9874832432106762,0.9848723842144005
0.9874830546769092,0.984857361755825
0.9874979288737592,0.984857361755825
0.9874977405555221,0.9848423392972494
0.9874975522316116,0.9848273168386739
0.9874973639020276,0.9848122943800982
0.9875122392106651,0.9848122943800982
0.987527114967462,0.9848122943800982
0.9875269270747029,0.9847972719215227
0.9875566803754087,0.9847972719215227
0.9875715576981018,0.9847972719215227
0.9875713704635503,0.9847822494629471
0.9875711832233571,0.9847672270043716
0.9875860614369435,0.9847672270043716
0.9875858744124383,0.9847522045457959
0.9875856873822976,0.9847371820872204
0.9876005664868774,0.9847371820872204
0.9876003796724572,0.9847221596286448
0.9876152594467547,0.9847221596286448
0.9876301396694339,0.9847221596286448
0.9876299532921501,0.9847071371700693
0.9876448341846344,0.9847071371700693
0.9876446480231437,0.9846921147114936
0.9876444618560429,0.9846770922529181
0.9876742258720711,0.9846770922529181
0.9876891085528299,0.9846770922529181
0.9876889230444675,0.9846620697943426
0.9877038063952261,0.9846620697943426
0.9877036211027561,0.984647047335767
0.9877185051235684,0.984647047335767
0.9877333895929715,0.984647047335767
0.9877482745109859,0.984647047335767
0.9877480898774809,0.9846320248771914
0.98776297546567,0.9846320248771914
0.9877627910481501,0.9846170024186158
0.9877626066250715,0.9846019799600403
0.9877624221964342,0.9845869575014647
0.9877773088979985,0.9845869575014647
0.9877771246853853,0.9845719350428891
0.9877769404672193,0.9845569125843135
0.9877767562435003,0.984541890125738
0.987776572014228,0.9845268676671624
0.9877763877794022,0.9845118452085868
0.9877762035390227,0.9844968227500113
0.9877760192930891,0.9844818002914357
0.9877758350416014,0.9844667778328601
0.9877756507845591,0.9844517553742845
0.9877754665219619,0.984436732915709
0.9877903558885154,0.984436732915709
0.9878052457039493,0.984436732915709
0.987805061879136,0.9844217104571334
0.9878048780487805,0.9844066879985578
0.9878046942128828,0.9843916655399823
0.9878045103714423,0.9843766430814067
0.9878043265244592,0.9843616206228312
0.987804142671933,0.9843465981642555
0.9878039588138634,0.98433157570568
0.9878188506301634,0.98433157570568
0.9878337428954788,0.98433157570568
0.9878486356098296,0.98433157570568
0.9878635287732365,0.98433157570568
0.9878633457966469,0.9843165532471044
0.9878782396309196,0.9843165532471044
0.9878780568706088,0.9843015307885289
0.987892951375801,0.9843015307885289
0.9878927688317954,0.9842865083299532
0.987907664007961,0.9842865083299532
0.9879074816802871,0.9842714858713777
0.98792237752748,0.9842714858713777
0.9879372738238842,0.9842714858713777
0.9879370919344381,0.9842564634128022
0.9879519889019572,0.9842564634128022
0.9879518072289156,0.9842414409542266
0.9879667048676036,0.9842414409542266
0.987966523410993,0.984226418495651
0.9879663419489098,0.9842113960370754
0.9879661604813536,0.9841963735784999
0.9879659790083243,0.9841813511199243
0.9879657975298216,0.9841663286613487
0.9879656160458453,0.9841513062027731
0.9879654345563951,0.9841362837441976
0.9879652530614708,0.984121261285622
0.9879650715610719,0.9841062388270464
0.9879648900551986,0.9840912163684709
0.9879647085438504,0.9840761939098953
0.987964527027027,0.9840611714513198
0.9879794277785319,0.9840611714513198
0.987979246478236,0.9840461489927441
0.987979065172471,0.9840311265341686
0.9879787025445331,0.9840010816170175
0.987993604633624,0.9840010816170175
0.9879934235334932,0.9839860591584418
0.9879932424278991,0.9839710366998663
0.9879930613168414,0.9839560142412908
0.9879928802003198,0.9839409917827152
0.9880077836272306,0.9839409917827152
0.9880226875037712,0.9839409917827152
0.9880225068259643,0.9839259693241396
0.9880223261427062,0.983910946865564
0.9880372309131228,0.983910946865564
0.9880370504465363,0.9838959244069885
0.9880368699745048,0.9838809019484128
0.988036689497028,0.9838658794898373
0.9880365090141058,0.9838508570312617
0.9880363285257378,0.9838358345726862
0.9880512348565997,0.9838358345726862
0.9880510545849552,0.9838208121141105
0.9880508743078711,0.983805789655535
0.9880506940253471,0.9837907671969595
0.9880505137373828,0.9837757447383839
0.9880503334439784,0.9837607222798083
0.9880501531451333,0.9837456998212327
0.9880499728408474,0.9837306773626572
0.9880497925311204,0.9837156549040816
0.9880647010894167,0.9837156549040816
0.9880645209964842,0.983700632445506
0.9880794302269436,0.983700632445506
0.9880792503508322,0.9836856099869304
0.9880941602535084,0.9836856099869304
0.9880939805942447,0.9836705875283549
0.9881088911691918,0.9836705875283549
0.9881087117268021,0.9836555650697794
0.9881085322789968,0.9836405426112037
0.9881234437485852,0.9836405426112037
0.9881383556682362,0.9836405426112037
0.9881381766596743,0.9836255201526282
0.9881379976457094,0.9836104976940526
0.9881374605713941,0.9835654303183259
0.9881523740529445,0.9835654303183259
0.9881521952397483,0.9835504078597503
0.9881671093938662,0.9835504078597503
0.9881820239981888,0.9835504078597503
0.9881969390527364,0.9835504078597503
0.9881967609013932,0.9835353854011748
0.9882116766286301,0.9835353854011748
0.9882114986943593,0.9835203629425991
0.9882264150943396,0.9835203629425991
0.988226237377168,0.9835053404840236
0.9882411544499456,0.9835053404840236
0.9882560719730705,0.9835053404840236
0.9882558946955288,0.9834903180254481
0.988270812891539,0.9834903180254481
0.9882857315379506,0.9834903180254481
0.9882853778569488,0.9834602731082969
0.9882852010084389,0.9834452506497213
0.9882850241545894,0.9834302281911458
0.9882999441416688,0.9834302281911458
0.9883148645792446,0.9834302281911458
0.9883146881652248,0.9834152057325702
0.9883296092759225,0.9834152057325702
0.9883445308371707,0.9834152057325702
0.98835945284899,0.9834152057325702
0.9883592770975194,0.9834001832739946
0.9883591013407417,0.983385160815419
0.9883740242484637,0.983385160815419
0.9883738487090442,0.9833701383568435
0.9883736731643238,0.983355115898268
0.9883885969680498,0.983355115898268
0.9883884216407206,0.9833400934396923
0.9884331964242571,0.9833400934396923
0.9884481222535977,0.9833400934396923
0.9884630485337199,0.9833400934396923
0.9884779752646441,0.9833400934396923
0.9884929024463908,0.9833400934396923
0.9885078300789804,0.9833400934396923
0.9885227581624332,0.9833400934396923
0.9885376866967697,0.9833400934396923
0.9885375135918811,0.9833250709811168
0.9885524427999698,0.9833250709811168
0.9885522699127073,0.9833100485225412
0.9885671997946023,0.9833100485225412
0.9885670271249924,0.9832950260639657
0.9885668544501669,0.98328000360539
0.9885967164584876,0.98328000360539
0.9886116481391977,0.98328000360539
0.9886114761279019,0.9832649811468145
0.9886113041114098,0.983249958688239
0.9886262366890718,0.983249958688239
0.988626064890339,0.9832349362296633
0.988625893086416,0.9832199137710878
0.9886408265611311,0.9832199137710878
0.9886557604870017,0.9832199137710878
0.9886555891238671,0.9832048913125122
0.9886554177555552,0.9831898688539367
0.9886552463820659,0.983174846395361
0.988655075003399,0.9831598239367855
0.9886549036195541,0.9831448014782099
0.988654732230531,0.9831297790196344
0.9886696679457353,0.9831297790196344
0.9886846041122173,0.9831297790196344
0.9886844331641286,0.9831147565610587
0.9886993700049855,0.9831147565610587
0.988699199274815,0.9830997341024832
0.9886990285394854,0.9830847116439076
0.9887139662778751,0.9830847116439076
0.9887137957604968,0.9830696891853321
0.9887136252379657,0.9830546667267565
0.9887134547102818,0.9830396442681809
0.9887132841774448,0.9830246218096054
0.9887131136394542,0.9830095993510298
0.9887129430963102,0.9829945768924542
0.9887278826249226,0.9829945768924542
0.9887277122997885,0.9829795544338786
0.9887426525030599,0.9829795544338786
0.9887424823959624,0.9829645319753031
0.988742312283724,0.9829495095167275
0.9887421421663443,0.9829344870581519
0.988772025266721,0.9829344870581519
0.9887869674942953,0.9829344870581519
0.9887867980414677,0.9829194645995764
0.9887866285835185,0.9829044421410008
0.9888015717092338,0.9829044421410008
0.9888014024694344,0.9828894196824253
0.9888012332245194,0.9828743972238496
0.9888010639744887,0.9828593747652741
0.9888008947193423,0.9828443523066985
0.9888007254590796,0.982829329848123
0.9888005561937006,0.9828143073895473
0.9888003869232048,0.9827992849309718
0.9888002176475923,0.9827842624723963
0.9888000483668626,0.9827692400138207
0.9887998790810157,0.9827542175552451
0.9888148248915491,0.9827542175552451
0.9888146558239367,0.9827391950966695
0.988814486751213,0.982724172638094
0.9888143176733781,0.9827091501795184
0.9888141485904316,0.9826941277209428
0.9888139795023733,0.9826791052623672
0.9888138104092029,0.9826640828037917
0.9888136413109203,0.9826490603452162
0.9888134722075252,0.9826340378866405
0.9888133030990174,0.982619015428065
0.9888131339853966,0.9826039929694894
0.9888129648666626,0.9825889705109138
0.9888127957428152,0.9825739480523382
0.9888277446859977,0.9825739480523382
0.9888275757804823,0.9825589255937627
0.9888274068698597,0.9825439031351871
0.9888423567119725,0.9825439031351871
0.9888573070061383,0.9825439031351871
0.9888571385373671,0.9825288806766115
0.9888569700635017,0.9825138582180359
0.9888568015845417,0.9824988357594604
0.9888566331004869,0.9824838133008849
0.988856464611337,0.9824687908423092
0.988856296117092,0.9824537683837337
0.9888561276177515,0.9824387459251581
0.9888710799286298,0.9824387459251581
0.9888709116477402,0.9824237234665826
0.9888707433617613,0.9824087010080069
0.9888856965719557,0.9824087010080069
0.9889006502343868,0.9824087010080069
0.9889156043490753,0.9824087010080069
0.9889154367287685,0.9823936785494314
0.988915269103392,0.9823786560908558
0.9889302241175937,0.9823786560908558
0.988930056710775,0.9823636336322803
0.9889450124009437,0.9823636336322803
0.9889448452127096,0.9823486111737046
0.9889446780194187,0.9823335887151291
0.9889443436176648,0.982303543797978
0.9889441764092016,0.9822885213394024
0.9889440091956805,0.9822734988808268
0.9889438419771012,0.9822584764222513
0.9889436747534636,0.9822434539636757
0.9889435075247675,0.9822284315051001
0.9889584656804913,0.9822284315051001
0.9889582986704581,0.9822134090465245
0.9889581316553727,0.982198386587949
0.9889579646352347,0.9821833641293735
0.9889729239146876,0.9821833641293735
0.9889727571132524,0.9821683416707978
0.9889877170690385,0.9821683416707978
0.9889875504863328,0.9821533192122223
0.9889872173058014,0.9821232742950712
0.9890021783855742,0.9821232742950712
0.9890020120115577,0.9821082518364955
0.9890018456325074,0.98209322937792
0.9890016792484229,0.9820782069193444
0.989001512859304,0.9820631844607689
0.9890013464651508,0.9820481620021932
0.9890011800659627,0.9820331395436177
0.9890161429414346,0.9820331395436177
0.9890159767610748,0.9820181170850422
0.9890158105756865,0.9820030946264666
0.989030774351681,0.9820030946264666
0.9890457385804851,0.9820030946264666
0.9890607032621195,0.9820030946264666
0.9890605377434144,0.981988072167891
0.9890603722197004,0.9819730497093154
0.9890602066909773,0.9819580272507399
0.9890600411572449,0.9819430047921642
0.9890598756185028,0.9819279823335887
0.9890748418727113,0.9819279823335887
0.9890746765529242,0.9819129598750131
0.9890745112281338,0.9818979374164376
0.9890894783832453,0.9818979374164376
0.9891044459913441,0.9818979374164376
0.9891042811095474,0.981882914957862
0.9891041162227603,0.9818678924992864
0.9891039513309826,0.9818528700407109
0.9891037864342141,0.9818378475821353
0.9891187553914372,0.9818378475821353
0.9891185907137235,0.9818228251235597
0.9891335603480893,0.9818228251235597
0.9891485304355723,0.9818228251235597
0.9891483662010201,0.9818078026649841
0.9891482019614966,0.9817927802064086
0.989163172950311,0.9817927802064086
0.9891781443923112,0.9817927802064086
0.9891779805960436,0.981777757747833
0.9891778167948174,0.9817627352892574
0.9891774891774892,0.9817326903721063
0.9891773253613865,0.9817176679135308
0.9891771615403245,0.9817026454549551
0.989176997714303,0.9816876229963796
0.9891919711785898,0.9816876229963796
0.9891918075717897,0.981672600537804
0.9892067817135937,0.981672600537804
0.9892217563087543,0.981672600537804
0.9892215931454177,0.9816575780792285
0.9892214299771409,0.9816425556206528
0.989221266803924,0.9816275331620773
0.9892211036257664,0.9816125107035018
0.9892360795712599,0.9816125107035018
0.9892359166124173,0.9815974882449262
0.9892357536486405,0.9815824657863506
0.9892355906799292,0.981567443327775
0.9892354277062831,0.9815524208691995
0.9892352647277022,0.9815373984106239
0.989250242248062,0.9815373984106239
0.9892500794888488,0.9815223759520483
0.9892650576870666,0.9815223759520483
0.9892800363388599,0.9815223759520483
0.9892798740233784,0.9815073534934727
0.9892797117029813,0.9814923310348972
0.9892795493776687,0.9814773085763216
0.9892793870474402,0.981462286117746
0.9892943670502725,0.981462286117746
0.9893093475067763,0.981462286117746
0.9893091856204004,0.9814472636591705
0.9893090237291216,0.9814322412005949
0.9893240050881338,0.9814322412005949
0.9893238434163701,0.9814172187420194
0.9893236817397099,0.9814021962834437
0.9893235200581527,0.9813871738248682
0.9893233583716986,0.9813721513662926
0.9893231966803471,0.9813571289077171
0.9893230349840981,0.9813421064491414
0.9893228732829514,0.9813270839905659
0.9893227115769068,0.9813120615319904
0.989337695185303,0.9813120615319904
0.9893375336988459,0.9812970390734147
0.9893373722074972,0.9812820166148392
0.9893372107112565,0.9812669941562636
0.9893370492101238,0.9812519716976881
0.9893368877040987,0.9812369492391124
0.9893367261931809,0.9812219267805369
0.9893365646773705,0.9812069043219613
0.989336403156667,0.9811918818633858
0.9893513890151171,0.9811918818633858
0.9893663753275671,0.9811918818633858
0.9893813620940378,0.9811918818633858
0.9893812012421419,0.9811768594048101
0.9893810403853728,0.9811618369462346
0.9893808795237302,0.9811468144876591
0.9893807186572139,0.9811317920290835
0.9893805577858236,0.9811167695705079
0.9893803969095591,0.9811017471119323
0.9893802360284204,0.9810867246533568
0.9893952248212338,0.9810867246533568
0.9893950641598618,0.9810717021947812
0.989410053631488,0.9810717021947812
0.9894098931899099,0.9810566797362056
0.9894097327434701,0.98104165727763
0.9894095722921685,0.9810266348190545
0.9894245628920336,0.9810266348190545
0.9894244026605657,0.981011612360479
0.9894242424242424,0.9809965899019033
0.9894240821830633,0.9809815674433278
0.9894239219370284,0.9809665449847522
0.9894389138900253,0.9809665449847522
0.9894539062973513,0.9809665449847522
0.9894688991590272,0.9809665449847522
0.9894838924750735,0.9809665449847522
0.98948373312321,0.9809515225261767
0.9894987271184386,0.9809515225261767
0.9894985679865436,0.980936500067601
0.9895135626610092,0.980936500067601
0.9895134037491097,0.9809214776090255
0.9895283991028672,0.9809214776090255
0.9895433949111189,0.9809214776090255
0.9895432364440943,0.9809064551504499
0.9895430779722664,0.9808914326918744
0.9895580746847721,0.9808914326918744
0.9895579164330206,0.9808764102332987
0.9895577581764724,0.9808613877747232
0.989557599915127,0.9808463653161477
0.9895574416489845,0.9808313428575721
0.9895572833780445,0.9808163203989965
0.9895571251023069,0.9808012979404209
0.9895569668217712,0.9807862754818454
0.9895568085364375,0.9807712530232698
0.989571807502842,0.9807712530232698
0.9895868069239397,0.9807712530232698
0.9895866490837161,0.9807562305646942
0.9895864912387073,0.9807412081061186
0.9895863333889133,0.9807261856475431
0.9895861755343338,0.9807111631889676
0.989601176310085,0.9807111631889676
0.9896161775406258,0.9807111631889676
0.9896160201312778,0.9806961407303919
0.9896158627171573,0.9806811182718164
0.9896157052982643,0.9806660958132408
0.989630707658723,0.9806660958132408
0.9896305504601064,0.9806510733546652
0.9896303932567235,0.9806360508960896
0.9896302360485741,0.9806210284375141
0.989630078835658,0.9806060059789385
0.9896299216179748,0.9805909835203629
0.9896297643955244,0.9805759610617873
0.9896296071683066,0.9805609386032118
0.9896294499363212,0.9805459161446363
0.9896292926995679,0.9805308936860606
0.9896291354580465,0.9805158712274851
0.9896289782117569,0.9805008487689095
0.9896288209606987,0.980485826310334
0.9896286637048718,0.9804708038517583
0.9896285064442759,0.9804557813931828
0.989628349178911,0.9804407589346072
0.9896281919087766,0.9804257364760317
0.9896280346338726,0.980410714017456
0.9896278773541989,0.9803956915588805
0.9896428842216999,0.9803956915588805
0.9896427271624408,0.980380669100305
0.9896425700984184,0.9803656466417294
0.9896424130296321,0.9803506241831538
0.9896422559560819,0.9803356017245782
0.9896572641795571,0.9803356017245782
0.9896722728582478,0.9803356017245782
0.9896721162303983,0.9803205792660027
0.9896719595977979,0.9803055568074271
0.9896718029604465,0.9802905343488515
0.9896868127701525,0.9802905343488515
0.989686656353323,0.980275511890276
0.9896864999317488,0.9802604894317004
0.9897015106473336,0.9802604894317004
0.9897013544463151,0.9802454669731249
0.9897163658425603,0.9802454669731249
0.9897162098621244,0.9802304445145492
0.9897160538769567,0.9802154220559737
0.9897158978870569,0.9802003995973981
0.9897309104147074,0.9802003995973981
0.9897459233978005,0.9802003995973981
0.9897457678538923,0.9801853771388226
0.9897456123052653,0.9801703546802469
0.9897606261945936,0.9801703546802469
0.9897756405394336,0.9801703546802469
0.9897754854368932,0.9801553322216714
0.989775330329647,0.9801403097630959
0.9897751752176948,0.9801252873045203
0.9897750201010361,0.9801102648459447
0.9897900358031434,0.9801102648459447
0.9898050519608587,0.9801102648459447
0.9898048972904088,0.9800952423873691
0.9898047426152656,0.9800802199287936
0.9898197596795728,0.9800802199287936
0.9898347771995569,0.9800802199287936
0.989849795175239,0.9800802199287936
0.9898496411719189,0.980065197470218
0.9898494871639255,0.9800501750116424
0.9898645060463988,0.9800501750116424
0.9898795253846387,0.9800501750116424
0.9898945451786663,0.9800501750116424
0.9899095654285021,0.9800501750116424
0.9899094123181039,0.9800351525530668
0.9899244332493703,0.9800351525530668
0.9899394546365002,0.9800351525530668
0.9899544764795144,0.9800351525530668
0.989954324041336,0.9800201300944913
0.9899693465659049,0.9800201300944913
0.9899843695464133,0.9800201300944913
0.989984217554935,0.9800051076359156
0.9899840655588437,0.9799900851773401
0.9899839135581389,0.9799750627187646
0.9899989376716798,0.9799750627187646
0.9900139622412433,0.9799750627187646
0.9900138106873473,0.979960040260189
0.9900136591288511,0.9799450178016134
0.9900135075657546,0.9799299953430378
0.9900133559980573,0.9799149728844623
0.9900132044257592,0.9798999504258867
0.9900282305800929,0.9798999504258867
0.9900432571905593,0.9798999504258867
0.9900431060652055,0.9798849279673111
0.9900429549352641,0.9798699055087355
0.9900428038007346,0.97985488305016
0.9900426526616172,0.9798398605915845
0.9900425015179114,0.9798248381330088
0.9900575297135658,0.9798248381330088
0.9900573787910987,0.9798098156744333
0.9900724076688374,0.9798098156744333
0.9900722569676361,0.9797947932158577
0.9900721062618596,0.9797797707572822
0.990087136047606,0.9797797707572822
0.990086985563129,0.9797647482987065
0.990086835074083,0.979749725840131
0.9901018657679403,0.979749725840131
0.9901017155002277,0.9797347033815554
0.9901015652279525,0.9797196809229799
0.9901014149511144,0.9797046584644042
0.9901164467791155,0.9797046584644042
0.9901162967236511,0.9796896360058287
0.9901313292340393,0.9796896360058287
0.9901311793999757,0.9796746135472532
0.9901310295613622,0.9796595910886776
0.9901308797181987,0.979644568630102
0.9901307298704848,0.9796295461715264
0.9901305800182205,0.9796145237129509
0.9901456141150032,0.9796145237129509
0.9901606486683471,0.9796145237129509
0.9901604992635559,0.9795995012543753
0.9901603498542274,0.9795844787957997
0.9901602004403613,0.9795694563372241
0.9901752361284053,0.9795694563372241
0.9901902722730931,0.9795694563372241
0.9901901233068092,0.9795544338786486
0.9902051601342424,0.9795544338786486
0.9902050113895217,0.9795394114200731
0.9902200488997555,0.9795394114200731
0.990219900376625,0.9795243889614974
0.9902197518489833,0.9795093665029219
0.9902196033168302,0.9794943440443463
0.9902194547801655,0.9794793215857708
0.9902193062389891,0.9794642991271951
0.9902191576933007,0.9794492766686196
0.9902190091431001,0.979434254210044
0.9902188605883872,0.9794192317514685
0.9902187120291616,0.9794042092928928
0.9902185634654233,0.9793891868343173
0.9902184148971719,0.9793741643757418
0.9902182663244072,0.9793591419171661
0.9902181177471292,0.9793441194585906
0.9902179691653376,0.979329097000015
0.9902178205790321,0.9793140745414395
0.9902176719882126,0.9792990520828638
0.9902327135739458,0.9792990520828638
0.9902325652048427,0.9792840296242883
0.990232416831232,0.9792690071657127
0.9902322684531134,0.9792539847071372
0.9902321200704868,0.9792389622485616
0.9902319716833519,0.979223939789986
0.9902470148573512,0.979223939789986
0.9902468666919864,0.9792089173314105
0.9902467185221195,0.9791938948728349
0.9902465703477508,0.9791788724142593
0.9902464221688797,0.9791638499556837
0.9902462739855061,0.9791488274971082
0.9902461257976299,0.9791338050385326
0.9902459776052508,0.979118782579957
0.9902458294083686,0.9791037601213815
0.990245681206983,0.9790887376628059
0.990245533001094,0.9790737152042304
0.9902453847907012,0.9790586927456547
0.9902452365758045,0.9790436702870792
0.9902450883564038,0.9790286478285036
0.9902449401324986,0.9790136253699281
0.990244791904089,0.9789986029113524
0.9902446436711746,0.9789835804527769
0.9902444954337553,0.9789685579942013
0.9902443471918307,0.9789535355356258
0.9902441989454009,0.9789385130770502
0.9902440506944655,0.9789234906184746
0.9902439024390244,0.9789084681598991
0.9902437541790773,0.9788934457013235
0.9902436059146239,0.9788784232427479
0.9902434576456642,0.9788634007841723
0.990243309372198,0.9788483783255968
0.9902431610942249,0.9788333558670212
0.9902430128117449,0.9788183334084456
0.9902428645247576,0.97880331094987
0.9902427162332629,0.9787882884912945
0.9902577664295702,0.9787882884912945
0.9902576183600578,0.978773266032719
0.9902574702860443,0.9787582435741433
0.9902573222075297,0.9787432211155678
0.9902571741245136,0.9787281986569922
0.990257026036996,0.9787131761984166
0.9902568779449764,0.978698153739841
0.9902567298484549,0.9786831312812655
0.9902717820879188,0.9786831312812655
0.9902716342134464,0.97866810882269
0.9902866871370808,0.97866810882269
0.9903017405183553,0.97866810882269
0.9903167943572905,0.97866810882269
0.9903318486539076,0.97866810882269
0.990331701681311,0.9786530863641143
0.9903315547042459,0.9786380639055388
0.9903466099118273,0.9786380639055388
0.9903463163975798,0.9786080189883877
0.9903461696337625,0.978592996529812
0.9903460228654829,0.9785779740712365
0.9903458760927404,0.9785629516126609
0.990345729315535,0.9785479291540854
0.9903455825338665,0.9785329066955097
0.9903606397859271,0.9785329066955097
0.990360493226498,0.9785178842369342
0.9903603466626121,0.9785028617783587
0.9903602000942693,0.9784878393197831
0.9903752584843692,0.9784878393197831
0.9903751121383064,0.9784728168612075
0.990374965787793,0.9784577944026319
0.990374819432829,0.9784427719440564
0.9903898789611337,0.9784427719440564
0.9903897328284902,0.9784277494854808
0.9903895866914023,0.9784127270269052
0.9904046471312784,0.9784127270269052
0.990404501216545,0.9783977045683296
0.9904043552973737,0.9783826821097541
0.9904042093737644,0.9783676596511786
0.9904040634457169,0.9783526371926029
0.9904039175132308,0.9783376147340274
0.990403771576306,0.9783225922754518
0.9904036256349423,0.9783075698168763
0.9904186881206941,0.9783075698168763
0.9904185424017521,0.9782925473583006
0.9904183966783775,0.9782775248997251
0.9904334600760456,0.9782775248997251
0.990448523931923,0.9782775248997251
0.9904635882460303,0.9782775248997251
0.9904634431989292,0.9782625024411495
0.9904632981474158,0.978247479982574
0.9904631530914898,0.9782324575239983
0.9904630080311512,0.9782174350654228
0.9904628629663995,0.9782024126068473
0.9904627178972346,0.9781873901482717
0.9904625728236565,0.9781723676896961
0.9904624277456647,0.9781573452311205
0.9904622826632593,0.978142322772545
0.9904621375764399,0.9781273003139694
0.9904772046184036,0.9781273003139694
0.9904770597541682,0.9781122778553938
0.9904921274815547,0.9781122778553938
0.9905071956673868,0.9781122778553938
0.9905070512527954,0.9780972553968182
0.99050690683381,0.9780822329382427
0.9905219759322086,0.9780822329382427
0.9905218317358893,0.978067210479667
0.990536901519877,0.978067210479667
0.9905519717624148,0.978067210479667
0.9905518280158839,0.9780521880210915
0.9905516842649789,0.978037165562516
0.9905515405096995,0.9780221431039404
0.9905513967500457,0.9780071206453648
0.9905512529860171,0.9779920981867892
0.9905511092176136,0.9779770757282137
0.990550965444835,0.9779620532696381
0.9905660377358491,0.9779620532696381
0.9905658941858518,0.9779470308110625
0.990565750631486,0.977932008352487
0.9905656070727513,0.9779169858939114
0.9905654635096476,0.9779019634353359
0.9905653199421746,0.9778869409767602
0.990565176370332,0.9778719185181847
0.9905650327941199,0.9778568960596091
0.9905648892135379,0.9778418736010336
0.9905647456285858,0.9778268511424579
0.990579820423071,0.9778268511424579
0.9905948956763914,0.9778268511424579
0.9905947525415475,0.9778118286838824
0.9906098284809838,0.9778118286838824
0.9906249048793109,0.9778118286838824
0.9906247621946579,0.9777968062253068
0.9906246195056617,0.9777817837667313
0.990639696817497,0.9777817837667313
0.9906395543514657,0.9777667613081557
0.9906394118810977,0.9777517388495801
0.9906544901065449,0.9777517388495801
0.9906695687910014,0.9777517388495801
0.9906694267709824,0.9777367163910046
0.990684506141833,0.9777367163910046
0.9906995859717487,0.9777367163910046
0.9906994444021615,0.977721693932429
0.9906993028282643,0.9777066714738534
0.9907143835720701,0.9777066714738534
0.990714242221275,0.9776916490152778
0.9907141008661765,0.9776766265567023
0.9907139595067742,0.9776616040981267
0.9907138181430681,0.9776465816395511
0.9907136767750578,0.9776315591809756
0.9907135354027433,0.9776165367224
0.9907133940261242,0.9776015142638245
0.9907132526452006,0.9775864918052488
0.990713111259972,0.9775714693466733
0.9907129698704383,0.9775564468880977
0.9907128284765994,0.9775414244295222
0.990727912181605,0.9775414244295222
0.9907277710109622,0.9775264019709465
0.9907276298360207,0.977511379512371
0.9907274886567801,0.9774963570537955
0.9907273474732402,0.9774813345952199
0.9907424325476581,0.9774813345952199
0.990742291587362,0.9774663121366443
0.990742150622773,0.9774512896780687
0.9907420096538913,0.9774362672194932
0.9907418686807163,0.9774212447609175
0.990741727703248,0.977406222302342
0.9907415867214863,0.9773911998437664
0.9907717609794725,0.9773911998437664
0.9907716204486272,0.9773761773851909
0.9907714799135017,0.9773611549266152
0.9907865681870098,0.9773611549266152
0.9907864278752436,0.9773461324680397
0.9908015168359655,0.9773461324680397
0.9908013767475862,0.9773311100094642
0.9908012366549398,0.9773160875508886
0.9908010965580262,0.977301065092313
0.9908009564568452,0.9772860426337374
0.9908008163513966,0.9772710201751619
0.9908006762416802,0.9772559977165863
0.9908005361276959,0.9772409752580107
0.9908003960094433,0.9772259527994351
0.9908002558869223,0.9772109303408596
0.9908001157601328,0.977195907882284
0.9907999756290745,0.9771808854237084
0.9907998354937473,0.9771658629651329
0.9908149276466108,0.9771658629651329
0.9908147877347713,0.9771508405065573
0.9908146478186692,0.9771358180479818
0.9908145078983046,0.9771207955894061
0.9908296011942845,0.9771207955894061
0.9908294614974484,0.9771057731308306
0.9908293217963561,0.977090750672255
0.9908291820910075,0.9770757282136795
0.9908442765302703,0.9770757282136795
0.9908441370484911,0.9770607057551038
0.9908439975624619,0.9770456832965283
0.9908438580721827,0.9770306608379528
0.9908589536548951,0.9770306608379528
0.9908891462002559,0.9770306608379528
0.9908890073893502,0.9770156383793772
0.9909041045799433,0.9770156383793772
0.9909192022305853,0.9770156383793772
0.9909343003412969,0.9770156383793772
0.9909341622099312,0.9770006159208016
0.9909340240743563,0.976985593462226
0.9909338859345717,0.9769705710036505
0.9909337477905772,0.9769555485450749
0.990948847273226,0.9769555485450749
0.9909487093530004,0.9769405260864993
0.9909485714285714,0.9769255036279237
0.9909636718273802,0.9769255036279237
0.9909787726864057,0.9769255036279237
0.9909938740056689,0.9769255036279237
0.9910089757851908,0.9769255036279237
0.9910088387686681,0.9769104811693482
0.9910087017479693,0.9768954587107727
0.9910084276940427,0.9768654137936215
0.9910082906608144,0.9768503913350459
0.9910233940409967,0.9768503913350459
0.9910384978815496,0.9768503913350459
0.991038361300352,0.9768353688764704
0.9910382247149911,0.9768203464178947
0.9910380881254668,0.9768053239593192
0.9910531931108063,0.9768053239593192
0.9910530567452636,0.9767903015007436
0.9910681624192171,0.9767903015007436
0.9910680262776838,0.976775279042168
0.9910678901320001,0.9767602565835924
0.991067753982166,0.9767452341250169
0.9910676178281812,0.9767302116664414
0.9910674816700455,0.9767151892078657
0.9910673455077589,0.9767001667492902
0.991082453011387,0.9767001667492902
0.9910820451843044,0.9766550993735634
0.9910971538332546,0.9766550993735634
0.9910970181108604,0.9766400769149879
0.9911121274487384,0.9766400769149879
0.9911272372473092,0.9766400769149879
0.9911271019773451,0.9766250544564123
0.9911269667032565,0.9766100319978368
0.9911268314250431,0.9765950095392611
0.9911419423692636,0.9765950095392611
0.991141807315251,0.9765799870806856
0.9911569189485882,0.9765799870806856
0.991156784118804,0.9765649646221101
0.9911566492849083,0.9765499421635345
0.991156514446901,0.9765349197049589
0.9911563796047816,0.9765198972463833
0.9911714926124148,0.9765198972463833
0.9911713579945717,0.9765048747878078
0.9911712233726232,0.9764898523292322
0.9911710887465691,0.9764748298706566
0.9911709541164092,0.976459807412081
0.9911706848437715,0.97642976249493
0.9911705502012932,0.9764147400363543
0.9911856652687762,0.9764147400363543
0.991185530850642,0.9763997175777788
0.9912006466075977,0.9763997175777788
0.9912005124138352,0.9763846951192032
0.9912156288603193,0.9763846951192032
0.9912154948909563,0.9763696726606277
0.9912152269399708,0.9763396277434765
0.991215092958348,0.976324605284901
0.9912149589726382,0.9763095828263254
0.9912300770228017,0.9763095828263254
0.9912451955341346,0.9763095828263254
0.9912450620014337,0.9762945603677498
0.9912449284646594,0.9762795379091742
0.9912447949238115,0.9762645154505987
0.9912446613788896,0.9762494929920231
0.9912445278298937,0.9762344705334475
0.9912596479453308,0.9762344705334475
0.9912595146208643,0.9762194480748719
0.9912593812923303,0.9762044256162964
0.9912592479597284,0.9761894031577208
0.9912591146230588,0.9761743806991452
0.9912589812823211,0.9761593582405697
0.9912741030021968,0.9761593582405697
0.9912739698860429,0.9761443357819941
0.9912738367658276,0.9761293133234185
0.991288959404415,0.9761293133234185
0.991288826508818,0.9761142908648429
0.9912886936091659,0.9760992684062674
0.9912885607054588,0.9760842459476918
0.9912884277976962,0.9760692234891162
0.9912882948858782,0.9760542010305406
0.9912881619700045,0.9760391785719651
0.9912880290500747,0.9760241561133896
0.991287896126089,0.9760091336548139
0.991287763198047,0.9759941111962384
0.9912876302659486,0.9759790887376628
0.9912874973297934,0.9759640662790873
0.9912873643895814,0.9759490438205116
0.9912872314453125,0.9759340213619361
0.9912870984969864,0.9759189989033605
0.9913022247993408,0.9759189989033605
0.991302092075748,0.975903976444785
0.9913019593481047,0.9758889539862093
0.9913018266164105,0.9758739315276338
0.9913016938806654,0.9758589090690583
0.991301561140869,0.9758438866104827
0.9913014283970211,0.9758288641519071
0.9913165565339478,0.9758288641519071
0.9913316851326192,0.9758288641519071
0.9913315528424266,0.9758138416933315
0.991346682131738,0.9758138416933315
0.9913465500663889,0.975798819234756
0.9913464179970086,0.9757837967761804
0.991346285923597,0.9757687743176048
0.9913461538461539,0.9757537518590292
0.9913460217646789,0.9757387294004537
0.9913458896791721,0.9757237069418782
0.9913457575896332,0.9757086844833025
0.991345625496062,0.975693662024727
0.9913454933984583,0.9756786395661514
0.991345361296822,0.9756636171075759
0.9913452291911529,0.9756485946490002
0.9913603614604958,0.9756485946490002
0.9913602295797652,0.9756335721904247
0.9913600976950084,0.9756185497318491
0.9913599658062251,0.9756035272732736
0.9913598339134152,0.9755885048146979
0.9913597020165784,0.9755734823561224
0.9913595701157146,0.9755584598975469
0.9913594382108236,0.9755434374389713
0.9913745725451881,0.9755434374389713
0.9913897073416484,0.9755434374389713
0.9913895758908124,0.9755284149803957
0.9913894444359628,0.9755133925218201
0.9913893129770992,0.9754983700632446
0.9913891815142216,0.9754833476046689
0.9913890500473297,0.9754683251460934
0.9913889185764233,0.9754533026875178
0.9914040552094785,0.9754533026875178
0.9914039239636614,0.9754382802289423
0.9914037927138364,0.9754232577703666
0.9914036614600034,0.9754082353117911
0.9914035302021621,0.9753932128532156
0.9914033989403124,0.97537819039464
0.9914185371812491,0.97537819039464
0.9914184061445434,0.9753631679360644
0.9914182751038358,0.9753481454774888
0.9914181440591262,0.9753331230189133
0.9914332834498977,0.9753331230189133
0.9914331526303733,0.9753181005603377
0.9914482927127237,0.9753181005603377
0.9914481621184124,0.9753030781017621
0.9914633028923979,0.9753030781017621
0.9914784441288312,0.9753030781017621
0.9914783139890043,0.9752880556431865
0.9914934559171643,0.9752880556431865
0.9915085983078286,0.9752880556431865
0.9915084686225698,0.975273033184611
0.9915236117050522,0.975273033184611
0.9915234822451318,0.9752580107260355
0.9915233527812567,0.9752429882674598
0.9915232233134269,0.9752279658088843
0.9915230938416423,0.9752129433503087
0.9915229643659025,0.9751979208917332
0.9915228348862074,0.9751828984331575
0.9915227054025569,0.975167875974582
0.9915225759149509,0.9751528535160064
0.9915224464233889,0.9751378310574309
0.991522316927871,0.9751228085988553
0.9915221874283968,0.9751077861402797
0.9915220579249664,0.9750927636817042
0.9915372042222325,0.9750927636817042
0.9915523509822493,0.9750927636817042
0.9915522219336704,0.9750777412231286
0.9915520928811488,0.975062718764553
0.9915519638246841,0.9750476963059774
0.9915518347642763,0.9750326738474019
0.9915517056999251,0.9750176513888263
0.9915515766316304,0.9750026289302507
0.9915667252310748,0.9750026289302507
0.9915665963883032,0.9749876064716752
0.9915817456801064,0.9749876064716752
0.9915816170628858,0.9749725840130996
0.991581488441735,0.9749575615545241
0.9915966386554622,0.9749575615545241
0.991596510259897,0.9749425390959484
0.9915963818604082,0.9749275166373729
0.9915962534569958,0.9749124941787973
0.9915961250496592,0.9748974717202218
0.9915959966383987,0.9748824492616461
0.9915957398041043,0.974852404344495
0.9916108920876502,0.974852404344495
0.9916260448342782,0.974852404344495
0.9916259168704157,0.9748373818859194
0.9916257889026422,0.9748223594273439
0.9916256609309575,0.9748073369687683
0.9916255329553616,0.9747923145101928
0.9916254049758543,0.9747772920516171
0.9916405593336899,0.9747772920516171
0.9916404315799126,0.9747622695930416
0.9916555866305993,0.9747622695930416
0.9916554591025798,0.974747247134466
0.9916706148461738,0.974747247134466
0.99167048754394,0.9747322246758905
0.991685643980498,0.9747322246758905
0.9917008008803571,0.9747322246758905
0.9917006740336558,0.9747172022173148
0.9917005471830771,0.9747021797587393
0.9917004203286206,0.9746871573001638
0.9917155783810222,0.9746871573001638
0.9917154517524418,0.9746721348415882
0.9917306104979976,0.9746721348415882
0.991730484095321,0.9746571123830126
0.9917303576887802,0.974642089924437
0.9917302312783748,0.9746270674658615
0.9917453911767403,0.9746270674658615
0.9917452649922803,0.9746120450072859
0.9917451388039623,0.9745970225487103
0.9917450126117863,0.9745820000901347
0.991744886415752,0.9745669776315592
0.9917447602158592,0.9745519551729837
0.9917446340121079,0.974536932714408
0.9917445078044977,0.9745219102558325
0.9917443815930286,0.9745068877972569
0.9917442553777003,0.9744918653386814
0.9917441291585127,0.9744768428801057
0.9917440029354656,0.9744618204215302
0.9917438767085589,0.9744467979629546
0.9917437504777922,0.9744317755043791
0.9917436242431655,0.9744167530458034
0.9917434980046786,0.9744017305872279
0.9917433717623314,0.9743867081286524
0.9917432455161236,0.9743716856700768
0.9917431192660551,0.9743566632115012
0.9917429930121255,0.9743416407529256
0.991742866754335,0.9743266182943501
0.9917427404926832,0.9743115958357745
0.9917426142271698,0.9742965733771989
0.991742487957795,0.9742815509186233
0.9917423616845582,0.9742665284600478
0.9917422354074595,0.9742515060014723
0.9917421091264986,0.9742364835428966
0.9917419828416755,0.9742214610843211
0.9917418565529897,0.9742064386257455
0.9917570233525517,0.9742064386257455
0.9917568972900226,0.9741914161671699
0.9917567712236377,0.9741763937085943
0.9917566451533968,0.9741613712500188
0.9917565190792995,0.9741463487914432
0.9917563930013459,0.9741313263328676
0.9917715614150467,0.9741313263328676
0.9917714355633049,0.974116303874292
0.9917713097077132,0.9741012814157165
0.9917711838482717,0.974086258957141
0.9917710579849799,0.9740712364985653
0.9917709321178378,0.9740562140399898
0.9917708062468452,0.9740411915814142
0.991770680372002,0.9740261691228387
0.9917705544933079,0.974011146664263
0.9917704286107627,0.9739961242056875
0.9917703027243663,0.9739811017471119
0.9917701768341186,0.9739660792885364
0.9917699250420682,0.9739360343713852
0.9917697991402653,0.9739210119128097
0.9917849712397503,0.9739210119128097
0.9918001438034483,0.9739210119128097
0.9918000183581679,0.9739059894542341
0.9917998929090491,0.9738909669956585
0.991799767456092,0.9738759445370829
0.9917996419992963,0.9738609220785074
0.9917995165386616,0.9738458996199318
0.991799391074188,0.9738308771613562
0.9917992656058752,0.9738158547027806
0.991799140133723,0.9738008322442051
0.9917990146577312,0.9737858097856296
0.9917988891778998,0.9737707873270539
0.9917987636942285,0.9737557648684784
0.991813939254839,0.9737557648684784
0.991813813997613,0.9737407424099028
0.9918136887365538,0.9737257199513273
0.9918135634716612,0.9737106974927516
0.9918287401876024,0.9737106974927516
0.9918286151491966,0.9736956750341761
0.9918284901069642,0.9736806525756005
0.9918283650609047,0.973665630117025
0.9918282400110181,0.9736506076584494
0.9918281149573042,0.9736355851998738
0.9918279898997628,0.9736205627412983
0.9918277397731968,0.9735905178241471
0.9918276147041719,0.9735754953655715
0.9918274896313187,0.973560472906996
0.9918273645546373,0.9735454504484203
0.9918272394741272,0.9735304279898448
0.9918271143897884,0.9735154055312693
0.9918269893016208,0.9735003830726937
0.9918268642096241,0.9734853606141181
0.9918267391137982,0.9734703381555425
0.9918419199804084,0.9734703381555425
0.9918571013117414,0.9734703381555425
0.9918722831078185,0.9734703381555425
0.9918874653686611,0.9734703381555425
0.9918873411908771,0.973455315696967
0.9918872170092914,0.9734402932383914
0.9919024001959343,0.9734402932383914
0.9919021522823991,0.9734102483212402
0.9919020283199388,0.9733952258626647
0.9919172126630335,0.9733952258626647
0.9919323974710286,0.9733952258626647
0.991932273965892,0.9733802034040892
0.991932150456974,0.9733651809455135
0.9919473361910593,0.9733651809455135
0.9919472129089545,0.973350158486938
0.9919470896230748,0.9733351360283624
0.99194696633342,0.9733201135697869
0.9919468430399903,0.9733050911112112
0.9919467197427849,0.9732900686526357
0.9919465964418042,0.9732750461940601
0.9919464731370478,0.9732600237354846
0.9919463498285155,0.9732450012769089
0.9919462265162071,0.9732299788183334
0.991945856556624,0.9731849114426067
0.9919457332292098,0.9731698889840311
0.9919456098980186,0.9731548665254556
0.9919607993262384,0.9731548665254556
0.9919606762219773,0.97313984406688
0.9919758663461097,0.97313984406688
0.9919757434688065,0.9731248216083044
0.9919756205877398,0.9731097991497288
0.9919754977029096,0.9730947766911533
0.9919906889845174,0.9730947766911533
0.9920058807314159,0.9730947766911533
0.9920210729436268,0.9730947766911533
0.9920209507473658,0.9730797542325778
0.992020828547362,0.9730647317740021
0.992020706343615,0.9730497093154266
0.9920205841361248,0.973034686856851
0.9920204619248912,0.9730196643982755
0.9920203397099141,0.9730046419396998
0.9920202174911932,0.9729896194811243
0.9920354117845273,0.9729896194811243
0.9920352897929176,0.9729745970225487
0.9920351677975707,0.9729595745639732
0.992050363018105,0.9729595745639732
0.9920655587041434,0.9729595745639732
0.9920807548557073,0.9729595745639732
0.9920806335493161,0.9729445521053975
0.9920805122392083,0.972929529646822
0.9920957093181784,0.972929529646822
0.9920955882352941,0.9729145071882465
0.9920954671487002,0.9728994847296708
0.9920952249643825,0.9728694398125197
0.9920951038666584,0.9728544173539442
0.992094982765224,0.9728393948953685
0.9920948616600791,0.972824372436793
0.9920947405512234,0.9728093499782174
0.9921099399436205,0.9728093499782174
0.9921098190620643,0.9727943275196419
0.9921096981768041,0.9727793050610662
0.9921095772878396,0.9727642826024907
0.9921094563951707,0.9727492601439152
0.9921093354987972,0.9727342376853396
0.992109214598719,0.972719215226764
0.992109093694936,0.9727041927681884
0.9921089727874479,0.9726891703096129
0.9921088518762545,0.9726741478510373
0.992124053813858,0.9726741478510373
0.992123933130047,0.9726591253924617
0.9921238124425376,0.9726441029338861
0.9921236917513293,0.9726290804753106
0.9921235710564222,0.9726140580167351
0.992123450357816,0.9725990355581594
0.9921386539168812,0.9725990355581594
0.992138533445713,0.9725840130995839
0.9921384129708524,0.9725689906410083
0.9921382924922992,0.9725539681824328
0.9921381720100533,0.9725389457238571
0.9921380515241146,0.9725239232652816
0.9921379310344828,0.972508900806706
0.9921378105411577,0.9724938783481305
0.9921376900441393,0.9724788558895548
0.9921375695434272,0.9724638334309793
0.9921374490390216,0.9724488109724038
0.992137328530922,0.9724337885138282
0.9921372080191282,0.9724187660552526
0.9921370875036403,0.972403743596677
0.9921369669844579,0.9723887211381015
0.992136846461581,0.9723736986795259
0.9921367259350092,0.9723586762209503
0.9921519336593142,0.9723586762209503
0.9921671418498421,0.9723586762209503
0.9921823505066143,0.9723586762209503
0.9921822306701821,0.9723436537623747
0.9921821108300759,0.9723286313037992
0.9921819909862954,0.9723136088452237
0.9921818711388408,0.972298586386648
0.9921970811871474,0.972298586386648
0.9921969615673529,0.9722835639280725
0.9921968419438908,0.9722685414694969
0.9921967223167609,0.9722535190109213
0.9921966026859631,0.9722384965523457
0.9921964830514971,0.9722234740937702
0.9922116947229632,0.9722234740937702
0.9922115753162131,0.9722084516351946
0.9922114559058015,0.972193429176619
0.9922266685065084,0.972193429176619
0.9922265493238478,0.9721784067180435
0.9922417626224682,0.9721784067180435
0.9922416436675866,0.9721633842594679
0.9922415247090571,0.9721483618008924
0.9922414057468797,0.9721333393423167
0.992241286781054,0.9721183168837412
0.9922565014720314,0.9721183168837412
0.9922563827340336,0.9721032944251656
0.9922562639923943,0.9720882719665901
0.9922561452471133,0.9720732495080144
0.9922560264981906,0.9720582270494389
0.9922559077456258,0.9720432045908634
0.9922557889894188,0.9720281821322878
0.9922556702295695,0.9720131596737122
0.9922708870077291,0.9720131596737122
0.9922707684757771,0.9719981372151366
0.9922704128581069,0.9719530698394099
0.9922702943116114,0.9719380473808343
0.9922701757614797,0.9719230249222588
0.9922700572077116,0.9719080024636833
0.9922699386503068,0.9718929800051076
0.9922698200892651,0.9718779575465321
0.9922697015245866,0.9718629350879565
0.992269582956271,0.971847912629381
0.9922694643843181,0.9718328901708053
0.9922693458087276,0.9718178677122298
0.9922692272294996,0.9718028452536542
0.9922691086466339,0.9717878227950787
0.99226899006013,0.971772800336503
0.9922688714699882,0.9717577778779275
0.992268752876208,0.971742755419352
0.9922839742901409,0.971742755419352
0.9922838559244033,0.9717277329607764
0.992283737555034,0.9717127105022008
0.992283619182033,0.9716976880436252
0.9922835008054001,0.9716826655850497
0.992283382425135,0.971667643126474
0.9922832640412378,0.9716526206678985
0.9922831456537081,0.9716375982093229
0.9922830272625458,0.9716225757507474
0.9922829088677508,0.9716075532921717
0.992282790469323,0.9715925308335962
0.992282672067262,0.9715775083750207
0.9922824352522401,0.9715474634578695
0.9922823168392788,0.9715324409992939
0.992282198422684,0.9715174185407184
0.9922974237797861,0.9715174185407184
0.9922973055913582,0.9715023960821428
0.9922971873993034,0.9714873736235672
0.9922970692036213,0.9714723511649916
0.9922969510043118,0.9714573287064161
0.9922968328013749,0.9714423062478406
0.9922967145948103,0.9714272837892649
0.9922965963846178,0.9714122613306894
0.9922964781707972,0.9713972388721138
0.9922963599533485,0.9713822164135383
0.9922961235075658,0.9713521714963871
0.9922960052792315,0.9713371490378115
0.9922958870472682,0.971322126579236
0.992295768811676,0.9713071041206603
0.9923109978820712,0.9713071041206603
0.9923262274199242,0.9713071041206603
0.9923261096445454,0.9712920816620848
0.9923413398818203,0.9712920816620848
0.9923412223347761,0.9712770592035093
0.9923411047841235,0.9712620367449337
0.9923409872298625,0.9712470142863581
0.9923562186305659,0.9712470142863581
0.9923561013046815,0.9712319918277825
0.9923559839751953,0.971216969369207
0.9923558666421072,0.9712019469106314
0.992355749305417,0.9711869244520558
0.9923556319651244,0.9711719019934802
0.992370864993476,0.9711719019934802
0.9923707478816162,0.9711568795349047
0.9923859816096895,0.9711568795349047
0.9923858647262903,0.9711418570763292
0.9924010991541425,0.9711418570763292
0.9924009824992325,0.9711268346177535
0.9924162176269209,0.9711268346177535
0.9924314532223893,0.9711268346177535
0.99243133702811,0.971111812159178
0.9924312208302628,0.9710967897006024
0.9924616943531795,0.9710967897006024
0.9924615786160625,0.9710817672420269
0.9924614628753915,0.9710667447834512
0.9924613471311664,0.9710517223248757
0.992461231383387,0.9710366998663001
0.9924611156320533,0.9710216774077245
0.9924763542562339,0.9710216774077245
0.9924762387335514,0.971006654949149
0.9924761232073211,0.9709916324905734
0.9924913627639156,0.9709916324905734
0.9924912474663719,0.9709766100319979
0.9924911321652872,0.9709615875734222
0.9925063726544026,0.9709615875734222
0.9925216136115846,0.9709615875734222
0.9925214987714988,0.9709465651148467
0.9925213839278859,0.9709315426562711
0.9925212690807457,0.9709165201976956
0.9925211542300781,0.9709014977391199
0.992521039375883,0.9708864752805444
0.9925209245181602,0.9708714528219688
0.9925208096569095,0.9708564303633933
0.9925360527083685,0.9708564303633933
0.9925359380759307,0.9708414079048177
0.9925511818279553,0.9708414079048177
0.9925510674243587,0.9708263854462421
0.992550953017248,0.9708113629876666
0.9925508386066229,0.970796340529091
0.9925507241924831,0.9707813180705154
0.9925506097748288,0.9707662956119398
0.9925504953536595,0.9707512731533643
0.9925503809289752,0.9707362506947887
0.9925502665007757,0.9707212282362131
0.9925501520690608,0.9707062057776376
0.9925500376338305,0.970691183319062
0.9925499231950845,0.9706761608604865
0.9925651699718889,0.9706761608604865
0.9925650557620818,0.9706611384019108
0.9925649415487657,0.9706461159433353
0.9925648273319405,0.9706310934847597
0.9925647131116061,0.9706160710261842
0.9925645988877623,0.9706010485676085
0.9925798472954082,0.9706010485676085
0.9925797333005593,0.970586026109033
0.9925796193022077,0.9705710036504575
0.9925795053003533,0.9705559811918819
0.9925793912949961,0.9705409587333063
0.9925792772861357,0.9705259362747307
0.992579163273772,0.9705109138161552
0.992579049257905,0.9704958913575796
0.9925788212156598,0.9704658464404284
0.9925787071892814,0.9704508239818529
0.9925785931593989,0.9704358015232774
0.9925784791260122,0.9704207790647017
0.9925937307928703,0.9704207790647017
0.9925936169885831,0.9704057566061262
0.9926088693567718,0.9704057566061262
0.9926087557816126,0.9703907341475506
0.9926086422029627,0.970375711688975
0.9926085286208222,0.9703606892303994
0.9926084150351907,0.9703456667718239
0.9926083014460683,0.9703306443132483
0.9926081878534546,0.9703156218546727
0.9926080742573496,0.9703005993960971
0.9926233287229138,0.9703005993960971
0.9926232153560067,0.9702855769375216
0.992638470523145,0.9702855769375216
0.9926383573854642,0.9702705544789461
0.9926536132542342,0.9702705544789461
0.9926533874339112,0.9702405095617949
0.9926532745185436,0.9702254871032193
0.9926529357516138,0.9701804197274926
0.9926528228223612,0.970165397268917
0.9926527098896369,0.9701503748103415
0.9926525969534409,0.9701353523517658
0.9926524840137727,0.9701203298931903
0.9926523710706325,0.9701053074346148
0.99265225812402,0.9700902849760392
0.9926675172551612,0.9700902849760392
0.9926674045379081,0.9700752625174636
0.9926671790930054,0.9700452176003125
0.9926670663653554,0.9700301951417369
0.9926669536342393,0.9700151726831613
0.9926668408996572,0.9700001502245857
0.9926667281616087,0.9699851277660102
0.9926666154200938,0.9699701053074347
0.9926665026751123,0.969955082848859
0.9926663899266639,0.9699400603902835
0.9926662771747486,0.9699250379317079
0.9926815393367261,0.9699250379317079
0.9926968019680197,0.9699250379317079
0.9927120650686511,0.9699250379317079
0.9927119530120853,0.9699100154731324
0.9927272168150437,0.9699100154731324
0.9927271049880066,0.9698949930145567
0.9927269931575305,0.9698799705559812
0.9927268813236153,0.9698649480974056
0.9927267694862608,0.9698499256388301
0.9927266576454669,0.9698349031802544
0.9927265458012332,0.9698198807216789
0.9927264339535599,0.9698048582631034
0.9927416998569869,0.9698048582631034
0.9927415882389125,0.9697898358045278
0.9927414766174051,0.9697748133459522
0.9927413649924646,0.9697597908873766
0.9927412533640907,0.9697447684288011
0.9927411417322834,0.9697297459702254
0.9927410300970426,0.9697147235116499
0.9927408068162593,0.9696846785944988
0.9927560750538296,0.9696846785944988
0.9927559636413972,0.9696696561359232
0.9927558522255375,0.9696546336773476
0.9927557408062506,0.9696396112187721
0.9927710102128707,0.9696396112187721
0.9927708990233023,0.9696245887601965
0.9927861691328022,0.9696245887601965
0.9927860581729808,0.9696095663016209
0.9927859472097459,0.9695945438430453
0.9927858362430974,0.9695795213844698
0.9927857252730349,0.9695644989258942
0.9927856142995585,0.9695494764673186
0.9928008860447944,0.9695494764673186
0.9928007753011214,0.969534454008743
0.9928006645540411,0.9695194315501675
0.9928005538035536,0.969504409091592
0.9928004430496585,0.9694893866330163
0.9928003322923558,0.9694743641744408
0.9928156056736716,0.9694743641744408
0.9928308795249304,0.9694743641744408
0.9928307692307692,0.9694593417158652
0.9928306589332143,0.9694443192572897
0.9928305486322656,0.969429296798714
0.9928304383279228,0.9694142743401385
0.9928303280201859,0.969399251881563
0.9928302177090546,0.9693842294229874
0.9928301073945287,0.9693692069644118
0.9928299970766082,0.9693541845058362
0.9928298867552929,0.9693391620472607
0.9928297764305827,0.9693241395886851
0.9928296661024774,0.9693091171301095
0.9928295557709766,0.9692940946715339
0.9928294454360805,0.9692790722129584
0.992844722790712,0.9692790722129584
0.9928446126858093,0.9692640497543829
0.9928445025775179,0.9692490272958072
0.9928443924658378,0.9692340048372317
0.9928442823507687,0.9692189823786561
0.9928441722323105,0.9692039599200806
0.9928439519852262,0.9691739150029294
0.9928438418565998,0.9691588925443538
0.9928437317245837,0.9691438700857783
0.9928436215891777,0.9691288476272026
0.9928589017483378,0.9691288476272026
0.9928587918430165,0.9691138251686271
0.9928586819343121,0.9690988027100516
0.9928585720222246,0.9690837802514759
0.9928738533522132,0.9690837802514759
0.9928891351526066,0.9690837802514759
0.9928890257041711,0.9690687577929004
0.9928889162523665,0.9690537353343248
0.9928888067971925,0.9690387128757493
0.9928886973386488,0.9690236904171736
0.9928885878767355,0.9690086679585981
0.9928883689427991,0.968978623041447
0.9928882594707756,0.9689636005828713
0.9928881499953819,0.9689485781242958
0.9928880405166176,0.9689335556657203
0.9929033251231527,0.9689335556657203
0.9929032158746286,0.9689185332071447
0.9929031066227408,0.9689035107485691
0.9929029973674892,0.9688884882899935
0.9929028881088737,0.968873465831418
0.992918174120545,0.968873465831418
0.9929180650922191,0.9688584433728424
0.9929179560605361,0.9688434209142668
0.9929178470254958,0.9688283984556912
0.9929177379870979,0.9688133759971157
0.9929176289453425,0.9687983535385402
0.9929175199002294,0.9687833310799645
0.9929328077846893,0.9687833310799645
0.9929326989699293,0.968768308621389
0.9929479875588951,0.968768308621389
0.9929478789745169,0.9687532861628134
0.9929477703867948,0.9687382637042379
0.9929476617957286,0.9687232412456622
0.9929475532013181,0.9687082187870867
0.9929474446035632,0.9686931963285111
0.9929473360024638,0.9686781738699356
0.9929472273980197,0.96866315141136
0.9929471187902307,0.9686481289527844
0.9929470101790967,0.9686331064942089
0.992946792946793,0.9686030615770577
0.9929466843256229,0.9685880391184821
0.9929465757011073,0.9685730166599066
0.9929464670732459,0.968557994201331
0.9929463584420385,0.9685429717427554
0.992946249807485,0.9685279492841798
0.9929461411695852,0.9685129268256043
0.9929460325283391,0.9684979043670288
0.9929459238837464,0.9684828819084531
0.9929458152358069,0.9684678594498776
0.9929457065845206,0.968452836991302
0.9929455979298872,0.9684378145327264
0.9929454892719067,0.9684227920741508
0.9929453806105788,0.9684077696155753
0.9929606752822662,0.9684077696155753
0.9929605668515096,0.9683927471569997
0.9929604584174124,0.9683777246984241
0.9929603499799747,0.9683627022398485
0.9929602415391962,0.968347679781273
0.9929601330950767,0.9683326573226975
0.9929600246476161,0.9683176348641218
0.9929599161968142,0.9683026124055463
0.992959807742671,0.9682875899469707
0.9929596992851861,0.9682725674883952
0.9929749965337153,0.9682725674883952
0.9929748883068864,0.9682575450298195
0.9929747800767228,0.968242522571244
0.9929746718432243,0.9682275001126684
0.9929745636063907,0.9682124776540929
0.992974455366222,0.9681974551955173
0.9929743471227178,0.9681824327369417
0.9929742388758782,0.9681674102783662
0.9929741306257029,0.9681523878197906
0.9929740223721919,0.968137365361215
0.9929739141153449,0.9681223429026394
0.9929738058551618,0.9681073204440639
0.9929736975916424,0.9680922979854883
0.9929735893247866,0.9680772755269127
0.9929734810545942,0.9680622530683372
0.9929733727810651,0.9680472306097616
0.9929732645041991,0.9680322081511861
0.9929731562239961,0.9680171856926104
0.9929730479404558,0.9680021632340349
0.9929729396535782,0.9679871407754593
0.9929728313633632,0.9679721183168838
0.9929727230698104,0.9679570958583081
0.9929880257054354,0.9679570958583081
0.9930033288127235,0.9679570958583081
0.9930032209841725,0.9679420733997326
0.9930031131522978,0.967927050941157
0.9930030053170995,0.9679120284825815
0.9930028974785772,0.9678970060240059
0.9930027896367307,0.9678819835654303
0.99300268179156,0.9678669611068548
0.9930179867757896,0.9678669611068548
0.993017879161529,0.9678519386482792
0.993033184851801,0.9678519386482792
0.9930330774684794,0.9678369161897036
0.9930329700818472,0.967821893731128
0.9930328626919046,0.9678068712725525
0.9930327552986512,0.9677918488139768
0.9930326479020871,0.9677768263554013
0.993032540502212,0.9677618038968258
0.9930324330990258,0.9677467814382502
0.9930477409011731,0.9677467814382502
0.9930476337289964,0.9677317589796746
0.9930475265535156,0.967716736521099
0.993062835296294,0.967716736521099
0.9930627283518584,0.9677017140625235
0.9930626214041254,0.9676866916039479
0.9930625144530949,0.9676716691453723
0.9930624074987666,0.9676566466867967
0.9930623005411405,0.9676416242282212
0.9930621935802164,0.9676266017696457
0.9930620866159942,0.96761157931107
0.9930619796484736,0.9675965568524945
0.9930618726776546,0.9675815343939189
0.9930771840019735,0.9675815343939189
0.9930770772622847,0.9675665119353434
0.9930769705193043,0.9675514894767677
0.9930768637730322,0.9675364670181922
0.9930767570234681,0.9675214445596166
0.993076650270612,0.9675064221010411
0.9930765435144637,0.9674913996424654
0.9930918567177067,0.9674913996424654
0.9930917501927525,0.9674763771838899
0.993091643664513,0.9674613547253144
0.9930915371329879,0.9674463322667388
0.9930914305981773,0.9674313098081632
0.9930913240600808,0.9674162873495876
0.9931066389081656,0.9674162873495876
0.9931065326013201,0.9674012648910121
0.9931064262911956,0.9673862424324365
0.9931217420807501,0.9673862424324365
0.9931216360019124,0.9673712199738609
0.9931215299198026,0.9673561975152853
0.9931214238344206,0.9673411750567098
0.9931213177457664,0.9673261525981343
0.9931212116538396,0.9673111301395586
0.9931211055586403,0.9672961076809831
0.9931364232281946,0.9672961076809831
0.9931363173643458,0.9672810852224075
0.9931362114972313,0.967266062763832
0.993136105626851,0.9672510403052563
0.9931359997532044,0.9672360178466808
0.9931357879961128,0.9672059729295297
0.9931356821126673,0.967190950470954
0.9931510018973576,0.967190950470954
0.9931508962453337,0.9671759280123785
0.9931507905900502,0.967160905553803
0.9931505792697036,0.9671308606366518
0.9931504736046404,0.9671158381780762
0.993150367936317,0.9671008157195007
0.9931502622647331,0.967085793260925
0.9931655841651368,0.967085793260925
0.9931654787250455,0.9670707708023495
0.9931653732817007,0.967055748343774
0.9931806961244137,0.967055748343774
0.9931805909125974,0.9670407258851984
0.9931804856975345,0.9670257034266228
0.9931803804792249,0.9670106809680472
0.9931802752576684,0.9669956585094717
0.9931801700328647,0.9669806360508961
0.993180064804814,0.9669656135923205
0.993179959573516,0.9669505911337449
0.9931952845327737,0.9669505911337449
0.9931951795330751,0.9669355686751694
0.9931950745301361,0.9669205462165938
0.9931949695239565,0.9669055237580182
0.9931948645145361,0.9668905012994427
0.993194759501875,0.9668754788408671
0.9931946544859727,0.9668604563822916
0.9931945494668292,0.9668454339237159
0.9931944444444445,0.9668304114651404
0.9931943394188182,0.9668153890065648
0.9931942343899504,0.9668003665479893
0.993209457373912,0.9667853440894136
0.9932093525735011,0.9667703216308381
0.9932092477698552,0.9667552991722625
0.9932091429629744,0.966740276713687
0.9932090381528583,0.9667252542551114
0.993208933339507,0.9667102317965358
0.9932242630035499,0.9667102317965358
0.9932241584219543,0.9666952093379603
0.9932240538371303,0.9666801868793847
0.9932239492490778,0.9666651644208091
0.9932238446577965,0.9666501419622335
0.9932391757351239,0.9666501419622335
0.9932390713756483,0.966635119503658
0.9932389670129509,0.9666200970450824
0.9932388626470315,0.9666050745865068
0.9932387582778901,0.9665900521279313
0.99325398663147,0.9665750296693557
0.9932538824909691,0.9665600072107802
0.9932692159254056,0.9665600072107802
0.9932691120167964,0.9665449847522045
0.9932690081049788,0.966529962293629
0.9932689041899527,0.9665149398350534
0.9932688002717182,0.9664999173764778
0.9932841351201136,0.9664999173764778
0.9932840314338207,0.9664848949179022
0.9932839277443261,0.9664698724593267
0.9932838240516296,0.9664548500007512
0.9932991600790514,0.9664548500007512
0.9932990566183396,0.9664398275421755
0.9932989531544328,0.9664248050836
0.9932988496873312,0.9664097826250244
0.9932987462170342,0.9663947601664489
0.9932986427435418,0.9663797377078732
0.9932985392668541,0.9663647152492977
0.9933138771791665,0.9663647152492977
0.9933137739345275,0.9663496927907221
0.9933291125557837,0.9663496927907221
0.9933290095432225,0.9663346703321466
0.9933289065274796,0.9663196478735709
0.9933288035085552,0.9663046254149954
0.993328700486449,0.9662896029564199
0.9933593810325391,0.9662896029564199
0.9933592784778849,0.9662745804978443
0.9933591759200631,0.9662595580392687
0.9933590733590734,0.9662445355806931
0.99335886822759,0.966214490663542
0.9933587656570961,0.9661994682049664
0.9933741080530072,0.9661994682049664
0.9933894509228511,0.9661994682049664
0.9933893488199679,0.9661844457463908
0.9933892467139305,0.9661694232878153
0.9933891446047388,0.9661544008292398
0.9933890424923928,0.9661393783706641
0.9933889403768922,0.9661243559120886
0.9933888382582369,0.966109333453513
0.9933887361364269,0.9660943109949375
0.9933886340114617,0.9660792885363618
0.9933885318833415,0.9660642660777863
0.9933884297520661,0.9660492436192107
0.9933883276176353,0.9660342211606352
0.9933882254800488,0.9660191987020595
0.9933881233393067,0.966004176243484
0.9933880211954087,0.9659891537849085
0.9933879190483547,0.9659741313263329
0.9933878168981446,0.9659591088677573
0.9933877147447782,0.9659440864091817
0.9933876125882553,0.9659290639506062
0.9933875104285759,0.9659140414920306
0.9933874082657397,0.965899019033455
0.9933873060997466,0.9658839965748794
0.9933872039305965,0.9658689741163039
0.9934025524551158,0.9658689741163039
0.9934024505183789,0.9658539516577282
0.993402348578492,0.9658389291991527
0.9934176980484866,0.9658389291991527
0.9934175963410489,0.9658239067405772
0.993417494630468,0.9658088842820016
0.9934173929167439,0.965793861823426
0.9934172911998764,0.9657788393648504
0.9934171894798652,0.9657638169062749
0.9934170877567104,0.9657487944476993
0.9934324391148474,0.9657487944476993
0.9934323376242061,0.9657337719891237
0.9934322361304281,0.9657187495305481
0.9934321346335131,0.9657037270719726
0.9934320331334611,0.9656887046133971
0.9934319316302719,0.9656736821548214
0.9934472846413006,0.9656736821548214
0.9934471833706823,0.9656586596962459
0.9934470820969338,0.9656436372376703
0.9934469808200547,0.9656286147790948
0.9934468795400452,0.9656135923205191
0.9934467782569049,0.9655985698619436
0.9934466769706337,0.965583547403368
0.9934465756812315,0.9655685249447925
0.9934464743886983,0.9655535024862169
0.9934463730930336,0.9655384800276413
0.9934462717942376,0.9655234575690658
0.9934461704923101,0.9655084351104902
0.9934460691872508,0.9654934126519146
0.9934614255019864,0.9654934126519146
0.9934613244296049,0.965478390193339
0.9934612233540987,0.9654633677347635
0.9934611222754676,0.965448345276188
0.9934610211937115,0.9654333228176123
0.99346092010883,0.9654183003590368
0.9934608190208234,0.9654032779004612
0.9934607179296912,0.9653882554418857
0.9934606168354333,0.96537323298331
0.9934605157380496,0.9653582105247345
0.99346041463754,0.9653431880661589
0.9934603135339043,0.9653281656075834
0.9934602124271424,0.9653131431490077
0.9934601113172542,0.9652981206904322
0.9934600102042394,0.9652830982318567
0.9934598079688297,0.9652530533147055
0.9934597068464346,0.9652380308561299
0.993475067645922,0.9652380308561299
0.9934749667563472,0.9652230083975544
0.9934903282668193,0.9652230083975544
0.993490227610094,0.9652079859389787
0.993490126950256,0.9651929634804032
0.9934900262873048,0.9651779410218276
0.9934899256212405,0.9651629185632521
0.9934898249520628,0.9651478961046764
0.9934897242797718,0.9651328736461009
0.9934896236043671,0.9651178511875254
0.9934895229258486,0.9651028287289498
0.9934894222442162,0.9650878062703742
0.9934893215594699,0.9650727838117986
0.9934892208716093,0.9650577613532231
0.9934891201806344,0.9650427388946475
0.993488918789341,0.9650126939774963
0.9934888180890222,0.9649976715189208
0.9934887173855885,0.9649826490603453
0.9934886166790399,0.9649676266017696
0.9934884152565967,0.9649375816846185
0.9934883145407019,0.964922559226043
0.9934882138216915,0.9649075367674673
0.9934881130995653,0.9648925143088918
0.9934880123743233,0.9648774918503162
0.9934879116459652,0.9648624693917407
0.9935032792971167,0.9648624693917407
0.9935031788018005,0.964847446933165
0.9935030783033753,0.9648324244745895
0.9935029778018408,0.964817402016014
0.993502877297197,0.9648023795574384
0.9935027767894435,0.9647873570988628
0.9935026762785805,0.9647723346402872
0.9935025757646077,0.9647573121817117
0.9935024752475248,0.9647422897231361
0.9935023747273318,0.9647272672645605
0.9935022742040286,0.9647122448059849
0.9935176446926682,0.9647122448059849
0.9935175444025002,0.9646972223474094
0.9935174441092287,0.9646821998888339
0.993517343812854,0.9646671774302582
0.9935172435133756,0.9646521549716827
0.9935171432107934,0.9646371325131071
0.9935170429051075,0.9646221100545316
0.9935169425963175,0.9646070875959559
0.9935168422844234,0.9645920651373804
0.9935166416513223,0.9645620202202292
0.9935165413301148,0.9645469977616536
0.9935164410058027,0.9645319753030781
0.9935163406783858,0.9645169528445026
0.9935161400142366,0.9644869079273514
0.9935160396775042,0.9644718854687758
0.9935159393376664,0.9644568630102003
0.993515838994723,0.9644418405516246
0.993531214212758,0.9644418405516246
0.9935311141030998,0.9644268180930491
0.9935310139903429,0.9644117956344735
0.9935309138744873,0.964396773175898
0.9935308137555329,0.9643817507173224
0.9935461903951217,0.9643817507173224
0.9935460905095029,0.9643667282587468
0.9935459906207921,0.9643517058001713
0.9935458907289894,0.9643366833415957
0.9935612685539167,0.9643366833415957
0.9935766468548787,0.9643366833415957
0.9935765474329407,0.9643216608830201
0.993576448007925,0.9643066384244445
0.9935762491486595,0.9642765935072934
0.9935761497144096,0.9642615710487178
0.9935760502770812,0.9642465485901422
0.9935759508366744,0.9642315261315667
0.9935758513931888,0.9642165036729912
0.9935757519466245,0.9642014812144155
0.9935756524969813,0.96418645875584
0.993575553044259,0.9641714362972644
0.9935754535884574,0.9641564138386889
0.9935753541295765,0.9641413913801132
0.9935752546676162,0.9641263689215377
0.9935906367563049,0.9641263689215377
0.9935905375278672,0.9641113464629621
0.9936059203294577,0.9641113464629621
0.9936058213345719,0.9640963240043866
0.9936057223366208,0.964081301545811
0.9936056233356041,0.9640662790872354
0.9936054253243737,0.9640362341700843
0.9936053263141597,0.9640212117115087
0.9936052273008795,0.9640061892529331
0.9936051282845331,0.9639911667943576
0.9936050292651203,0.963976144335782
0.9936049302426411,0.9639611218772064
0.9936048312170951,0.9639460994186309
0.9936047321884823,0.9639310769600553
0.9936046331568026,0.9639160545014797
0.9936045341220558,0.9639010320429041
0.9936044350842418,0.9638860095843286
0.9936043360433604,0.963870987125753
0.9936042369994116,0.9638559646671774
0.993604137952395,0.9638409422086018
0.9936039398491583,0.9638108972914508
0.9936038407929378,0.9637958748328751
0.9936192290418002,0.9637958748328751
0.9936191302193037,0.9637808523742996
0.9936187348987051,0.9637207625399973
0.9936186360609017,0.9637057400814217
0.9936185372200366,0.9636907176228462
0.9936184383761094,0.9636756951642705
0.9936183395291202,0.963660672705695
0.993618141825955,0.9636306277885439
0.9936180429697786,0.9636156053299683
0.9936179441105397,0.9636005828713927
0.9936178452482379,0.9635855604128172
0.9936177463828733,0.9635705379542416
0.9936176475144455,0.963555515495666
0.9936175486429545,0.9635404930370904
0.9936174497684002,0.9635254705785149
0.9936173508907823,0.9635104481199394
0.9936172520101009,0.9634954256613637
0.9936170542395464,0.9634653807442126
0.9936324481764943,0.9634653807442126
0.9936323495235881,0.9634503582856371
0.9936322508676252,0.9634353358270614
0.9936321522086051,0.9634203133684859
0.9936320535465278,0.9634052909099103
0.9936319548813932,0.9633902684513348
0.9936318562132012,0.9633752459927591
0.9936317575419514,0.9633602235341836
0.9936316588676438,0.9633452010756081
0.9936315601902784,0.9633301786170325
0.9936314615098549,0.9633151561584569
0.9936313628263733,0.9633001336998813
0.9936312641398333,0.9632851112413058
0.9936311654502348,0.9632700887827301
0.9936310667575776,0.9632550663241546
0.9936309680618617,0.963240043865579
0.993630869363087,0.9632250214070035
0.9936462675696198,0.9632250214070035
0.9936616662534093,0.9632250214070035
0.9936615680257876,0.9632099989484278
0.9936612733246544,0.9631649315727012
0.9936611750848534,0.9631499091141256
0.9936610768420073,0.96313488665555
0.993660978596116,0.9631198641969745
0.993676379417235,0.9631198641969745
0.9936762814054775,0.9631048417383989
0.9936760853728475,0.9630747968212477
0.9936759873519747,0.9630597743626722
0.9936758893280633,0.9630447519040967
0.9936757913011129,0.963029729445521
0.9936756932711236,0.9630147069869455
0.9936910962301587,0.9630147069869455
0.9937064996667235,0.9630147069869455
0.9937064021082003,0.9629996845283699
0.9937218062595917,0.9629996845283699
0.9937217089353259,0.9629846620697944
0.9937216116080425,0.9629696396112187
0.9937215142777416,0.9629546171526432
0.993721416944423,0.9629395946940676
0.9937213196080863,0.9629245722354921
0.9937212222687317,0.9629095497769165
0.9937211249263589,0.9628945273183409
0.9937210275809677,0.9628795048597654
0.9937209302325581,0.9628644824011898
0.9937208328811299,0.9628494599426142
0.993720735526683,0.9628344374840386
0.9937206381692172,0.9628194150254631
0.9937205408087323,0.9628043925668875
0.9937204434452284,0.9627893701083119
0.993720346078705,0.9627743476497364
0.9937357542679051,0.9627743476497364
0.9937356571357687,0.9627593251911608
0.9937355600006202,0.9627443027325853
0.9937354628624593,0.9627292802740096
0.9937353657212858,0.9627142578154341
0.9937352685770996,0.9626992353568585
0.9937351714299006,0.962684212898283
0.9937350742796887,0.9626691904397073
0.9937349771264635,0.9626541679811318
0.9937657987376518,0.9626541679811318
0.9937812102602277,0.9626541679811318
0.993781017369727,0.9626241230639806
0.993796429845376,0.9626241230639806
0.9937963336331772,0.962609100605405
0.993796237417994,0.9625940781468295
0.9937961411998263,0.962579055688254
0.9938115548662272,0.962579055688254
0.9938114588826503,0.9625640332296783
0.9938113628960961,0.9625490107711028
0.9938112669065641,0.9625339883125272
0.9938111709140544,0.9625189658539517
0.9938110749185668,0.962503943395376
0.9938264902511285,0.962503943395376
0.9938263944902898,0.9624889209368005
0.9938418105387252,0.9624889209368005
0.9938417150125648,0.962473898478225
0.9938416194834406,0.9624588760196494
0.9938414284163009,0.9624288311024982
0.9938413328782849,0.9624138086439227
0.9938412373373047,0.9623987861853471
0.9938411417933602,0.9623837637267715
0.9938410462464512,0.9623687412681959
0.9938564646746719,0.9623687412681959
0.9938563693625208,0.9623537188096204
0.9938562740474122,0.9623386963510449
0.9938561787293461,0.9623236738924692
0.9938560834083222,0.9623086514338937
0.9938559880843405,0.9622936289753181
0.9938558927574008,0.9622786065167426
0.9938557974275031,0.9622635840581669
0.993855702094647,0.9622485615995914
0.9938556067588326,0.9622335391410158
0.9938555114200596,0.9622185166824403
0.993855416078328,0.9622034942238646
0.9938553207336375,0.9621884717652891
0.9938707424935992,0.9621884717652891
0.9938706473837751,0.9621734493067136
0.9938705522709992,0.962158426848138
0.9938704571552714,0.9621434043895624
0.9938703620365916,0.9621283819309868
0.9938702669149596,0.9621133594724113
0.9938701717903754,0.9620983370138357
0.9938700766628387,0.9620833145552601
0.9938699815323494,0.9620682920966845
0.9938698863989075,0.962053269638109
0.9938697912625126,0.9620382471795335
0.9938696961231648,0.9620232247209578
0.9938696009808639,0.9620082022623823
0.9938695058356096,0.9619931798038067
0.9938849311666744,0.9619931798038067
0.9938848362564023,0.9619781573452311
0.9938847413431839,0.9619631348866555
0.9938846464270193,0.96194811242808
0.9938845515079082,0.9619330899695044
0.9938999782696427,0.9619330899695044
0.9938998835855646,0.9619180675109288
0.9938997888985471,0.9619030450523532
0.9938996942085901,0.9618880225937777
0.9938995995156934,0.9618730001352022
0.9939150277083559,0.9618730001352022
0.9939149332505434,0.9618579776766265
0.993914838789798,0.961842955218051
0.993930267937533,0.961842955218051
0.9939301737119084,0.9618279327594754
0.9939300794833582,0.9618129103008999
0.9939299852518824,0.9617978878423242
0.9939298910174806,0.9617828653837487
0.9939453215965721,0.9617828653837487
0.9939607526547848,0.9617828653837487
0.9939606588936672,0.9617678429251731
0.9939605651296383,0.9617528204665976
0.9939604713626977,0.961737798008022
0.9939759036144579,0.961737798008022
0.9939758100827549,0.9617227755494464
0.9939757165481476,0.9617077530908709
0.9939756230106358,0.9616927306322953
0.9939910564561207,0.9616927306322953
0.9939909631538904,0.9616777081737197
0.9939908698487625,0.9616626857151441
0.993990776540737,0.9616476632565686
0.9939906832298137,0.961632640797993
0.9939905899159925,0.9616176183394174
0.9939904965992733,0.9616025958808418
0.9939904032796559,0.9615875734222663
0.9939903099571402,0.9615725509636908
0.993990216631726,0.9615575285051151
0.9939901233034134,0.9615425060465396
0.9940055596105166,0.9615425060465396
0.994020996397068,0.9615425060465396
0.9940209035424206,0.961527483587964
0.994020810684889,0.9615124611293885
0.9940207178244731,0.9614974386708128
0.9940206249611729,0.9614824162122373
0.9940205320949881,0.9614673937536617
0.9940204392259187,0.9614523712950862
0.9940203463539644,0.9614373488365106
0.9940202534791253,0.961422326377935
0.994020160601401,0.9614073039193595
0.9940356000124259,0.9614073039193595
0.9940355073701869,0.9613922814607839
0.9940354147250698,0.9613772590022083
0.9940353220770748,0.9613622365436327
0.9940352294262015,0.9613472140850572
0.9940351367724498,0.9613321916264815
0.9940350441158196,0.961317169167906
0.9940349514563107,0.9613021467093305
0.9940348587939231,0.9612871242507549
0.9940347661286564,0.9612721017921793
0.9940345807894859,0.9612420568750282
0.9940344881155818,0.9612270344164526
0.994049930867343,0.9612270344164526
0.994049838429033,0.961212011957877
0.9940497459878509,0.9611969894993014
0.9940496535437964,0.9611819670407259
0.9940494686470698,0.9611519221235747
0.9940493761943974,0.9611368996649992
0.9940492837388522,0.9611218772064236
0.9940647286400149,0.9611218772064236
0.9940801740211311,0.9611218772064236
0.9940800820398079,0.9611068547478481
0.9940799900556263,0.9610918322892724
0.9940954363938654,0.9610918322892724
0.9940953446454099,0.9610768098306969
0.994095252894103,0.9610617873721213
0.9940951611399447,0.9610467649135458
0.9940950693829348,0.9610317424549701
0.9940949776230731,0.9610167199963946
0.9940948858603595,0.961001697537819
0.9940947940947941,0.9609866750792435
0.9940947023263765,0.9609716526206679
0.9940946105551066,0.9609566301620923
0.9940945187809843,0.9609416077035168
0.9940944270040096,0.9609265852449412
0.9940943352241821,0.9609115627863656
0.9940942434415019,0.96089654032779
0.9940941516559688,0.9608815178692145
0.9940940598675826,0.960866495410639
0.9940939680763432,0.9608514729520633
0.9941094187130868,0.9608514729520633
0.9941248698301186,0.9608514729520633
0.9941247785134757,0.9608364504934878
0.9941246871939942,0.9608214280349122
0.9941401392688386,0.9608214280349122
0.9941400481852801,0.9608064055763367
0.9941399570988901,0.960791383117761
0.9941398660096684,0.9607763606591855
0.9941397749176148,0.9607613382006099
0.9941396838227293,0.9607463157420344
0.9941395927250116,0.9607312932834587
0.9941395016244617,0.9607162708248832
0.9941394105210795,0.9607012483663077
0.9941393194148647,0.960686225907732
0.9941392283058172,0.9606712034491565
0.994139137193937,0.9606561809905809
0.9941390460792239,0.9606411585320054
0.9941389549616778,0.9606261360734297
0.9941388638412985,0.9606111136148542
0.9941387727180858,0.9605960911562786
0.9941385904631602,0.9605660462391274
0.9941540470785784,0.9605660462391274
0.9941539561857674,0.9605510237805519
0.99415386529013,0.9605360013219764
0.994153774391666,0.9605209788634008
0.9941536834903754,0.9605059564048252
0.9941535925862578,0.9604909339462496
0.9941535016793134,0.9604759114876741
0.9941534107695418,0.9604608890290985
0.9941533198569429,0.9604458665705229
0.9941532289415167,0.9604308441119473
0.994153138023263,0.9604158216533718
0.9941530471021818,0.9604007991947963
0.9941529561782726,0.9603857767362206
0.9941528652515357,0.9603707542776451
0.9941527743219707,0.9603557318190695
0.9941526833895775,0.960340709360494
0.994152592454356,0.9603256869019183
0.9941680533739755,0.9603256869019183
0.9941679626749611,0.9603106644433428
0.9941678719731255,0.9602956419847672
0.9941677812684687,0.9602806195261917
0.9941676905609904,0.960265597067616
0.9941675998506906,0.9602505746090405
0.994167509137569,0.960235552150465
0.9941674184216257,0.9602205296918894
0.9941673277028603,0.9602055072333138
0.9941671462568633,0.9601754623161627
0.9941670555296314,0.9601604398575871
0.9941669647995769,0.9601454173990115
0.9941668740666999,0.960130394940436
0.9941667833310001,0.9601153724818604
0.9941822480788974,0.9601153724818604
0.9941821575795287,0.9601003500232849
0.9941820670773442,0.9600853275647092
0.9941819765723442,0.9600703051061337
0.9941818860645282,0.9600552826475581
0.9941817955538962,0.9600402601889825
0.994181705040448,0.9600252377304069
0.9941816145241836,0.9600102152718314
0.994197081427549,0.9600102152718314
0.9942125488121724,0.9600102152718314
0.9942280166780758,0.9600102152718314
0.9942279268767017,0.9599951928132558
0.9942433954631733,0.9599951928132558
0.9942433058982777,0.9599801703546802
0.994243216330595,0.9599651478961047
0.9942586858769896,0.9599651478961047
0.9942585965458223,0.9599501254375291
0.9942585072118751,0.9599351029789536
0.9942584178751478,0.9599200805203779
0.9942583285356403,0.9599050580618024
0.9942582391933527,0.9598900356032268
0.9942581498482844,0.9598750131446513
0.9942580605004357,0.9598599906860756
0.9942579711498063,0.9598449682275001
0.994257881796396,0.9598299457689246
0.9942577924402047,0.959814923310349
0.9942577030812325,0.9597999008517734
0.994257613719479,0.9597848783931978
0.9942574349876278,0.9597548334760467
0.9942573456175299,0.9597398110174711
0.9942572562446502,0.9597247885588955
0.994272730102406,0.9597247885588955
0.994288204441816,0.9597247885588955
0.9942880266454996,0.9596947436417445
0.9942879377431907,0.9596797211831688
0.994303413282697,0.9596797211831688
0.9943032359487602,0.9596496762660177
0.994318712449024,0.9596496762660177
0.9943186240174333,0.9596346538074422
0.9943185355830895,0.9596196313488665
0.9943184471459926,0.959604608890291
0.9943183587061424,0.9595895864317154
0.9943338366463785,0.9595895864317154
0.9943493150684931,0.9595895864317154
0.9943647939725089,0.9595895864317154
0.9943647062486379,0.9595745639731399
0.9943801858741846,0.9595745639731399
0.9943800983871972,0.9595595415145642
0.9943800108974858,0.9595445190559887
0.9943799234050503,0.9595294965974132
0.9943954042314698,0.9595294965974132
0.9944263673304168,0.9595294965974132
0.9944262805542581,0.9595144741388376
0.9944261937753974,0.959499451680262
0.9944261069938345,0.9594844292216864
0.9944260202095692,0.9594694067631109
0.9944259334226014,0.9594543843045353
0.9944258466329311,0.9594393618459597
0.994425759840558,0.9594243393873841
0.9944412437911652,0.9594243393873841
0.9944411572358381,0.9594093169288086
0.9944410706778156,0.959394294470233
0.9944409841170975,0.9593792720116574
0.9944408975536835,0.9593642495530819
0.9944408109875735,0.9593492270945063
0.9944562966192753,0.9593492270945063
0.9944562102902703,0.9593342046359307
0.9944716966440863,0.9593342046359307
0.9944871834802379,0.9593342046359307
0.9944870976282061,0.9593191821773551
0.9944870117735003,0.9593041597187796
0.9944869259161203,0.959289137260204
0.994486840056066,0.9592741148016284
0.9944867541933374,0.9592590923430528
0.9944866683279342,0.9592440698844773
0.9944865824598564,0.9592290474259018
0.9944864965891038,0.9592140249673261
0.9944864107156763,0.9591990025087506
0.9944863248395739,0.959183980050175
0.9944862389607962,0.9591689575915995
0.9944861530793433,0.9591539351330238
0.994486067195215,0.9591389126744483
0.9944859813084113,0.9591238902158727
0.9944858954189317,0.9591088677572972
0.9944858095267766,0.9590938452987215
0.9944857236319454,0.959078822840146
0.9944856377344383,0.9590638003815705
0.9945011293714464,0.9590638003815705
0.9945010437112503,0.9590487779229949
0.9945009580483853,0.9590337554644193
0.9945008723828515,0.9590187330058437
0.9945007867146485,0.9590037105472682
0.9945007010437763,0.9589886880886926
0.9945006153702348,0.958973665630117
0.9945005296940238,0.9589586431715414
0.9945004440151433,0.9589436207129659
0.994500358333593,0.9589285982543904
0.9945002726493729,0.9589135757958147
0.9945001869624829,0.9588985533372392
0.9945156817225745,0.9588985533372392
0.9945155962730984,0.9588835308786636
0.9945155108209595,0.9588685084200881
0.9945154253661577,0.9588534859615124
0.9945153399086929,0.9588384635029369
0.9945152544485649,0.9588234410443613
0.9945151689857737,0.9588084185857858
0.9945150835203191,0.9587933961272102
0.9945305804440981,0.9587933961272102
0.994546077850843,0.9587933961272102
0.9945615757405762,0.9587933961272102
0.9945614909929564,0.9587783736686346
0.9945614062426953,0.9587633512100591
0.9945613214897927,0.9587483287514834
0.9945612367342487,0.9587333062929079
0.9945611519760629,0.9587182838343323
0.9945610672152353,0.9587032613757568
0.9945609824517657,0.9586882389171811
0.9945608976856541,0.9586732164586056
0.9945608129169005,0.95865819400003
0.9945607281455044,0.9586431715414545
0.994560643371466,0.9586281490828789
0.994560558594785,0.9586131266243033
0.9945604738154613,0.9585981041657278
0.9945603890334949,0.9585830817071522
0.9945602194616332,0.958553036790001
0.9945601346717377,0.9585380143314255
0.9945600498791988,0.95852299187285
0.9945599650840166,0.9585079694142743
0.9945598802861908,0.9584929469556988
0.9945597954857214,0.9584779244971232
0.9945597106826082,0.9584629020385477
0.9945596258768511,0.958447879579972
0.99455954106845,0.9584328571213965
0.9945594562574047,0.9584178346628209
0.9945749606372862,0.9584178346628209
0.994574791488035,0.9583877897456697
0.9945746223282353,0.9583577448285187
0.9945745377443796,0.9583427223699431
0.9945744531578865,0.9583276999113675
0.9945899594636732,0.9583276999113675
0.9945898751149846,0.9583126774527919
0.9945897907636658,0.9582976549942164
0.9945897064097167,0.9582826325356408
0.9946052139204191,0.9582826325356408
0.9946050456855958,0.9582525876184896
0.9946049615642493,0.9582375651599141
0.9946048774402795,0.9582225427013386
0.994604793313686,0.9582075202427629
0.9946047091844691,0.9581924977841874
0.9946046250526283,0.9581774753256118
0.9946045409181636,0.9581624528670363
0.994604456781075,0.9581474304084606
0.9946043726413624,0.9581324079498851
0.994604204354064,0.9581023630327339
0.9946041202064781,0.9580873405741583
0.9946040360562678,0.9580723181155828
0.9946039519034325,0.9580572956570073
0.9946038677479726,0.9580422731984316
0.9946037835898875,0.9580272507398561
0.9946036994291775,0.9580122282812805
0.9946036152658422,0.957997205822705
0.9946034469312953,0.9579671609055538
0.99461895997754,0.9579671609055538
0.9946188760469795,0.9579521384469782
0.9946187921138009,0.9579371159884027
0.9946186242395882,0.9579070710712515
0.994618540298554,0.957892048612676
0.9946183724086293,0.9578620036955248
0.9946182884597385,0.9578469812369492
0.9946182045082287,0.9578319587783737
0.9946181205540996,0.9578169363197981
0.9946180365973512,0.9578019138612225
0.9946179526379832,0.957786891402647
0.9946178686759957,0.9577718689440714
0.9946177847113885,0.9577568464854959
0.9946177007441613,0.9577418240269202
0.9946332178851134,0.9577418240269202
0.9946331341560447,0.9577268015683447
0.9946330504243635,0.9577117791097691
0.9946329666900694,0.9576967566511936
0.9946328829531625,0.9576817341926179
0.9946327992136427,0.9576667117340424
0.9946327154715097,0.9576516892754668
0.9946325479794039,0.9576216443583156
0.994632464229431,0.9576066218997401
0.9946323804768443,0.9575915994411646
0.9946322129638299,0.9575615545240134
0.9946320454403595,0.9575315096068623
0.9946319616747031,0.9575164871482867
0.9946318779064324,0.9575014646897111
0.9946317941355471,0.9574864422311355
0.9946317103620474,0.95747141977256
0.9946472323226018,0.95747141977256
0.9946471487874153,0.9574563973139844
0.9946470652496215,0.9574413748554088
0.9946469817092203,0.9574263523968333
0.9946468981662114,0.9574113299382577
0.9946468146205949,0.9573963074796821
0.9946467310723706,0.9573812850211065
0.9946466475215383,0.957366262562531
0.9946465639680979,0.9573512401039554
0.9946464804120493,0.9573362176453798
0.9946463968533924,0.9573211951868043
0.9946463132921272,0.9573061727282287
0.9946618383879376,0.9573061727282287
0.9946617550650891,0.9572911502696532
0.9946616717396394,0.9572761278110775
0.9946615884115884,0.957261105352502
0.994661505080936,0.9572460828939264
0.9946614217476819,0.9572310604353509
0.9946613384118262,0.9572160379767752
0.9946612550733687,0.9572010155181997
0.9946611717323093,0.9571859930596242
0.9946610883886478,0.9571709706010486
0.9946610050423841,0.957155948142473
0.9946609216935182,0.9571409256838974
0.9946608383420498,0.9571259032253219
0.9946607549879789,0.9571108807667463
0.9946606716313053,0.9570958583081707
0.994660588272029,0.9570808358495951
0.9946605049101497,0.9570658133910196
0.9946604215456675,0.957050790932444
0.994660338178582,0.9570357684738684
0.9946602548088933,0.9570207460152929
0.9946601714366012,0.9570057235567173
0.9946600046842065,0.9569756786395661
0.9946599213041034,0.9569606561809906
0.9946598379213966,0.956945633722415
0.9946597545360857,0.9569306112638395
0.9946596711481707,0.9569155888052638
0.9946595877576515,0.9569005663466883
0.9946593375704671,0.9568554989709616
0.9946592541695296,0.956840476512386
0.9946591707659873,0.9568254540538105
0.9946747040634663,0.9568254540538105
0.9946746208985991,0.9568104315952348
0.9946745377311345,0.9567954091366593
0.994674454561072,0.9567803866780837
0.9946743713884116,0.9567653642195082
0.9946742882131534,0.9567503417609325
0.994674205035297,0.956735319302357
0.9946741218548425,0.9567202968437815
0.9946740386717896,0.9567052743852059
0.9946739554861382,0.9566902519266303
0.9946738722978883,0.9566752294680547
0.9946737891070396,0.9566602070094792
0.9946737059135922,0.9566451845509036
0.9946736227175458,0.956630162092328
0.9946735395189004,0.9566151396337524
0.9946734563176557,0.9566001171751769
0.9946733731138118,0.9565850947166014
0.9946732899073684,0.9565700722580257
0.9946732066983254,0.9565550497994502
0.9946730402724404,0.9565250048822991
0.9946729570555981,0.9565099824237234
0.9946728738361558,0.9564949599651479
0.9946727906141132,0.9564799375065723
0.9946726241622272,0.9564498925894211
0.9946725409323834,0.9564348701308456
0.9946724576999391,0.9564198476722701
0.9946723744648939,0.9564048252136945
0.9946879150066401,0.9564048252136945
0.9946878320104994,0.9563898027551189
0.994687749011765,0.9563747802965433
0.9946876660104371,0.9563597578379678
0.9946875830065155,0.9563447353793922
0.9946875,0.9563297129208166
0.9946874169908905,0.956314690462241
0.9946873339791868,0.9562996680036655
0.994687250964889,0.95628464554509
0.9946871679479967,0.9562696230865143
0.99468708492851,0.9562546006279388
0.9946870019064288,0.9562395781693632
0.9946869188817526,0.9562245557107877
0.9946868358544818,0.956209533252212
0.994686669792155,0.956179488335061
0.9946865867570989,0.9561644658764853
0.9946865037194474,0.9561494434179098
0.9946864206792004,0.9561344209593342
0.9946863376363579,0.9561193985007587
0.9946862545909197,0.956104376042183
0.9946861715428857,0.9560893535836075
0.9946860884922557,0.9560743311250319
0.9946860054390297,0.9560593086664564
0.9946859223832075,0.9560442862078807
0.994685839324789,0.9560292637493052
0.9946857562637741,0.9560142412907296
0.9946856732001625,0.9559992188321541
0.9946855901339544,0.9559841963735785
0.9946855070651495,0.9559691739150029
0.9946854239937476,0.9559541514564274
0.9946853409197487,0.9559391289978518
0.9947008894377315,0.9559391289978518
0.9947164384418183,0.9559391289978518
0.994716355848744,0.9559241065392762
0.9947162732530874,0.9559090840807006
0.994716108054027,0.9558790391635495
0.994716025450623,0.9558640167049739
0.9947159428446362,0.9558489942463984
0.9947158602360666,0.9558339717878228
0.9947156950111783,0.9558039268706716
0.9947156123948594,0.9557889044120961
0.9947155297759572,0.9557738819535205
0.9947154471544716,0.955758859494945
0.9947153645304023,0.9557438370363693
0.9947152819037494,0.9557288145777938
0.9947151992745126,0.9557137921192183
0.9947151166426919,0.9556987696606427
0.9947150340082871,0.9556837472020671
0.9947149513712982,0.9556687247434915
0.9947148687317249,0.955653702284916
0.9947147860895672,0.9556386798263404
0.9947303404168817,0.9556386798263404
0.9947302580140734,0.9556236573677648
0.9947301756086881,0.9556086349091892
0.9947300932007256,0.9555936124506137
0.9947300107901856,0.9555785899920382
0.9947299283770682,0.9555635675334625
0.994729845961373,0.955548545074887
0.9947297635431002,0.9555335226163114
0.9947296811222495,0.9555185001577358
0.9947295986988208,0.9555034776991602
0.994729516272814,0.9554884552405847
0.994729433844229,0.9554734327820091
0.9947293514130656,0.9554584103234335
0.9947292689793237,0.9554433878648579
0.9947291865430032,0.9554283654062824
0.9947291041041041,0.9554133429477069
0.9947290216626261,0.9553983204891312
0.9947289392185692,0.9553832980305557
0.9947288567719331,0.9553682755719801
0.9947287743227179,0.9553532531134046
0.9947286918709234,0.9553382306548289
0.9947286094165494,0.9553232081962534
0.9947285269595958,0.9553081857376778
0.9947284445000626,0.9552931632791023
0.9947283620379496,0.9552781408205266
0.9947282795732566,0.9552631183619511
0.9947281971059836,0.9552480959033756
0.9947281146361304,0.9552330734448
0.994728032163697,0.9552180509862244
0.994727949688683,0.9552030285276488
0.9947278672110886,0.9551880060690733
0.9947277847309136,0.9551729836104977
0.9947277022481579,0.9551579611519221
0.9947276197628211,0.9551429386933465
0.9947275372749034,0.955127916234771
0.9947274547844045,0.9551128937761955
0.9947430180708754,0.9551128937761955
0.9947429358200082,0.9550978713176198
0.994742853566567,0.9550828488590443
0.9947426890519628,0.9550528039418932
0.9947426067907995,0.9550377814833175
0.9947424422607498,0.9550077365661664
0.9947423599918632,0.9549927141075909
0.9947422777204018,0.9549776916490152
0.9947421954463657,0.9549626691904397
0.9947421131697546,0.9549476467318642
0.9947418663244707,0.9549025793561374
0.9947417840375586,0.9548875568975619
0.994741619456008,0.9548575119804107
0.994741537161369,0.9548424895218351
0.9947414548641542,0.9548274670632596
0.9947413725643635,0.954812444604684
0.9947412902619964,0.9547974221461084
0.9947412079570532,0.9547823996875329
0.9947411256495335,0.9547673772289573
0.9947410433394375,0.9547523547703817
0.9947409610267648,0.9547373323118061
0.9947408787115153,0.9547223098532306
0.994740796393689,0.954707287394655
0.9947407140732857,0.9546922649360794
0.9947406317503052,0.9546772424775039
0.9947405494247475,0.9546622200189283
0.9947404670966126,0.9546471975603528
0.9947403847659002,0.9546321751017771
0.9947559562944178,0.9546321751017771
0.9947558742035973,0.9546171526432016
0.9947557921102066,0.954602130184626
0.9947557100142457,0.9545871077260505
0.9947556279157144,0.9545720852674748
0.9947555458146125,0.9545570628088993
0.9947554637109399,0.9545420403503238
0.9947553816046967,0.9545270178917482
0.9947552994958825,0.9545119954331726
0.9947552173844973,0.954496972974597
0.994755135270541,0.9544819505160215
0.9947550531540136,0.9544669280574459
0.9947549710349147,0.9544519055988703
0.9947548889132443,0.9544368831402947
0.9947548067890023,0.9544218606817192
0.9947545604008455,0.9543767933059925
0.9947544782663159,0.9543617708474169
0.9947543961292141,0.9543467483888414
0.99475431398954,0.9543317259302657
0.9947542318472934,0.9543167034716902
0.9947698089570937,0.9543167034716902
0.9947697270549178,0.9543016810131146
0.994769645150177,0.9542866585545391
0.9947695632428708,0.9542716360959634
0.9947694813329993,0.9542566136373879
0.9947693994205622,0.9542415911788124
0.9947693175055595,0.9542265687202367
0.9947692355879911,0.9542115462616612
0.9947691536678569,0.9541965238030856
0.9947690717451567,0.9541815013445101
0.9947689898198904,0.9541664788859344
0.9947689078920579,0.9541514564273589
0.9947687440286936,0.9541214115102078
0.9947685801550631,0.9540913665930566
0.9947684982143976,0.9540763441344811
0.9947996616647348,0.9540763441344811
0.9947995802070769,0.9540613216759055
0.9947994987468671,0.9540462992173299
0.9947994172841054,0.9540312767587543
0.9947993358187913,0.9540162543001788
0.9948149192474584,0.9540162543001788
0.9948148380224325,0.9540012318416032
0.9948147567948618,0.9539862093830276
0.9948303411974809,0.9539862093830276
0.9948302602102361,0.953971186924452
0.9948301792204537,0.9539561644658765
0.9948300982281336,0.953941142007301
0.9948300172332759,0.9539261195487253
0.9948299362358802,0.9539110970901498
0.9948298552359466,0.9538960746315742
0.9948296932284649,0.953866029714423
0.9948296122209166,0.9538510072558475
0.9948295312108297,0.9538359847972719
0.9948294501982045,0.9538209623386964
0.9948293691830403,0.9538059398801207
0.9948292881653374,0.9537909174215452
0.9948292071450956,0.9537758949629697
0.9948291261223147,0.9537608725043941
0.9948290450969945,0.9537458500458185
0.9948446338749863,0.9537458500458185
0.9948445530901341,0.9537308275872429
0.9948444723027501,0.9537158051286674
0.9948443915128342,0.9537007826700918
0.9948443107203861,0.9536857602115162
0.9948442299254059,0.9536707377529406
0.9948441491278933,0.9536557152943651
0.9948440683278483,0.9536406928357896
0.9948439875252707,0.9536256703772139
0.9948438259125174,0.9535956254600628
0.9948437451023415,0.9535806030014872
0.9948436642896324,0.9535655805429116
0.9948435834743903,0.9535505580843361
0.9948435026566149,0.9535355356257605
0.994843421836306,0.9535205131671849
0.9948433410134637,0.9535054907086093
0.9948431793601781,0.9534754457914583
0.9948587730022884,0.9534754457914583
0.9948586924150038,0.9534604233328826
0.9948742867891404,0.9534604233328826
0.9948742064425111,0.9534454008743071
0.994874126093363,0.9534303784157315
0.9948740457416958,0.953415355957156
0.9948739653875094,0.9534003334985803
0.9948738850308038,0.9533853110400048
0.9948738046715786,0.9533702885814292
0.994873724309834,0.9533552661228537
0.9948736439455697,0.953340243664278
0.9948735635787856,0.9533252212057025
0.9948734832094817,0.953310198747127
0.9948734028376578,0.9532951762885514
0.9948733224633137,0.9532801538299758
0.9948732420864493,0.9532651313714002
0.9948731617070646,0.9532501089128247
0.9948730813251595,0.9532350864542491
0.9948730009407337,0.9532200639956735
0.9948729205537873,0.953205041537098
0.99487284016432,0.9531900190785224
0.9948727597723317,0.9531749966199469
0.9948726793778224,0.9531599741613712
0.9948725989807918,0.9531449517027957
0.99487251858124,0.9531299292442201
0.994872357774572,0.9530998843270689
0.9948722773674554,0.9530848618684934
0.9948721969578171,0.9530698394099179
0.994872116545657,0.9530548169513423
0.9948720361309747,0.9530397944927667
0.9948719557137704,0.9530247720341911
0.9948718752940439,0.9530097495756156
0.9948717948717949,0.95299472711704
0.9948717144470234,0.9529797046584644
0.9948716340197293,0.9529646821998888
0.9948715535899125,0.9529496597413133
0.9948870765370138,0.9529346372827376
0.994886996345614,0.9529196148241621
0.9948869161516987,0.9529045923655866
0.9948868359552676,0.952889569907011
0.994886755756321,0.9528745474484354
0.9948866755548584,0.9528595249898598
0.99488659535088,0.9528445025312843
0.9948865151443853,0.9528294800727087
0.9949021207177814,0.9528294800727087
0.9949019607843137,0.9527994351555575
0.9949017208652956,0.9527543677798308
0.9949016408872714,0.9527393453212553
0.9949015609067378,0.9527243228626797
0.9949014809236948,0.9527093004041042
0.9949014009381423,0.9526942779455285
0.99490132095008,0.952679255486953
0.994901240959508,0.9526642330283774
0.9949011609664261,0.9526492105698019
0.9949010809708342,0.9526341881112262
0.9949010009727322,0.9526191656526507
0.9949009209721198,0.9526041431940752
0.9949007609633639,0.952574098276924
0.9949005209314002,0.9525290309011973
0.9949004409157239,0.9525140084426217
0.9949003608975365,0.9524989859840461
0.9949002808768379,0.9524839635254706
0.994900200853628,0.9524689410668951
0.9949001208279066,0.9524539186083194
0.9949000407996736,0.9524388961497439
0.994899960768929,0.9524238736911683
0.9948998807356726,0.9524088512325928
0.9948998006999042,0.9523938287740171
0.994915413828819,0.9523938287740171
0.9949153340343058,0.9523788063154416
0.9949151744377658,0.9523487613982904
0.9949150946357387,0.9523337389397148
0.9949149350241697,0.9523036940225638
0.9949148552146276,0.9522886715639881
0.9949146955880276,0.952258626646837
0.9949146157709694,0.9522436041882615
0.9949145359514056,0.9522285817296858
0.9949143763047608,0.9521985368125347
0.9949142964776794,0.9521835143539592
0.9949142166480921,0.9521684918953836
0.9949140569813987,0.9521384469782325
0.9949139771442923,0.9521234245196569
0.9949138973046795,0.9521084020610813
0.99491381746256,0.9520933796025057
0.9949137376179338,0.9520783571439302
0.9949136577708007,0.9520633346853546
0.9949135779211604,0.952048312226779
0.9949134980690132,0.9520332897682035
0.9949134182143586,0.9520182673096279
0.9949133383571966,0.9520032448510524
0.9949132584975273,0.9519882223924767
0.9949131786353502,0.9519731999339012
0.9949130987706656,0.9519581774753256
0.994913018903473,0.9519431550167501
0.9949129390337724,0.9519281325581744
0.9949127792868471,0.9518980876410233
0.9949126994096219,0.9518830651824478
0.9949125396476463,0.9518530202652966
0.9949124597628956,0.9518379978067211
0.994912379875636,0.9518229753481455
0.9949122999858675,0.9518079528895699
0.99491222009359,0.9517929304309943
0.9949278434697948,0.9517929304309943
0.9949277638190954,0.9517779079724188
0.9949276841658946,0.9517628855138432
0.9949276045101919,0.9517478630552676
0.9949275248519873,0.951732840596692
0.9949272061941482,0.9516727507623898
0.9949271265234326,0.9516577283038142
0.9949270468502144,0.9516427058452386
0.9949269671744935,0.951627683386663
0.9949268874962698,0.9516126609280875
0.9949268078155431,0.951597638469512
0.9949267281323134,0.9515826160109363
0.9949265687583445,0.9515525710937852
0.994926489067605,0.9515375486352097
0.9949264093743618,0.951522526176634
0.9949420376362665,0.951522526176634
0.99494195818476,0.9515075037180585
0.9949418787307571,0.9514924812594829
0.9949417992742582,0.9514774588009074
0.9949417198152628,0.9514624363423317
0.994941640353771,0.9514474138837562
0.9949415608897826,0.9514323914251807
0.9949414814232974,0.9514173689666051
0.9949414019543155,0.9514023465080295
0.9949413224828366,0.9513873240494539
0.9949412430088607,0.9513723015908784
0.9949411635323876,0.9513572791323028
0.9949410840534171,0.9513422566737272
0.9949410045719493,0.9513272342151516
0.9949409250879839,0.9513122117565761
0.9949408456015209,0.9512971892980006
0.9949407661125601,0.9512821668394249
0.9949406866211015,0.9512671443808494
0.9949406071271447,0.9512521219222738
0.99494052763069,0.9512370994636983
0.9949404481317369,0.9512220770051226
0.9949403686302855,0.9512070545465471
0.9949402891263356,0.9511920320879715
0.9949402096198872,0.951177009629396
0.9949558439925831,0.951177009629396
0.994955764728067,0.9511619871708203
0.9949556854610597,0.9511469647122448
0.9949556061915612,0.9511319422536693
0.9949555269195713,0.9511169197950937
0.9949711627614602,0.9511169197950937
0.9949710837314558,0.9511018973365181
0.9949710046989675,0.9510868748779425
0.9949709256639949,0.951071852419367
0.9949707675865971,0.9510418075022158
0.9949864051424709,0.9510418075022158
0.9949863263445761,0.9510267850436402
0.9949862475442043,0.9510117625850647
0.9949861687413555,0.950996740126489
0.9949860899360294,0.9509817176679135
0.994986011128226,0.950966695209338
0.9949859323179453,0.9509516727507624
0.9949858535051871,0.9509366502921868
0.9949857746899511,0.9509216278336112
0.9949856958722374,0.9509066053750357
0.9949855382293763,0.9508765604578845
0.9949853805766027,0.9508465155407334
0.9949852229139157,0.9508164706235822
0.9949851440788543,0.9508014481650067
0.9949850652413142,0.9507864257064311
0.9949849864012954,0.9507714032478556
0.9949849075587976,0.9507563807892799
0.9949848287138208,0.9507413583307044
0.9949847498663648,0.9507263358721288
0.9949846710164295,0.9507113134135533
0.9949845921640148,0.9506962909549777
0.9949845133091206,0.9506812684964021
0.9950001572277601,0.9506812684964021
0.9950000786151161,0.9506662460378266
0.995,0.950651223579251
0.9949999213824117,0.9506362011206754
0.994999842762351,0.9506211786620998
0.9949997641398179,0.9506061562035243
0.9949996855148122,0.9505911337449487
0.9949996068873339,0.9505761112863731
0.9949995282573828,0.9505610888277976
0.9949994496249587,0.950546066369222
0.9950150962385206,0.950546066369222
0.9950150178484377,0.9505310439106465
0.9950149394558893,0.9505160214520708
0.9950148610608753,0.9505009989934953
0.9950147826633956,0.9504859765349197
0.9950147042634501,0.9504709540763442
0.9950303525933382,0.9504709540763442
0.9950302744357946,0.9504559316177685
0.9950301962757927,0.950440909159193
0.9950301181133322,0.9504258867006175
0.9950300399484131,0.9504108642420418
0.9950299617810352,0.9503958417834663
0.9950298836111985,0.9503808193248907
0.9950298054389027,0.9503657968663152
0.995029727264148,0.9503507744077395
0.9950453780455196,0.9503507744077395
0.9950453001132503,0.950335751949164
0.9950452221785293,0.9503207294905884
0.9950608739421776,0.9503207294905884
0.9950607962499803,0.9503057070320129
0.9950607185553388,0.9502906845734372
0.995060640858253,0.9502756621148617
0.9950605631587227,0.9502606396562862
0.9950604854567477,0.9502456171977106
0.9950761389378303,0.9502456171977106
0.9950760614784401,0.950230594739135
0.9950759840166127,0.9502155722805594
0.995075906552348,0.9502005498219839
0.995075829085646,0.9501855273634083
0.9950757516165064,0.9501705049048327
0.9950756741449294,0.9501554824462571
0.9950755966709146,0.9501404599876816
0.9950755191944619,0.950125437529106
0.9950754417155714,0.9501104150705304
0.995075286750476,0.9500803701533793
0.9950752092642708,0.9500653476948038
0.9950751317756275,0.9500503252362281
0.9950750542845455,0.9500353027776526
0.9950749767910249,0.950020280319077
0.9950748992950654,0.9500052578605015
0.9950748217966673,0.9499902354019258
0.9950747442958301,0.9499752129433503
0.9950746667925537,0.9499601904847748
0.9950744342680893,0.949915123109048
0.9950743567550555,0.9499001006504725
0.995074279239582,0.9498850781918969
0.9950742017216688,0.9498700557333213
0.9950741242013157,0.9498550332747457
0.9950740466785225,0.9498400108161702
0.9950897072710104,0.9498400108161702
0.9950896299910291,0.9498249883575947
0.9950894754237688,0.9497949434404435
0.9950893981364896,0.9497799209818679
0.9950892435546321,0.9497498760647167
0.9950891662600538,0.9497348536061412
0.9950890889630423,0.9497198311475656
0.9950890116635973,0.94970480868899
0.9950889343617189,0.9496897862304144
0.9950888570574069,0.9496747637718389
0.9950887797506611,0.9496597413132634
0.9950887024414816,0.9496447188546877
0.9950886251298681,0.9496296963961122
0.9950885478158206,0.9496146739375366
0.9950884704993388,0.9495996514789611
0.9950883931804229,0.9495846290203854
0.9951040584364472,0.9495846290203854
0.9951039813604949,0.9495696065618099
0.9951039042821158,0.9495545841032343
0.9951038272013099,0.9495395616446588
0.9951037501180767,0.9495245391860831
0.9951036730324165,0.9495095167275076
0.9951193400088166,0.9495095167275076
0.9951192631661813,0.9494944942689321
0.9951191863211261,0.9494794718103565
0.9951189557714412,0.9494344044346298
0.995118878916706,0.9494193819760542
0.9951188020595506,0.9494043595174786
0.9951187251999748,0.949389337058903
0.9951186483379785,0.9493743146003275
0.9951185714735615,0.949359292141752
0.9951184946067239,0.9493442696831763
0.9951184177374653,0.9493292472246008
0.9951183408657859,0.9493142247660252
0.9951340115271959,0.9493142247660252
0.9951496826821625,0.9493142247660252
0.9951496062992126,0.9492992023074497
0.9951495299138569,0.949284179848874
0.9951493771359277,0.949254134931723
0.995149300743354,0.9492391124731474
0.9951492243483739,0.9492240900145718
0.9951491479509875,0.9492090675559962
0.9951490715511946,0.9491940450974207
0.9951489951489951,0.9491790226388451
0.995148842337376,0.9491489777216939
0.995148765927956,0.9491339552631184
0.995148689516129,0.9491189328045427
0.9951486131018948,0.9491039103459672
0.9951485366852535,0.9490888878873917
0.9951483838447482,0.9490588429702405
0.9951483074208843,0.9490438205116649
0.9951482309946127,0.9490287980530894
0.9951481545659331,0.9490137755945138
0.9951480781348456,0.9489987531359382
0.9951480017013501,0.9489837306773626
0.9951479252654463,0.9489687082187871
0.9951478488271343,0.9489536857602116
0.9951477723864137,0.9489386633016359
0.9951476959432848,0.9489236408430604
0.9951633739798973,0.9489236408430604
0.9951632977801584,0.9489086183844848
0.9951632215780186,0.9488935959259093
0.9951631453734776,0.9488785734673336
0.9951630691665354,0.9488635510087581
0.9951629167454465,0.948833506091607
0.9951628405312998,0.9488184836330313
0.9951627643147513,0.9488034611744558
0.9951626880958009,0.9487884387158803
0.9951626118744485,0.9487734162573047
0.9951625356506941,0.9487583937987291
0.9951624594245375,0.9487433713401535
0.9951623831959786,0.948728348881578
0.9951623069650173,0.9487133264230024
0.9951622307316536,0.9486983039644268
0.9951621544958871,0.9486832815058512
0.9951778369604614,0.9486832815058512
0.9951935199193142,0.9486832815058512
0.995193444173036,0.9486682590472757
0.9951933684243705,0.9486532365887002
0.9951932926733172,0.9486382141301245
0.9951932169198764,0.948623191671549
0.9951931411640479,0.9486081692129734
0.9952088258471237,0.9486081692129734
0.9952087503349146,0.9485931467543979
0.9952086748203253,0.9485781242958222
0.9952085993033556,0.9485631018372467
0.9952085237840053,0.9485480793786711
0.9952084482622744,0.9485330569200956
0.9952083727381628,0.9485180344615199
0.9952082972116704,0.9485030120029444
0.9952082216827969,0.9484879895443689
0.9952081461515424,0.9484729670857932
0.9952080706179067,0.9484579446272177
0.9952079950818897,0.9484429221686421
0.9952079195434913,0.9484278997100666
0.9952078440027113,0.9484128772514909
0.9952077684595498,0.9483978547929154
0.9952076929140065,0.9483828323343398
0.9952076173660813,0.9483678098757643
0.9952075418157741,0.9483527874171886
0.9952232311766932,0.9483527874171886
0.9952231558701581,0.9483377649586131
0.9952388459719376,0.9483377649586131
0.9952387709092055,0.9483227425000376
0.9952386958441067,0.948307720041462
0.9952386207766408,0.9482926975828864
0.9952385457068079,0.9482776751243108
0.9952384706346078,0.9482626526657353
0.9952383955600403,0.9482476302071597
0.9952383204831055,0.9482326077485841
0.9952382454038031,0.9482175852900085
0.995253937970073,0.9482175852900085
0.9952538631346578,0.948202562831433
0.9952537882968826,0.9481875403728575
0.9952537134567473,0.9481725179142818
0.9952535637693958,0.9481424729971307
0.9952534889221792,0.9481274505385552
0.9952534140726023,0.9481124280799795
0.9952533392206645,0.948097405621404
0.995269034252192,0.948097405621404
0.9952689596442258,0.9480823831628284
0.9952688850339063,0.9480673607042529
0.9952688104212336,0.9480523382456773
0.9952687358062074,0.9480373157871017
0.9952686611888277,0.9480222933285262
0.9952685865690944,0.9480072708699506
0.9952685119470074,0.947992248411375
0.9952842091981579,0.947992248411375
0.9952841348201189,0.9479772259527994
0.9952840604397337,0.9479622034942239
0.9952839116719243,0.9479321585770727
0.9952838372844998,0.9479171361184972
0.9952837628947285,0.9479021136599216
0.9952994621196587,0.9479021136599216
0.9952993879740046,0.9478870912013461
0.9952993138260116,0.9478720687427704
0.9952992396756791,0.9478570462841949
0.9952991655230072,0.9478420238256193
0.9953148662291772,0.9478420238256193
0.9953147923206764,0.9478270013670437
0.9953147184098439,0.9478119789084681
0.9953146444966793,0.9477969564498926
0.9953145705811826,0.947781933991317
0.9953144966633537,0.9477669115327414
0.9953143488206989,0.9477368666155903
0.9953142748958728,0.9477218441570148
0.995314200968714,0.9477068216984391
0.9953141270392225,0.9476917992398636
0.9953140531073981,0.947676776781288
0.9953139791732407,0.9476617543227125
0.9953139052367503,0.9476467318641368
0.9953138312979267,0.9476317094055613
0.9953137573567699,0.9476166869469858
0.9953136834132795,0.9476016644884102
0.9953136094674556,0.9475866420298346
0.9953135355192981,0.947571619571259
0.995313461568807,0.9475565971126835
0.9953133876159819,0.9475415746541079
0.9953133136608228,0.9475265521955323
0.9953131657435024,0.9474965072783812
0.9953130917813408,0.9474814848198057
0.9953130178168448,0.94746646236123
0.9953129438500142,0.9474514399026545
0.995312869880849,0.9474364174440789
0.9953127959093492,0.9474213949855034
0.9953127219355145,0.9474063725269277
0.9953126479593447,0.9473913500683522
0.9953125739808399,0.9473763276097766
0.9953282828282828,0.9473763276097766
0.9953282090942092,0.9473613051512011
0.9953281353578081,0.9473462826926254
0.9953280616190792,0.9473312602340499
0.9953279878780226,0.9473162377754744
0.9953278403889257,0.9472861928583232
0.9953276928905165,0.9472561479411721
0.9953276191378194,0.9472411254825965
0.995327545382794,0.9472261030240209
0.99532747162544,0.9472110805654453
0.9953273978657574,0.9471960581068698
0.995327324103746,0.9471810356482941
0.9953272503394058,0.9471660131897186
0.9953271765727366,0.9471509907311431
0.9953271028037384,0.9471359682725675
0.9953270290324109,0.9471209458139919
0.995326955258754,0.9471059233554163
0.9953268814827678,0.9470909008968408
0.9953268077044521,0.9470758784382652
0.9953267339238068,0.9470608559796896
0.9953266601408317,0.947045833521114
0.9953265863555267,0.9470308110625385
0.9953265125678918,0.947015788603963
0.9953264387779269,0.9470007661453873
0.9953263649856318,0.9469857436868118
0.9953262911910062,0.9469707212282362
0.9953262173940504,0.9469556987696607
0.9953419336501871,0.9469556987696607
0.9953418600978999,0.946940676311085
0.9953417865432898,0.9469256538525095
0.9953575037897928,0.9469256538525095
0.9953574304798901,0.9469106313939339
0.995357357167672,0.9468956089353584
0.9953572838531386,0.9468805864767827
0.9953572105362896,0.9468655640182072
0.9953571372171249,0.9468505415596317
0.9953570638956445,0.9468355191010561
0.9953569172457359,0.9468054741839049
0.9953568439173076,0.9467904517253294
0.995356770586563,0.9467754292667538
0.9953566972535022,0.9467604068081782
0.9953564772404208,0.9467153394324516
0.9953564038980935,0.9467003169738759
0.9953563305534496,0.9466852945153004
0.9953562572064886,0.9466702720567248
0.9953561838572106,0.9466552495981493
0.9953561105056153,0.9466402271395736
0.9953560371517027,0.9466252046809981
0.9953559637954729,0.9466101822224225
0.9953558904369254,0.946595159763847
0.9953558170760604,0.9465801373052714
0.9953557437128775,0.9465651148466958
0.9953556703473769,0.9465500923881203
0.9953555969795583,0.9465350699295446
0.9953555236094217,0.9465200474709691
0.9953554502369668,0.9465050250123935
0.9953553768621937,0.946490002553818
0.9953553034851023,0.9464749800952423
0.9953710286427477,0.9464749800952423
0.9953709555106168,0.9464599576366668
0.9953708823761751,0.9464449351780913
0.9953708092394223,0.9464299127195157
0.9953707361003586,0.9464148902609401
0.9953706629589838,0.9463998678023645
0.9953705898152976,0.946384845343789
0.9953705166693001,0.9463698228852134
0.995370443520991,0.9463548004266378
0.9953703703703703,0.9463397779680622
0.995370297217438,0.9463247555094867
0.9953702240621939,0.9463097330509112
0.9953701509046378,0.9462947105923355
0.9953700777447696,0.94627968813376
0.9953700045825893,0.9462646656751844
0.9953699314180968,0.9462496432166089
0.9953698582512919,0.9462346207580332
0.9953697850821744,0.9462195982994577
0.9953697119107445,0.9462045758408821
0.9953696387370018,0.9461895533823066
0.9953695655609464,0.9461745309237309
0.9953694923825779,0.9461595084651554
0.9953694192018965,0.9461444860065799
0.9953693460189019,0.9461294635480043
0.9953692728335941,0.9461144410894287
0.9953691996459729,0.9460994186308531
0.9953689800692282,0.9460543512551264
0.9953689068723526,0.9460393287965508
0.9953687604716593,0.9460092838793998
0.9953686872678417,0.9459942614208241
0.9953686140617096,0.9459792389622486
0.9953685408532633,0.945964216503673
0.9953684676425026,0.9459491940450975
0.9953683944294273,0.9459341715865218
0.9953683212140373,0.9459191491279463
0.9953682479963325,0.9459041266693707
0.9953681747763129,0.9458891042107951
0.9953681015539783,0.9458740817522195
0.9953838371063615,0.9458740817522195
0.9953837641293178,0.945859059293644
0.9953836181683082,0.9458290143764928
0.995383472198068,0.9457989694593417
0.995399209486166,0.9457989694593417
0.9953991367452449,0.9457839470007662
0.9953990640020238,0.9457689245421905
0.9953989912565023,0.945753902083615
0.995398845758558,0.9457238571664639
0.995398773006135,0.9457088347078882
0.9953987002514112,0.9456938122493127
0.9953986274943867,0.9456787897907372
0.9953985547350611,0.9456637673321616
0.9953984819734345,0.945648744873586
0.9953984092095068,0.9456337224150104
0.9953983364432778,0.9456186999564349
0.9953982636747474,0.9456036774978593
0.9953981909039155,0.9455886550392837
0.995398118130782,0.9455736325807081
0.9953980453553468,0.9455586101221326
0.9953978997975709,0.9455285652049814
0.9953978270152298,0.9455135427464059
0.9953977542305867,0.9454985202878303
0.9953976814436414,0.9454834978292548
0.9953976086543936,0.9454684753706791
0.9953975358628434,0.9454534529121036
0.9953974630689906,0.945438430453528
0.9953973902728351,0.9454234079949525
0.9953973174743768,0.9454083855363768
0.9953972446736156,0.9453933630778013
0.9953971718705514,0.9453783406192258
0.995397099065184,0.9453633181606502
0.9953970262575135,0.9453482957020746
0.9953969534475395,0.945333273243499
0.9953968806352621,0.9453182507849235
0.9953966621846081,0.9452731834091967
0.9953965893631158,0.9452581609506212
0.9953965165393195,0.9452431384920456
0.995396443713219,0.94522811603347
0.9953962980541053,0.9451980711163189
0.995396225221092,0.9451830486577433
0.9954119731679534,0.9451830486577433
0.9954119005806319,0.9451680261991677
0.9954118279910135,0.9451530037405922
0.9954117553990982,0.9451379812820166
0.9954116828048858,0.945122958823441
0.9954116102083762,0.9451079363648655
0.9954115376095694,0.9450929139062899
0.995411465008465,0.9450778914477144
0.9954113924050633,0.9450628689891387
0.9954113197993639,0.9450478465305632
0.9954270704769138,0.9450478465305632
0.9954269257547946,0.9450178016134121
0.9954268533902999,0.9450027791548364
0.9954267810235149,0.9449877566962609
0.9954266362830738,0.9449577117791098
0.9954264915334705,0.9449276668619586
0.9954264191552327,0.9449126444033831
0.9954263467747041,0.9448976219448075
0.9954262743918844,0.9448825994862319
0.9954420282974077,0.9448825994862319
0.9954419561604811,0.9448675770276563
0.9954418840212712,0.9448525545690808
0.9954418118797778,0.9448375321105053
0.9954575670285841,0.9448375321105053
0.9954574951330305,0.9448225096519296
0.995457423235201,0.9448074871933541
0.9954573513350955,0.9447924647347785
0.9954572794327139,0.944777442276203
0.9954572075280561,0.9447624198176273
0.9954571356211219,0.9447473973590518
0.9954570637119113,0.9447323749004762
0.9954569918004242,0.9447173524419007
0.9954569198866604,0.944702329983325
0.9954568479706198,0.9446873075247495
0.9954567760523024,0.944672285066174
0.9954567041317081,0.9446572626075984
0.9954566322088366,0.9446422401490228
0.9954565602836879,0.9446272176904472
0.995456488356262,0.9446121952318717
0.9954563444945776,0.9445821503147205
0.9954562725603192,0.9445671278561449
0.9954561286849688,0.9445370829389937
0.9954560567438767,0.9445220604804182
0.9954559848005067,0.9445070380218427
0.9954559128548583,0.9444920155632671
0.9954558409069318,0.9444769931046915
0.9954557689567269,0.9444619706461159
0.9954556970042434,0.9444469481875404
0.9954555530924407,0.9444169032703892
0.9954554811331211,0.9444018808118136
0.9954554091715226,0.9443868583532381
0.9954553372076451,0.9443718358946626
0.9954551932730527,0.9443417909775114
0.9954709571166149,0.9443417909775114
0.9954708136699079,0.9443117460603603
0.9954707419431468,0.9442967236017846
0.9954706702141137,0.9442817011432091
0.9954705984828088,0.9442666786846335
0.9954705267492319,0.944251656226058
0.995486292583266,0.944251656226058
0.9954862210959772,0.9442366337674823
0.9954861496064239,0.9442216113089068
0.9954860066205237,0.9441915663917557
0.9954859351241764,0.9441765439331801
0.9954858636255642,0.9441615214746045
0.9954857921246871,0.944146499016029
0.995485720621545,0.9441314765574534
0.9954856491161376,0.9441164540988778
0.9954855776084649,0.9441014316403022
0.9954855060985268,0.9440864091817267
0.9954854345863232,0.9440713867231512
0.995485363071854,0.9440563642645755
0.995485291555119,0.944041341806
0.9954852200361183,0.9440263193474244
0.9954850769913187,0.9439962744302732
0.9954850054655197,0.9439812519716977
0.9954849339374544,0.9439662295131221
0.9954848624071229,0.9439512070545465
0.9954847908745247,0.943936184595971
0.99548471933966,0.9439211621373954
0.9954845762631304,0.9438911172202442
0.9954845047214652,0.9438760947616687
0.9954844331775331,0.9438610723030931
0.9954843616313338,0.9438460498445176
0.9954842900828672,0.9438310273859419
0.9954842185321333,0.9438160049273664
0.995484146979132,0.9438009824687908
0.9954840754238631,0.9437859600102153
0.9954840038663265,0.9437709375516397
0.9954839323065221,0.9437559150930641
0.9954838607444499,0.9437408926344886
0.9954837891801096,0.943725870175913
0.9954837176135013,0.9437108477173374
0.9954836460446247,0.9436958252587618
0.9954835744734799,0.9436808028001863
0.9954835029000666,0.9436657803416107
0.9954834313243848,0.9436507578830351
0.9954833597464342,0.9436357354244596
0.995483288166215,0.943620712965884
0.9954832165837268,0.9436056905073085
0.9954831449989698,0.9435906680487328
0.995498922277165,0.9435906680487328
0.9954988509390601,0.9435756455901573
0.995498779598694,0.9435606231315817
0.9954987082560665,0.9435456006730062
0.9954986369111773,0.9435305782144305
0.9954984228629397,0.9434855108387039
0.9954983515090033,0.9434704883801283
0.9954982801528048,0.9434554659215527
0.9954982087943443,0.9434404434629772
0.9954981374336213,0.9434254210044016
0.995498066070636,0.943410398545826
0.9954979233378777,0.9433803536286749
0.9954978519681045,0.9433653311700994
0.9954977805960685,0.9433503087115237
0.9954977092217695,0.9433352862529482
0.9954975664663823,0.943305241335797
0.995497495085294,0.9432902188772214
0.9955132778438367,0.9432902188772214
0.9955130644342973,0.9432451515014947
0.9955129932932727,0.9432301290429191
0.9955129221499921,0.9432151065843436
0.9955287066546163,0.9432151065843436
0.9955286357582293,0.9432000841257681
0.9955285648595937,0.9431850616671924
0.9955284939587099,0.9431700392086169
0.9955284230555775,0.9431550167500413
0.9955283521501966,0.9431399942914658
0.9955441384012813,0.9431399942914658
0.9955440677428562,0.9431249718328901
0.9955439970821902,0.9431099493743146
0.9955439264192832,0.943094926915739
0.9955438557541351,0.9430799044571635
0.9955437850867456,0.9430648819985878
0.9955437144171146,0.9430498595400123
0.9955436437452423,0.9430348370814368
0.9955435730711284,0.9430198146228612
0.9955435023947727,0.9430047921642856
0.9955434317161753,0.94298976970571
0.9955433610353359,0.9429747472471345
0.9955432903522545,0.9429597247885589
0.995543219666931,0.9429447023299833
0.9955431489793652,0.9429296798714077
0.9955430782895571,0.9429146574128322
0.9955430075975066,0.9428996349542567
0.9955429369032135,0.942884612495681
0.9955428662066778,0.9428695900371055
0.9955427955078993,0.9428545675785299
0.9955427248068779,0.9428395451199544
0.9955426541036134,0.9428245226613787
0.995542583398106,0.9428095002028032
0.9955425126903553,0.9427944777442276
0.9955424419803613,0.9427794552856521
0.995542371268124,0.9427644328270764
0.9955581642527405,0.9427644328270764
0.9955739577384352,0.9427644328270764
0.9955738875228048,0.9427494103685009
0.9955738173049465,0.9427343879099254
0.995573676862546,0.9427043429927742
0.9955736066380035,0.9426893205341986
0.9955894018721244,0.9426893205341986
0.9955893318948421,0.9426742980756231
0.9955892619153393,0.9426592756170474
0.9955891919336157,0.9426442531584719
0.9955890519635066,0.9426142082413208
0.9955889819751206,0.9425991857827452
0.9955889119845136,0.9425841633241696
0.9955888419916854,0.9425691408655941
0.9955887719966361,0.9425541184070185
0.9955887019993653,0.9425390959484429
0.995588631999873,0.9425240734898673
0.9955884219880665,0.9424790061141406
0.9955882819690862,0.9424489611969895
0.9956040816974275,0.9424489611969895
0.9956040119342348,0.942433938738414
0.9956039421688276,0.9424189162798383
0.9956038724012062,0.9424038938212628
0.9956038026313702,0.9423888713626872
0.9956037328593195,0.9423738489041117
0.995603663085054,0.942358826445536
0.9956035933085738,0.9423438039869605
0.9956035235298786,0.942328781528385
0.9956034537489683,0.9423137590698094
0.995619256225894,0.9423137590698094
0.9956350592044697,0.9423137590698094
0.9956349899207949,0.9422987366112338
0.9956349206349207,0.9422837141526582
0.9956348513468468,0.9422686916940827
0.9956347820565732,0.9422536692355071
0.9956347127640999,0.9422386467769315
0.9956346434694267,0.9422236243183559
0.9956504484482895,0.9422236243183559
0.9956662539289456,0.9422236243183559
0.9956978663957328,0.9422236243183559
0.995697798098141,0.9422086018597804
0.9956977297983807,0.9421935794012049
0.9957135372842877,0.9421935794012049
0.9957134692322347,0.9421785569426292
0.9957134011780209,0.9421635344840537
0.9957133331216461,0.9421485120254781
0.9957132650631103,0.9421334895669026
0.9957131289395551,0.9421034446497514
0.9957128566665079,0.9420433548154491
0.995712788592842,0.9420283323568736
0.9957126524390244,0.9419982874397224
0.9957125843588726,0.9419832649811468
0.9957125162765585,0.9419682425225713
0.9957124481920823,0.9419532200639956
0.9957123801054437,0.9419381976054201
0.9957123120166426,0.9419231751468445
0.9957122439256789,0.941908152688269
0.9957121758325526,0.9418931302296933
0.9957121077372634,0.9418781077711178
0.9957120396398114,0.9418630853125423
0.9957119715401963,0.9418480628539667
0.9957119034384182,0.9418330403953911
0.9957277174258307,0.9418330403953911
0.9957276495719708,0.9418180179368155
0.9957275817159557,0.94180299547824
0.995727513857785,0.9417879730196644
0.9957274459974587,0.9417729505610888
0.9957273781349767,0.9417579281025132
0.995727310270339,0.9417429056439377
0.9957272424035453,0.9417278831853622
0.9957271745345956,0.9417128607267865
0.9957271066634898,0.941697838268211
0.9957270387902278,0.9416828158096354
0.9957428557812972,0.9416828158096354
0.9957427205286652,0.9416527708924842
0.9957426528991263,0.9416377484339087
0.9957425852674388,0.9416227259753331
0.9957425176336023,0.9416077035167576
0.9957424499976171,0.941592681058182
0.9957423823594828,0.9415776585996064
0.9957423147191993,0.9415626361410309
0.9957422470767666,0.9415476136824553
0.9957421794321847,0.9415325912238797
0.9957421117854532,0.9415175687653041
0.9957420441365723,0.9415025463067286
0.9957419088323615,0.9414725013895774
0.9957418411770314,0.9414574789310018
0.9957417735195513,0.9414424564724263
0.9957417058599212,0.9414274340138508
0.995741638198141,0.9414124115552751
0.9957415705342104,0.9413973890966996
0.9957415028681296,0.941382366638124
0.9957414351998983,0.9413673441795484
0.9957413675295165,0.9413523217209728
0.9957412998569839,0.9413372992623973
0.9957571231069936,0.9413372992623973
0.995757055682685,0.9413222768038217
0.9957569882562334,0.9413072543452461
0.9957728125099323,0.9413072543452461
0.9957727453317441,0.9412922318866705
0.995772543784368,0.9412471645109438
0.9957721406319537,0.9411570297594904
0.9957720734324088,0.9411420073009149
0.9957720062307277,0.9411269848423393
0.9957719390269102,0.9411119623837637
0.9957718718209563,0.9410969399251882
0.9957717374026387,0.941066895008037
0.9957716701902748,0.9410518725494614
0.9957874992051885,0.9410518725494614
0.995787432241245,0.9410368500908859
0.9957873652751725,0.9410218276323103
0.9957872313366399,0.9409917827151592
0.9957871643641798,0.9409767602565836
0.995787030412871,0.9409467153394324
0.9957869634340223,0.9409316928808569
0.9958027949569945,0.9409316928808569
0.9958027282266527,0.9409166704222813
0.995802661494189,0.9409016479637058
0.9958184940218774,0.9409016479637058
0.9958184275379601,0.9408866255051301
0.9958183610519287,0.9408716030465546
0.9958182945637829,0.940856580587979
0.9958182280735228,0.9408415581294035
0.9958181615811483,0.9408265356708279
0.9958180950866592,0.9408115132122523
0.995817962091337,0.9407814682951012
0.9958178955905036,0.9407664458365256
0.9958178290875552,0.94075142337795
0.9958177625824919,0.9407364009193745
0.9958176960753132,0.9407213784607988
0.9958176295660194,0.9407063560022233
0.9958175630546102,0.9406913335436478
0.9958174965410855,0.9406763110850722
0.9958174300254453,0.9406612886264966
0.9958173635076893,0.940646266167921
0.9958172969878176,0.9406312437093455
0.9958172304658301,0.9406162212507699
0.995817097415507,0.9405861763336187
0.9958170308871712,0.9405711538750432
0.9958169643567191,0.9405561314164677
0.9958168978241506,0.940541108957892
0.9958327368739164,0.940541108957892
0.9958326705901066,0.9405260864993165
0.9958326043041881,0.9405110640407409
0.9958325380161609,0.9404960415821654
0.9958324717260247,0.9404810191235897
0.9958324054337798,0.9404659966650142
0.9958323391394257,0.9404509742064386
0.9958322728429626,0.9404359517478631
0.9958322065443902,0.9404209292892874
0.9958321402437085,0.9404059068307119
0.9958320739409172,0.9403908843721364
0.9958479160038181,0.9403908843721364
0.9958478499498878,0.9403758619135608
0.9958636927678259,0.9403758619135608
0.9958636269627885,0.9403608394549852
0.9958635611556573,0.9403458169964096
0.9958634953464323,0.9403307945378341
0.9958634295351131,0.9403157720792585
0.9958633637216998,0.9403007496206829
0.9958632320885905,0.9402707047035318
0.9958631662688942,0.9402556822449563
0.9958631004471034,0.9402406597863806
0.9958630346232179,0.9402256373278051
0.9958629687972378,0.9402106148692295
0.9958629029691627,0.940195592410654
0.9958628371389927,0.9401805699520783
0.9958627713067277,0.9401655474935028
0.9958627054723677,0.9401505250349272
0.9958626396359123,0.9401355025763517
0.9958625737973616,0.940120480117776
0.9958623104222035,0.9400603902834738
0.9958622445731746,0.9400453678248982
0.9958621787220499,0.9400303453663227
0.995862112868829,0.940015322907747
0.995862047013512,0.9400003004491715
0.9958619811560988,0.939985277990596
0.9958619152965893,0.9399702555320204
0.9958618494349832,0.9399552330734448
0.9958617835712807,0.9399402106148692
0.9958615200955033,0.9398801207805669
0.9958614542213167,0.9398650983219914
0.9958613883450329,0.9398500758634158
0.9958613224666518,0.9398350534048402
0.9958612565861734,0.9398200309462647
0.9958611907035976,0.9398050084876891
0.9958611248189242,0.9397899860291136
0.9958609271523179,0.9397449186533868
0.9958608612592533,0.9397298961948113
0.9958607953640908,0.9397148737362356
0.9958607294668301,0.9396998512776601
0.9958606635674712,0.9396848288190845
0.9958605317624583,0.9396547839019334
0.9958603999490511,0.9396247389847823
0.995860268127249,0.9395946940676311
0.9958602022131996,0.9395796716090555
0.9958601362970512,0.93956464915048
0.9958600703788035,0.9395496266919044
0.9958600044584567,0.9395346042333288
0.9958599385360106,0.9395195817747533
0.9958598726114649,0.9395045593161777
0.9958597407560751,0.9394745143990265
0.9958596748252305,0.939459491940451
0.9958596088922861,0.9394444694818754
0.9958595429572418,0.9394294470232998
0.9958594770200975,0.9394144245647242
0.995859411080853,0.9393994021061487
0.9958593451395082,0.9393843796475732
0.995875205045309,0.9393843796475732
0.9958910654562828,0.9393843796475732
0.9958910000159263,0.9393693571889975
0.9958909345734854,0.939354334730422
0.9958908691289599,0.9393393122718464
0.9958908036823496,0.9393242898132709
0.9958907382336545,0.9393092673546952
0.9958906727828746,0.9392942448961197
0.9958906073300097,0.9392792224375441
0.9958905418750598,0.9392641999789686
0.9958904764180245,0.9392491775203929
0.9958903454976983,0.9392191326032419
0.9958902800344069,0.9392041101446663
0.99589021456903,0.9391890876860907
0.9958901491015675,0.9391740652275151
0.9958900836320191,0.9391590427689396
0.9958900181603849,0.939144020310364
0.9958899526866647,0.9391289978517884
0.9959058178805837,0.9391289978517884
0.9959057526564815,0.9391139753932128
0.9959056874303011,0.9390989529346373
0.9959056222020424,0.9390839304760618
0.9959055569717054,0.9390689080174861
0.9959054917392898,0.9390538855589106
0.9959054265047956,0.939038863100335
0.9959053612682227,0.9390238406417595
0.9959052960295711,0.9390088181831838
0.9959052307888405,0.9389937957246083
0.995905165546031,0.9389787732660327
0.9959051003011424,0.9389637508074572
0.9959050350541746,0.9389487283488815
0.9959049698051275,0.938933705890306
0.995904904554001,0.9389186834317305
0.9959048393007951,0.9389036609731549
0.9959047740455096,0.9388886385145793
0.9959047087881444,0.9388736160560037
0.9959046435286993,0.9388585935974282
0.9959045782671745,0.9388435711388526
0.9959045130035696,0.938828548680277
0.9959043824701195,0.9387985037631259
0.9959043172002741,0.9387834813045502
0.9959042519283483,0.9387684588459747
0.995904186654342,0.9387534363873992
0.9959041213782552,0.9387384139288236
0.9959040561000877,0.938723391470248
0.9959039908198394,0.9387083690116724
0.9959039255375102,0.9386933465530969
0.9959038602531,0.9386783240945213
0.9959037949666087,0.9386633016359457
0.9959037296780363,0.9386482791773701
0.9959036643873826,0.9386332567187946
0.9959035990946475,0.9386182342602191
0.995903533799831,0.9386032118016434
0.9959034032039531,0.9385731668844923
0.9959033379028915,0.9385581444259168
0.9959032725997481,0.9385431219673411
0.9959032072945228,0.9385280995087656
0.9959030766778256,0.9384980545916145
0.9959030113663537,0.9384830321330389
0.9959029460527994,0.9384680096744633
0.9959028807371626,0.9384529872158878
0.9959028154194433,0.9384379647573122
0.9959027500996412,0.9384229422987366
0.9959026847777566,0.938407919840161
0.9959026194537889,0.9383928973815855
0.9959025541277383,0.93837787492301
0.9959024887996046,0.9383628524644343
0.9959024234693877,0.9383478300058588
0.9959023581370876,0.9383328075472832
0.9959022928027041,0.9383177850887077
0.9959022274662372,0.938302762630132
0.9959021621276867,0.9382877401715565
0.9959020967870525,0.9382727177129809
0.9959020314443346,0.9382576952544054
0.9959019660995327,0.9382426727958297
0.9959019007526471,0.9382276503372542
0.9959018354036772,0.9382126278786787
0.9959017700526231,0.9381976054201031
0.9959017046994849,0.9381825829615275
0.9959015739869552,0.9381525380443764
0.9959015086275635,0.9381375155858007
0.9959013125368802,0.9380924482100741
0.9959012471691493,0.9380774257514984
0.9959011817993333,0.9380624032929229
0.9959011164274322,0.9380473808343474
0.9959010510534458,0.9380323583757718
0.9959009856773741,0.9380173359171962
0.9959009202992168,0.9380023134586206
0.9959008549189741,0.9379872910000451
0.9959007895366456,0.9379722685414695
0.9959006587657314,0.9379422236243183
0.9959005933771454,0.9379272011657428
0.9959005279864733,0.9379121787071673
0.9959004625937151,0.9378971562485916
0.9959003971988706,0.9378821337900161
0.9959003318019398,0.9378671113314405
0.9959002664029225,0.937852088872865
0.9959002010018186,0.9378370664142893
0.9959001355986281,0.9378220439557138
0.9959000701933508,0.9378070214971382
0.9959000047859866,0.9377919990385627
0.9958999393765355,0.937776976579987
0.995915827762799,0.937776976579987
0.9959157626037013,0.9377619541214115
0.9959156974425246,0.937746931662836
0.9959156322792686,0.9377319092042604
0.9959155019465186,0.9377018642871092
0.9959154367770243,0.9376868418285337
0.9959153716054504,0.9376718193699581
0.9959153064317968,0.9376567969113825
0.9959152412560633,0.9376417744528069
0.9959151760782499,0.9376267519942314
0.9959151108983565,0.9376117295356559
0.9959150457163829,0.9375967070770802
0.9959149805323291,0.9375816846185047
0.9959149153461949,0.9375666621599291
0.9959148501579804,0.9375516397013536
0.9959147849676853,0.9375366172427779
0.9959147197753095,0.9375215947842024
0.9959146545808532,0.9375065723256268
0.9959305480195334,0.9375065723256268
0.9959304830755973,0.9374915498670512
0.9959304181295883,0.9374765274084756
0.9959303531815062,0.9374615049499001
0.9959302882313511,0.9374464824913246
0.9959302232791228,0.9374314600327489
0.9959301583248212,0.9374164375741734
0.9959460537866092,0.9374164375741734
0.9959619497558017,0.9374164375741734
0.9959618853047739,0.9374014151155978
0.9959618208516887,0.9373863926570223
0.9959617563965459,0.9373713701984466
0.9959616919393456,0.9373563477398711
0.9959616274800874,0.9373413252812955
0.9959775252202784,0.9373413252812955
0.9959774610117005,0.93732630282272
0.9959773968010727,0.9373112803641444
0.9959772683736671,0.9372812354469933
0.9959931676324569,0.9372812354469933
0.9959931036684653,0.9372662129884177
0.9959930397024314,0.9372511905298421
0.9959929757343551,0.9372361680712665
0.9959929117642363,0.937221145612691
0.9959928477920751,0.9372061231541154
0.9959927838178713,0.9371911006955398
0.9959927198416246,0.9371760782369642
0.9959926558633352,0.9371610557783887
0.9959925918830028,0.9371460333198132
0.9959925279006274,0.9371310108612375
0.995992463916209,0.937115988402662
0.9959923999297472,0.9371009659440864
0.9960082389947149,0.9370859434855109
0.9960081752570735,0.9370709210269352
0.9960080477756842,0.9370408761097841
0.9960079840319361,0.9370258536512086
0.9960079202861523,0.937010831192633
0.9960078565383326,0.9369958087340574
0.9960077927884768,0.9369807862754819
0.9960077290365852,0.9369657638169063
0.9960076652826573,0.9369507413583307
0.9960076015266932,0.9369357188997551
0.9960075377686927,0.9369206964411796
0.9960074740086557,0.936905673982604
0.996023380605596,0.936905673982604
0.9960233170965423,0.9368906515240284
0.9960232535854601,0.9368756290654529
0.9960231900723492,0.9368606066068773
0.9960231265572095,0.9368455841483017
0.9960230630400408,0.9368305616897261
0.9960229995208433,0.9368155392311506
0.9960229359996167,0.936800516772575
0.9960228724763609,0.9367854943139994
0.9960228089510758,0.9367704718554238
0.9960227454237613,0.9367554493968483
0.9960226818944173,0.9367404269382728
0.9960226183630438,0.9367254044796971
0.9960225548296407,0.9367103820211216
0.9960224912942078,0.936695359562546
0.9960224277567451,0.9366803371039705
0.9960223006757296,0.9366502921868193
0.9960221735865936,0.9366202472696682
0.9960221100389801,0.9366052248110925
0.9960220464893362,0.936590202352517
0.9960219829376618,0.9365751798939415
0.9960219193839567,0.9365601574353659
0.9960218558282209,0.9365451349767903
0.9960217922704542,0.9365301125182147
0.9960217287106566,0.9365150900596392
0.9960216651488281,0.9365000676010636
0.9960216015849683,0.936485045142488
0.9960215380190774,0.9364700226839124
0.9960214744511552,0.9364550002253369
0.9960214108812016,0.9364399777667614
0.996037325834079,0.9364399777667614
0.9960372625153796,0.9364249553081857
0.9960371991946566,0.9364099328496102
0.9960531151627491,0.9364099328496102
0.9960530520933205,0.9363949103910346
0.9960529890218763,0.9363798879324591
0.9960529259484163,0.9363648654738834
0.9960528628729406,0.9363498430153079
0.9960527997954487,0.9363348205567323
0.9960527367159409,0.9363197980981568
0.9960526736344169,0.9363047756395811
0.9960526105508766,0.9362897531810056
0.9960525474653199,0.9362747307224301
0.9960524843777468,0.9362597082638545
0.9960524212881573,0.9362446858052789
0.996052358196551,0.9362296633467033
0.996052295102928,0.9362146408881278
0.9960522320072882,0.9361996184295521
0.9960521689096314,0.9361845959709766
0.9960521058099576,0.936169573512401
0.9960520427082667,0.9361545510538255
0.9960519796045586,0.9361395285952498
0.9960519164988332,0.9361245061366743
0.9960518533910903,0.9361094836780988
0.99605179028133,0.9360944612195232
0.9960516640557563,0.936064416302372
0.9960516009399428,0.9360493938437965
0.996051474702262,0.9360193489266453
0.9960673977683282,0.9360193489266453
0.9960673349000048,0.9360043264680697
0.9960672720296713,0.9359893040094942
0.9960672091573276,0.9359742815509187
0.9960671462829737,0.935959259092343
0.9960670834066092,0.9359442366337675
0.9960670205282344,0.9359292141751919
0.9960669576478488,0.9359141917166164
0.9960668318810456,0.9358841467994652
0.9960667689946278,0.9358691243408896
0.996066706106199,0.9358541018823141
0.9960665803233079,0.9358240569651629
0.9960665174288456,0.9358090345065874
0.9960663916338865,0.9357789895894362
0.9960661400198292,0.9357188997551339
0.9960660771112853,0.9357038772965584
0.9960660142007293,0.9356888548379828
0.9960659512881611,0.9356738323794073
0.9960658883735807,0.9356588099208316
0.996065825456988,0.9356437874622561
0.9960657625383829,0.9356287650036805
0.9960656996177651,0.935613742545105
0.9960656366951348,0.9355987200865293
0.9960655737704918,0.9355836976279538
0.996065510843836,0.9355686751693782
0.9960653220517905,0.9355236077936515
0.9960652591170825,0.935508585335076
0.9960651961803612,0.9354935628765003
0.9960651332416264,0.9354785404179248
0.9960650703008782,0.9354635179593492
0.9960650073581163,0.9354484955007737
0.9960649444133408,0.935433473042198
0.9960648814665515,0.9354184505836225
0.9960648185177483,0.935403428125047
0.9960647555669312,0.9353884056664714
0.9960646296592546,0.9353583607493202
0.9960645667023948,0.9353433382907447
0.9960645037435208,0.9353283158321691
0.9960644407826323,0.9353132933735935
0.9960643778197293,0.9352982709150179
0.996080313574914,0.9352982709150179
0.9960801881509688,0.9352682259978669
0.996080125435986,0.9352532035392912
0.9960800627189965,0.9352381810807157
0.99608,0.9352231586221401
0.9960799372789965,0.9352081361635646
0.9960798745559858,0.9351931137049889
0.9960798118309678,0.9351780912464134
0.9960797491039427,0.9351630687878378
0.99607968637491,0.9351480463292623
0.9960796236438698,0.9351330238706866
0.9960795609108221,0.9351180014121111
0.9960794981757665,0.9351029789535356
0.9960794354387031,0.93508795649496
0.996079372699632,0.9350729340363844
0.9960793099585526,0.9350579115778088
0.9960792472154654,0.9350428891192333
0.9960791844703698,0.9350278666606577
0.996079121723266,0.9350128442020821
0.9960790589741538,0.9349978217435065
0.9960789962230331,0.934982799284931
0.9960789334699038,0.9349677768263555
0.9960788707147659,0.9349527543677798
0.9960788079576192,0.9349377319092043
0.9960787451984635,0.9349227094506287
0.9960786824372989,0.9349076869920531
0.9960786196741253,0.9348926645334775
0.9960785569089425,0.934877642074902
0.9960784941417504,0.9348626196163264
0.996078431372549,0.9348475971577508
0.9960783686013381,0.9348325746991752
0.9960783058281177,0.9348175522405997
0.9960782430528877,0.9348025297820242
0.9960781802756479,0.9347875073234485
0.9960781174963983,0.934772484864873
0.9960780547151387,0.9347574624062974
0.9960779919318691,0.9347424399477219
0.9960778663592995,0.9347123950305707
0.9960776779853673,0.934667327654844
0.9960776151900356,0.9346523051962684
0.996077552392693,0.9346372827376929
0.9960774895933397,0.9346222602791173
0.9960773639886004,0.9345922153619661
0.996077301183214,0.9345771929033906
0.9960772383758165,0.934562170444815
0.9960771127549877,0.9345321255276638
0.9960769871261128,0.9345020806105128
0.9960768614891914,0.9344720356933616
0.9960767986677128,0.934457013234786
0.9960767358442224,0.9344419907762105
0.9960766730187198,0.9344269683176348
0.9960766101912052,0.9344119458590593
0.9960925614540795,0.9344119458590593
0.9960924988789955,0.9343969234004837
0.9960924363019074,0.9343819009419082
0.9960923737228148,0.9343668784833326
0.9960923111417178,0.934351856024757
0.996108263933376,0.934351856024757
0.9961082016047662,0.9343368335661815
0.9961080769415571,0.9343067886490303
0.9961080146069575,0.9342917661904547
0.9961079522703612,0.9342767437318792
0.9961078899317679,0.9342617212733035
0.9961078275911778,0.934246698814728
0.9961077652485905,0.9342316763561525
0.9961077029040061,0.9342166538975769
0.9961076405574243,0.9342016314390013
0.9961075782088452,0.9341866089804257
0.9961073911511229,0.934141541604699
0.9961073287945534,0.9341265191461234
0.9961072664359861,0.9341114966875479
0.996107204075421,0.9340964742289724
0.9961071417128576,0.9340814517703967
0.9961070793482962,0.9340664293118212
0.9961070169817366,0.9340514068532456
0.9961069546131787,0.9340363843946701
0.9961068922426223,0.9340213619360944
0.9961068298700675,0.9340063394775189
0.996106767495514,0.9339913170189433
0.9961067051189618,0.9339762945603678
0.9961066427404108,0.9339612721017921
0.9961065803598609,0.9339462496432166
0.9961065179773121,0.933931227184641
0.9961064555927641,0.9339162047260655
0.996106393206217,0.9339011822674899
0.9961063308176705,0.9338861598089143
0.9961062684271247,0.9338711373503388
0.9961062060345794,0.9338561148917632
0.9961061436400346,0.9338410924331876
0.9961060812434901,0.933826069974612
0.9961060188449459,0.9338110475160365
0.9961059564444017,0.933796025057461
0.9961057692307692,0.9337509576817342
0.9961217327200756,0.9337509576817342
0.9961216705663644,0.9337359352231587
0.9961216084106608,0.933720912764583
0.9961215462529649,0.9337058903060075
0.9961214840932767,0.9336908678474319
0.996121421931596,0.9336758453888563
0.9961213597679227,0.9336608229302807
0.9961212976022567,0.9336458004717052
0.9961372633873475,0.9336458004717052
0.9961372014745953,0.9336307780131297
0.9961368918810611,0.9335556657202517
0.9961368299563991,0.9335406432616762
0.9961367680297517,0.9335256208031006
0.9961367061011189,0.9335105983445251
0.9961366441705006,0.9334955758859494
0.9961526130169926,0.9334955758859494
0.9961525513393931,0.9334805534273739
0.996152489659816,0.9334655309687984
0.9961524279782612,0.9334505085102228
0.9961523662947287,0.9334354860516472
0.9961523046092184,0.9334204635930716
0.9961522429217302,0.9334054411344961
0.996152181232264,0.9333904186759205
0.9961521195408196,0.9333753962173449
0.9961519344546169,0.9333303288416183
0.9961518727552591,0.9333153063830426
0.9961518110539227,0.9333002839244671
0.9961517493506077,0.9332852614658915
0.9961516876453139,0.933270239007316
0.9961516259380412,0.9332552165487403
0.9961515642287895,0.9332401940901648
0.9961515025175588,0.9332251716315892
0.9961514408043489,0.9332101491730137
0.9961513790891597,0.933195126714438
0.9961513173719913,0.9331801042558625
0.9961512556528432,0.933165081797287
0.9961511322086086,0.9331350368801358
0.9961671076898404,0.9331350368801358
0.9961669847481276,0.9331049919629847
0.9961669232743136,0.9330899695044091
0.9961668617985276,0.9330749470458335
0.9961668003207699,0.933059924587258
0.9961667388410399,0.9330449021286824
0.996166677359338,0.9330298796701068
0.996166554390017,0.9329998347529557
0.9961664929023979,0.9329848122943801
0.9961664314128064,0.9329697898358045
0.9961663084277053,0.9329397449186534
0.9961822877400106,0.9329397449186534
0.9961822264998396,0.9329247224600778
0.9961821652577039,0.9329097000015022
0.9961821040136033,0.9328946775429267
0.9961820427675377,0.9328796550843511
0.9961819202695115,0.9328496101671999
0.9961818590175506,0.9328345877086244
0.9961817977636244,0.9328195652500488
0.9961817365077328,0.9328045427914733
0.9961816752498757,0.9327895203328976
0.9961816139900529,0.9327744978743221
0.9961815527282646,0.9327594754157466
0.9961814301987902,0.9327294304985954
0.9961813689311042,0.9327144080400198
0.9961813076614521,0.9326993855814443
0.9961812463898337,0.9326843631228687
0.9961811851162492,0.9326693406642931
0.9961971695388466,0.9326693406642931
0.9961971085187978,0.9326543182057175
0.9961970474967907,0.932639295747142
0.9961969864728253,0.9326242732885665
0.9961969254469014,0.9326092508299908
0.9961968644190189,0.9325942283714153
0.9961968033891777,0.9325792059128397
0.9961967423573779,0.9325641834542642
0.996196681323619,0.9325491609956885
0.9961966202879013,0.932534138537113
0.9961965592502247,0.9325191160785374
0.9961964982105889,0.9325040936199619
0.9961963761254393,0.9324740487028107
0.9961962540324523,0.9324440037856596
0.9962122428016563,0.9324440037856596
0.9962121820078645,0.932428981327084
0.9962121212121212,0.9324139588685084
0.9962120604144262,0.9323989364099329
0.9962119996147796,0.9323839139513572
0.9962119388131812,0.9323688914927817
0.9962118780096308,0.9323538690342061
0.9962118172041284,0.9323388465756306
0.996211756396674,0.932323824117055
0.9962116955872674,0.9323088016584794
0.9962116347759086,0.9322937791999039
0.9962115739625973,0.9322787567413283
0.9962115131473336,0.9322637342827527
0.9962113915109484,0.9322336893656016
0.9962113306898268,0.932218666907026
0.9962112698667522,0.9322036444484504
0.9962112090417249,0.9321886219898748
0.9962111482147444,0.9321735995312993
0.9962110265549241,0.9321435546141481
0.996210965722084,0.9321285321555726
0.9962109048872905,0.932113509696997
0.9962108440505435,0.9320984872384215
0.9962106006840187,0.9320383974041192
0.9962105398375029,0.9320233749455435
0.9962104789890329,0.932008352486968
0.9962104181386088,0.9319933300283925
0.9962103572862304,0.9319783075698169
0.9962102964318977,0.9319632851112413
0.9962102355756106,0.9319482626526657
0.996210174717369,0.9319332401940902
0.9962101138571727,0.9319182177355146
0.9962100529950216,0.931903195276939
0.9962099921309159,0.9318881728183634
0.9962099312648551,0.9318731503597879
0.9962098703968394,0.9318581279012124
0.9962098095268686,0.9318431054426367
0.9962097486549426,0.9318280829840612
0.9962096877810613,0.9318130605254856
0.9962096269052246,0.9317980380669101
0.9962256271883332,0.9317980380669101
0.9962255665665505,0.9317830156083344
0.9962255059428204,0.9317679931497589
0.9962254453171429,0.9317529706911833
0.9962253846895178,0.9317379482326077
0.996225324059945,0.9317229257740322
0.9962252634284245,0.9317079033154566
0.9962252027949562,0.9316928808568811
0.99622514215954,0.9316778583983054
0.9962250815221756,0.9316628359397299
0.9962250208828632,0.9316478134811543
0.9962249602416026,0.9316327910225788
0.9962248995983936,0.9316177685640031
0.9962247783061303,0.931587723646852
0.9962247176570759,0.9315727011882765
0.9962246570060727,0.9315576787297009
0.9962245963531208,0.9315426562711253
0.9962245356982199,0.9315276338125498
0.9962405411050239,0.9315276338125498
0.9962564868816375,0.9315126113539742
0.9962564267352185,0.9314975888953986
0.9962563665868668,0.931482566436823
0.9962563064365821,0.9314675439782475
0.9962562462843646,0.931452521519672
0.996256186130214,0.9314374990610963
0.9962561259741303,0.9314224766025208
0.9962560658161134,0.9314074541439452
0.9962560056561631,0.9313924316853697
0.9962720143977375,0.9313924316853697
0.9962719544921341,0.931377409226794
0.9962718945846055,0.9313623867682185
0.9962717747637719,0.9313323418510674
0.9962717148504668,0.9313173193924917
0.9962716549352361,0.9313022969339162
0.9962715950180796,0.9312872744753407
0.9962715350989971,0.9312722520167651
0.9962714751779889,0.9312572295581895
0.9962714152550545,0.9312422070996139
0.996271355330194,0.9312271846410384
0.9962712954034073,0.9312121621824628
0.9962712354746942,0.9311971397238872
0.9962711755440548,0.9311821172653116
0.9962711156114888,0.9311670948067361
0.9962710556769963,0.9311520723481606
0.996270995740577,0.9311370498895849
0.996270935802231,0.9311220274310094
0.9962708758619581,0.9311070049724338
0.9962708159197583,0.9310919825138582
0.9962868303033225,0.9310919825138582
0.9962867706156566,0.9310769600552826
0.9963027857705476,0.9310769600552826
0.9963027263374485,0.9310619375967071
0.9963026669024386,0.9310469151381315
0.9963026074655178,0.9310318926795559
0.9963025480266859,0.9310168702209803
0.9963024885859431,0.9310018477624048
0.9963023696987235,0.9309718028452536
0.9963023102522468,0.9309567803866781
0.9963021913535587,0.930926735469527
0.9963021319013473,0.9309117130109513
0.9963020724472241,0.9308966905523758
0.9963020129911891,0.9308816680938002
0.9963019535332422,0.9308666456352247
0.9963018940733833,0.930851623176649
0.9963179135915617,0.930851623176649
0.9963178543864163,0.9308366007180735
0.9963177951793668,0.930821578259498
0.9963177359704133,0.9308065558009224
0.9963176767595555,0.9307915333423468
0.9963176175467936,0.9307765108837712
0.9963336388634281,0.9307765108837712
0.9963335209455656,0.9307464659666201
0.99633346198379,0.9307314435080445
0.9963333440545495,0.9307013985908934
0.9963332850870845,0.9306863761323179
0.9963493084593117,0.9306863761323179
0.996349249746699,0.9306713536737422
0.9963491910321979,0.9306563312151667
0.9963491323158081,0.9306413087565911
0.9963490735975296,0.9306262862980156
0.9963490148773623,0.9306112638394399
0.996348956155306,0.9305962413808644
0.9963488974313609,0.9305812189222888
0.9963487799778031,0.9305511740051376
0.9963487212481904,0.9305361515465621
0.9963486625166884,0.9305211290879866
0.9963485450480158,0.9304910841708354
0.9963484863108452,0.9304760617122598
0.9963484275717848,0.9304610392536843
0.9963483688308346,0.9304460167951086
0.9963483100879945,0.9304309943365331
0.9963482513432643,0.9304159718779575
0.9963481338481338,0.9303859269608064
0.9963480750977333,0.9303709045022308
0.9963480163454422,0.9303558820436553
0.9963479575912608,0.9303408595850797
0.9963478988351889,0.9303258371265041
0.9963478400772263,0.9303108146679285
0.996347781317373,0.930295792209353
0.9963477225556289,0.9302807697507774
0.9963476637919938,0.9302657472922018
0.9963475462590506,0.9302357023750507
0.9963474287185429,0.9302056574578995
0.9963634608267495,0.9302056574578995
0.9963634023106878,0.930190634999324
0.9963633437927428,0.9301756125407484
0.9963632852729145,0.9301605900821729
0.9963632267512029,0.9301455676235972
0.9963631682276077,0.9301305451650217
0.996363109702129,0.9301155227064462
0.9963630511747666,0.9301005002478706
0.9963629926455205,0.930085477789295
0.9963629341143906,0.9300704553307194
0.9963789690522555,0.9300704553307194
0.9963789107763615,0.9300554328721439
0.9963788524985918,0.9300404104135683
0.996394888466862,0.9300404104135683
0.9963948304443694,0.9300253879549927
0.9963947724200091,0.9300103654964171
0.9963947143937809,0.9299953430378416
0.9963946563656848,0.929980320579266
0.9963945983357209,0.9299652981206904
0.9963944822701885,0.9299352532035393
0.99639442423462,0.9299202307449638
0.9963943661971831,0.9299052082863881
0.9964104049964587,0.9299052082863881
0.9964103472143973,0.9298901858278126
0.9964102894304755,0.929875163369237
0.9964102316446934,0.9298601409106615
0.9964101738570509,0.9298451184520858
0.9964101160675478,0.9298300959935103
0.996410058276184,0.9298150735349348
0.9964260991355024,0.9298150735349348
0.9964260415995879,0.9298000510763591
0.9964259840618208,0.9297850286177836
0.9964259265222011,0.929770006159208
0.9964258689807287,0.9297549837006325
0.9964258114374034,0.9297399612420568
0.9964418540999179,0.9297399612420568
0.9964417395224524,0.9297099163249057
0.9964416822309525,0.9296948938663302
0.9964416249376077,0.9296798714077545
0.9964576691462983,0.9296798714077545
0.9964576121085259,0.929664848949179
0.9964575550689166,0.9296498264906035
0.9964574980274705,0.9296348040320279
0.9964574409841873,0.9296197815734523
0.996457383939067,0.9296047591148767
0.9964573268921095,0.9295897366563012
0.9964572698433147,0.9295747141977256
0.9964572127926825,0.92955969173915
0.9964571557402129,0.9295446692805744
0.9964570986859057,0.9295296468219989
0.9964570416297609,0.9295146243634234
0.9964569845717782,0.9294996019048477
0.9964569275119579,0.9294845794462722
0.9964568704502995,0.9294695569876966
0.9964568133868033,0.9294545345291211
0.9964567563214688,0.9294395120705454
0.9964566992542963,0.9294244896119699
0.9964566421852854,0.9294094671533943
0.9964565851144362,0.9293944446948188
0.9964565280417486,0.9293794222362431
0.9964564709672223,0.9293643997776676
0.996456356812654,0.9293343548605165
0.9964562997326117,0.9293193324019409
0.9964562426507305,0.9293043099433653
0.9964561855670103,0.9292892874847898
0.996456128481451,0.9292742650262142
0.9964560713940527,0.9292592425676386
0.996456014304815,0.929244220109063
0.996455957213738,0.9292291976504875
0.9964559001208216,0.929214175191912
0.9964558430260657,0.9291991527333363
0.996455728831035,0.9291691078161852
0.9964556717307599,0.9291540853576096
0.9964556146286451,0.929139062899034
0.9964555575246903,0.9291240404404585
0.9964555004188954,0.929109017981883
0.9964554433112605,0.9290939955233073
0.9964714980826862,0.9290939955233073
0.9964875533714654,0.9290939955233073
0.99648749677752,0.9290789730647318
0.9964874401817508,0.9290639506061562
0.9964873835841578,0.9290489281475807
0.9964873269847409,0.929033905689005
0.9964871005688318,0.9289738158547027
0.996487043960294,0.9289587933961272
0.9964869873499315,0.9289437709375516
0.9964869307377445,0.9289287484789761
0.9964868741237329,0.9289137260204005
0.9964868175078966,0.9288987035618249
0.9964867608902355,0.9288836811032494
0.9964866476494384,0.9288536361860982
0.9965027075812274,0.9288536361860982
0.9965026512160137,0.9288386137275226
0.9965025384801354,0.9288085688103715
0.9965024821094707,0.9287935463517959
0.9965024257369889,0.9287785238932204
0.9965023129865734,0.9287484789760693
0.9965022566086396,0.9287334565174936
0.9965022002288882,0.9287184340589181
0.9965021438473194,0.9287034116003425
0.9965020310787285,0.9286733666831913
0.9965019746917063,0.9286583442246158
0.9965019183028662,0.9286433217660403
0.996501861912208,0.9286282993074647
0.9965018055197318,0.9286132768488891
0.9965017491254373,0.9285982543903135
0.9965016927293245,0.928583231931738
0.9965016363313933,0.9285682094731624
0.9965015235300756,0.9285381645560112
0.9965014671266889,0.9285231420974357
0.9965014107214832,0.92850811963886
0.996501354314459,0.9284930971802845
0.9965012979056157,0.928478074721709
0.9965012414949534,0.9284630522631334
0.9965011850824721,0.9284480298045578
0.9965011286681715,0.9284330073459822
0.9965010158341127,0.9284029624288311
0.9965008465693784,0.9283578950531044
0.996500790144161,0.9283428725945289
0.9965007337171238,0.9283278501359532
0.9965006772882667,0.9283128276773777
0.9965006208575898,0.9282978052188021
0.9965005644250927,0.9282827827602266
0.9965005079907755,0.9282677603016509
0.9965004515546381,0.9282527378430754
0.9965003951166804,0.9282377153844998
0.9965003386769022,0.9282226929259243
0.9965002822353036,0.9282076704673486
0.9965002257918844,0.9281926480087731
0.9965001693466445,0.9281776255501976
0.9965001128995838,0.928162603091622
0.9965000564507024,0.9281475806330464
0.9965,0.9281325581744708
0.9965160728398845,0.9281325581744708
0.9965160166456982,0.9281175357158953
0.9965159604496991,0.9281025132573197
0.9965159042518872,0.9280874907987441
0.9965158480522622,0.9280724683401685
0.9965157918508243,0.928057445881593
0.9965157356475731,0.9280424234230175
0.9965156794425087,0.9280274009644418
0.996515623235631,0.9280123785058663
0.9965155670269398,0.9279973560472907
0.9965155108164352,0.9279823335887152
0.996515454604117,0.9279673111301395
0.996515398389985,0.927952288671564
0.9965153421740393,0.9279372662129884
0.9965152859562797,0.9279222437544129
0.9965152297367063,0.9279072212958372
0.9965151735153187,0.9278921988372617
0.9965151172921171,0.9278771763786862
0.9965150610671012,0.9278621539201105
0.996515004840271,0.927847131461535
0.9965149486116265,0.9278321090029594
0.9965148923811675,0.9278170865443839
0.9965148361488939,0.9278020640858082
0.9965309151929779,0.9278020640858082
0.9965308592174263,0.9277870416272327
0.996530747260904,0.9277569967100816
0.9965306912799329,0.927741974251506
0.9965306352971551,0.9277269517929304
0.9965305793125706,0.9277119293343549
0.9965305233261792,0.9276969068757793
0.9965304673379809,0.9276818844172037
0.9965304113479755,0.9276668619586281
0.9965303553561631,0.9276518395000526
0.9965302433671164,0.9276217945829014
0.996546326033278,0.9276217945829014
0.9965462702946968,0.9276067721243259
0.9965623537386421,0.9276067721243259
0.99656229825694,0.9275917496657503
0.996562242773447,0.9275767272071748
0.9965621872881629,0.9275617047485991
0.9965621318010879,0.9275466822900236
0.9965620763122216,0.927531659831448
0.9965620208215641,0.9275166373728725
0.9965619653291151,0.9275016149142968
0.9965619098348748,0.9274865924557213
0.9965618543388429,0.9274715699971458
0.9965617988410195,0.9274565475385702
0.9965617433414043,0.9274415250799946
0.9965616878399974,0.927426502621419
0.9965616323367986,0.9274114801628435
0.9965615768318078,0.9273964577042679
0.9965615213250251,0.9273814352456923
0.9965614658164501,0.9273664127871167
0.9965614103060829,0.9273513903285412
0.9965613547939235,0.9273363678699656
0.9965612992799716,0.92732134541139
0.9965612437642273,0.9273063229528145
0.9965611327273608,0.9272762780356634
0.9965610772062385,0.9272612555770877
0.9965610216833234,0.9272462331185122
0.9965609661586153,0.9272312106599366
0.9965609106321143,0.927216188201361
0.9965608551038202,0.9272011657427854
0.9965607995737329,0.9271861432842099
0.9965607440418524,0.9271711208256344
0.9965606329727111,0.9271410759084832
0.9965605774354502,0.9271260534499076
0.9965605218963958,0.9271110309913321
0.9965604663555476,0.9270960085327564
0.9965604108129057,0.9270809860741809
0.99656035526847,0.9270659636156053
0.9965602997222401,0.9270509411570298
0.9965763932626003,0.9270509411570298
0.9965924322927602,0.9270359186984541
0.9965923772609819,0.9270208962398786
0.9965923222274261,0.9270058737813031
0.9965922671920928,0.9269908513227275
0.9965922121549816,0.9269758288641519
0.9965921571160927,0.9269608064055763
0.996592102075426,0.9269457839470008
0.9965920470329812,0.9269307614884252
0.9965919919887585,0.9269157390298496
0.9965919369427575,0.926900716571274
0.9965918818949783,0.9268856941126985
0.9965918268454208,0.926870671654123
0.9965917717940849,0.9268556491955473
0.9966078149482288,0.9268406267369718
0.9966077601524893,0.9268256042783962
0.9966077053549794,0.9268105818198207
0.9966076505556991,0.926795559361245
0.9966075957546484,0.9267805369026695
0.9966075409518271,0.9267655144440939
0.9966074861472352,0.9267504919855184
0.9966074313408724,0.9267354695269427
0.9966073765327388,0.9267204470683672
0.9966073217228344,0.9267054246097917
0.9966072669111589,0.9266904021512161
0.9966072120977123,0.9266753796926405
0.9966071572824945,0.9266603572340649
0.9966071024655055,0.9266453347754894
0.9966069380039101,0.9266002673997626
0.9966068831798351,0.9265852449411871
0.9966068283539886,0.9265702224826114
0.9966066638658178,0.9265251551068848
0.9966066090328836,0.9265101326483092
0.9966065541981772,0.9264951101897336
0.9966064993616987,0.9264800877311581
0.9966064445234478,0.9264650652725825
0.996606334841629,0.9264350203554313
0.9966062799980607,0.9264199978968558
0.9966062251527199,0.9264049754382803
0.9966061703056063,0.9263899529797046
0.9966222768116879,0.9263899529797046
0.9966222222222222,0.9263749305211291
0.996622167630992,0.9263599080625535
0.9966221130379972,0.926344885603978
0.9966220584432377,0.9263298631454023
0.9966220038467133,0.9263148406868268
0.9966218946483699,0.9262847957696757
0.9966218400465507,0.9262697733111
0.9966217854429663,0.9262547508525245
0.9966216762305019,0.9262247059353734
0.9966216216216216,0.9262096834767978
0.9966215670109758,0.9261946610182222
0.9966215123985646,0.9261796385596467
0.9966214577843876,0.9261646161010711
0.9966213485507364,0.92613457118392
0.996621293931262,0.9261195487253444
0.996621184687015,0.9260895038081932
0.9966210754357034,0.9260594588910421
0.9966210208073982,0.9260444364324666
0.9966209661773265,0.9260294139738909
0.9966209115454884,0.9260143915153154
0.9966208569118836,0.9259993690567399
0.9966208022765122,0.9259843465981643
0.9966206930004688,0.9259543016810131
0.9966206383597969,0.9259392792224376
0.996620583717358,0.9259242567638619
0.9966205290731518,0.9259092343052864
0.9966366444059959,0.9259092343052864
0.9966365900197277,0.9258942118467108
0.9966365356317006,0.9258791893881353
0.9966526520051746,0.9258791893881353
0.9966525978751274,0.9258641669295596
0.9966524896097806,0.9258341220124086
0.9966524354744809,0.925819099553833
0.9966523813374303,0.9258040770952574
0.9966523271986286,0.9257890546366818
0.9966522730580758,0.9257740321781063
0.9966521106259097,0.9257289648023795
0.9966682301185528,0.9257289648023795
0.9966681762308339,0.925713942343804
0.9966681223413719,0.9256989198852285
0.9966680684501666,0.9256838974266528
0.9966679606625258,0.9256538525095017
0.9966679067660903,0.9256388300509262
0.9966678528679112,0.9256238075923505
0.9966677989679882,0.925608785133775
0.9966677450663216,0.9255937626751994
0.9966676911629111,0.9255787402166239
0.9966676372577566,0.9255637177580482
0.9966675833508581,0.9255486952994727
0.9966675294422156,0.9255336728408972
0.9966674755318289,0.9255186503823216
0.9966674216196978,0.925503627923746
0.9966673137902026,0.9254735830065949
0.9966672598728382,0.9254585605480193
0.9966672059537292,0.9254435380894437
0.9966671520328755,0.9254285156308681
0.996667098110277,0.9254134931722926
0.996666936332012,0.9253684257965659
0.9966668824024335,0.9253534033379903
0.9966668284711098,0.9253383808794148
0.9966667745380409,0.9253233584208391
0.9966667206032265,0.9253083359622636
0.9966666666666667,0.925293313503688
0.9966665587883103,0.9252632685865368
0.9966665048465135,0.9252482461279613
0.996666450902971,0.9252332236693858
0.9966663969576827,0.9252182012108101
0.9966663430106483,0.9252031787522346
0.9966662890618678,0.925188156293659
0.9966662351113412,0.9251731338350835
0.9966661811590685,0.9251581113765078
0.9966660732492838,0.9251280664593567
0.9966660192917719,0.9251130440007812
0.9966659653325133,0.9250980215422056
0.9966658034442574,0.9250529541664789
0.9966657494780118,0.9250379317079033
0.9966656415402794,0.9250078867907522
0.9966655875687925,0.9249928643321766
0.9966655335955583,0.924977841873601
0.9966654256438481,0.9249477969564499
0.9966653176851478,0.9249177520392987
0.9966652637031761,0.9249027295807232
0.9966652097194567,0.9248877071221476
0.9966651017467744,0.9248576622049964
0.9966650477578113,0.9248426397464209
0.9966649937671,0.9248276172878453
0.9966649397746405,0.9248125948292698
0.9966648317844768,0.9247825499121186
0.9966647777867724,0.9247675274535431
0.9966647237873195,0.9247525049949675
0.9966646697861179,0.9247374825363919
0.9966646157831677,0.9247224600778163
0.9966807532261459,0.9247224600778163
0.9966968911917099,0.9247224600778163
0.9966968377078644,0.9247074376192408
0.996696784222287,0.9246924151606652
0.9966967307349774,0.9246773927020896
0.9966966772459356,0.924662370243514
0.9966966237551615,0.9246473477849385
0.996696570262655,0.9246323253263629
0.9966965167684161,0.9246173028677873
0.9966964632724447,0.9246022804092118
0.9966964097747405,0.9245872579506362
0.9966963562753036,0.9245722354920606
0.9966962492712315,0.9245421905749095
0.996696195766596,0.924527168116334
0.9966961422602274,0.9245121456577583
0.9966960887521257,0.9244971231991828
0.9966960352422908,0.9244821007406072
0.9966959282174209,0.924452055823456
0.9966958747023857,0.9244370333648805
0.9966958211856171,0.9244220109063049
0.9967119648844328,0.9244220109063049
0.9967281091062231,0.9244220109063049
0.9967280561089784,0.9244069884477294
0.9967280031100169,0.9243919659891537
0.9967279501093383,0.9243769435305782
0.9967278971069427,0.9243619210720027
0.9967277910969999,0.9243318761548515
0.9967277380894526,0.9243168536962759
0.9967276850801879,0.9243018312377004
0.9967276320692057,0.9242868087791248
0.996727579056506,0.9242717863205492
0.9967275260420886,0.9242567638619736
0.9967274200081004,0.9242267189448226
0.9967273669885296,0.9242116964862469
0.9967272609442338,0.9241816515690958
0.9967272079195088,0.9241666291105203
0.9967271548930654,0.9241516066519446
0.9967271018649039,0.9241365841933691
0.9967270488350238,0.9241215617347935
0.9967269958034253,0.924106539276218
0.9967268897350725,0.9240764943590668
0.9967268366983181,0.9240614719004913
0.9967267836598448,0.9240464494419157
0.9967267306196526,0.9240314269833401
0.9967266775777414,0.9240164045247645
0.9967428293631502,0.9240164045247645
0.9967427237959422,0.9239863596076133
0.996742671009772,0.9239713371490378
0.9967426182218909,0.9239563146904622
0.9967425654322989,0.9239412922318867
0.9967425126409957,0.923926269773311
0.996742407053256,0.92389622485616
0.9967423542568192,0.9238812023975844
0.996742301458671,0.9238661799390088
0.9967422486588113,0.9238511574804332
0.9967421958572401,0.9238361350218577
0.9967420902489627,0.9238060901047065
0.9967420374422563,0.923791067646131
0.996741984633838,0.9237760451875554
0.9967419318237077,0.9237610227289799
0.9967580885690203,0.9237610227289799
0.9967580360182199,0.9237460002704042
0.9967579834657156,0.9237309778118287
0.9967579309115078,0.9237159553532531
0.9967578783555959,0.9237009328946776
0.9967578257979801,0.9236859104361019
0.9967577732386603,0.9236708879775264
0.9967577206776363,0.9236558655189508
0.9967576681149083,0.9236408430603753
0.9967576155504758,0.9236258206017997
0.996757562984339,0.9236107981432241
0.9967575104164977,0.9235957756846486
0.996757457846952,0.923580753226073
0.9967574052757017,0.9235657307674974
0.9967573527027466,0.9235507083089218
0.9967573001280866,0.9235356858503463
0.9967572475517219,0.9235206633917707
0.996773408998784,0.9235206633917707
0.9967733566819081,0.9235056409331951
0.9967733043633357,0.9234906184746196
0.9967894668569205,0.9234906184746196
0.9967894147978791,0.923475596016044
0.9967893106747312,0.9234455510988928
0.9967892586106246,0.9234305286403173
0.9967892065448295,0.9234155061817417
0.9967891544773457,0.9234004837231662
0.9967891024081732,0.9233854612645905
0.9967890503373119,0.923370438806015
0.9967889982647616,0.9233554163474395
0.9967889461905225,0.9233403938888638
0.9967888941145943,0.9233253714302883
0.9967888420369769,0.9233103489717127
0.9967887899576704,0.9232953265131372
0.9968049563722469,0.9232953265131372
0.9968049045526055,0.9232803040545615
0.9968048527312833,0.923265281595986
0.9968048009082799,0.9232502591374104
0.9968047490835955,0.9232352366788349
0.9968046454291831,0.9232051917616837
0.996804593599455,0.9231901693031082
0.9968045417680454,0.9231751468445326
0.9968044899349543,0.923160124385957
0.9968206592265767,0.923160124385957
0.9968206076532515,0.9231451019273814
0.9968205560782533,0.9231300794688059
0.9968205045015817,0.9231150570102303
0.9968366751021998,0.9231150570102303
0.9968365724668246,0.9230850120930791
0.9968365211466395,0.9230699896345036
0.9968364698247891,0.923054967175928
0.9968364185012736,0.9230399447173524
0.9968363671760927,0.9230249222587769
0.9968363158492464,0.9230098998002013
0.9968362645207346,0.9229948773416258
0.9968362131905573,0.9229798548830501
0.9968361618587144,0.9229648324244746
0.9968361105252056,0.922949809965899
0.9968360591900312,0.9229347875073235
0.9968360078531908,0.9229197650487478
0.9968359565146844,0.9229047425901723
0.996835905174512,0.9228897201315968
0.9968358538326735,0.9228746976730212
0.9968358024891687,0.9228596752144456
0.9968357511439977,0.92284465275587
0.9968519269776877,0.92284465275587
0.9968518248056732,0.9228146078387189
0.9968517737171789,0.9227995853801433
0.9968517226270265,0.9227845629215677
0.9968516715352158,0.9227695404629922
0.9968516204417469,0.9227545180044167
0.9968515693466194,0.922739495545841
0.9968515182498336,0.9227244730872655
0.9968514671513893,0.9227094506286899
0.9968514160512862,0.9226944281701143
0.9968513649495244,0.9226794057115387
0.9968513138461039,0.9226643832529632
0.9968512627410244,0.9226493607943876
0.9968512116342861,0.922634338335812
0.9968511605258886,0.9226193158772364
0.9968673408105958,0.9226193158772364
0.9968672899623425,0.9226042934186609
0.9968672391124386,0.9225892709600854
0.9968671882608837,0.9225742485015097
0.9968670865528212,0.9225442035843586
0.9968670356963135,0.9225291811257831
0.9968669848381546,0.9225141586672074
0.9968669339783445,0.9224991362086319
0.9968831168831169,0.9224991362086319
0.9968830662835436,0.9224841137500563
0.9968830156823274,0.9224690912914808
0.9968829650794682,0.9224540688329051
0.9968829144749659,0.9224390463743296
0.9968828638688205,0.9224240239157541
0.9968990486086307,0.9224240239157541
0.9968989982627896,0.9224090014571785
0.9968989479153136,0.9223939789986029
0.9968988975662029,0.9223789565400273
0.9968987968630763,0.9223489116228762
0.9968987465090602,0.9223338891643006
0.996898696153409,0.922318866705725
0.9968986457961225,0.9223038442471495
0.9968985954372006,0.922288821788574
0.9968985450766433,0.9222737993299983
0.9968984947144505,0.9222587768714228
0.9969146828618752,0.9222587768714228
0.9969146327601046,0.9222437544128472
0.9969145826567067,0.9222287319542717
0.9969144824450291,0.9221986870371205
0.9969144323367491,0.922183664578545
0.9969143822268416,0.9221686421199694
0.9969143321153066,0.9221536196613938
0.9969142318873532,0.9221235747442427
0.9969141817709348,0.9221085522856671
0.9969141316528886,0.9220935298270915
0.9969140815332143,0.9220785073685159
0.9969140314119118,0.9220634849099404
0.9969139812889813,0.9220484624513647
0.9969138810382354,0.9220184175342137
0.9969138309104199,0.9220033950756381
0.9969137807809759,0.9219883726170625
0.9969137306499033,0.9219733501584869
0.9969136805172022,0.9219583276999114
0.9969135802469136,0.9219282827827602
0.996913530109326,0.9219132603241846
0.9969134799701095,0.9218982378656091
0.9969134298292639,0.9218832154070336
0.9969133796867893,0.9218681929484579
0.9969133295426854,0.9218531704898824
0.9969131791005978,0.9218081031141556
0.9969131289499764,0.9217930806555801
0.9969130787977254,0.9217780581970045
0.9969130286438448,0.921763035738429
0.9969129784883343,0.9217480132798533
0.9969128781724239,0.9217179683627023
0.9969128280120237,0.9217029459041267
0.9969127778499935,0.9216879234455511
0.9969127276863331,0.9216729009869755
0.9969125771855704,0.9216278336112488
0.9969124768435763,0.9215977886940977
0.9969286770560801,0.9215977886940977
0.9969286271450858,0.9215827662355222
0.9969285772324693,0.9215677437769465
0.9969284774023695,0.9215376988597954
0.9969284274848859,0.9215226764012199
0.9969283276450512,0.9214926314840687
0.9969282777226999,0.9214776090254931
0.9969282277987258,0.9214625865669176
0.9969281778731288,0.9214475641083419
0.996928127945909,0.9214325416497664
0.9969280780170663,0.9214175191911909
0.996944281906248,0.9214175191911909
0.9969442322383499,0.9214024967326152
0.9969441825688372,0.9213874742740397
0.9969603381014305,0.9213724518154641
0.9969602886912986,0.9213574293568886
0.9969602392795605,0.9213424068983129
0.9969601898662158,0.9213273844397374
0.9969763963846804,0.9213273844397374
0.9969763472323824,0.9213123619811618
0.9969762980784862,0.9212973395225863
0.9969762489229919,0.9212823170640106
0.9969761997658994,0.9212672946054351
0.9969761506072085,0.9212522721468596
0.9969761014469192,0.921237249688284
0.9969923100684452,0.921237249688284
0.9969922611692787,0.9212222272297084
0.9969922122685223,0.9212072047711328
0.9969921144622388,0.9211771598539817
0.9969920655567117,0.9211621373954061
0.9969920166495944,0.9211471149368305
0.9969919677408865,0.921132092478255
0.9969919188305881,0.9211170700196795
0.9969918699186991,0.9211020475611038
0.9969916253353931,0.921026935268226
0.9969915764139591,0.9210119128096504
0.9969915274909339,0.9209968903510749
0.9969914785663175,0.9209818678924993
0.996991380712311,0.9209518229753482
0.9969913317829205,0.9209368005167726
0.9969912828519386,0.920921778058197
0.9969912339193651,0.9209067555996214
0.9969911849851999,0.9208917331410459
0.9969910871120942,0.9208616882238947
0.9969910381731536,0.9208466657653192
0.996990989232621,0.9208316433067436
0.9969909402904963,0.9208166208481681
0.9969908913467794,0.9208015983895924
0.9969908424014704,0.9207865759310169
0.9969907445060754,0.9207565310138657
0.9969906955559893,0.9207415085552901
0.9969906466043107,0.9207264860967146
0.9969905976510395,0.920711463638139
0.9969905486961755,0.9206964411795634
0.9969904997397189,0.9206814187209879
0.9969904507816694,0.9206663962624123
0.9969903038979632,0.9206213288866856
0.9969902549335415,0.92060630642811
0.9969901569999187,0.9205762615109588
0.9969901080307172,0.9205612390523833
0.9969900100875337,0.9205311941352322
0.9969899121379759,0.920501149218081
0.9969898631608064,0.9204861267595055
0.996989814182043,0.9204711043009299
0.9969897652016857,0.9204560818423543
0.9969897162197344,0.9204410593837787
0.9969896182510496,0.9204110144666277
0.9969895692643158,0.920395992008052
0.9969895202759878,0.9203809695494765
0.9969894712860653,0.9203659470909009
0.9969894222945485,0.9203509246323254
0.9969893243067309,0.9203208797151742
0.9969892753104301,0.9203058572565986
0.9969892263125346,0.9202908347980231
0.9969891283119588,0.9202607898808719
0.9969890793092785,0.9202457674222964
0.9969890303050031,0.9202307449637208
0.9969889812991325,0.9202157225051452
0.9969889322916666,0.9202007000465696
0.9969888832826055,0.9201856775879941
0.9969887852596969,0.9201556326708429
0.9969887362458494,0.9201406102122673
0.9970049645967283,0.9201406102122673
0.9970049158446462,0.9201255877536918
0.9970048670909771,0.9201105652951161
0.9970048183357207,0.9200955428365406
0.9970047695788771,0.9200805203779651
0.9970046720604275,0.9200504754608139
0.9970046232988213,0.9200354530022383
0.9970045745356276,0.9200204305436628
0.9970045257708462,0.9200054080850872
0.9970044282365199,0.919975363167936
0.997004379466975,0.9199603407093605
0.9970043306958419,0.919945318250785
0.9970042819231207,0.9199302957922093
0.9970042331488115,0.9199152733336338
0.9970039404695997,0.9198251385821804
0.9970038916841711,0.9198101161236047
0.9970038428971536,0.9197950936650292
0.9970037941085473,0.9197800712064537
0.997003745318352,0.9197650487478781
0.9970036965265677,0.9197500262893025
0.9970036477331944,0.9197350038307269
0.9970035989382318,0.9197199813721514
0.99700355014168,0.9197049589135758
0.9970035013435388,0.9196899364550002
0.9970034525438082,0.9196749139964246
0.9970034037424882,0.9196598915378491
0.9970033549395785,0.9196448690792736
0.9970033061350793,0.9196298466206979
0.9970032573289902,0.9196148241621224
0.9970032085213114,0.9195998017035468
0.9970031597120428,0.9195847792449713
0.9970031109011841,0.9195697567863956
0.9970030620887355,0.9195547343278201
0.9970030132746966,0.9195397118692445
0.9970028668230388,0.9194946444935178
0.9970028180026388,0.9194796220349423
0.9970027203570673,0.9194495771177911
0.9970026715318955,0.9194345546592155
0.9970025738767797,0.9194045097420643
0.9970025250468355,0.9193894872834888
0.9970024762153004,0.9193744648249133
0.9970024273821743,0.9193594423663377
0.9970023785474569,0.9193444199077621
0.9970023297111484,0.9193293974491865
0.9970022808732486,0.919314374990611
0.9970022320337575,0.9192993525320354
0.9970021831926749,0.9192843300734598
0.9970020855057351,0.9192542851563087
0.9970020366598779,0.9192392626977332
0.9970019878124288,0.9192242402391575
0.9970018412605303,0.9191791728634309
0.9970017435513044,0.9191491279462797
0.9970016946943032,0.9191341054877041
0.9970016458357097,0.9191190830291286
0.9970015969755239,0.9191040605705529
0.9970015481137456,0.9190890381119774
0.9970014015188553,0.9190439707362507
0.9970013526507064,0.9190289482776751
0.9970176010430247,0.9190289482776751
0.9970175038299814,0.918998903360524
0.9970174552210832,0.9189838809019484
0.9970174066106005,0.9189688584433728
0.9970173579985331,0.9189538359847973
0.9970172607696445,0.9189237910676461
0.997017212152823,0.9189087686090706
0.9970171635344167,0.918893746150495
0.9970170662928491,0.9188637012333438
0.9970169204186092,0.9188186338576171
0.997016871790692,0.9188036113990415
0.9970168231611893,0.918788588940466
0.9970167745301012,0.9187735664818905
0.9970167258974275,0.9187585440233148
0.9970166772631682,0.9187435215647393
0.9970166286273231,0.9187284991061637
0.9970165799898922,0.9187134766475882
0.9970165313508754,0.9186984541890125
0.9970164827102728,0.918683431730437
0.997016434068084,0.9186684092718614
0.9970163854243091,0.9186533868132859
0.9970163367789481,0.9186383643547102
0.9970162881320007,0.9186233418961347
0.9970162394834671,0.9186083194375592
0.9970161908333469,0.9185932969789836
0.9970161421816403,0.918578274520408
0.9970160935283471,0.9185632520618324
0.9970160448734673,0.9185482296032569
0.9970159962170007,0.9185332071446813
0.9970159475589473,0.9185181846861057
0.997015898899307,0.9185031622275301
0.9970158502380797,0.9184881397689546
0.997015752910864,0.9184580948518034
0.9970157042448753,0.9184430723932279
0.9970319634703196,0.9184430723932279
0.9970319150671081,0.9184280499346523
0.99704812694685,0.9184130274760768
0.9970480788048797,0.9183980050175011
0.997048030661339,0.9183829825589256
0.997047982516228,0.91836796010035
0.9970479343695464,0.9183529376417745
0.9970478862212944,0.9183379151831988
0.9970478380714717,0.9183228927246233
0.9970476936125791,0.9182778253488966
0.9970476454564732,0.918262802890321
0.9970475972987962,0.9182477804317455
0.9970475491395482,0.9182327579731699
0.997047500978729,0.9182177355145943
0.9970474528163386,0.9182027130560187
0.9970474046523767,0.9181876905974432
0.9970473564868436,0.9181726681388676
0.997047308319739,0.918157645680292
0.997047211980815,0.9181276007631409
0.9970471156356043,0.9180975558459897
0.9970470674606412,0.9180825333874142
0.9970470192841061,0.9180675109288386
0.997046971105999,0.918052488470263
0.9970469229263199,0.9180374660116875
0.9970468747450686,0.9180224435531119
0.9970468265622451,0.9180074210945364
0.9970467783778492,0.9179923986359607
0.997046730191881,0.9179773761773852
0.9970466820043402,0.9179623537188096
0.997046633815227,0.9179473312602341
0.9970465856245411,0.9179323088016584
0.9970465374322824,0.9179172863430829
0.9970464892384511,0.9179022638845074
0.9970464410430468,0.9178872414259318
0.9970463928460698,0.9178722189673562
0.9970462964473963,0.9178421740502051
0.9970462000424303,0.9178121291330539
0.9970461518375873,0.9177971066744783
0.997062423500612,0.9177971066744783
0.9970623755589646,0.9177820842159028
0.9970623276157524,0.9177670617573273
0.9970786003394699,0.9177670617573273
0.9970785049779664,0.9177370168401761
0.99707845729488,0.9177219943816005
0.9970783142362811,0.9176769270058738
0.9970782188560982,0.9176468820887227
0.9970781711636714,0.917631859630147
0.9970781234696876,0.9176168371715715
0.9970780757741466,0.917601814712996
0.9970779803783933,0.9175717697958448
0.9970778849764108,0.9175417248786937
0.9970778372730834,0.917526702420118
0.997077741861756,0.9174966575029669
0.9970776941537557,0.9174816350443914
0.9970776464441977,0.9174666125858157
0.9970775987330819,0.9174515901272402
0.9970775510204082,0.9174365676686647
0.9970775033061764,0.9174215452100891
0.9970773601541325,0.9173764778343624
0.9970935928417478,0.9173614553757868
0.9970935453847787,0.9173464329172112
0.9970934979262598,0.9173314104586356
0.9970934504661909,0.9173163880000601
0.9970934030045722,0.9173013655414846
0.9970933555414033,0.9172863430829089
0.9970933080766844,0.9172713206243334
0.9970932606104153,0.9172562981657578
0.9970932131425959,0.9172412757071823
0.9970931656732261,0.9172262532486066
0.997093118202306,0.9172112307900311
0.9970930707298352,0.9171962083314555
0.997093023255814,0.91718118587288
0.997092975780242,0.9171661634143043
0.9970929283031194,0.9171511409557288
0.9970928808244459,0.9171361184971533
0.9970928333442216,0.9171210960385777
0.9970927858624463,0.9171060735800021
0.9970927383791199,0.9170910511214265
0.9970926908942426,0.917076028662851
0.9970926434078139,0.9170610062042754
0.997092595919834,0.9170459837456998
0.9970925484303028,0.9170309612871242
0.9970925009392202,0.9170159388285487
0.997092453446586,0.9170009163699732
0.9970924059524005,0.9169858939113975
0.9970923584566631,0.916970871452822
0.997092310959374,0.9169558489942464
0.9970922634605331,0.9169408265356709
0.9970922159601405,0.9169258040770952
0.9970921684581958,0.9169107816185197
0.9970921209546991,0.9168957591599441
0.9970919784348963,0.9168506917842174
0.9970919309251908,0.9168356693256419
0.9970918834139328,0.9168206468670662
0.9970918359011224,0.9168056244084907
0.9970917883867595,0.9167906019499151
0.9970915983137806,0.9167305121156129
0.9970915507916537,0.9167154896570373
0.9970915032679739,0.9167004671984617
0.9970914557427409,0.9166854447398861
0.9970914082159548,0.9166704222813106
0.9970913606876154,0.916655399822735
0.9970913131577227,0.9166403773641594
0.9970912656262767,0.9166253549055838
0.9970912180932772,0.9166103324470083
0.997091170558724,0.9165953099884327
0.9970911230226174,0.9165802875298571
0.9970910754849569,0.9165652650712816
0.9971073704853735,0.9165652650712816
0.9971072286596826,0.9165201976955548
0.9971071813813618,0.9165051752369793
0.9971234309623431,0.9164901527784037
0.9971233839465211,0.9164751303198282
0.997139681605701,0.9164751303198282
0.997139634853958,0.9164601078612525
0.9971395881006865,0.916445085402677
0.9971395413458867,0.9164300629441015
0.9971394945895583,0.9164150404855259
0.9971394478317015,0.9164000180269503
0.9971394010723159,0.9163849955683747
0.9971393543114018,0.9163699731097992
0.9971393075489587,0.9163549506512236
0.997139214019486,0.9163249057340724
0.9971391672524562,0.9163098832754969
0.9971391204838973,0.9162948608169214
0.9971390737138093,0.9162798383583457
0.997139026942192,0.9162648158997702
0.9971389801690455,0.9162497934411946
0.9971389333943694,0.916234770982619
0.997138886618164,0.9162197485240434
0.9971388398404291,0.9162047260654679
0.9971387930611644,0.9161897036068923
0.9971387462803701,0.9161746811483167
0.9971386994980461,0.9161596586897411
0.9971386527141923,0.9161446362311656
0.9971549567520724,0.9161446362311656
0.9971549102325125,0.9161296137725901
0.9971548637114312,0.9161145913140144
0.9971548171888286,0.9160995688554389
0.9971547706647045,0.9160845463968633
0.9971547241390588,0.9160695239382878
0.9971546776118915,0.9160545014797121
0.9971546310832025,0.9160394790211366
0.9971545380212592,0.9160094341039855
0.9971544914880047,0.9159944116454098
0.9971544449532282,0.9159793891868343
0.9971543984169297,0.9159643667282588
0.9971707061786543,0.9159643667282588
0.997170659906779,0.9159493442696832
0.9971705673584875,0.915919299352532
0.9971704748041412,0.9158892544353809
0.9971704285246974,0.9158742319768053
0.9971703359612679,0.9158441870596542
0.9971702896772822,0.9158291646010787
0.9971702433917823,0.915814142142503
0.9971701971047682,0.9157991196839275
0.9971701508162397,0.9157840972253519
0.997170104526197,0.9157690747667764
0.9971700582346398,0.9157540523082007
0.9971700119415681,0.9157390298496252
0.9971699656469818,0.9157240073910496
0.997169919350881,0.9157089849324741
0.9971698730532653,0.9156939624738984
0.9971698267541348,0.9156789400153229
0.9971697341513293,0.9156488950981718
0.9971696878476539,0.9156338726395962
0.9971696415424636,0.9156188501810206
0.997169595235758,0.9156038277224451
0.9971695489275372,0.9155888052638694
0.997169502617801,0.9155737828052939
0.9971694099937826,0.9155437378881428
0.9971693636794999,0.9155287154295672
0.9971693173637018,0.9155136929709916
0.997169271046388,0.9154986705124161
0.9971692247275583,0.9154836480538405
0.9971691784072129,0.9154686255952649
0.9971691320853515,0.9154536031366893
0.9971690857619742,0.9154385806781138
0.9971690394370807,0.9154235582195382
0.9971689931106711,0.9154085357609626
0.9971689467827453,0.915393513302387
0.9971689004533032,0.9153784908438115
0.9971688077898699,0.9153484459266603
0.9971687151203705,0.9153184010095092
0.9971686687833459,0.9153033785509337
0.9971686224448045,0.915288356092358
0.9971685761047463,0.9152733336337825
0.9971685297631713,0.915258311175207
0.9971684834200792,0.9152432887166314
0.9971684370754702,0.9152282662580558
0.9971683907293439,0.9152132437994802
0.9971683443817007,0.9151982213409047
0.9971846662520051,0.9151982213409047
0.9971846201692501,0.9151831988823291
0.9971845740849866,0.9151681764237535
0.9971845279992143,0.9151531539651779
0.9971844819119332,0.9151381315066024
0.9971844358231433,0.9151231090480269
0.9971842975477196,0.9150780416723001
0.9971842514528935,0.9150630192137246
0.9971842053565582,0.9150479967551489
0.9971841131593595,0.9150179518379978
0.9971840209561231,0.9149879069208466
0.9971839748522405,0.9149728844622711
0.9971839287468482,0.9149578620036956
0.9971838365315345,0.9149278170865444
0.9971837443101811,0.9148977721693933
0.9971836520827875,0.9148677272522421
0.9971836059668255,0.9148527047936665
0.9971835598493533,0.914837682335091
0.9971835137303706,0.9148226598765153
0.9971834676098775,0.9148076374179398
0.997183421487874,0.9147926149593643
0.9971833753643599,0.9147775925007887
0.9971833292393352,0.9147625700422131
0.9971832831127997,0.9147475475836375
0.9971832369847534,0.914732525125062
0.9971831908551964,0.9147175026664864
0.9971831447241283,0.9147024802079108
0.9971830985915493,0.9146874577493352
0.9971830524574592,0.9146724352907597
0.9971830063218579,0.9146574128321842
0.9971829601847454,0.9146423903736085
0.9971829140461216,0.914627367915033
0.9971828679059864,0.9146123454564574
0.9971992007075704,0.9146123454564574
0.9971991548326864,0.9145973229978819
0.9971991089562996,0.9145823005393062
0.9971990630784099,0.9145672780807307
0.9971990171990172,0.9145522556221551
0.9971989713181215,0.9145372331635796
0.9971989254357227,0.914522210705004
0.9971986960011795,0.9144470984121261
0.9971986501097605,0.9144320759535506
0.9971986042168378,0.914417053494975
0.9971985583224116,0.9144020310363994
0.9972148953947476,0.9144020310363994
0.9972148041351967,0.9143719861192483
0.9972147585031784,0.9143569636606727
0.9972147128696649,0.9143419412020971
0.9972146672346561,0.9143269187435216
0.9972146215981518,0.914311896284946
0.9972145303206568,0.9142818513677948
0.9972144846796658,0.9142668289092193
0.9972144390371791,0.9142518064506437
0.9972143933931966,0.9142367839920681
0.9972143477477182,0.9142217615334925
0.9972143021007439,0.914206739074917
0.9972142564522737,0.9141917166163415
0.9972142108023073,0.9141766941577658
0.9972141651508447,0.9141616716991903
0.997214119497886,0.9141466492406147
0.997214073843431,0.9141316267820392
0.9972140281874795,0.9141166043234635
0.9972139825300317,0.914101581864888
0.9972139368710872,0.9140865594063124
0.9972138912106462,0.9140715369477369
0.9972138455487085,0.9140565144891613
0.9972137998852741,0.9140414920305857
0.9972137542203429,0.9140264695720102
0.9972300985035976,0.9140264695720102
0.9972300531043073,0.9140114471134346
0.9972300077035289,0.913996424654859
0.997229962301262,0.9139814021962834
0.997229916897507,0.9139663797377079
0.9972298714922633,0.9139513572791323
0.9972298260855311,0.9139363348205567
0.9972297806773104,0.9139213123619812
0.9972297352676011,0.9139062899034056
0.9972296898564028,0.9138912674448301
0.9972296444437159,0.9138762449862544
0.99722959902954,0.9138612225276789
0.9972295081967213,0.9138311776105278
0.9972294627780783,0.9138161551519521
0.9972294173579461,0.9138011326933766
0.9972293719363248,0.913786110234801
0.9972293265132139,0.9137710877762255
0.9972292810886139,0.9137560653176499
0.9972292356625242,0.9137410428590743
0.9972290993753177,0.9136959754833476
0.9972290085097313,0.9136659305661965
0.9972289630747032,0.9136509081076208
0.9972289176381852,0.9136358856490453
0.9972288722001771,0.9136208631904698
0.9972288267606788,0.9136058407318942
0.9972287358772117,0.913575795814743
0.9972450887147027,0.913575795814743
0.9972450435381512,0.9135607733561675
0.997244998360118,0.9135457508975919
0.9972449531806031,0.9135307284390163
0.9972449079996064,0.9135157059804407
0.9972448628171278,0.9135006835218652
0.9972612175282078,0.9135006835218652
0.9972611276937711,0.913470638604714
0.9972610827743428,0.9134556161461385
0.9972610378534409,0.9134405936875629
0.9972609929310656,0.9134255712289874
0.9972609480072167,0.9134105487704117
0.9972609030818941,0.9133955263118362
0.9972608581550978,0.9133805038532606
0.9972608132268276,0.9133654813946851
0.9972607682970837,0.9133504589361094
0.9972607233658657,0.9133354364775339
0.9972606784331737,0.9133204140189584
0.9972604537476009,0.9132453017260805
0.9972604088060631,0.9132302792675049
0.9972603638630511,0.9132152568089293
0.9972602739726028,0.9131852118917783
0.9972602290251665,0.9131701894332026
0.9972601840762555,0.9131551669746271
0.9972601391258695,0.9131401445160515
0.9972600941740086,0.913125122057476
0.9972600042658616,0.9130950771403248
0.9972599143518138,0.9130650322231736
0.997259869392577,0.913050009764598
0.9972598244318648,0.9130349873060225
0.997259779469677,0.913019964847447
0.9972597345060138,0.9130049423888713
0.99725959960617,0.9129598750131447
0.9972595546366038,0.912944852554569
0.9972595096655618,0.9129298300959935
0.9972594646930436,0.912914807637418
0.9972594197190495,0.9128997851788424
0.9972593747435792,0.9128847627202668
0.9972593297666328,0.9128697402616912
0.99725928478821,0.9128547178031157
0.9972592398083109,0.9128396953445401
0.9972591948269354,0.9128246728859645
0.9972591498440834,0.9128096504273889
0.9972591048597548,0.9127946279688134
0.9972590598739496,0.9127796055102378
0.9972590148866677,0.9127645830516622
0.997258969897909,0.9127495605930867
0.9972589249076733,0.9127345381345111
0.9972588799159608,0.9127195156759356
0.9972588349227713,0.9127044932173599
0.997275204359673,0.9127044932173599
0.9972915298752463,0.9126894707587844
0.9972914854150593,0.9126744483002088
0.9972914409534128,0.9126594258416333
0.9972913520257404,0.9126293809244821
0.9972913075597144,0.9126143584659065
0.9972912630922284,0.912599336007331
0.9972912186232824,0.9125843135487554
0.9972911741528763,0.9125692910901798
0.99729112968101,0.9125542686316043
0.9972910852076835,0.9125392461730287
0.9972910407328966,0.9125242237144531
0.9972909517789417,0.912494178797302
0.9972909072997734,0.9124791563387264
0.9972908628191446,0.9124641338801508
0.997290818337055,0.9124491114215753
0.9972907738535047,0.9124340889629997
0.9972907293684936,0.9124190665044241
0.9972906848820217,0.9124040440458485
0.9972906403940887,0.912389021587273
0.9972905959046947,0.9123739991286974
0.9972905514138395,0.9123589766701218
0.9972905069215232,0.9123439542115462
0.9972904179325067,0.9123139092943952
0.9972903734358065,0.9122988868358195
0.9972902844380214,0.9122688419186684
0.9972901509303815,0.9122237745429417
0.9972901064249113,0.9122087520843661
0.9972900619179792,0.9121937296257906
0.9972900174095851,0.9121787071672149
0.997289972899729,0.9121636847086394
0.9972899283884108,0.9121486622500639
0.9972898838756303,0.9121336397914883
0.9972897948456826,0.9121035948743371
0.9972897503285151,0.9120885724157616
0.9972897058098852,0.912073549957186
0.9972896612897927,0.9120585274986104
0.9972896167682376,0.9120435050400348
0.9972895722452197,0.9120284825814593
0.9972895277207392,0.9120134601228838
0.9972894831947958,0.9119984376643081
0.9972894386673895,0.9119834152057326
0.9972893941385201,0.911968392747157
0.9972893496081878,0.9119533702885815
0.9972893050763924,0.9119383478300058
0.9972892605431336,0.9119233253714303
0.9972891714722263,0.9118932804542792
0.9972891269345776,0.9118782579957035
0.9972890823954653,0.911863235537128
0.9972890378548895,0.9118482130785525
0.9972889933128501,0.9118331906199769
0.997288948769347,0.9118181681614013
0.9972888151300547,0.9117731007856745
0.9972887705806961,0.911758078327099
0.9972887260298733,0.9117430558685234
0.9972886369238353,0.9117130109513722
0.9972885478119402,0.9116829660342212
0.9972885032537961,0.9116679435756456
0.9972884586941875,0.91165292111707
0.9972884141331142,0.9116378986584944
0.9972883695705763,0.9116228761999189
0.9972883250065737,0.9116078537413433
0.9972882804411064,0.9115928312827677
0.997288191305777,0.9115627863656166
0.9972881467359148,0.9115477639070411
0.9972881021645875,0.9115327414484654
0.9972880130175376,0.9115026965313143
0.9972878792859726,0.9114576291555876
0.9972878347058534,0.911442606697012
0.9972877901242685,0.9114275842384365
0.997287745541218,0.9114125617798609
0.9972877009567018,0.9113975393212853
0.9972876563707198,0.9113825168627098
0.997287611783272,0.9113674944041342
0.9972875671943582,0.9113524719455586
0.9972875226039783,0.911337449486983
0.9972874780121324,0.9113224270284075
0.9972874334188203,0.911307404569832
0.997287388824042,0.9112923821112563
0.9972872996300863,0.9112623371941052
0.9972872550309089,0.9112473147355297
0.9972872104302649,0.911232292276954
0.9972871658281542,0.9112172698183785
0.9972871212245771,0.9112022473598029
0.9972870766195331,0.9111872249012274
0.9972870320130223,0.9111722024426517
0.9972869874050445,0.9111571799840762
0.9972869427955999,0.9111421575255007
0.9972868981846882,0.911127135066925
0.9972868535723095,0.9111121126083495
0.9972868089584636,0.9110970901497739
0.9972867643431503,0.9110820676911984
0.9972867197263698,0.9110670452326227
0.9972866751081219,0.9110520227740472
0.9973030751521131,0.9110520227740472
0.9973029864491514,0.9110219778568961
0.9973029420954824,0.9110069553983204
0.9973028977403545,0.9109919329397449
0.9973028533837678,0.9109769104811694
0.997302809025722,0.9109618880225938
0.9973027646662171,0.9109468655640182
0.9973027203052531,0.9109318431054426
0.9973026759428298,0.9109168206468671
0.9973025872136055,0.9108867757297159
0.9973025428468042,0.9108717532711403
0.9973024984785434,0.9108567308125648
0.9973024541088229,0.9108417083539893
0.9973023209909035,0.9107966409782625
0.9973022766153441,0.910781618519687
0.9973022322383247,0.9107665960611113
0.9973021878598454,0.9107515736025358
0.9973021434799059,0.9107365511439602
0.9973020990985063,0.9107215286853847
0.9973020547156465,0.910706506226809
0.9973020103313263,0.9106914837682335
0.9973019659455458,0.910676461309658
0.9973019215583048,0.9106614388510824
0.9973018327794413,0.9106313939339312
0.997318240897649,0.9106313939339312
0.997318196775255,0.9106163714753557
0.9973181526514092,0.9106013490167801
0.9973181085261115,0.9105863265582045
0.9973180643993615,0.9105713040996289
0.9973180202711597,0.9105562816410534
0.9973508408200875,0.9105562816410534
0.9973507536365431,0.9105262367239022
0.9973671652597456,0.9105262367239022
0.9973671219351654,0.9105112142653267
0.9973670786091593,0.9104961918067511
0.9973670352817272,0.9104811693481755
0.9973669919528692,0.9104661468895999
0.997366948622585,0.9104511244310244
0.9973669052908747,0.9104361019724488
0.9973666886109283,0.9103609896795709
0.9973666452706594,0.9103459672209954
0.997366558585842,0.9103159223038443
0.997366515241293,0.9103008998452686
0.9973664718953172,0.9102858773866931
0.9973663851990848,0.910255832469542
0.997366341848828,0.9102408100109664
0.9973662984971441,0.9102257875523908
0.9973662551440329,0.9102107650938153
0.9973662117894945,0.9101957426352397
0.9973661684335287,0.9101807201766641
0.9973661250761354,0.9101656977180885
0.9973660817173147,0.910150675259513
0.9973660383570664,0.9101356528009374
0.9973659949953905,0.9101206303423618
0.9973659082677554,0.9100905854252107
0.9973657781655938,0.910045518049484
0.9973657347953505,0.9100304955909084
0.9973656914236791,0.9100154731323329
0.9973656480505796,0.9100004506737572
0.9973655613000955,0.9099704057566061
0.9973655179227109,0.9099553832980306
0.9973654311636562,0.9099253383808794
0.9973653877819858,0.9099103159223039
0.9973653443988869,0.9098952934637283
0.9973653010143592,0.9098802710051527
0.9973652576284026,0.9098652485465771
0.997365214241017,0.9098502260880016
0.9973651708522026,0.9098352036294259
0.997365127461959,0.9098201811708504
0.9973650406771846,0.9097901362536993
0.9973649972826535,0.9097751137951237
0.997364953886693,0.9097600913365481
0.9973649104893032,0.9097450688779726
0.9973648670904839,0.909730046419397
0.997364823690235,0.9097150239608214
0.9973646066675451,0.9096399116679436
0.9973645632587176,0.909624889209368
0.9973644764367722,0.9095948442922168
0.9973644330236542,0.9095798218336413
0.997364389609106,0.9095647993750657
0.9973643461931275,0.9095497769164902
0.9973643027757186,0.9095347544579145
0.9973642593568793,0.909519731999339
0.9973642159366094,0.9095047095407635
0.9973641725149089,0.9094896870821879
0.9973641290917777,0.9094746646236123
0.9973805601317958,0.9094746646236123
0.9973805169772154,0.9094596421650367
0.997380430663789,0.9094295972478856
0.9973803875049426,0.90941457478931
0.9973803443446742,0.9093995523307344
0.9973803011829835,0.9093845298721589
0.9973802580198705,0.9093695074135834
0.9973802148553351,0.9093544849550077
0.9973801716893773,0.9093394624964322
0.9973800853531941,0.9093094175792811
0.9973800421829686,0.9092943951207054
0.9973799990113204,0.9092793726621299
0.9973799558382493,0.9092643502035543
0.9973799126637555,0.9092493277449788
0.9973798694878386,0.9092343052864031
0.9973798263104988,0.9092192828278276
0.9973797831317359,0.9092042603692521
0.9973962195744961,0.9092042603692521
0.9973961337530283,0.9091742154521009
0.9973960479259028,0.9091441705349498
0.9973960050102182,0.9091291480763741
0.9973959620931191,0.9091141256177986
0.9973959191746052,0.909099103159223
0.9973958333333334,0.9090690582420718
0.997395790410575,0.9090540357834963
0.9973957474864018,0.9090390133249208
0.9973957045608136,0.9090239908663452
0.9973956616338102,0.9090089684077696
0.9973956187053917,0.908993945949194
0.9973955757755579,0.9089789234906185
0.9973954899116445,0.9089488785734673
0.9973954469775645,0.9089338561148917
0.9973954040420692,0.9089188336563162
0.9973953611051581,0.9089038111977407
0.9973953181668315,0.908888788739165
0.9973952752270892,0.9088737662805895
0.997395232285931,0.9088587438220139
0.9973951893433569,0.9088437213634384
0.9973951463993669,0.9088286989048627
0.9973950175589006,0.9087836315291361
0.9973949746092462,0.9087686090705605
0.9973947598397283,0.9086934967776826
0.997394716881575,0.9086784743191071
0.9973946739220051,0.9086634518605315
0.9973945879986148,0.9086334069433804
0.9973945020695569,0.9086033620262293
0.9973944591029024,0.9085883395676536
0.9973944161348307,0.9085733171090781
0.9973943731653419,0.9085582946505025
0.9973942872221123,0.9085282497333513
0.9973942442483714,0.9085132272747758
0.9973942012732131,0.9084982048162002
0.9973941153186436,0.908468159899049
0.9973940723392324,0.9084531374404735
0.9973939863761566,0.9084230925233223
0.9973939433924919,0.9084080700647468
0.9973938144329897,0.90836300268902
0.9973937714436527,0.9083479802304445
0.9973937284528974,0.908332957771869
0.9973936424671318,0.9083029128547178
0.9973935994721214,0.9082878903961422
0.9973935564756924,0.9082728679375667
0.9973935134778449,0.9082578454789911
0.9974099675008661,0.9082578454789911
0.9974099247723374,0.9082428230204155
0.9974098820423988,0.9082278005618399
0.9974098393110502,0.9082127781032644
0.9974097965782918,0.9081977556446889
0.9974262522272818,0.9081977556446889
0.9974262097639043,0.9081827331861132
0.9974261672991256,0.9081677107275377
0.9974261248329456,0.9081526882689621
0.9974260823653643,0.9081376658103866
0.9974259974259975,0.9081076208932354
0.9974424552429667,0.9081076208932354
0.9974423708397274,0.9080775759760843
0.9974423286360186,0.9080625535175086
0.997442286430917,0.9080475310589331
0.9974422442244224,0.9080325086003576
0.9974422020165349,0.908017486141782
0.9974421598072544,0.9080024636832064
0.9974421175965806,0.9079874412246308
0.9974420753845138,0.9079724187660553
0.9974420331710537,0.9079573963074797
0.9974419909562002,0.9079423738489041
0.9974419487399535,0.9079273513903285
0.9974418220828519,0.9078822840146018
0.9974417798610309,0.9078672615560263
0.9974417376378161,0.9078522390974507
0.9974416954132075,0.9078372166388751
0.997441653187205,0.9078221941802995
0.9974416109598085,0.907807171721724
0.9974415687310181,0.9077921492631484
0.9974415265008336,0.9077771268045728
0.9974414842692549,0.9077621043459972
0.997441442036282,0.9077470818874217
0.9974413998019148,0.9077320594288462
0.9974413575661533,0.9077170369702705
0.9974413153289974,0.907702014511695
0.9974412730904468,0.9076869920531194
0.9974412308505018,0.9076719695945439
0.9974576970697483,0.9076719695945439
0.9974576550995476,0.9076569471359682
0.9974576131279613,0.9076419246773927
0.9974575711549891,0.9076269022188171
0.997457529180631,0.9076118797602416
0.9974739970282318,0.9076118797602416
0.9974739553236804,0.907596857301666
0.997473913617752,0.9075818348430904
0.9974738719104462,0.9075668123845149
0.9974737884917031,0.9075367674673637
0.9974737050674505,0.9075067225502126
0.9974736633532578,0.907491700091637
0.9974736216376876,0.9074766776330614
0.9974735799207398,0.9074616551744858
0.9974735382024141,0.9074466327159103
0.9974734964827108,0.9074316102573348
0.9974734547616295,0.9074165877987591
0.9974734130391704,0.9074015653401836
0.9974733713153332,0.907386542881608
0.9974732878635245,0.9073564979644568
0.9974732461355529,0.9073414755058813
0.997473204406203,0.9073264530473057
0.9974896779521057,0.9073264530473057
0.9974895950320407,0.9072964081301546
0.9974895121064975,0.9072663632130035
0.9974894706416715,0.9072513407544278
0.9974894291754757,0.9072363182958523
0.9974893877079101,0.9072212958372767
0.9974893462389746,0.9072062733787012
0.9974893047686691,0.9071912509201255
0.9974892632969937,0.90717622846155
0.9974892218239482,0.9071612060029745
0.9974891803495325,0.9071461835443989
0.9974891388737467,0.9071311610858233
0.9974890973965904,0.9071161386272477
0.9974890559180639,0.9071011161686722
0.997489014438167,0.9070860937100966
0.9974889729568995,0.907071071251521
0.9974889314742615,0.9070560487929454
0.9974888485048736,0.9070260038757944
0.9974888070181236,0.9070109814172187
0.9974887240405108,0.9069809365000676
0.9974886825496481,0.9069659140414921
0.9974886410574143,0.9069508915829164
0.9974885995638094,0.9069358691243409
0.9974884750747675,0.9068908017486141
0.9974884335756775,0.9068757792900386
0.997488392075216,0.906860756831463
0.9974883090701786,0.9068307119143119
0.9974882675656025,0.9068156894557363
0.9974882260596546,0.9068006669971608
0.997488184552335,0.9067856445385852
0.9974881430436435,0.9067706220800096
0.9974880185093373,0.906725554704283
0.9974879769951578,0.9067105322457073
0.997487935479606,0.9066955097871318
0.997487893962682,0.9066804873285562
0.9974878109247169,0.906650442411405
0.9974877694036758,0.9066354199528295
0.997487727881262,0.9066203974942539
0.9974876863574758,0.9066053750356783
0.9974876448323168,0.9065903525771027
0.9974876033057851,0.9065753301185272
0.9974875617778807,0.9065603076599517
0.9974875202486032,0.906545285201376
0.997487478717953,0.9065302627428005
0.9974873956525333,0.9065002178256494
0.997487312581621,0.9064701729084982
0.997487271044105,0.9064551504499226
0.9974872295052156,0.9064401279913471
0.9974871879649528,0.9064251055327714
0.9974871464233166,0.9064100830741959
0.9974871048803068,0.9063950606156204
0.9974870217901664,0.9063650156984692
0.9974869386945308,0.9063349707813181
0.9974868971446522,0.9063199483227425
0.9974868555933997,0.9063049258641669
0.9974868140407731,0.9062899034055913
0.9974867724867725,0.9062748809470158
0.9974867309313977,0.9062598584884403
0.9974866893746487,0.9062448360298646
0.9974866478165253,0.9062298135712891
0.9974866062570276,0.9062147911127135
0.9974865646961555,0.906199768654138
0.9974864815702875,0.9061697237369868
0.9974864400052917,0.9061547012784112
0.9975029352912966,0.9061547012784112
0.9975028527013842,0.90612465636126
0.9975028114043791,0.9061096339026845
0.9975027288062713,0.9060795889855334
0.9975026875051682,0.9060645665269578
0.9975026462026991,0.9060495440683822
0.9975025635936622,0.9060194991512311
0.9975025222870941,0.9060044766926555
0.9975024809791597,0.90598945423408
0.997502439669859,0.9059744317755044
0.9975023983591915,0.9059594093169288
0.9975188977289644,0.9059594093169288
0.9975188566891624,0.9059443868583532
0.9975188156480026,0.9059293643997777
0.9975187335616098,0.9058993194826265
0.9975186925163766,0.9058842970240509
0.9975186514697855,0.9058692745654754
0.9975186104218362,0.9058542521068998
0.9975185693725289,0.9058392296483242
0.9975185283218634,0.9058242071897487
0.9975184872698397,0.9058091847311731
0.9975184462164577,0.9057941622725976
0.9975184051617173,0.9057791398140219
0.9975183641056184,0.9057641173554464
0.9975183230481611,0.9057490948968708
0.9975182409291706,0.9057190499797196
0.9975181998676373,0.9057040275211441
0.9975181588047453,0.9056890050625686
0.9975181177404944,0.905673982603993
0.9975180766748846,0.9056589601454174
0.9975180356079159,0.9056439376868418
0.997517994539588,0.9056289152282663
0.997517953469901,0.9056138927696907
0.9975179123988549,0.9055988703111151
0.9975178713264495,0.9055838478525395
0.9975178302526849,0.905568825393964
0.9975177891775608,0.9055538029353885
0.9975177481010773,0.9055387804768128
0.9975177070232343,0.9055237580182373
0.9975176659440317,0.9055087355596617
0.9975176248634694,0.9054937131010862
0.9975175837815474,0.9054786906425105
0.9975175426982655,0.905463668183935
0.997517501613624,0.9054486457253594
0.9975173783515392,0.9054035783496327
0.9975173372614575,0.9053885558910572
0.9975172961700156,0.9053735334324816
0.9975172550772133,0.905358510973906
0.9975172139830508,0.9053434885153304
0.997517172887528,0.9053284660567549
0.9975171317906446,0.9053134435981792
0.9975170906924007,0.9052984211396037
0.9975170495927961,0.9052833986810281
0.997517008491831,0.9052683762224526
0.997516967389505,0.905253353763877
0.9975169262858183,0.9052383313053014
0.9975168851807708,0.9052233088467259
0.9975168440743623,0.9052082863881503
0.9975168029665927,0.9051932639295747
0.9975167618574621,0.9051782414709991
0.9975167207469704,0.9051632190124236
0.9975166796351175,0.905148196553848
0.9975166385219032,0.9051331740952724
0.9975165974073277,0.9051181516366968
0.9975165562913907,0.9051031291781213
0.9975165151740922,0.9050881067195458
0.9975164740554323,0.9050730842609701
0.9975164329354107,0.9050580618023946
0.9975163918140274,0.905043039343819
0.9975163506912824,0.9050280168852435
0.9975162684417068,0.9049979719680923
0.9975327857994436,0.9049979719680923
0.9975327449454389,0.9049829495095167
0.9975327040900811,0.9049679270509412
0.9975326632333703,0.9049529045923655
0.9975326223753064,0.90493788213379
0.9975325815158892,0.9049228596752145
0.9975325406551188,0.9049078372166389
0.997532499792995,0.9048928147580633
0.9975324589295178,0.9048777922994877
0.9975324180646871,0.9048627698409122
0.9975323771985029,0.9048477473823366
0.997532336330965,0.904832724923761
0.9975322954620736,0.9048177024651854
0.9975322545918283,0.9048026800066099
0.9975322137202293,0.9047876575480344
0.9975321728472762,0.9047726350894587
0.9975321319729694,0.9047576126308832
0.9975320910973084,0.9047425901723076
0.9975320502202935,0.9047275677137321
0.9975320093419243,0.9047125452551564
0.9975319275811234,0.9046825003380053
0.9975318866986914,0.9046674778794297
0.997531845814905,0.9046524554208542
0.9975317640432687,0.9046224105037031
0.9975317231554186,0.9046073880451274
0.9975316822662139,0.9045923655865519
0.9975316413756543,0.9045773431279763
0.99753160048374,0.9045623206694008
0.9975315595904708,0.9045472982108251
0.9975315186958467,0.9045322757522496
0.9975314369025332,0.9045022308350985
0.9975313960038438,0.9044872083765229
0.9975313551037991,0.9044721859179473
0.997531314202399,0.9044571634593718
0.9975312732996438,0.9044421410007962
0.997531232395533,0.9044271185422206
0.9975311914900667,0.904412096083645
0.9975311505832449,0.9043970736250695
0.9975309869424007,0.9043369837907672
0.9975309051138435,0.904306938873616
0.9975308232798621,0.9042768939564649
0.9975307414404561,0.9042468490393137
0.9975306595956248,0.9042168041221627
0.9975306186711745,0.9042017816635871
0.9975305777453678,0.9041867592050115
0.9975305368182045,0.9041717367464359
0.9975304958896845,0.9041567142878604
0.9975304549598077,0.9041416918292848
0.9975304140285742,0.9041266693707092
0.9975469477731921,0.9041266693707092
0.9975468664533987,0.9040966244535581
0.9975468257914802,0.9040816019949826
0.9975467851282136,0.9040665795364069
0.997546744463599,0.9040515570778314
0.9975466224616659,0.9040064897021046
0.9975465817916583,0.9039914672435291
0.9975465411203024,0.9039764447849535
0.9975465004475979,0.9039614223263779
0.9975463377432938,0.9039013324920756
0.9975462563830493,0.9038712875749245
0.9975462157009036,0.903856265116349
0.9975461750174089,0.9038412426577733
0.9975461343325651,0.9038262201991978
0.9975460936463721,0.9038111977406222
0.99754605295883,0.9037961752820467
0.9975460122699387,0.903781152823471
0.9975459308881077,0.90375110790632
0.9975457681082516,0.9036910180720177
0.9975457274099133,0.9036759956134421
0.9975456867102253,0.9036609731548665
0.9975456460091873,0.903645950696291
0.9975456053067994,0.9036309282377154
0.9975455646030614,0.9036159057791399
0.9975455238979734,0.9036008833205642
0.9975454831915352,0.9035858608619887
0.9975454424837469,0.9035708384034131
0.9975453610641192,0.9035407934862619
0.9975453203522797,0.9035257710276864
0.9975452389245493,0.9034957261105353
0.9975451574914164,0.9034656811933841
0.9975451167728238,0.9034506587348086
0.9975450353315861,0.9034206138176574
0.9975449946089409,0.9034055913590818
0.9975449538849446,0.9033905689005063
0.9975448724328987,0.9033605239833551
0.997544831704849,0.9033455015247795
0.9975447909754479,0.903330479066204
0.9975447502446955,0.9033154566076284
0.9975447095125917,0.9033004341490528
0.9975446280443294,0.9032703892319017
0.9975445873081709,0.9032553667733261
0.9975445465706606,0.9032403443147505
0.9975444650915848,0.9032102993975994
0.9975444243500191,0.9031952769390238
0.9975443021172098,0.9031502095632972
0.9975442613702358,0.9031351871047215
0.9975442206219095,0.903120164646146
0.997544179872231,0.9031051421875704
0.9975441391212001,0.9030901197289949
0.9975440983688166,0.9030750972704192
0.9975440576150808,0.9030600748118437
0.9975439353457575,0.903015007436117
0.9975438945866109,0.9029999849775414
0.9975438538261114,0.9029849625189659
0.9975436500033193,0.902909850226088
0.9975435684647302,0.9028798053089369
0.9975435276934057,0.9028647828503613
0.9975434461466961,0.9028347379332101
0.9975434053713109,0.9028197154746346
0.9975433238164797,0.9027896705574835
0.9975432830370333,0.9027746480989078
0.9975432422562331,0.9027596256403323
0.9975432014740792,0.9027446031817568
0.997543160690571,0.9027295807231811
0.9975431199057089,0.9027145582646056
0.9975430791194927,0.90269953580603
0.9975430383319223,0.9026845133474545
0.9975429975429976,0.9026694908888788
0.9975429567527185,0.9026544684303033
0.997559517880267,0.9026544684303033
0.9975594773629074,0.9026394459717277
0.9975593558027561,0.902594378596001
0.9975593152800146,0.9025793561374255
0.9975592747559274,0.9025643336788499
0.997559193703716,0.9025342887616987
0.9975591126461212,0.9025042438445476
0.9975590721153048,0.902489221385972
0.9975590315831424,0.9024741989273964
0.9975589910496339,0.9024591764688209
0.9975589099785782,0.9024291315516697
0.9975588694410309,0.9024141090930942
0.9975588289021373,0.9023990866345186
0.9975587883618972,0.9023840641759431
0.9975587478203105,0.9023690417173674
0.9975587072773774,0.9023540192587919
0.9975586261874709,0.9023239743416408
0.9975585856404976,0.9023089518830651
0.9975584639914962,0.9022638845073385
0.997558423439135,0.9022488620487629
0.9975583423303712,0.9022188171316118
0.9975583017739685,0.9022037946730362
0.9975581800966762,0.9021587272973095
0.9975581395348837,0.902143704838734
0.9975580989717437,0.9021286823801583
0.9975580584072561,0.9021136599215828
0.9975579772742375,0.9020836150044316
0.9975579367057065,0.902068592545856
0.9975578961358275,0.9020535700872805
0.9975744687920522,0.9020535700872805
0.9975744284954812,0.902038547628705
0.997574388197571,0.9020235251701293
0.997574347898322,0.9020085027115538
0.9975743075977338,0.9019934802529782
0.9975742672958064,0.9019784577944027
0.99757422699254,0.901963435335827
0.9975741866879341,0.9019484128772515
0.9975741463819888,0.9019333904186759
0.9975740657660801,0.9019033455015247
0.9975739851448131,0.9018733005843736
0.9975739448321701,0.9018582781257981
0.9975739045181874,0.9018432556672225
0.9975738238862024,0.9018132107500714
0.9975737029281749,0.9017681433743446
0.9975736626061522,0.9017531209157691
0.9975735819580861,0.9017230759986179
0.9975735416320426,0.9017080535400424
0.9975735013046585,0.9016930310814668
0.997573460975934,0.9016780086228913
0.997573420645869,0.9016629861643156
0.9975733803144633,0.9016479637057401
0.9975733399817169,0.9016329412471645
0.9975732996476299,0.901617918788589
0.9975732593122019,0.9016028963300133
0.9975731786373232,0.9015728514128623
0.9975731382978723,0.9015578289542867
0.9975730979570804,0.9015428064957111
0.9975730576149473,0.9015277840371355
0.997573017271473,0.90151276157856
0.9975729769266574,0.9014977391199844
0.9975729365805004,0.9014827166614088
0.997572855884162,0.9014526717442577
0.9975894400851177,0.9014526717442577
0.9976059850374065,0.901437649285682
0.9976059452359973,0.9014226268271065
0.9976059054332647,0.901407604368531
0.9976058656292084,0.9013925819099554
0.9976058258238287,0.9013775594513798
0.9976057860171252,0.9013625369928042
0.9976057462090981,0.9013475145342287
0.9976057063997472,0.9013324920756531
0.9976056665890726,0.9013174696170775
0.9976056267770739,0.9013024471585019
0.9976055869637512,0.9012874246999264
0.9976055471491045,0.9012724022413509
0.9976055073331338,0.9012573797827752
0.9976054675158388,0.9012423573241997
0.9976054276972196,0.9012273348656241
0.9976053878772762,0.9012123124070486
0.9976053480560082,0.9011972899484729
0.997605308233416,0.9011822674898974
0.9976052684094991,0.9011672450313218
0.9976051887576917,0.9011372001141706
0.9976051489298009,0.9011221776555951
0.9976051091005854,0.9011071551970196
0.9976049896049896,0.9010620878212928
0.997621582063735,0.9010620878212928
0.9976215425045324,0.9010470653627173
0.9976215029440139,0.9010320429041417
0.9976214633821793,0.9010170204455661
0.9976214238190286,0.9010019979869905
0.9976213842545618,0.900986975528415
0.9976213446887787,0.9009719530698395
0.9976213051216793,0.9009569306112638
0.9976212655532637,0.9009419081526883
0.9976212259835315,0.9009268856941127
0.997621186412483,0.9009118632355372
0.9976211468401178,0.9008968407769615
0.9976211072664359,0.900881818318386
0.9976210676914375,0.9008667958598104
0.9976209885374903,0.9008367509426592
0.9976209489585413,0.9008217284840837
0.9976209093782754,0.9008067060255082
0.9976208697966925,0.9007916835669325
0.9976208302137926,0.900776661108357
0.9976207906295754,0.9007616386497814
0.997620751044041,0.9007466161912059
0.9976207114571894,0.9007315937326302
0.9976206718690205,0.9007165712740547
0.9976206322795341,0.9007015488154791
0.9976205926887303,0.9006865263569036
0.9976205530966089,0.900671503898328
0.9976205135031698,0.9006564814397524
0.9976203551162365,0.9005963916054501
0.9976203155162084,0.9005813691468746
0.9976202759148625,0.900566346688299
0.9976202363121983,0.9005513242297234
0.9976201967082161,0.9005363017711479
0.9976201571029157,0.9005212793125723
0.9976201174962971,0.9005062568539968
0.9976199986685307,0.90046118947827
0.9976199590566384,0.9004461670196945
0.9976199194434273,0.9004311445611188
0.9976198798288977,0.9004161221025433
0.9976364846870839,0.9004161221025433
0.9976364453469598,0.9004010996439678
0.9976363666627828,0.9003710547268166
0.9976363273187296,0.900356032268241
0.9976362879733667,0.9003410098096655
0.9976362092787109,0.9003109648925143
0.9976361699294181,0.9002959424339387
0.9976361305788151,0.9002809199753632
0.997636091226902,0.9002658975167876
0.9976360518736787,0.900250875058212
0.9976359338061466,0.9002058076824854
0.9976358944476816,0.9001907852239097
0.9976358550879062,0.9001757627653342
0.9976524649118426,0.9001757627653342
0.9976524258266458,0.9001607403067586
0.9976522694728429,0.9001006504724564
0.9976522303811379,0.9000856280138807
0.9976521521938223,0.9000555830967296
0.9976521130982116,0.9000405606381541
0.997652034903084,0.9000105157210029
0.997651995803567,0.8999954932624273
0.9976519567027478,0.8999804708038518
0.9976518784972023,0.8999504258867006
0.9976518393924759,0.8999354034281251
0.9976518002864471,0.8999203809695495
0.9976517611791157,0.8999053585109739
0.9976517220704817,0.8998903360523983
0.9976516047367632,0.8998452686766716
0.997651565622918,0.899830246218096
0.9976514873913188,0.899800201300945
0.9976514482735647,0.8997851788423693
0.9976514091545073,0.8997701563837938
0.9976513700341467,0.8997551339252182
0.9976513309124829,0.8997401114666427
0.9976512917895157,0.899725089008067
0.9976512526652452,0.8997100665494915
0.9976512135396711,0.8996950440909159
0.9976511744127936,0.8996800216323404
0.9976511352846125,0.8996649991737647
0.9976510961551276,0.8996499767151892
0.9976510570243391,0.8996349542566137
0.9976510178922466,0.8996199317980381
0.9976509787588504,0.8996049093394625
0.9976509396241503,0.8995898868808869
0.9976509004881462,0.8995748644223114
0.9976675219086335,0.8995748644223114
0.9976674830476,0.8995598419637358
0.9976674441852715,0.8995448195051602
0.9976674053216481,0.8995297970465846
0.9976673664567296,0.8995147745880091
0.997667327590516,0.8994997521294334
0.9976672887230073,0.8994847296708579
0.9976672498542031,0.8994697072122824
0.9976672109841037,0.8994546847537068
0.9976671721127089,0.8994396622951312
0.9976671332400187,0.8994246398365556
0.9976670943660328,0.8994096173779801
0.9976670554907515,0.8993945949194045
0.9976670166141746,0.8993795724608289
0.9976669388571333,0.8993495275436778
0.997666899976669,0.8993345050851023
0.9976835263728022,0.8993345050851023
0.9976834877674822,0.8993194826265266
0.9976834491608753,0.8993044601679511
0.9976834105529816,0.8992894377093755
0.997683371943801,0.8992744152508
0.9976833333333334,0.8992593927922243
0.9976832947215787,0.8992443703336488
0.9976832561085369,0.8992293478750732
0.9976832174942081,0.8992143254164977
0.9976831788785919,0.899199302957922
0.9976831402616885,0.8991842804993465
0.9976831016434977,0.899169258040771
0.9976830630240194,0.8991542355821954
0.9976830244032537,0.8991392131236198
0.9976829857812005,0.8991241906650442
0.9976829471578597,0.8991091682064687
0.997682908533231,0.8990941457478931
0.9976827926516187,0.8990490783721664
0.9976827540218388,0.8990340559135909
0.9976826767584149,0.8990040109964397
0.9976826381247708,0.8989889885378641
0.9976825994898384,0.8989739660792886
0.9976824449372259,0.8989138762449863
0.9976824062958517,0.8988988537864107
0.9976823676531889,0.8988838313278351
0.9976823290092374,0.8988688088692596
0.9976822903639971,0.8988537864106839
0.9976822517174682,0.8988387639521084
0.9976822130696503,0.8988237414935328
0.9976821744205436,0.8988087190349573
0.9976820971184632,0.8987786741178061
0.9976820584654894,0.8987636516592306
0.9976820198112264,0.898748629200655
0.9976819811556742,0.8987336067420794
0.9976819424988327,0.8987185842835038
0.9976819038407018,0.8987035618249283
0.9976818651812814,0.8986885393663527
0.9976818265205717,0.8986735169077771
0.9976817878585724,0.8986584944492015
0.9976817491952834,0.898643471990626
0.9976817105307049,0.8986284495320505
0.9976816718648365,0.8986134270734748
0.9976816331976783,0.8985984046148993
0.9976982353137406,0.8985833821563237
0.9976981585268214,0.8985533372391725
0.9976981201314407,0.898538314780597
0.9976980433368363,0.8985082698634459
0.9976979665371077,0.8984782249462947
0.9976979281353218,0.8984632024877192
0.9976978897322546,0.8984481800291436
0.997697851327906,0.898433157570568
0.9976978129222762,0.8984181351119924
0.9976977745153649,0.8984031126534169
0.997697736107172,0.8983880901948413
0.9976976592869418,0.8983580452776901
0.9976976208749041,0.8983430228191146
0.9976975824615847,0.8983280003605391
0.9977142285104111,0.8983280003605391
0.997714190372904,0.8983129779019634
0.9977141140940717,0.8982829329848123
0.9977140759527464,0.8982679105262368
0.9977140378101483,0.8982528880676611
0.9977139615211333,0.89822284315051
0.9977139233747163,0.8982078206919344
0.9977138089278265,0.8981627533162078
0.9977137707763166,0.8981477308576321
0.9977137326235336,0.8981327083990566
0.997713694469477,0.898117685940481
0.9977136181575433,0.8980876410233298
0.9977135418405154,0.8980575961061787
0.9977134273554201,0.898012528730452
0.997713389191174,0.8979975062718765
0.9977133510256538,0.8979824838133009
0.9977132746907913,0.8979524388961497
0.9977132365214488,0.8979374164375742
0.997713198350832,0.8979223939789986
0.9977131601789411,0.897907371520423
0.9977130074786325,0.8978472816861207
0.9977129693003689,0.8978322592275452
0.9977128547579299,0.8977871918518184
0.9977128165745672,0.8977721693932429
0.9977127783899296,0.8977571469346673
0.9977127402040169,0.8977421244760918
0.9977127020168292,0.8977271020175162
0.9977126256386283,0.8976970571003651
0.9977125874476149,0.8976820346417895
0.9977292459760903,0.8976820346417895
0.9977292080613114,0.8976670121832139
0.997729132227955,0.8976369672660628
0.9977290943093775,0.8976219448074872
0.9977290563895336,0.8976069223489116
0.9977290184684233,0.897591899890336
0.9977289426224033,0.8975618549731849
0.9977289046974934,0.8975468325146093
0.9977288288438737,0.8975167875974582
0.9977287909151636,0.8975017651388826
0.9977287529851868,0.897486742680307
0.9977286771214323,0.897456697763156
0.9977286012526096,0.8974266528460048
0.9977285633162976,0.8974116303874292
0.9977284874398717,0.897381585470278
0.9977284494997578,0.8973665630117025
0.9977284115583764,0.8973515405531269
0.9977283736157276,0.8973365180945514
0.9977283356718113,0.8973214956359757
0.9977282597801758,0.8972914507188247
0.9977282218324564,0.8972764282602491
0.9977281459332141,0.8972463833430979
0.9977281079816912,0.8972313608845224
0.9977280320748413,0.8972013159673712
0.9977279941195142,0.8971862935087956
0.9977446623676033,0.8971862935087956
0.9977446246888417,0.8971712710502201
0.9977445870088212,0.8971562485916446
0.9977444739612049,0.8971111812159178
0.9977443985898314,0.8970811362987666
0.9977443609022556,0.8970661138401911
0.9977443232134204,0.8970510913816155
0.9977442855233257,0.89703606892304
0.9977442478319716,0.8970210464644643
0.9977442101393577,0.8970060240058888
0.997744134750351,0.8969759790887377
0.9977440970539578,0.8969609566301621
0.997744059356305,0.8969459341715865
0.9977439839572193,0.8969158892544353
0.9977439085530934,0.8968858443372842
0.9977438708491402,0.8968708218787087
0.9977438331439268,0.896855799420133
0.9977437577297189,0.896825754502982
0.9977437200207243,0.8968107320444064
0.9977436823104693,0.8967957095858308
0.9977436445989537,0.8967806871272552
0.9977436068861775,0.8967656646686797
0.9977435691721406,0.8967506422101041
0.9977434937402845,0.896720597292953
0.9977434560224652,0.8967055748343774
0.9977434183033849,0.8966905523758019
0.9977433805830436,0.8966755299172262
0.9977433428614413,0.8966605074586507
0.9977433051385778,0.8966454850000751
0.9977432674144531,0.8966304625414996
0.9977432296890673,0.8966154400829239
0.99774319196242,0.8966004176243484
0.9977431542345113,0.8965853951657728
0.9977431165053413,0.8965703727071973
0.9977430787749098,0.8965553502486217
0.9977430033102618,0.8965253053314706
0.9977429655760454,0.896510282872895
0.9977429278405671,0.8964952604143194
0.9977428901038271,0.8964802379557438
0.9977428523658252,0.8964652154971683
0.9977428146265612,0.8964501930385927
0.9977427768860353,0.8964351705800171
0.9977427391442474,0.8964201481214416
0.9977427014011973,0.896405125662866
0.9977426636568849,0.8963901032042905
0.9977425881644734,0.8963600582871393
0.997742550416374,0.8963450358285637
0.9977425126670123,0.8963300133699882
0.997742474916388,0.8963149909114125
0.9977424371645011,0.896299968452837
0.9977423994113516,0.8962849459942615
0.9977423616569393,0.8962699235356858
0.9977423239012643,0.8962549010771103
0.9977422861443265,0.8962398786185347
0.9977422483861257,0.8962248561599592
0.997742210626662,0.8962098337013835
0.9977421728659353,0.896194811242808
0.9977421351039454,0.8961797887842324
0.9977420595761762,0.8961497438670812
0.9977420218103967,0.8961347214085057
0.9977419840433539,0.8961196989499302
0.997741908505478,0.896089654032779
0.9977418707346447,0.8960746315742034
0.9977418329625479,0.8960596091156279
0.9977417196386752,0.8960145417399011
0.9977416818615232,0.8959995192813256
0.9977416440831075,0.89598449682275
0.997741568522484,0.8959544519055989
0.997741530740276,0.8959394294470233
0.9977414929568039,0.8959244069884478
0.9977414551720677,0.8959093845298721
0.997741417386067,0.8958943620712966
0.997741379598802,0.895879339612721
0.9977413418102727,0.8958643171541455
0.9977413040204789,0.8958492946955698
0.9977412662294204,0.8958342722369943
0.9977411906435096,0.8958042273198432
0.9977411528486573,0.8957892048612676
0.99774111505254,0.895774182402692
0.9977410772551579,0.8957591599441165
0.9977410016565987,0.8957291150269653
0.9977409638554217,0.8957140925683897
0.9977409260529795,0.8956990701098142
0.9977408882492721,0.8956840476512385
0.9977575848854527,0.8956840476512385
0.997757547359261,0.895669025192663
0.9977575098318132,0.8956540027340875
0.9977574723031094,0.8956389802755119
0.9977574347731495,0.8956239578169363
0.9977573597094609,0.8955939128997852
0.9977573221757322,0.8955788904412096
0.9977572846407471,0.895563867982634
0.9977572471045056,0.8955488455240584
0.9977572095670075,0.8955338230654829
0.997757172028253,0.8955188006069074
0.9977570969469738,0.8954887556897562
0.997757059404449,0.8954737332311806
0.9977570218606675,0.8954587107726051
0.9977569843156291,0.8954436883140294
0.9977569467693338,0.8954286658554539
0.9977569092217814,0.8954136433968783
0.9977568341229054,0.8953835984797271
0.9977567965715817,0.8953685760211516
0.9977567590190006,0.8953535535625761
0.9977567214651623,0.8953385311040005
0.9977734250749167,0.8953385311040005
0.9977733877988348,0.8953235086454249
0.9977733132429265,0.8952934637282738
0.9977732759631,0.8952784412696982
0.9977899072430767,0.895248396352547
0.9977898702385936,0.8952333738939715
0.9977898332328712,0.895218351435396
0.9977897962259096,0.8952033289768203
0.9977897592177087,0.8951883065182448
0.9977897222082684,0.8951732840596692
0.9977896851975887,0.8951582616010937
0.9977896481856695,0.895143239142518
0.9977896111725107,0.8951282166839425
0.9977895371424744,0.8950981717667914
0.9977895001255965,0.8950831493082158
0.997789463107479,0.8950681268496402
0.9977894260881215,0.8950531043910647
0.9977893890675241,0.895038081932489
0.9977892779982918,0.8949930145567624
0.997789203945936,0.8949629696396112
0.9977891669178977,0.8949479471810357
0.9977890928580999,0.8949179022638845
0.9977890558263404,0.8949028798053089
0.9977889817590995,0.8948728348881578
0.9977889447236181,0.8948578124295822
0.9977888336097291,0.8948127450538556
0.9977887595275986,0.8947827001367044
0.9977886854405039,0.8947526552195533
0.9977886483950948,0.8947376327609776
0.9977886113484445,0.8947226103024021
0.9977885743005529,0.8947075878438265
0.9977885372514198,0.894692565385251
0.9977885002010455,0.8946775429266753
0.997788426096572,0.8946474980095243
0.9977883519871322,0.8946174530923731
0.9977883149305498,0.8946024306337975
0.9977882037533512,0.8945573632580708
0.9977881666918011,0.8945423407994952
0.997788129629009,0.8945273183409197
0.9977880925649748,0.8945122958823442
0.9977880554996984,0.8944972734237685
0.9977880184331798,0.894482250965193
0.9977879813654188,0.8944672285066174
0.9977878701546815,0.8944221611308907
0.997804591922239,0.8944221611308907
0.997804555129129,0.8944071386723151
0.9978045183347858,0.8943921162137395
0.9978044447423994,0.8943620712965884
0.997804407944356,0.8943470488380129
0.9978043711450791,0.8943320263794372
0.9978043343445686,0.8943170039208617
0.9978042607398468,0.8942869590037106
0.9978042239356353,0.8942719365451349
0.9978041871301899,0.8942569140865594
0.9978041503235107,0.8942418916279838
0.997804039896069,0.8941968242522571
0.9978040030844537,0.8941818017936816
0.9978039662716041,0.894166779335106
0.9978039294575203,0.8941517568765304
0.9978038926422022,0.8941367344179548
0.9978038558256497,0.8941217119593793
0.9978038190078626,0.8941066895008037
0.9978037821888412,0.8940916670422281
0.9978037453685852,0.8940766445836525
0.9978037085470945,0.894061622125077
0.9978036717243692,0.8940465996665015
0.9978036349004091,0.8940315772079258
0.9978035980752142,0.8940165547493503
0.9978035612487844,0.8940015322907747
0.9978035244211197,0.8939865098321992
0.99780348759222,0.8939714873736235
0.9978034507620852,0.893956464915048
0.9978034139307154,0.8939414424564724
0.9978033770981103,0.8939264199978969
0.9978031929165548,0.893851307705019
0.9978031560765374,0.8938362852464434
0.9978031192352843,0.8938212627878679
0.9978030823927955,0.8938062403292923
0.997803045549071,0.8937912178707167
0.9978030087041105,0.8937761954121412
0.9978029718579143,0.8937611729535656
0.9978029350104822,0.89374615049499
0.997802898161814,0.8937311280364144
0.9978028613119099,0.8937161055778389
0.9978028244607695,0.8937010831192633
0.997802640186524,0.8936259708263854
0.9978025664681708,0.8935959259092343
0.9978025296071392,0.8935809034506588
0.9978024558813662,0.8935508585335076
0.9978023821506459,0.8935208136163565
0.9978023452834304,0.8935057911577808
0.9978023084149779,0.8934907686992053
0.9978022715452883,0.8934757462406298
0.9978021978021978,0.8934457013234786
0.9978021609287967,0.893430678864903
0.9978020503011694,0.8933856114891763
0.9978020134228188,0.8933705890306007
0.9978019765432306,0.8933555665720252
0.9978019396624048,0.8933405441134497
0.9978019027803413,0.893325521654874
0.997801829012501,0.8932954767377229
0.9978017552397094,0.8932654318205717
0.9978017183514566,0.8932504093619962
0.9978016814619657,0.8932353869034206
0.9978016445712368,0.8932203644448451
0.9978015707860644,0.8931903195276939
0.9978014969959387,0.8931602746105428
0.9978013494008258,0.8931001847762404
0.9978012755958375,0.8930701398590893
0.9978012386914853,0.8930551174005138
0.9978012017858942,0.8930400949419381
0.9978011648790641,0.8930250724833626
0.9978011279709951,0.8930100500247871
0.9978010910616869,0.8929950275662115
0.9978010541511397,0.8929800051076359
0.9978010172393534,0.8929649826490603
0.9978009803263278,0.8929499601904848
0.9978009434120629,0.8929349377319092
0.9978007588221469,0.8928598254390313
0.9978007219004449,0.8928448029804558
0.9978006111279003,0.892799735604729
0.997800574201239,0.8927847131461535
0.9978340804916134,0.8927847131461535
0.9978340441250546,0.8927696906875779
0.9978339350180505,0.8927246233118512
0.9978338622739409,0.8926945783947001
0.9978338259000538,0.8926795559361245
0.9978337895249451,0.8926645334775489
0.9978337531486146,0.8926495110189734
0.9978337167710625,0.8926344885603978
0.9978336803922886,0.8926194661018222
0.9978336440122928,0.8926044436432466
0.9978336076310751,0.8925894211846711
0.9978335348649738,0.8925593762675199
0.9978334984800901,0.8925443538089444
0.9978334257066559,0.8925143088917933
0.9978333893181055,0.8924992864332176
0.9978333529283326,0.8924842639746421
0.9978333165373375,0.8924692415160665
0.9978332801451198,0.8924542190574909
0.9978500403117442,0.8924542190574909
0.9978500041992105,0.8924391965989154
0.9978499319705038,0.8924091516817643
0.9978498958543305,0.8923941292231886
0.9978498597369437,0.8923791067646131
0.997849751377503,0.8923340393888863
0.9978497152552623,0.8923190169303108
0.997849679131808,0.8923039944717353
0.9978496430071399,0.8922889720131597
0.997849606881258,0.8922739495545841
0.9978495707541623,0.8922589270960085
0.9978495346258526,0.892243904637433
0.9978494262336397,0.8921988372617062
0.9978493901004738,0.8921838148031307
0.9978493539660938,0.8921687923445552
0.9978492816936907,0.892138747427404
0.9978492094164301,0.8921087025102529
0.997849173275978,0.8920936800516772
0.9978659407504495,0.8920936800516772
0.9978659048899344,0.8920786575931017
0.9978658331652887,0.8920486126759506
0.9978657973011579,0.8920335902173749
0.9978657614358216,0.8920185677587994
0.9978657255692799,0.8920035453002239
0.9978656538325799,0.8919735003830727
0.9978655820910572,0.8919434554659216
0.9978655103447117,0.8919134105487704
0.9978654744697301,0.8918983880901948
0.9978654385935425,0.8918833656316193
0.997865402716149,0.8918683431730438
0.9978653668375493,0.8918533207144681
0.9978653309577437,0.8918382982558926
0.9978652950767317,0.891823275797317
0.9978651874264582,0.8917782084215903
0.9978651515406209,0.8917631859630147
0.9978650079852064,0.8917030961287125
0.997864900305975,0.8916580287529857
0.997864864410484,0.8916430062944102
0.9978648285137861,0.8916279838358345
0.9978647926158812,0.891612961377259
0.9978647567167692,0.8915979389186834
0.9978647208164501,0.8915829164601079
0.9978646849149236,0.8915678940015322
0.99786464901219,0.8915528715429567
0.997864613108249,0.8915378490843812
0.9978645772031005,0.8915228266258056
0.9978645412967447,0.89150780416723
0.9978645053891813,0.8914927817086544
0.9978644694804103,0.8914777592500789
0.9978644335704316,0.8914627367915033
0.9978643976592453,0.8914477143329277
0.9978643617468512,0.8914326918743521
0.9978643258332492,0.8914176694157766
0.9978642899184395,0.8914026469572011
0.9978642540024216,0.8913876244986254
0.9978642180851959,0.8913726020400499
0.997864182166762,0.8913575795814743
0.9978641462471199,0.8913425571228988
0.9978641103262698,0.8913275346643231
0.9978640744042113,0.8913125122057476
0.9978640025564693,0.8912824672885965
0.9978807501471701,0.8912674448300208
0.9978806788555665,0.8912373999128698
0.9978806432079661,0.8912223774542942
0.9978806075591664,0.8912073549957186
0.9978973927670312,0.8912073549957186
0.9978973573987788,0.891192332537143
0.9978972866587044,0.8911622876199918
0.9978972512868822,0.8911472651614163
0.9978971805396676,0.8911172202442652
0.9978971097876922,0.891087175327114
0.997897074409919,0.8910721528685385
0.9978970390309556,0.8910571304099629
0.9978970036508017,0.8910421079513873
0.9978969682694573,0.8910270854928117
0.9978969328869223,0.8910120630342362
0.9978968975031968,0.8909970405756606
0.9978968621182804,0.890982018117085
0.9978968267321735,0.8909669956585095
0.9978967913448757,0.8909519731999339
0.9978967559563872,0.8909369507413584
0.9978967205667076,0.8909219282827827
0.9978966851758371,0.8909069058242072
0.9978966497837756,0.8908918833656316
0.9978965789960792,0.8908618384484804
0.9978965436004442,0.8908468159899049
0.997896508203618,0.8908317935313294
0.9978964374063914,0.8908017486141782
0.9978964020059911,0.8907867261556026
0.9978963666043991,0.8907717036970271
0.9978963312016156,0.8907566812384515
0.9978962603924737,0.8907266363213003
0.9978962249861151,0.8907116138627248
0.9978961895785647,0.8906965914041493
0.9978961541698225,0.8906815689455736
0.9978961187598883,0.8906665464869981
0.997896083348762,0.8906515240284225
0.9978960125229335,0.8906214791112713
0.9978958708569697,0.890561389276969
0.9978958354374979,0.8905463668183935
0.9978958000168336,0.890531344359818
0.9978957291719274,0.8905012994426668
0.9978956937476853,0.8904862769840912
0.9978956583222505,0.8904712545255157
0.997895622895623,0.89045623206694
0.9978955874678025,0.8904412096083645
0.9978955520387892,0.8904261871497889
0.9978953748758271,0.8903510748569111
0.9978953394396551,0.8903360523983355
0.9978952685637312,0.8903060074811844
0.9978952331239792,0.8902909850226088
0.9978951976830336,0.8902759625640332
0.9978951622408945,0.8902609401054576
0.9978951267975618,0.8902459176468821
0.9978950559073151,0.8902158727297309
0.9978950204604011,0.8902008502711554
0.9978949850122932,0.8901858278125798
0.9978949495629915,0.8901708053540043
0.9978949141124958,0.8901557828954286
0.9978948786608061,0.8901407604368531
0.9978948432079221,0.8901257379782775
0.9978948077538441,0.890110715519702
0.9978947722985718,0.8900956930611263
0.9978947368421053,0.8900806706025508
0.9978947013844444,0.8900656481439753
0.9978946659255891,0.8900506256853997
0.9978946304655393,0.8900356032268241
0.9978945595418561,0.890005558309673
0.9978945240782227,0.8899905358510974
0.9978944886133945,0.8899755133925218
0.9978944531473715,0.8899604909339462
0.9978944176801536,0.8899454684753707
0.9978943822117409,0.8899304460167952
0.9978943467421333,0.8899154235582195
0.9978943112713307,0.889900401099644
0.9978942757993329,0.8898853786410684
0.997911086403531,0.8898853786410684
0.997911051212938,0.8898703561824928
0.9979110160211594,0.8898553337239172
0.9979109808281951,0.8898403112653417
0.9979109456340448,0.8898252888067661
0.9979109104387088,0.8898102663481905
0.9979108400444789,0.8897802214310394
0.9979108048455849,0.8897651989724639
0.9979107344442385,0.8897351540553127
0.997910699241786,0.8897201315967371
0.9979106640381472,0.8897051091381616
0.9979106288333222,0.8896900866795859
0.9979105936273106,0.8896750642210104
0.9979105584201126,0.8896600417624349
0.997910523211728,0.8896450193038593
0.9979104880021569,0.8896299968452837
0.9979104175794546,0.8895999519281326
0.9979103823663235,0.889584929469557
0.9979103471520054,0.8895699070109814
0.9979103119365005,0.8895548845524058
0.9979102767198086,0.8895398620938303
0.9979102415019296,0.8895248396352547
0.9979101710626106,0.8894947947181036
0.9979269895843867,0.8894947947181036
0.9979269546458126,0.889479772259528
0.9979269197060608,0.8894647498009525
0.9979268498230238,0.8894347048838013
0.9979268148797384,0.8894196824252257
0.9979267799352751,0.8894046599666502
0.9979267449896337,0.8893896375080745
0.9979267100428143,0.889374615049499
0.9979266750948167,0.8893595925909235
0.9979266401456409,0.8893445701323479
0.9979265702437544,0.8893145252151967
0.9979265352910437,0.8892995027566212
0.9979264653820867,0.88926945783947
0.9979263954684154,0.8892394129223189
0.9979263605098119,0.8892243904637432
0.9979262905890683,0.8891943455465922
0.9979262556269284,0.8891793230880166
0.9979262206636094,0.889164300629441
0.9979261856991115,0.8891492781708654
0.9979261507334345,0.8891342557122899
0.9979261157665784,0.8891192332537143
0.9979260458293288,0.8890891883365631
0.9979260108589351,0.8890741658779876
0.997925975887362,0.8890591434194121
0.9979259409146095,0.8890441209608364
0.9979258709655661,0.8890140760436853
0.9979258359892751,0.8889990535851098
0.9979258010118044,0.8889840311265341
0.997925766033154,0.8889690086679586
0.9979257310533239,0.888953986209383
0.997925696072314,0.8889389637508075
0.9979256610901241,0.8889239412922318
0.9979256261067544,0.8889089188336563
0.9979255561364748,0.8888788739165052
0.9979255211495649,0.8888638514579296
0.9979254161817538,0.8888187840822029
0.9979253811901228,0.8888037616236273
0.9979253112033195,0.8887737167064762
0.9979252762081471,0.8887586942479007
0.9979421091694217,0.8887586942479007
0.9979420397422489,0.8887286493307495
0.9979419703103913,0.8886986044135984
0.9979419355927057,0.8886835819550227
0.9979419008738486,0.8886685594964472
0.9979418661538202,0.8886535370378716
0.9979418314326203,0.8886385145792961
0.9979417967102489,0.8886234921207204
0.9979417272619912,0.8885934472035694
0.9979416925361048,0.8885784247449937
0.9979416578090465,0.8885634022864182
0.9979416230808166,0.8885483798278426
0.9979415883514148,0.8885333573692671
0.9979415536208409,0.8885183349106914
0.9979414494220873,0.8884732675349648
0.9979414146868251,0.8884582450763892
0.9979413452127839,0.8884282001592381
0.9979413104740048,0.8884131777006625
0.9979412409929294,0.8883831327835113
0.9979412062506329,0.8883681103249358
0.9979411715071637,0.8883530878663602
0.9979411367625219,0.8883380654077846
0.9979579782296852,0.8883380654077846
0.9979579437675093,0.888323042949209
0.9979579093041703,0.8883080204906335
0.9979578748396679,0.888292998032058
0.9979578403740021,0.8882779755734823
0.997957805907173,0.8882629531149068
0.9979577714391804,0.8882479306563312
0.9979577369700243,0.8882329081977557
0.9979577024997046,0.88821788573918
0.9979576680282213,0.8882028632806045
0.9979574611748818,0.8881127285291511
0.9979574266952514,0.8880977060705755
0.9979573577324983,0.8880676611534244
0.9979573232493754,0.8880526386948489
0.9979572887650882,0.8880376162362732
0.9979572542796367,0.8880225937776977
0.9979572197930208,0.8880075713191221
0.9979571508162955,0.8879775264019709
0.997957116326186,0.8879625039433954
0.9979570818349119,0.8879474814848198
0.9979570473424731,0.8879324590262442
0.9979570128488696,0.8879174365676686
0.997956943858168,0.8878873916505176
0.9979568748628067,0.8878573467333664
0.9979568403633785,0.8878423242747908
0.9979568058627851,0.8878273018162153
0.9979567713610267,0.8878122793576396
0.9979567368581029,0.8877972568990641
0.997956702354014,0.8877822344404885
0.997956564326004,0.8877221446061863
0.9979565298160877,0.8877071221476107
0.9979564953050057,0.8876920996890351
0.9979564607927581,0.8876770772304595
0.9979564262793447,0.887662054771884
0.9979563917647655,0.8876470323133084
0.9979901025216613,0.8876470323133084
0.997990068574131,0.8876320098547328
0.9979900346254539,0.8876169873961572
0.9979898988192767,0.887556897561855
0.9979897969525997,0.8875118301861282
0.9979897629947464,0.8874968077275527
0.9979896950755976,0.8874667628104016
0.9979896611143021,0.887451740351826
0.9979896271518591,0.8874367178932504
0.9979895931882686,0.8874216954346749
0.9979895592235306,0.8874066729760993
0.9979895252576448,0.8873916505175237
0.9979894912906114,0.8873766280589481
0.9979894573224303,0.8873616056003726
0.9979893893826243,0.8873315606832214
0.9979893554109994,0.8873165382246458
0.9979893214382265,0.8873015157660703
0.9979892874643056,0.8872864933074947
0.9979892534892366,0.8872714708489191
0.9979892195130193,0.8872564483903436
0.9979891515571402,0.8872264034731924
0.9979890835966676,0.8871963585560413
0.9979890496147087,0.8871813360974657
0.9979890156316011,0.8871663136388901
0.9979889816473451,0.8871512911803145
0.997988913675387,0.8871212462631635
0.9979888796876848,0.8871062238045878
0.9979888456988338,0.8870912013460123
0.997988811708834,0.8870761788874367
0.9979887777176852,0.8870611564288612
0.9979887437253875,0.8870461339702855
0.9979887097319406,0.88703111151171
0.9980055439118383,0.8870160890531344
0.9980055102006321,0.8870010665945589
0.998005442774801,0.8869710216774077
0.9980054090601758,0.8869559992188322
0.998005341627506,0.886925954301681
0.9980053079094613,0.8869109318431054
0.9980052741902765,0.8868959093845299
0.9980052404699519,0.8868808869259543
0.998005173025882,0.8868508420088032
0.9980051393021369,0.8868358195502276
0.9980051055772514,0.8868207970916521
0.9980050718512257,0.8868057746330764
0.9980050381240596,0.8867907521745009
0.998005004395753,0.8867757297159253
0.998004970666306,0.8867607072573498
0.9980049369357183,0.8867456847987741
0.9980049032039902,0.8867306623401986
0.9980048694711213,0.886715639881623
0.9980048357371117,0.8867006174230475
0.9980048020019614,0.8866855949644719
0.9980047345282381,0.8866555500473208
0.9980047007896651,0.8866405275887451
0.9980046670499509,0.8866255051301696
0.9980045995670995,0.8865954602130185
0.9980045658239621,0.8865804377544428
0.9980044308399993,0.8865203479201406
0.9980043970911551,0.886505325461565
0.9980043633411693,0.8864903030029895
0.9980043295900419,0.8864752805444139
0.9980042620843622,0.8864452356272627
0.9980042283298097,0.8864302131686872
0.9980211081794196,0.8864302131686872
0.9980210747086582,0.8864151907101117
0.9980210412367646,0.886400168251536
0.9980209742895805,0.8863701233343849
0.9980208738603109,0.8863250559586582
0.9980208403816225,0.8863100335000826
0.9980208069018016,0.8862950110415071
0.9980207399387614,0.8862649661243559
0.9980206729711898,0.8862349212072048
0.9980206394857046,0.8862198987486292
0.9980205725113351,0.8861898538314781
0.9980205390224508,0.8861748313729025
0.9980205055324333,0.8861598089143269
0.9980204385489984,0.8861297639971758
0.998020405055581,0.8861147415386003
0.9980203715610301,0.8860997190800246
0.998020304568528,0.8860696741628735
0.9980202710705764,0.886054651704298
0.9980202375714914,0.8860396292457223
0.9980370921889806,0.8860246067871468
0.9980369593176741,0.8859645169528445
0.9980369260970368,0.885949494494269
0.9980368596523888,0.8859194495771178
0.998036826428378,0.8859044271185422
0.9980536844599397,0.8858894046599667
0.998053651518998,0.885874382201391
0.9980536185769413,0.8858593597428155
0.9980535856337694,0.88584433728424
0.9980535526894824,0.8858293148256644
0.9980535197440802,0.8858142923670888
0.9980534867975627,0.8857992699085132
0.9980534538499297,0.8857842474499377
0.9980534209011815,0.8857692249913621
0.9980533879513178,0.8857542025327865
0.9980533550003385,0.8857391800742109
0.9980533220482437,0.8857241576156354
0.9980532890950333,0.8857091351570598
0.9980701516793066,0.8856941126984842
0.9980700863382428,0.8856640677813331
0.9980700536660516,0.8856490453227576
0.9980700209927541,0.8856340228641819
0.9980699883183504,0.8856190004056064
0.9980699556428402,0.8856039779470308
0.9980699229662237,0.8855889554884553
0.998069857609671,0.8855589105713041
0.9980698249297348,0.8855438881127285
0.9980697922486921,0.885528865654153
0.9980697268832862,0.8854988207370018
0.9980696941989231,0.8854837982784263
0.9980696615134531,0.8854687758198507
0.9980696288268762,0.8854537533612751
0.9980695961391923,0.8854387309026995
0.9980695634504013,0.885423708444124
0.9980695307605033,0.8854086859855484
0.9980694653773856,0.8853786410683973
0.9980694326841659,0.8853636186098217
0.9980693999898389,0.8853485961512461
0.9980693019002134,0.8853035287755194
0.9980692365015921,0.8852734838583682
0.9980691383953524,0.8852284164826415
0.9980691056910569,0.885213394024066
0.9980690402791422,0.8851833491069149
0.998069007571523,0.8851683266483392
0.9980689421529602,0.8851382817311881
0.9980689094420164,0.8851232592726126
0.9980688767299646,0.8851082368140369
0.9980688440168044,0.8850932143554614
0.998068811302536,0.8850781918968859
0.9980687131530799,0.8850331245211591
0.9980686804343775,0.8850181020625836
0.9980686477145665,0.885003079604008
0.9980686149936467,0.8849880571454324
0.9980685822716183,0.8849730346868568
0.9980685495484811,0.8849580122282813
0.998068516824235,0.8849429897697058
0.9980684513724162,0.8849129448525546
0.9980684186448432,0.884897922393979
0.9980683859161612,0.8848828999354035
0.99806835318637,0.8848678774768278
0.9980683204554697,0.8848528550182523
0.9980682877234601,0.8848378325596767
0.9980682549903412,0.8848228101011012
0.998068222256113,0.8848077876425255
0.9980681895207755,0.88479276518395
0.9980681240467717,0.8847627202667989
0.9980680585683297,0.8847326753496477
0.9980680258274442,0.8847176528910722
0.9980679930854489,0.8847026304324965
0.9980678621063693,0.8846425405981942
0.9980678293588244,0.8846275181396187
0.9980677966101695,0.8846124956810432
0.9980677638604044,0.8845974732224676
0.9980677311095292,0.884582450763892
0.9980676983575436,0.8845674283053164
0.9980676656044477,0.8845524058467409
0.9980675673384978,0.8845073384710141
0.9980675345809601,0.8844923160124386
0.9980675018223119,0.8844772935538631
0.998067469062553,0.8844622710952874
0.9980674363016834,0.8844472486367119
0.9980673380124098,0.8844021812609851
0.9980673052470967,0.8843871588024096
0.9980672724806727,0.884372136343834
0.9980672069444916,0.8843420914266829
0.9980671414038658,0.8843120465095318
0.998067108631886,0.8842970240509562
0.9980670758587948,0.8842820015923806
0.9980670430845923,0.884266979133805
0.9980670103092784,0.8842519566752295
0.9980669775328529,0.884236934216654
0.9980669447553159,0.8842219117580783
0.998066879196907,0.8841918668409272
0.998066846416035,0.8841768443823517
0.9980668136340513,0.884161821923776
0.9980667808509556,0.8841467994652005
0.9980667480667481,0.8841317770066249
0.9980667152814285,0.8841167545480494
0.9980666824949971,0.8841017320894737
0.9980666169187979,0.8840716871723227
0.99806658412903,0.884056664713747
0.99806655133815,0.8840416422551715
0.9980665185461576,0.8840266197965959
0.9980664529588358,0.8839965748794447
0.9980664201635062,0.8839815524208692
0.9980663873670641,0.8839665299622936
0.9980663545695094,0.8839515075037181
0.9980663217708422,0.8839364850451424
0.9980662889710622,0.8839214625865669
0.9980662561701694,0.8839064401279914
0.9980661905650455,0.8838763952108402
0.99806612495547,0.8838463502936891
0.9980830562529687,0.8838463502936891
0.998083023733184,0.8838313278351135
0.9980829586903045,0.8838012829179623
0.998099891422367,0.8838012829179623
0.9980998591859932,0.8837862604593868
0.9980998269485256,0.8837712380008113
0.9980997947099642,0.8837562155422356
0.9980997624703087,0.8837411930836601
0.9980997302295593,0.8837261706250845
0.9980996335007466,0.8836811032493578
0.9980996012556206,0.8836660807907822
0.9980995690094003,0.8836510583322067
0.9980995367620857,0.883636035873631
0.9980995045136768,0.8836210134150555
0.9980994722641734,0.88360599095648
0.9981163134047211,0.8835609235807532
0.9981162814377355,0.8835459011221777
0.9981162494696648,0.8835308786636021
0.9981162175005092,0.8835158562050265
0.9981161855302683,0.8835008337464509
0.9981161215865311,0.8834707888292999
0.9981160896130347,0.8834557663707242
0.9981160576384528,0.8834407439121487
0.9981160256627856,0.8834257214535731
0.9981159936860329,0.8834106989949975
0.9981159617081947,0.8833956765364219
0.998115929729271,0.8833806540778464
0.9981158977492617,0.8833656316192708
0.9981158657681666,0.8833506091606952
0.9981158337859859,0.8833355867021196
0.9981158018027193,0.8833205642435441
0.998115769818367,0.8833055417849686
0.9981157378329287,0.8832905193263929
0.9981157058464045,0.8832754968678174
0.9981155778894473,0.8832154070335151
0.9981155458974925,0.8832003845749395
0.9981155139044514,0.883185362116364
0.9981154499151104,0.8831553171992128
0.9981154179188102,0.8831402947406373
0.9981153859214235,0.8831252722820617
0.9981153539229503,0.8831102498234861
0.9981153219233904,0.8830952273649105
0.9981152899227439,0.883080204906335
0.9981152579210106,0.8830651824477594
0.9981151939142838,0.8830351375306082
0.9981151299032094,0.8830050926134572
0.9981150978960417,0.8829900701548815
0.998115065887787,0.882975047696306
0.9981150018680162,0.8829450027791549
0.9981149698565,0.8829299803205792
0.9981149058302057,0.8828999354034281
0.9981148738154275,0.8828849129448526
0.9981148417995618,0.882869890486277
0.9981148097826087,0.8828548680277014
0.9981147137252238,0.8828098006519747
0.9981146817039201,0.8827947781933991
0.9981146176580494,0.8827647332762479
0.9981145856334822,0.8827497108176724
0.9981145536078272,0.8827346883590969
0.998114521581084,0.8827196659005213
0.9981144895532529,0.8827046434419457
0.9981144575243337,0.8826896209833701
0.9981144254943263,0.8826745985247946
0.9981143934632307,0.882659576066219
0.9981143614310468,0.8826445536076434
0.9981143293977746,0.8826295311490678
0.998114297363414,0.8826145086904923
0.998114265327965,0.8825994862319168
0.9981142332914275,0.8825844637733411
0.9981142012538013,0.8825694413147656
0.9981141692150867,0.88255441885619
0.9981141371752833,0.8825393963976145
0.9981141051343912,0.8825243739390388
0.9981140410493408,0.8824943290218877
0.9981140090051822,0.8824793065633122
0.9981139769599348,0.8824642841047365
0.9981139449135983,0.882449261646161
0.9981139128661728,0.8824342391875855
0.9981138808176582,0.8824192167290099
0.9981138487680544,0.8824041942704343
0.9981138167173614,0.8823891718118587
0.9981137846655791,0.8823741493532832
0.9981137526127075,0.8823591268947076
0.9981137205587466,0.882344104436132
0.9981136885036962,0.8823290819775564
0.9981136564475562,0.8823140595189809
0.9981136243903268,0.8822990370604054
0.998113560272599,0.8822689921432542
0.9981135282121006,0.8822539696846786
0.9981134640878344,0.8822239247675274
0.9981134320240664,0.8822089023089519
0.9981133999592087,0.8821938798503763
0.9981133678932608,0.8821788573918008
0.998113335826223,0.8821638349332251
0.9981132716888768,0.8821337900160741
0.9981132396185685,0.8821187675574984
0.9981131754746808,0.8820887226403473
0.9981131434011015,0.8820737001817718
0.9981131113264318,0.8820586777231961
0.9981130792506715,0.8820436552646206
0.9981130471738207,0.882028632806045
0.9981130150958792,0.8820136103474695
0.9981128226053249,0.881923475596016
0.9981127905197477,0.8819084531374405
0.9981127263453201,0.8818784082202893
0.9981125979833705,0.881818318385987
0.9981295698010543,0.881818318385987
0.998129537995885,0.8818032959274115
0.998129506189634,0.8817882734688359
0.998129442573887,0.8817582285516847
0.9981294107643908,0.8817432060931092
0.9981293789538127,0.8817281836345336
0.9981293471421526,0.8817131611759581
0.9981293153294105,0.8816981387173825
0.9981292517006802,0.8816680938002314
0.9981292198846919,0.8816530713416558
0.9981291880676213,0.8816380488830802
0.9981291562494685,0.8816230264245046
0.9981290926099158,0.8815929815073535
0.9981290607885158,0.8815779590487779
0.9981290289660334,0.8815629365902024
0.9981289971424684,0.8815479141316268
0.9981289334920905,0.8815178692144756
0.9981289016652776,0.8815028467559001
0.9981288698373818,0.8814878242973245
0.9981288061783418,0.8814577793801733
0.9981287425149701,0.8814277344630222
0.9981287106816596,0.8814127120044466
0.9981286788472662,0.881397689545871
0.9981286470117895,0.8813826670872955
0.9981285833375866,0.8813526221701443
0.9981284878181571,0.8813075547944177
0.9981283604437488,0.8812474649601154
0.9981283285974375,0.8812324425015398
0.998128233052001,0.8811873751258131
0.9981282012013545,0.8811723526672375
0.9981281693496239,0.8811573302086619
0.9981281374968093,0.8811423077500864
0.9981280737879278,0.8811122628329352
0.9981280419318608,0.8810972403743597
0.9981280100747094,0.8810822179157841
0.9981279782164738,0.8810671954572086
0.9981279463571539,0.8810521729986329
0.9981279144967494,0.8810371505400574
0.9981278507726871,0.8810071056229063
0.998127755178459,0.8809620382471796
0.9981277233115469,0.880947015788604
0.9981276595744681,0.8809169708714528
0.9981276277043013,0.8809019484128773
0.9981275958330497,0.8808869259543017
0.9981275639607129,0.8808719034957261
0.9981275320872911,0.8808568810371505
0.9981275002127841,0.880841858578575
0.9981274683371919,0.8808268361199993
0.9981274045827517,0.8807967912028483
0.9981273727039036,0.8807817687442727
0.99812734082397,0.8807667462856971
0.998127308942951,0.8807517238271215
0.9981272770608465,0.880736701368546
0.9981272451776564,0.8807216789099704
0.9981272132933805,0.8807066564513948
0.998127181408019,0.8806916339928192
0.9981271495215718,0.8806766115342437
0.9981270857454199,0.8806465666170925
0.998127053855715,0.880631544158517
0.9981440174360197,0.8806165216999414
0.9981439858329928,0.8806014992413659
0.9981439542288896,0.8805864767827902
0.9981438910174543,0.8805564318656391
0.9981438278017132,0.880526386948488
0.9981437961922278,0.8805113644899124
0.9981437329700272,0.8804813195727613
0.9981436697435199,0.8804512746556101
0.998143638128651,0.8804362521970346
0.9981436065127052,0.880421229738459
0.9981435748956825,0.8804062072798834
0.9981435432775828,0.8803911848213078
0.9981435116584061,0.8803761623627323
0.9981434167944132,0.8803310949870056
0.9981433535463651,0.8803010500698545
0.998143321920725,0.8802860276112788
0.9981432586662125,0.8802559826941277
0.9981432270373398,0.8802409602355522
0.9981431954073897,0.8802259377769766
0.9981431637763619,0.880210915318401
0.9981431005110732,0.8801808704012498
0.9981430688768123,0.8801658479426743
0.9981430372414734,0.8801508254840987
0.9981429423289888,0.880105758108372
0.9981429106893379,0.8800907356497965
0.9981428790486089,0.8800757131912209
0.9981428474068016,0.8800606907326453
0.9981598227977508,0.8800456682740697
0.9981597914430302,0.8800306458154942
0.998159760087241,0.8800156233569186
0.9981597287303832,0.880000600898343
0.9981596973724568,0.8799855784397674
0.9981596660134617,0.8799705559811919
0.9981596346533979,0.8799555335226164
0.9981595405667933,0.8799104661468896
0.998159509202454,0.8798954436883141
0.9981594778370456,0.8798804212297384
0.9981594464705682,0.8798653987711629
0.9981594151030216,0.8798503763125873
0.9981593837344059,0.8798353538540118
0.998159352364721,0.8798203313954361
0.9981763021543496,0.879790286478285
0.9981762710708868,0.8797752640197095
0.9981761778141406,0.8797301966439828
0.9981761156376777,0.8797001517268316
0.9981760845478564,0.879685129268256
0.9981760534569754,0.8796701068096805
0.9981760223650342,0.879655084351105
0.998175991272033,0.8796400618925293
0.9981759601779717,0.8796250394339538
0.9981759290828504,0.8796100169753782
0.9981758979866687,0.8795949945168027
0.9981758668894268,0.879579972058227
0.9981758357911247,0.8795649495996515
0.9981757424898557,0.8795198822239247
0.9981756802837073,0.8794898373067737
0.9981926683716965,0.879474814848198
0.9981926067385077,0.8794447699310469
0.9981925759203369,0.8794297474724714
0.9981925451011152,0.8794147250138957
0.9981925142808423,0.8793997025553202
0.9981924834595185,0.8793846800967446
0.9981924526371434,0.8793696576381691
0.9981924218137171,0.8793546351795934
0.9981923909892396,0.8793396127210179
0.9981923293371305,0.8793095678038668
0.998192298509499,0.8792945453452912
0.9981922676808158,0.8792795228867156
0.9981922368510813,0.8792645004281401
0.998192206020295,0.8792494779695645
0.9981921751884572,0.8792344555109889
0.9981921135216264,0.8792044105938378
0.9981920826866334,0.8791893881352623
0.9981920518505885,0.8791743656766866
0.9981920210134916,0.8791593432181111
0.998191959336142,0.87912929830096
0.998191866812227,0.8790842309252332
0.9981918359688177,0.8790692084666577
0.998191805124356,0.879054186008082
0.9981917742788421,0.8790391635495065
0.9981917434322757,0.879024141090931
0.9981917125846569,0.8790091186323554
0.9981916817359855,0.8789940961737798
0.9981916508862617,0.8789790737152042
0.998191589183656,0.8789490287980531
0.9981915583307742,0.8789340063394775
0.9981914966218521,0.8789039614223264
0.9981914657658119,0.8788889389637508
0.9981914349087186,0.8788739165051752
0.9981913731913732,0.8788438715880241
0.9981913423311208,0.8788288491294485
0.9981912806074567,0.8787988042122974
0.9981912497440448,0.8787837817537218
0.9981911880140609,0.8787537368365707
0.9981911262798635,0.8787236919194196
0.9981910645414519,0.8786936470022684
0.9981910027988259,0.8786636020851173
0.9981909719259322,0.8786485796265416
0.9981908793009284,0.878603512250815
0.9981908484238193,0.8785884897922394
0.9981908175456563,0.8785734673336638
0.9981907866664391,0.8785584448750883
0.9981907557861678,0.8785434224165127
0.9981907249048424,0.8785283999579371
0.9981906940224627,0.8785133774993615
0.9981906631390287,0.878498355040786
0.9982077017615731,0.878498355040786
0.9982076711674035,0.8784833325822105
0.9982076405721894,0.8784683101236348
0.9982076099759307,0.8784532876650593
0.9982075793786275,0.8784382652064837
0.9982075487802796,0.8784232427479082
0.9982074875804496,0.878393197830757
0.9982074569789675,0.8783781753721814
0.9982074263764404,0.8783631529136059
0.9982073651682516,0.8783331079964547
0.9982073345625896,0.8783180855378792
0.9982072733481304,0.878288040620728
0.9982072427393331,0.8782730181621524
0.9982072121294905,0.8782579957035769
0.9982071815186027,0.8782429732450012
0.9982071509066694,0.8782279507864257
0.9982071202936907,0.8782129283278501
0.9982070896796666,0.8781979058692746
0.9982070590645971,0.878182883410699
0.998207028448482,0.8781678609521234
0.9982069672131147,0.8781378160349723
0.9982069365938626,0.8781227935763967
0.9982069059735647,0.8781077711178211
0.998206875352221,0.8780927486592456
0.9982068447298312,0.87807772620067
0.9982068141063957,0.8780627037420944
0.9982067834819142,0.8780476812835188
0.9982067222298128,0.8780176363663678
0.998206691602193,0.8780026139077921
0.998206660973527,0.8779875914492166
0.9982066303438146,0.877972568990641
0.9982065997130559,0.8779575465320655
0.9982065690812509,0.8779425240734898
0.9982065078145017,0.8779124791563387
0.9982064771795572,0.8778974566977632
0.9982064465435663,0.8778824342391875
0.9982064159065287,0.877867411780612
0.9982063852684443,0.8778523893220365
0.9982063546293133,0.8778373668634609
0.9982063239891354,0.8778223444048853
0.9982062933479108,0.8778073219463097
0.9982062320623206,0.8777772770291586
0.998206201417955,0.877762254570583
0.9982061707725425,0.8777472321120074
0.9982061094785758,0.8777171871948564
0.9982060788300217,0.8777021647362807
0.9982060175297716,0.8776721198191296
0.9982059868780755,0.8776570973605541
0.9982059255715409,0.8776270524434029
0.9982058949167023,0.8776120299848273
0.998205864260816,0.8775970075262517
0.9982058336038823,0.8775819850676762
0.9982058029459007,0.8775669626091006
0.9982228298017771,0.8775519401505251
0.9982227994326629,0.8775369176919494
0.9982227386913205,0.8775068727747983
0.9982227083190922,0.8774918503162228
0.9982226779458259,0.8774768278576471
0.9982226171961787,0.877446782940496
0.9982225868197977,0.8774317604819205
0.9982225564423783,0.8774167380233449
0.9982225260639207,0.8774017155647693
0.9982224956844247,0.8773866931061938
0.9982395569836604,0.8773866931061938
0.9982394968037466,0.8773566481890426
0.9982394667122468,0.877341625730467
0.998239406526161,0.877311580813316
0.9982393463359601,0.8772815358961648
0.9982393162393163,0.8772665134375892
0.9982392861416435,0.8772514909790137
0.9982392560429416,0.877236468520438
0.9982392259432108,0.8772214460618625
0.9982391958424508,0.8772064236032869
0.9982391657406616,0.8771914011447114
0.9982391055339955,0.8771613562275602
0.9982390754291185,0.8771463337689847
0.9982390152162763,0.8771162888518335
0.998238985108311,0.8771012663932579
0.9982388646661537,0.8770411765589556
0.9982388345530402,0.8770261541003801
0.9982388044388968,0.8770111316418044
0.9982387743237235,0.8769961091832289
0.9982387442075203,0.8769810867246534
0.9982387140902873,0.8769660642660778
0.9982386839720242,0.8769510418075022
0.9982386237324076,0.8769209968903511
0.9982385634886703,0.8768909519731999
0.9982385333652564,0.8768759295146243
0.998238442988832,0.8768308621388976
0.9982384128612964,0.8768158396803221
0.9982383827327301,0.8768008172217465
0.9982383526031333,0.876785794763171
0.998238232074439,0.8767257049288687
0.9982381718039068,0.8766956600117175
0.9982381416670943,0.876680637553142
0.9982380813903762,0.8766505926359908
0.9982380512504704,0.8766355701774152
0.9982380211095335,0.8766205477188397
0.9982379909675654,0.8766055252602641
0.998237960824566,0.8765905028016885
0.9982379306805351,0.876575480343113
0.9982378703893793,0.8765454354259619
0.9982378100940975,0.8765153905088107
0.9982377799449093,0.8765003680502351
0.9982377497946893,0.8764853455916596
0.9982377196434377,0.8764703231330839
0.9982376894911542,0.8764553006745084
0.9982376291834919,0.8764252557573573
0.9982375990281128,0.8764102332987816
0.9982375688717019,0.8763952108402061
0.9982375387142588,0.8763801883816306
0.9982375085557837,0.8763651659230549
0.9982374783962764,0.8763501434644794
0.998237448235737,0.8763351210059038
0.9982374180741653,0.8763200985473283
0.9982373879115614,0.8763050760887526
0.998237357747925,0.8762900536301771
0.9982373275832563,0.8762750311716015
0.9982372672508215,0.8762449862544504
0.9982372370830552,0.8762299637958748
0.9982372069142563,0.8762149413372993
0.9982542915333139,0.8762149413372993
0.9982542317764047,0.8761848964201481
0.998254201896416,0.8761698739615725
0.9982541720154043,0.876154851502997
0.9982541122503124,0.8761248065858458
0.9982540823662319,0.8761097841272703
0.9982540524811283,0.8760947616686947
0.9982540225950017,0.8760797392101192
0.9982539927078519,0.8760647167515435
0.9982539628196788,0.876049694292968
0.9982539329304826,0.8760346718343924
0.9982538432567535,0.8759896044586657
0.9982538133634636,0.8759745820000902
0.9982537834691502,0.8759595595415146
0.9982537535738132,0.875944537082939
0.9982537236774525,0.8759295146243634
0.99825366388166,0.8758994697072123
0.9982536339822281,0.8758844472486367
0.9982536040817724,0.8758694247900611
0.9982535442777892,0.87583937987291
0.9982535143742616,0.8758243574143344
0.99825348446971,0.8758093349557589
0.9982534545641342,0.8757943124971833
0.9982534246575342,0.8757792900386078
0.9982704294814714,0.875734222662881
0.9982703406230199,0.8756891552871543
0.9982702813789797,0.8756591103700031
0.9982702221308808,0.875629065452852
0.9982701925053094,0.8756140429942765
0.9982701332511218,0.8755839980771253
0.9982701036225058,0.8755689756185497
0.9982700739928747,0.8755539531599742
0.9982700443622288,0.8755389307013985
0.9982700147305676,0.875523908242823
0.9982699850978914,0.8755088857842475
0.9982699554642,0.8754938633256719
0.9982699258294935,0.8754788408670963
0.9982698961937716,0.8754638184085207
0.998269836919282,0.8754337734913696
0.998269807280514,0.875418751032794
0.9982697776407304,0.8754037285742184
0.998269718358117,0.8753736836570674
0.9982696590714408,0.8753436387399162
0.9982696294265792,0.8753286162813406
0.9982695997807017,0.8753135938227651
0.9982695701338085,0.8752985713641894
0.9982694811870331,0.8752535039884628
0.9982694515360759,0.8752384815298871
0.9982694218841026,0.8752234590713116
0.9982693922311132,0.8752084366127361
0.9982693032660475,0.8751633692370093
0.998269243950922,0.8751333243198582
0.9982692142918345,0.8751183018612826
0.9982691549706099,0.8750882569441315
0.9982690956453188,0.8750582120269803
0.9982690066497566,0.8750131446512536
0.9982689769825355,0.874998122192678
0.9982689473142975,0.8749830997341025
0.9982689176450424,0.874968077275527
0.9982688879747703,0.8749530548169513
0.9982687692835105,0.874892964982649
0.9982687099317769,0.8748629200654979
0.9982858220340436,0.8748629200654979
0.9982857632639067,0.8748328751483467
0.9982857338773271,0.8748178526897712
0.9982856751011452,0.8747878077726201
0.9982856457115428,0.8747727853140445
0.9982856163209326,0.8747577628554689
0.9982855869293148,0.8747427403968934
0.998285557536689,0.8747277179383178
0.9982855281430555,0.8747126954797422
0.9982854693527646,0.8746826505625911
0.9982854399561073,0.8746676281040155
0.9983025564528574,0.8746676281040155
0.9983025273481705,0.8746526056454399
0.9983024982424855,0.8746375831868644
0.9983024691358025,0.8746225607282888
0.9983024109194417,0.8745925158111376
0.9983023818097638,0.8745774933525621
0.9983023526990877,0.8745624708939865
0.9983022944747402,0.8745324259768353
0.9983022362463987,0.8745023810596843
0.9983021780140627,0.8744723361425331
0.9983021488963968,0.8744573136839575
0.9983192700830075,0.8744573136839575
0.998319241257482,0.874442291225382
0.9983192124309677,0.8744272687668063
0.9983191836034645,0.8744122463082308
0.9983191547749726,0.8743972238496552
0.9983191259454917,0.8743822013910797
0.9983190682835629,0.8743521564739285
0.9983190394511149,0.874337134015353
0.9983190106176778,0.8743221115567774
0.9983189817832516,0.8743070890982018
0.9983189241114313,0.8742770441810507
0.9983188664356537,0.8742469992638995
0.9983188375962808,0.8742319768053239
0.9983188087559185,0.8742169543467484
0.9983187799145665,0.8742019318881729
0.9983187510722251,0.8741869094295972
0.998318722228894,0.8741718869710217
0.9983186645392627,0.8741418420538706
0.9983186068456721,0.8741117971367194
0.9983185202978622,0.8740667297609926
0.9983184914466121,0.8740517073024171
0.998318462594372,0.8740366848438416
0.9983184337411417,0.874021662385266
0.9983184048869214,0.8740066399266904
0.9983183760317106,0.8739916174681148
0.9983183471755096,0.8739765950095393
0.9983183183183183,0.8739615725509637
0.9983182028796486,0.8739014827166615
0.9983181740175047,0.8738864602580858
0.9983181451543702,0.8738714377995103
0.998318116290245,0.8738564153409347
0.9983180585590224,0.8738263704237835
0.9983180296919248,0.873811347965208
0.9983180008238364,0.8737963255066324
0.9983179719547569,0.8737813030480568
0.9983178564685284,0.8737212132137545
0.9983177698434496,0.8736761458380279
0.9983177120884402,0.8736461009208767
0.9983176832094485,0.8736310784623011
0.9983176543294651,0.8736160560037256
0.9983176254484901,0.87360103354515
0.9983175965665236,0.8735860110865744
0.9983175676835654,0.8735709886279989
0.9983175099146737,0.8735409437108477
0.9983174810287402,0.8735259212522721
0.9983174521418148,0.8735108987936966
0.9983174232538974,0.873495876335121
0.9983173365841933,0.8734508089593943
0.9983172499055599,0.8734057415836676
0.9983172210106976,0.873390719125092
0.998317192114843,0.8733756966665165
0.998317163217996,0.8733606742079408
0.9983171343201566,0.8733456517493653
0.9983170765215003,0.8733156068322142
0.9983170476206832,0.8733005843736386
0.9983170187188735,0.873285561915063
0.998316989816071,0.8732705394564875
0.9983169609122758,0.8732555169979119
0.998316932007488,0.8732404945393363
0.9983168741949334,0.8732104496221852
0.9983168452871668,0.8731954271636096
0.9983168163784072,0.873180404705034
0.9983167874686545,0.8731653822464585
0.9983167296461697,0.8731353373293073
0.9983167007334376,0.8731203148707317
0.9983166718197121,0.8731052924121562
0.9983166429049933,0.8730902699535806
0.9983165850725758,0.8730602250364294
0.9983337055296927,0.8730452025778539
0.9983336769051054,0.8730301801192784
0.9983336482795347,0.8730151576607027
0.9983336196529806,0.8730001352021272
0.9983335910254428,0.8729851127435516
0.9983335337674163,0.8729550678264004
0.9983334478729984,0.8729100004506738
0.9983334192395581,0.8728949779920981
0.9983333619697256,0.8728649330749471
0.9983333046959569,0.8728348881577959
0.9983332760575965,0.8728198656992203
0.9983332474182518,0.8728048432406448
0.9983332187779229,0.8727898207820692
0.9983331901366097,0.8727747983234936
0.9983331614943122,0.872759775864918
0.9983503170484422,0.872759775864918
0.9983502886994776,0.8727447534063425
0.9983502603495386,0.872729730947767
0.9983502319986252,0.8727147084891913
0.998350175293875,0.8726846635720402
0.9983501469400382,0.8726696411134647
0.9983501185852267,0.872654618654889
0.9983500051562338,0.8725945288205867
0.9983499767965487,0.8725795063620112
0.9983499484358886,0.8725644839034357
0.9983498917116436,0.8725344389862845
0.9983498633480585,0.8725194165277089
0.9983498349834984,0.8725043940691334
0.9983497215155057,0.8724443042348311
0.9983496647756576,0.8724142593176799
0.9983496364042703,0.8723992368591044
0.9983496080319075,0.8723842144005288
0.9983495796585693,0.8723691919419532
0.9983494945327006,0.8723241245662265
0.9983494377772428,0.8722940796490753
0.9983494093980503,0.8722790571904998
0.9983493810178817,0.8722640347319243
0.9983493526367372,0.8722490122733486
0.9983493242546168,0.8722339898147731
0.9983492958715202,0.8722189673561975
0.9983492674874476,0.872203944897622
0.9983492391023988,0.8721889224390463
0.9983491823293725,0.8721588775218952
0.998349153941395,0.8721438550633197
0.998349125552441,0.872128832604744
0.998349068771604,0.872098787687593
0.9983490403797207,0.8720837652290174
0.9983490119868609,0.8720687427704418
0.9983489835930245,0.8720537203118662
0.9983489551982113,0.8720386978532907
0.9983488700079116,0.871993630477564
0.9983488416091915,0.8719786080189884
0.9983488132094943,0.8719635855604129
0.9983487848088203,0.8719485631018372
0.9983487564071691,0.8719335406432617
0.9983486996009358,0.8719034957261106
0.9983486711963533,0.8718884732675349
0.9983486427907937,0.8718734508089594
0.9983485859767426,0.8718434058918082
0.998348557568251,0.8718283834332327
0.9983485007483356,0.8717983385160816
0.9983484723369116,0.8717833160575059
0.9983484439245102,0.8717682935989304
0.9983483586814397,0.8717232262232036
0.9983483302651274,0.8717082037646281
0.9983483018478373,0.8716931813060526
0.9983482734295693,0.871678158847477
0.9983481597467179,0.8716180690131747
0.9983481028994236,0.8715880240960235
0.9983480744743091,0.871573001637448
0.9983480460482164,0.8715579791788725
0.9983480176211453,0.8715429567202968
0.998347989193096,0.8715279342617213
0.9983479607640682,0.8715129118031457
0.9983479323340618,0.8714978893445702
0.9983478186042509,0.8714377995102679
0.9983477617334733,0.8714077545931167
0.9983477332966163,0.8713927321345412
0.9983477048587804,0.8713777096759656
0.9983476764199656,0.87136268721739
0.9983648318358636,0.8713476647588144
0.9983648036903798,0.8713326423002389
0.9983647755439273,0.8713176198416633
0.9983646629484266,0.8712575300073611
0.9983646347971287,0.8712425075487854
0.9983646066448614,0.8712274850902099
0.998364578491625,0.8712124626316343
0.9983645503374191,0.8711974401730587
0.9983645221822439,0.8711824177144831
0.9983644940260993,0.8711673952559076
0.9983644658689851,0.871152372797332
0.9983644377109014,0.8711373503387564
0.9983644095518482,0.8711223278801808
0.9983643813918254,0.8711073054216053
0.9983643532308328,0.8710922829630298
0.9983643250688705,0.8710772605044541
0.9983642969059384,0.8710622380458786
0.9983642405771648,0.8710321931287275
0.9983642124113231,0.8710171706701518
0.9983641560767297,0.8709871257530007
0.9983640997382559,0.8709570808358496
0.9983640715675638,0.870942058377274
0.9983640433959015,0.8709270359186985
0.9983640152232689,0.8709120134601229
0.9983639588750925,0.8708819685429717
0.9983639025230345,0.8708519236258206
0.9983638743455497,0.870836901167245
0.9983638461670944,0.8708218787086695
0.9983638179876684,0.8708068562500939
0.9983637898072717,0.8707918337915184
0.9983637616259042,0.8707768113329427
0.998363733443566,0.8707617888743672
0.998363705260257,0.8707467664157916
0.9983636770759771,0.8707317439572161
0.9983636207045044,0.8707016990400649
0.9983635925173114,0.8706866765814893
0.9983634797588286,0.8706265867471871
0.9983634515667797,0.8706115642886115
0.9983634233737596,0.8705965418300359
0.9983805947007546,0.8705815193714603
0.9983805110004652,0.8705364519957336
0.9983803993866194,0.8704763621614313
0.998380371480754,0.8704613397028558
0.998380343573927,0.8704463172442802
0.9983803156661383,0.8704312947857046
0.9983802877573877,0.870416272327129
0.9983802040253653,0.8703712049514023
0.9983801761127673,0.8703561824928268
0.9983801481992073,0.8703411600342512
0.9983800923692011,0.8703111151171
0.9983800365353462,0.8702810701999489
0.9983799527773469,0.8702360028242222
0.9983799248560891,0.8702209803656467
0.998379869010686,0.8701909354484955
0.9983798410865407,0.8701759129899199
0.9983798131614326,0.8701608905313444
0.9983797852353621,0.8701458680727688
0.9983797573083287,0.8701308456141932
0.9983797293803327,0.8701158231556176
0.9983797014513738,0.8701008006970421
0.9983796735214521,0.8700857782384666
0.9983796455905675,0.8700707557798909
0.9983796176587199,0.8700557333213154
0.9983795897259093,0.8700407108627398
0.998379533857399,0.8700106659455886
0.998379477985036,0.8699806210284375
0.9983794500474097,0.869965598569862
0.9983793662287508,0.8699205311941353
0.9983793382872709,0.8699055087355596
0.9983793103448276,0.8698904862769841
0.9983792824014207,0.8698754638184085
0.9983792544570502,0.869860441359833
0.9983791985654183,0.8698303964426818
0.9983791706181567,0.8698153739841062
0.9983791426699313,0.8698003515255307
0.9983791147207421,0.869785329066955
0.998379058819472,0.869755284149804
0.9983790308673909,0.8697402616912284
0.9983790029143458,0.8697252392326528
0.9983789749603367,0.8697102167740772
0.9983789190494258,0.8696801718569261
0.998378891092524,0.8696651493983505
0.9983788631346578,0.869650126939775
0.9983788351758274,0.8696351044811994
0.9983788072160326,0.8696200820226239
0.9983787792552733,0.8696050595640482
0.9983787512935495,0.8695900371054727
0.9983787233308612,0.8695750146468971
0.9983786953672082,0.8695599921883216
0.9983786674025907,0.8695449697297459
0.9983786394370084,0.8695299472711704
0.9983785835029496,0.8694999023540193
0.9983785275650314,0.8694698574368681
0.9983784995946249,0.8694548349782926
0.9983784716232534,0.869439812519717
0.9983784436509169,0.8694247900611414
0.9983783877033484,0.8693947451439903
0.9983783597281165,0.8693797226854147
0.9983783317519193,0.8693647002268391
0.9983783037747568,0.8693496777682636
0.9983782757966289,0.869334655309688
0.9983782478175356,0.8693196328511125
0.9983782198374769,0.8693046103925368
0.998378163874463,0.8692745654753857
0.9983781358915076,0.8692595430168101
0.9983781079075866,0.8692445205582345
0.9983780519368476,0.8692144756410835
0.9983780239500293,0.8691994531825078
0.9983779959622453,0.8691844307239323
0.9983779399837794,0.8691543858067812
0.9983778840014496,0.86912434088963
0.9983778560088356,0.8691093184310544
0.9983778280152553,0.8690942959724789
0.998377800020709,0.8690792735139032
0.9983777720251963,0.8690642510553277
0.9983777440287174,0.8690492285967522
0.9983777160312721,0.8690342061381766
0.9983949466708087,0.8690342061381766
0.9983949189692963,0.869019183679601
0.9983948912668278,0.8690041612210254
0.9983948635634029,0.8689891387624499
0.9983948081536842,0.8689590938452987
0.9983947804473903,0.8689440713867231
0.9983947250319329,0.868914026469572
0.9983946973227694,0.8688990040109964
0.9983946696126493,0.8688839815524209
0.9983946419015726,0.8688689590938453
0.9983946141895391,0.8688539366352698
0.9983945864765489,0.8688389141766941
0.9983945587626019,0.8688238917181186
0.9983945033318372,0.8687938468009675
0.9983944756150194,0.8687788243423918
0.9983944201785129,0.8687487794252408
0.9983943924588239,0.8687337569666652
0.9983943647381779,0.8687187345080896
0.9983943370165745,0.868703712049514
0.9983943092940141,0.8686886895909385
0.998394253846021,0.8686586446737873
0.9983942261205885,0.8686436222152117
0.9983941983941984,0.8686285997566362
0.9983941706668509,0.8686135772980605
0.9983941429385458,0.868598554839485
0.998394115209283,0.8685835323809095
0.9983940874790627,0.8685685099223339
0.9983940597478846,0.8685534874637583
0.9983940320157488,0.8685384650051827
0.9983939765486038,0.8685084200880316
0.9983939488135944,0.868493397629456
0.9983939210776271,0.8684783751708804
0.9983938656028185,0.8684483302537294
0.9983938378639771,0.8684333077951537
0.9983938101241775,0.8684182853365782
0.9983937546417037,0.8683882404194271
0.9983937268990293,0.8683732179608514
0.9983936991553967,0.8683581955022759
0.9983936714108056,0.8683431730437003
0.9983936436652561,0.8683281505851248
0.9983936159187481,0.8683131281265491
0.9983935604228563,0.8682830832093981
0.9983935049231301,0.8682530382922469
0.9983934771718288,0.8682380158336713
0.9983933384009398,0.8681629035407935
0.9983932828858713,0.8681328586236423
0.9983932551268982,0.8681178361650668
0.9983932273669661,0.8681028137064912
0.9983931996060748,0.8680877912479157
0.9983931163176446,0.868042723872189
0.9983930885529158,0.8680277014136134
0.9983930607872274,0.8680126789550378
0.9983930330205796,0.8679976564964622
0.998393005252972,0.8679826340378867
0.9983929774844049,0.867967611579311
0.9983929497148781,0.8679525891207355
0.9983928941729453,0.8679225442035844
0.9983928386271731,0.8678924992864332
0.9983928108528471,0.8678774768278577
0.9983927830775612,0.8678624543692821
0.9983927553013152,0.8678474319107065
0.9983927275241091,0.8678324094521309
0.9983925886236756,0.8677572971592531
0.9983925608407079,0.8677422747006776
0.9983924774860422,0.8676972073249508
0.9983924496992326,0.8676821848663753
0.9983923663330395,0.8676371174906485
0.9983923107507736,0.8676070725734973
0.9983922829581994,0.8675920501149218
0.9983922551646642,0.8675770276563463
0.9983922273701681,0.8675620051977707
0.9983921995747108,0.8675469827391951
0.9983921439809131,0.867516937822044
0.9983921161825726,0.8675019153634684
0.9983920327817832,0.8674568479877417
0.9983920049795975,0.8674418255291662
0.9983919771764502,0.8674268030705905
0.9983919215672713,0.8673967581534394
0.998391865954246,0.8673667132362882
0.9984091302092339,0.8673667132362882
0.9984090476766908,0.8673216458605615
0.9984090201639401,0.8673066234019859
0.9984089926502377,0.8672916009434104
0.9984089651355839,0.8672765784848349
0.9984089376199782,0.8672615560262592
0.9984088550674507,0.8672164886505326
0.9984088000276731,0.8671864437333814
0.9984087449840875,0.8671563988162303
0.9984086899366935,0.8671263538990791
0.9984086624115683,0.8671113314405036
0.9984086348854909,0.867096308981928
0.9984085523015448,0.8670512416062013
0.9984085247716579,0.8670362191476257
0.9984084697090267,0.8670061742304745
0.9984084421762823,0.866991151771899
0.9984084146425853,0.8669761293133235
0.9984083871079356,0.8669611068547478
0.9984083595723331,0.8669460843961723
0.9984082769598089,0.8669010170204455
0.9984082494203952,0.86688599456187
0.9984082218800284,0.8668709721032944
0.9984081943387085,0.8668559496447189
0.9984081392532097,0.8668259047275677
0.9984081117090305,0.8668108822689922
0.9984080841638981,0.8667958598104166
0.9984080290707735,0.8667658148932654
0.9984080015227812,0.8667507924346899
0.9984079739738354,0.8667357699761143
0.9984079464239362,0.8667207475175387
0.9984078362148037,0.8666606576832364
0.9984077259904117,0.8666005678489341
0.9984076984319291,0.8665855453903586
0.9984076708724925,0.866570522931783
0.9984076157507572,0.8665404780146319
0.9984075881884584,0.8665254555560563
0.9984075330609984,0.8664954106389051
0.998407505495837,0.8664803881803296
0.9984074779297213,0.866465365721754
0.9984074503626512,0.8664503432631785
0.9984074227946268,0.8664353208046028
0.9984073676557145,0.8664052758874518
0.9984073400848265,0.8663902534288762
0.9984072573664347,0.8663451860531495
0.9984072022160665,0.8663151411359983
0.9984071746394502,0.8663001186774227
0.9984071470618788,0.8662850962188472
0.9984071194833527,0.8662700737602717
0.9984070919038714,0.866255051301696
0.9984070643234352,0.8662400288431205
0.9984070367420439,0.8662250063845449
0.9984070091596974,0.8662099839259694
0.9984069815763956,0.8661949614673937
0.9984069539921386,0.8661799390088182
0.9984068988207588,0.8661498940916671
0.9984068712336358,0.8661348716330914
0.9984068160565234,0.8661048267159404
0.9984067608755888,0.8660747817987892
0.9984067332836881,0.8660597593402136
0.9984067056908317,0.8660447368816381
0.9984066780970194,0.8660297144230624
0.9984066229065276,0.8659996695059113
0.9984065677122123,0.8659696245887601
0.9984065401136206,0.8659546021301846
0.998406512514073,0.8659395796716091
0.9984064849135691,0.8659245572130335
0.9984064297096931,0.8658945122958823
0.9984237238225563,0.8658945122958823
0.9984236692130471,0.8658644673787312
0.9984236419068736,0.8658494449201556
0.9984408834993503,0.8658194000030045
0.9984408564895018,0.865804377544429
0.9984408294787174,0.8657893550858533
0.998440802466997,0.8657743326272778
0.9984407754543407,0.8657593101687022
0.9984406944107558,0.8657142427929755
0.9984406403770185,0.8656841978758244
0.9984406133587456,0.8656691754172487
0.9984405863395364,0.8656541529586732
0.9984405593193908,0.8656391305000977
0.9984405322983089,0.8656241080415221
0.9984405052762905,0.8656090855829465
0.9984404782533356,0.8655940631243709
0.9984404512294442,0.8655790406657954
0.9984404242046163,0.8655640182072198
0.9984403971788518,0.8655489957486442
0.9984403431245126,0.8655189508314931
0.9984402890664263,0.8654889059143419
0.9984402350045927,0.8654588609971908
0.9984402079722704,0.8654438385386153
0.9984401539048148,0.8654137936214641
0.9984400998336106,0.8653837487043129
0.9984400727966029,0.8653687262457374
0.9984399646391985,0.8653086364114351
0.9984399375975039,0.8652936139528595
0.9984399105548718,0.865278591494284
0.9984398835113022,0.8652635690357083
0.9984398294213501,0.8652335241185573
0.9984398023749675,0.8652185016599817
0.9984397482793891,0.8651884567428305
0.9984396941800593,0.8651584118256794
0.9984396671289875,0.8651433893671038
0.9984396400769777,0.8651283669085282
0.99843961302403,0.8651133444499527
0.9984395589153201,0.8650832995328015
0.9984395048028575,0.8650532546156504
0.9984394777452187,0.8650382321570749
0.9984394506866417,0.8650232096984992
0.9984394236271262,0.8650081872399237
0.9984393965666725,0.8649931647813481
0.9984393424429493,0.8649631198641969
0.9984393153796799,0.8649480974056214
0.9984392883154719,0.8649330749470459
0.9984392612503251,0.8649180524884703
0.9984392341842397,0.8649030300298947
0.9984392071172156,0.8648880075713191
0.9984391800492526,0.8648729851127436
0.9984391529803507,0.864857962654168
0.9984391259105099,0.8648429401955924
0.9984390988397301,0.8648279177370168
0.9984390717680114,0.8648128952784413
0.9984389905472205,0.8647678279027146
0.9984389363953307,0.8647377829855634
0.9984389093179769,0.8647227605269878
0.9984388822396836,0.8647077380684123
0.998438828080279,0.8646776931512611
0.9984388009991674,0.8646626706926855
0.9984387739171162,0.86464764823411
0.9984387468341255,0.8646326257755345
0.9984387197501952,0.8646176033169588
0.9984386655795153,0.8645875583998077
0.9984386114050763,0.8645575134826565
0.9984385843164469,0.864542491024081
0.9984385572268777,0.8645274685655054
0.9984385301363684,0.8645124461069299
0.9984385030449191,0.8644974236483542
0.9984384759525297,0.8644824011897787
0.9984384217649305,0.8644523562726276
0.9984383675735702,0.8644223113554764
0.9984383404764797,0.8644072888969009
0.9984383133784487,0.8643922664383253
0.9984382862794774,0.8643772439797497
0.9984382320787131,0.8643471990625986
0.9984382049769202,0.8643321766040231
0.9984381778741865,0.8643171541454474
0.9984381507705122,0.8643021316868719
0.9984381236658973,0.8642871092282963
0.9984380152380291,0.864227019393994
0.9984379610184494,0.8641969744768428
0.9984379067951055,0.8641669295596918
0.998437744102484,0.8640767948082383
0.9984377169837523,0.8640617723496627
0.998437689864079,0.8640467498910872
0.9984376627434642,0.8640317274325116
0.9984376356219078,0.864016704973936
0.9984376084994098,0.8640016825153605
0.9984375271262652,0.8639566151396337
0.9984374457446439,0.863911547763907
0.9984374186155529,0.8638965253053315
0.9984373914855198,0.8638815028467559
0.9984373643545447,0.8638664803881804
0.9984373372226274,0.8638514579296047
0.9984373100897679,0.8638364354710292
0.9984372286855356,0.8637913680953024
0.9984372015489069,0.8637763456367269
0.9984371744113357,0.8637613231781514
0.9984371201333657,0.8637312782610002
0.9984370658516255,0.8637012333438491
0.9984370115661144,0.8636711884266979
0.9984369844219447,0.8636561659681223
0.9984369572768322,0.8636411435095468
0.9984369301307768,0.8636261210509713
0.9984367943863549,0.8635510087580933
0.9984367672346413,0.8635359862995178
0.9984367400819844,0.8635209638409422
0.9984367129283841,0.8635059413823667
0.9984366857738406,0.863490918923791
0.9984366586183536,0.8634758964652155
0.9984366314619233,0.86346087400664
0.9984366043045495,0.8634458515480643
0.9984365499869713,0.8634158066309132
0.9984365228267668,0.8634007841723377
0.9984364956656185,0.863385761713762
0.9984364685035266,0.8633707392551865
0.9984364141765114,0.8633406943380354
0.9984363326789096,0.8632956269623087
0.9984363055111544,0.8632806045037331
0.9984362783424551,0.8632655820451575
0.998436224002224,0.8632355371280064
0.9984361968306923,0.8632205146694308
0.9984361696582162,0.8632054922108552
0.9984361424847958,0.8631904697522796
0.998436088135122,0.8631604248351286
0.9984360066035277,0.8631153574594018
0.9984359794244404,0.8631003350008263
0.9984533305528039,0.8631003350008263
0.9984533036738382,0.8630853125422506
0.9984532499131039,0.8630552676250995
0.9984531692649947,0.8630102002493728
0.9984531423804227,0.8629951777907973
0.9984531154949161,0.8629801553322217
0.998453088608475,0.8629651328736461
0.9984530617210992,0.8629501104150705
0.9984530348327887,0.862935087956495
0.9984702569273024,0.8628599756636172
0.9984702303346371,0.8628449532050415
0.9984702037410472,0.862829930746466
0.9984701771465327,0.8628149082878904
0.9984701505510934,0.8627998858293148
0.9984700973574409,0.8627698409121637
0.998470044160089,0.8627397959950125
0.9984699643571242,0.8626947286192859
0.9984699377542859,0.8626797061607102
0.9984699111505225,0.8626646837021347
0.998469884545834,0.8626496612435591
0.9984698579402201,0.8626346387849836
0.9984698313336811,0.8626196163264079
0.9984698047262167,0.8626045938678324
0.9984697781178271,0.8625895714092569
0.998469751508512,0.8625745489506813
0.9984697248982715,0.8625595264921057
0.9984696982871055,0.8625445040335301
0.9984696716750139,0.8625294815749546
0.9984696450619968,0.862514459116379
0.9984696184480539,0.8624994366578034
0.9984695386006713,0.8624543692820767
0.9984694853644538,0.8624243243649256
0.9984694587449562,0.86240930190635
0.9984692990085232,0.8623191671548965
0.9984692723825428,0.862304144696321
0.998469245755636,0.8622891222377455
0.9984692191278028,0.8622740997791699
0.9984691658693572,0.8622440548620187
0.9984691392387447,0.8622290324034432
0.9984690593413476,0.8621839650277164
0.9984690327070286,0.8621689425691409
0.9984690060717827,0.8621539201105652
0.9984689527985107,0.8621238751934142
0.9984689261604843,0.8621088527348386
0.9984688995215311,0.862093830276263
0.9984688728816509,0.8620788078176874
0.9984688195991092,0.8620487629005363
0.9984687929564476,0.8620337404419607
0.9984687663128589,0.8620187179833851
0.9984687396683429,0.8620036955248096
0.9984686597292312,0.8619586281490829
0.9984686330810059,0.8619436056905073
0.998468606431853,0.8619285832319318
0.9984684998259659,0.8618684933976295
0.9984684731721749,0.8618534709390538
0.9984684465174563,0.8618384484804783
0.9984684198618097,0.8618234260219028
0.9984683932052353,0.8618084035633272
0.998468366547733,0.8617933811047516
0.9984683132299444,0.8617633361876005
0.9984682865696581,0.8617483137290249
0.9984682599084437,0.8617332912704493
0.9984681799192313,0.8616882238947227
0.9984681265884483,0.8616581789775715
0.9984680732539517,0.8616281340604204
0.9984680199157411,0.8615980891432692
0.9984679932452429,0.8615830666846936
0.9984679665738162,0.8615680442261181
0.9984679399014607,0.8615530217675424
0.9984679132281765,0.8615379993089669
0.9984678332027509,0.8614929319332402
0.9984678065257513,0.8614779094746646
0.9984677798478226,0.8614628870160891
0.9984677531689651,0.8614478645575134
0.9984676998084625,0.8614178196403623
0.9984676731268175,0.8614027971817868
0.9984676464442432,0.8613877747232112
0.998467593076307,0.8613577298060601
0.9984675397046531,0.8613276848889089
0.9984675130174321,0.8613126624303333
0.9984674863292815,0.8612976399717578
0.9984674062592521,0.861252572596031
0.9984673795673831,0.8612375501374555
0.9984673528745842,0.86122252767888
0.998467299486197,0.8611924827617288
0.9984671926982635,0.8611323929274265
0.9984671392987162,0.8611023480102754
0.9984670858954483,0.8610723030931242
0.9984670324884591,0.8610422581759731
0.9984670057835691,0.8610272357173975
0.9984669790777485,0.8610122132588219
0.998466925663316,0.8609821683416709
0.9984668989547039,0.8609671458830952
0.9984668455346877,0.8609371009659441
0.9984667921109485,0.8609070560487929
0.9984667653976828,0.8608920335902174
0.9984666852523,0.8608469662144906
0.9984666318173898,0.8608169212973396
0.998466605098538,0.8608018988387639
0.9984665783787552,0.8607868763801884
0.9984665249363956,0.8607568314630373
0.9984664982138189,0.8607418090044616
0.9984664714903109,0.8607267865458861
0.9984664447658714,0.8607117640873105
0.9984663913141981,0.8606817191701593
0.9984663645869641,0.8606666967115838
0.9984662843996723,0.8606216293358571
0.9984662309368192,0.860591584418706
0.9984662042039948,0.8605765619601304
0.9984661774702386,0.8605615395015548
0.9984661507355505,0.8605465170429792
0.9984661239999303,0.8605314945844037
0.9984660705258938,0.8605014496672525
0.9984660437874774,0.860486427208677
0.9984660170481288,0.8604714047501014
0.9984659903078479,0.8604563822915259
0.9984659368244893,0.8604263373743747
0.9984658030997751,0.8603512250814969
0.9984657763520346,0.8603362026229213
0.9984657496033614,0.8603211801643457
0.9984656425993409,0.8602610903300434
0.9984655355803937,0.8602010004957411
0.9984654820653216,0.86017095557859
0.9984653482613093,0.8600958432857121
0.9984652679677009,0.8600507759099855
0.9984652412012975,0.8600357534514098
0.9984652144339606,0.8600207309928343
0.9984651876656899,0.8600057085342587
0.9984651608964855,0.8599906860756832
0.9984651341263474,0.8599756636171075
0.9984651073552753,0.859960641158532
0.9984650805832693,0.8599456186999564
0.9984650270364556,0.8599155737828053
0.9984650002616476,0.8599005513242297
0.9984649734859057,0.8598855288656542
0.9984649467092295,0.8598705064070786
0.9984649199316191,0.859855483948503
0.9984648931530746,0.8598404614899274
0.9984648663735957,0.8598254390313519
0.9984648395931824,0.8598104165727763
0.9984648128118349,0.8597953941142007
0.9984647860295529,0.8597803716556252
0.9984647592463364,0.8597653491970496
0.9984647056770997,0.8597353042798984
0.9984646788910795,0.8597202818213229
0.9984646521041245,0.8597052593627473
0.9984645985274104,0.8596752144455961
0.9984645717376511,0.8596601919870206
0.998464544946957,0.859645169528445
0.998464518155328,0.8596301470698695
0.9984644913627639,0.8596151246112939
0.9984644645692649,0.8596001021527183
0.9984644109794615,0.8595700572355671
0.9984643841831571,0.8595550347769916
0.9984643573859174,0.859540012318416
0.9984643305877425,0.8595249898598405
0.9984642769885868,0.8594949449426893
0.9984642501876058,0.8594799224841138
0.9984641965828374,0.8594498775669626
0.9984641697790498,0.859434855108387
0.9984641429743267,0.8594198326498115
0.9984640893620734,0.8593897877326603
0.9984640625545432,0.8593747652740847
0.9984640089366753,0.8593447203569337
0.9984639553150637,0.8593146754397825
0.9984638212446539,0.8592395631469046
0.9984637676099366,0.8592095182297534
0.9984637407911735,0.8591944957711779
0.9984637139714739,0.8591794733126024
0.9984636335067565,0.8591344059368756
0.9984636066833109,0.8591193834783001
0.9984635798589288,0.8591043610197245
0.9984635530336098,0.8590893385611489
0.9984634993801617,0.8590592936439978
0.9984634725520324,0.8590442711854223
0.9984634457229663,0.8590292487268466
0.9984634188929632,0.8590142262682711
0.9984633920620231,0.8589992038096955
0.998463365230146,0.85898418135112
0.9984633383973318,0.8589691588925443
0.9984633115635805,0.8589541364339688
0.998463284728892,0.8589391139753932
0.9984632578932663,0.8589240915168176
0.9984632310567033,0.858909069058242
0.9984631773807653,0.858879024141091
0.9984631505413901,0.8588640016825153
0.9984631237010776,0.8588489792239398
0.9984630968598275,0.8588339567653642
0.9984805351310757,0.8588339567653642
0.9984805085929859,0.8588189343067887
0.9984804820539691,0.858803911848213
0.9984804555140252,0.8587888893896375
0.9984804289731543,0.858773866931062
0.9984803758886308,0.8587438220139108
0.9984803493449782,0.8587287995553352
0.9984803228003982,0.8587137770967597
0.9984802166128046,0.8586536872624574
0.9984801635134427,0.8586236423453062
0.9984801369623703,0.8586086198867307
0.9984801104103702,0.8585935974281551
0.9984800838574424,0.8585785749695796
0.9984974491578726,0.8585335075938528
0.9984973966523395,0.8585034626767016
0.9984973441431367,0.8584734177595505
0.998497317887159,0.858458395300975
0.9984972128540723,0.8583983054666727
0.9984971603320227,0.8583682605495215
0.9984971340696212,0.858353238090946
0.9984971078063016,0.8583382156323703
0.9984970815420643,0.8583231931737948
0.9984970552769088,0.8583081707152193
0.9984970027438438,0.8582781257980681
0.9984969764759342,0.8582631033394925
0.9984968976666958,0.8582180359637658
0.9984968713951131,0.8582030135051902
0.9984967925748545,0.8581579461294635
0.9984967662995979,0.858142923670888
0.9984967400234229,0.8581279012123124
0.9984967137463292,0.8581128787537369
0.9984966874683168,0.8580978562951612
0.9984966349095359,0.8580678113780101
0.9984966086287672,0.8580527889194346
0.9984965823470797,0.8580377664608589
0.9984965297809479,0.8580077215437079
0.9984965034965035,0.8579926990851323
0.9984964509248575,0.8579626541679811
0.9984964246376559,0.8579476317094056
0.998496398349535,0.85793260925083
0.9984963720604948,0.8579175867922544
0.9984963457705354,0.8579025643336788
0.9984963194796566,0.8578875418751033
0.9984962931878585,0.8578725194165278
0.9984962668951408,0.8578574969579521
0.9984962143069471,0.857827452040801
0.9984961354177596,0.8577823846650743
0.9984961091195244,0.8577673622064987
0.9984960565202945,0.8577373172893475
0.9984960302192998,0.857722294830772
0.9985134662469395,0.8577072723721965
0.9985134402490424,0.8576922499136208
0.9985133362483603,0.8576321600793185
0.998513284242562,0.8576021151621674
0.9985132062270422,0.8575570477864407
0.9985131802200493,0.8575420253278652
0.9985131021936116,0.8574969579521384
0.9985130241589839,0.8574518905764117
0.9985129981456212,0.8574368681178361
0.998512894083068,0.8573767782835339
0.9985128160265944,0.8573317109078071
0.9985127900059488,0.8573166884492316
0.9985127639843928,0.857301665990656
0.9985127119385487,0.8572716210735049
0.9985126598890619,0.8572415761563538
0.9985126338629523,0.8572265536977782
0.9985301065672739,0.8572265536977782
0.9985300808455535,0.8572115312392026
0.9985300551229329,0.857196508780627
0.998530029399412,0.8571814863220515
0.9985300036749908,0.857166463863476
0.9985299779496692,0.8571514414049003
0.9985299522234473,0.8571364189463248
0.9985299264963248,0.8571213964877492
0.9985298750393784,0.857091351570598
0.9985298493095542,0.8570763291120225
0.9985298235788295,0.8570613066534469
0.9985297206469229,0.8570012168191447
0.9985294375098475,0.8568359697748134
0.9985294117647059,0.8568209473162378
0.9985293602717182,0.8567909023990866
0.998529334523872,0.8567758799405111
0.9985293087751244,0.8567608574819355
0.9985292572749238,0.8567308125647843
0.9985292315234711,0.8567157901062088
0.9985292057711164,0.8567007676476333
0.99852918001786,0.8566857451890576
0.9985291542637016,0.8566707227304821
0.9985290512380486,0.8566106328961798
0.99852902547938,0.8565956104376042
0.9985289481979616,0.8565505430618775
0.9985289224356841,0.856535520603302
0.9985288966725043,0.8565204981447264
0.9985288709084222,0.8565054756861508
0.9985288451434376,0.8564904532275752
0.9985463334325796,0.8564904532275752
0.9985463079725375,0.8564754307689997
0.9985462825116035,0.8564604083104241
0.9985462570497775,0.8564453858518485
0.9985462315870597,0.8564303633932729
0.9985462061234499,0.8564153409346974
0.998546180658948,0.8564003184761217
0.998546129727268,0.8563702735589707
0.9985461042600897,0.8563552511003951
0.9985460787920192,0.8563402286418195
0.9985460278532013,0.8563101837246684
0.998546002382454,0.8562951612660928
0.998545976910814,0.8562801388075172
0.9985459004905396,0.8562350714317906
0.9985458750153297,0.8562200489732149
0.998545849539227,0.8562050265146394
0.9985458240622317,0.8561900040560638
0.9985457985843437,0.8561749815974883
0.9985457731055628,0.8561599591389126
0.9985457476258892,0.8561449366803371
0.9985457221453227,0.8561299142217615
0.9985456966638632,0.856114891763186
0.9985456711815107,0.8560998693046104
0.9985456456982653,0.8560848468460348
0.9985455947290951,0.8560548019288837
0.9985455692431703,0.8560397794703081
0.9985455437563523,0.8560247570117325
0.998545518268641,0.856009734553157
0.9985454927800365,0.8559947120945814
0.9985454672905385,0.8559796896360058
0.9985454418001473,0.8559646671774302
0.9985454163088624,0.8559496447188547
0.9985453908166841,0.8559346222602792
0.998545314334788,0.8558895548845524
0.9985452378448487,0.8558444875088257
0.9985452123464147,0.8558294650502501
0.9985451868470868,0.8558144425916746
0.9985451613468651,0.855799420133099
0.9985451103437396,0.8557693752159479
0.9985450593370379,0.8557393302987967
0.9985450083267596,0.8557092853816456
0.9985449573129043,0.8556792404644944
0.9985449062954717,0.8556491955473433
0.9985448807854137,0.8556341730887677
0.9985448042498729,0.855589105713041
0.9985447787362368,0.8555740832544654
0.998544753221706,0.8555590607958898
0.9985447277062804,0.8555440383373143
0.9985447021899602,0.8555290158787388
0.9985446766727452,0.8555139934201631
0.9985621602665264,0.8554989709615876
0.9985621350540953,0.855483948503012
0.9985620594114966,0.8554388811272853
0.9985620341955282,0.8554238586687097
0.9985620089786756,0.8554088362101342
0.9985619837609385,0.8553938137515585
0.9985619081024202,0.8553487463758319
0.9985618828811449,0.8553337239172563
0.9985618576589849,0.8553187014586807
0.9985618324359402,0.8553036790001052
0.9985617819871964,0.855273634082954
0.9985617315349131,0.8552435891658029
0.998561706307444,0.8552285667072274
0.9985616558498509,0.8551985217900762
0.9985616053887174,0.8551684768729251
0.9985615549240431,0.8551384319557739
0.998561529690378,0.8551234094971983
0.9985615044558277,0.8551083870386227
0.998561479220392,0.8550933645800471
0.9985614539840707,0.8550783421214716
0.998561428746864,0.8550633196628961
0.998561403508772,0.8550482972043204
0.9985613530299309,0.8550182522871693
0.9985613025475472,0.8549882073700181
0.9985612773050268,0.8549731849114426
0.9985612520616205,0.854958162452867
0.9985612268173284,0.8549431399942915
0.9985612015721504,0.8549281175357158
0.9985611763260865,0.8549130950771403
0.9985611005825787,0.8548680277014136
0.9985610753329707,0.854853005242838
0.9985610248310959,0.8548229603256869
0.9985609995788292,0.8548079378671113
0.9985609238167108,0.8547628704913847
0.9985608985608986,0.854747848032809
0.9985608733041998,0.8547328255742335
0.998560797528784,0.8546877581985067
0.9985607722685388,0.8546727357399312
0.9985606964824826,0.8546276683642045
0.9985606712186902,0.8546126459056289
0.9985606206884446,0.8545826009884778
0.9985605954219913,0.8545675785299022
0.9985605448864234,0.8545375336127511
0.9985605196173089,0.8545225111541755
0.9985604943473071,0.8545074886955999
0.998560469076418,0.8544924662370244
0.9985604438046417,0.8544774437784488
0.9985603932584269,0.8544473988612976
0.9985603679839885,0.8544323764027221
0.9985603427086626,0.8544173539441465
0.9985602668773593,0.8543722865684198
0.9985602163187189,0.8543422416512686
0.9985601910380671,0.854327219192693
0.9985601404741001,0.854297174275542
0.9985600646214902,0.8542521068998152
0.9985600140486435,0.854222061982664
0.9985599634722442,0.854192017065513
0.9985599381827123,0.8541769946069374
0.9985599128922921,0.8541619721483618
0.9985598876009835,0.8541469496897862
0.9985598623087866,0.8541319272312107
0.998559735834475,0.8540568149383329
0.9985596599392247,0.8540117475626061
0.9985596346390304,0.8539967251040306
0.9985596093379473,0.8539817026454549
0.9985595334293644,0.8539366352697283
0.9985595081247255,0.8539216128111526
0.9985594068972787,0.8538615229768504
0.9985593562782199,0.8538314780596993
0.9985593309673565,0.8538164556011236
0.9985593056556038,0.8538014331425481
0.9985592297150087,0.8537563657668213
0.9985591537664072,0.8537112983910947
0.9985591284484273,0.8536962759325191
0.9985590778097982,0.853666231015368
0.998559052489149,0.8536512085567924
0.9985590271676097,0.8536361860982168
0.9985590018451805,0.8536211636396412
0.9985589765218614,0.8536061411810657
0.9985589511976521,0.8535911187224902
0.9985589258725528,0.8535760962639145
0.9985589005465634,0.853561073805339
0.9985588752196837,0.8535460513467634
0.9985588498919138,0.8535310288881879
0.998558799233703,0.8535009839710367
0.9985587485719307,0.8534709390538856
0.9985586979065966,0.8534408941367344
0.9985586725725937,0.8534258716781589
0.9985586472377002,0.8534108492195833
0.998558621901916,0.8533958267610077
0.9985584698685043,0.8533056920095543
0.9985584445264842,0.8532906695509788
0.998558419183573,0.8532756470924031
0.9985583431494928,0.8532305797166765
0.9985582924556499,0.8532005347995253
0.9985582671073915,0.8531855123409497
0.998558191057268,0.853140444965223
0.998558140352728,0.8531104000480718
0.9985581149991208,0.8530953775894963
0.9985580896446219,0.8530803551309207
0.9985580642892312,0.8530653326723452
0.9985580389329488,0.8530503102137695
0.9985579882177086,0.8530202652966185
0.9985579628587508,0.8530052428380429
0.9985579374989009,0.8529902203794673
0.998557912138159,0.8529751979208917
0.9985578614139993,0.8529451530037406
0.998557810686271,0.8529151080865894
0.998557759954974,0.8528850631694384
0.998557734587987,0.8528700407108627
0.9985576584816717,0.8528249733351361
0.9985751477624543,0.8527799059594093
0.9985751226977677,0.8527648835008338
0.998575072565749,0.8527348385836826
0.9985750474984167,0.852719816125107
0.9985749973611062,0.8526897712079559
0.9985749722911279,0.8526747487493803
0.9985749472202674,0.8526597262908048
0.9985749221485248,0.8526447038322292
0.9985748720023928,0.852614658915078
0.9985748469280034,0.8525996364565025
0.9985747967765775,0.8525695915393513
0.9985923671106576,0.8525695915393513
0.9985923175731555,0.8525395466222002
0.9985922680321667,0.852509501705049
0.9985922184876908,0.8524794567878979
0.998592193714145,0.8524644343293223
0.9986097668279806,0.8524644343293223
0.9986097178959225,0.8524343894121712
0.9986096934286016,0.8524193669535957
0.9986096689604196,0.85240434449502
0.9986096444913762,0.8523893220364445
0.9986096200214717,0.8523742995778689
0.9986095955507057,0.8523592771192934
0.9986095221332395,0.8523142097435666
0.9986094976590277,0.8522991872849911
0.9986270506231077,0.8522841648264154
0.9986270264561441,0.8522691423678399
0.9986270022883296,0.8522541199092644
0.9986269781196642,0.8522390974506888
0.9986269297797806,0.8522090525335376
0.9986269056085625,0.8521940300749621
0.9986268814364933,0.8521790076163865
0.998626857263573,0.8521639851578109
0.9986268089151791,0.8521339402406598
0.9986267847397053,0.8521189177820843
0.9986267605633803,0.8521038953235086
0.9986266880292973,0.852058827947782
0.9986266638495669,0.8520438054892063
0.9986265913052665,0.8519987381134797
0.9986265671221298,0.851983715654904
0.9986265187533017,0.851953670737753
0.9986264945676099,0.8519386482791774
0.9986264703810664,0.8519236258206018
0.9986264461936711,0.8519086033620262
0.9986264220054238,0.8518935809034507
0.9986263978163248,0.851878558444875
0.9986263736263736,0.8518635359862995
0.9986263494355705,0.851848513527724
0.9986263252439154,0.8518334910691484
0.9986262768580486,0.8518034461519972
0.9986438648091724,0.8518034461519972
0.9986438409243017,0.8517884236934217
0.9986437931520361,0.8517583787762705
0.9986437214873267,0.8517133114005438
0.998643673706646,0.8516832664833927
0.9986436498150432,0.8516682440248171
0.9986436020293122,0.8516381991076659
0.9986435303444023,0.8515931317319393
0.9986435064477486,0.8515781092733636
0.9986434825502528,0.8515630868147881
0.9986434347527352,0.851533041897637
0.9986434108527131,0.8515180194390614
0.9986433869518491,0.8515029969804858
0.9986433630501427,0.8514879745219103
0.9986433391475942,0.8514729520633347
0.9986432913399701,0.8514429071461835
0.9986432674348945,0.851427884687608
0.9986432435289765,0.8514128622290325
0.9986432196222159,0.8513978397704568
0.9986431239867485,0.8513377499361545
0.9986430761639586,0.8513077050190034
0.9986430522512997,0.8512926825604279
0.9986429326753613,0.85121757026755
0.9986425738210666,0.8509922333889164
0.9986425259594873,0.8509621884717653
0.998642502027432,0.8509471660131898
0.9986424541607899,0.8509171210960386
0.9986424062907718,0.8508870761788875
0.9986423344794146,0.8508420088031607
0.9986423105406073,0.8508269863445852
0.9986422866009557,0.8508119638860095
0.9986422147769353,0.8507668965102829
0.9986421668900332,0.8507368515931317
0.9986421189997531,0.8507068066759806
0.9986420950533462,0.850691784217405
0.998641975308642,0.8506166719245272
0.9986419513571668,0.8506016494659516
0.9986419274048467,0.850586627007376
0.9986419034516818,0.8505716045488004
0.9986418794976718,0.8505565820902249
0.9986418555428168,0.8505415596316493
0.9986418315871168,0.8505265371730737
0.9986418076305716,0.8505115147144982
0.9986417836731813,0.8504964922559226
0.998641759714946,0.8504814697973471
0.9986417357558652,0.8504664473387714
0.9986417117959393,0.8504514248801959
0.9986415919836286,0.850376312587318
0.9986415680186299,0.8503612901287425
0.9986414961185603,0.8503162227530158
0.998641448180952,0.8502861778358646
0.9986414242108792,0.850271155377289
0.9986414002399605,0.8502561329187135
0.9986413762681958,0.850241110460138
0.9986413522955853,0.8502260880015623
0.998641304347826,0.8501960430844112
0.9986412803726774,0.8501810206258357
0.9986412563966826,0.85016599816726
0.9986411844636208,0.8501209307915334
0.998641160484241,0.8501059083329577
0.9986411365040149,0.8500908858743822
0.9986410645582577,0.8500458184986555
0.9986409926048818,0.8500007511229288
0.9986409206438859,0.8499556837472021
0.9986408726656547,0.8499256388300509
0.998640800691956,0.8498805714543242
0.9986584052675246,0.8498655489957486
0.9986583579006831,0.8498355040785975
0.9986582868441495,0.8497904367028708
0.9986582631569656,0.8497754142442953
0.9986581920903955,0.8497303468685685
0.9986581683998658,0.849715324409993
0.9986581210162968,0.8496852794928418
0.9986580736293811,0.8496552345756907
0.9986580025427321,0.849610167199964
0.9986579788455087,0.8495951447413884
0.9986579314485511,0.8495650998242372
0.9986579077488168,0.8495500773656617
0.9986578840482455,0.8495350549070861
0.9986578603468371,0.8495200324485105
0.9986578366445916,0.849505009989935
0.998657789237589,0.8494749650727839
0.9986577655328318,0.8494599426142082
0.9986577418272372,0.8494449201556327
0.9986577181208054,0.8494298976970571
0.9986576944135361,0.8494148752384816
0.9986576469964852,0.8493848303213304
0.9986576232867034,0.8493698078627548
0.9986575758646271,0.8493397629456036
0.9986575284392002,0.8493097180284526
0.9986574810104222,0.8492796731113014
0.9986574572947764,0.8492646506527258
0.9986750989259469,0.8492646506527258
0.9986750755206953,0.8492496281941503
0.9986750287077113,0.8492195832769991
0.9986750052999788,0.8492045608184235
0.9986749818914192,0.849189538359848
0.9986749584820325,0.8491745159012724
0.9986749350718185,0.8491594934426968
0.9986749116607774,0.8491444709841213
0.998674888248909,0.8491294485255457
0.9986748180083398,0.849084381149819
0.9986747477603237,0.8490393137740923
0.9986747009241752,0.8490092688569412
0.998674607241946,0.8489491790226389
0.9986745838193193,0.8489341565640632
0.9986745603958647,0.8489191341054877
0.998674419837749,0.8488289993540343
0.9986743729784188,0.8487989544368831
0.9986743495475113,0.8487839319783076
0.9986743026832113,0.8487538870611564
0.9986742792498188,0.8487388646025809
0.9986742323805483,0.8487088196854298
0.9986742089446703,0.8486937972268541
0.9986741620704285,0.848663752309703
0.9986741151928721,0.8486337073925518
0.9986740683120006,0.8486036624754008
0.9986740214278137,0.8485736175582496
0.998673997984477,0.848558595099674
0.9986739510953164,0.8485285501825228
0.9986738104079359,0.8484384154310695
0.9986737869571368,0.8484233929724939
0.9986736696906998,0.848348280679616
0.9986736227783182,0.8483182357624649
0.9986735993208828,0.8483032133038894
0.9986735758626178,0.8482881908453137
0.9986735054828441,0.8482431234695871
0.9986734820212596,0.8482281010110114
0.9986734116315268,0.8481830336352848
0.9986910763244008,0.8481830336352848
0.9986910531715428,0.8481680111767091
0.9986910300178656,0.8481529887181336
0.998690983708054,0.8481229438009825
0.9986908910785997,0.8480628539666802
0.9986908447589562,0.848032809049529
0.9986908215979053,0.8480177865909535
0.9986907752733449,0.8479877416738023
0.9986907521098353,0.8479727192152268
0.998690728945506,0.8479576967566512
0.9986906131115633,0.8478825844637733
0.9986905899423152,0.8478675620051978
0.9986905667722471,0.8478525395466222
0.9986904972571227,0.8478074721708955
0.9986904277346169,0.8477624047951687
0.9986903813821786,0.8477323598780176
0.9986903118473682,0.8476872925022909
0.9986902886674572,0.8476722700437154
0.9986902654867257,0.8476572475851398
0.9986902423051736,0.8476422251265642
0.9986901959396074,0.8476121802094131
0.9986901727555934,0.8475971577508375
0.9986901495707585,0.8475821352922619
0.9986901263851028,0.8475671128336864
0.9986900568232108,0.8475220454579596
0.9986900104445113,0.8474920005408085
0.9986899640625276,0.8474619556236573
0.9986899408703042,0.8474469331650818
0.9986898712887063,0.8474018657893551
0.998689824896868,0.847371820872204
0.9986898016997167,0.8473567984136283
0.998689778501744,0.8473417759550528
0.9986897553029498,0.8473267534964772
0.9987073926516158,0.847296708579326
0.9987073697630768,0.8472816861207505
0.9987073010925962,0.8472366187450238
0.9987072782008146,0.8472215962864482
0.998707209520605,0.8471765289107215
0.9987071179356393,0.8471164390764192
0.9987070492383988,0.8470713717006926
0.9987246027669034,0.8469812369492391
0.9987245801743074,0.8469662144906636
0.9987245349867139,0.8469361695735124
0.9987245123917164,0.8469211471149368
0.9987244897959183,0.8469061246563613
0.9987244446019204,0.8468760797392101
0.9987244220037205,0.8468610572806345
0.9987243542043159,0.8468159899049078
0.9987243316029127,0.8468009674463323
0.9987242863977037,0.8467709225291812
0.9987242637938978,0.8467559000706055
0.9987242411892907,0.84674087761203
0.9987241281542387,0.8466657653191522
0.9987241055448246,0.8466507428605765
0.9987240603235925,0.8466206979434254
0.9987240377117743,0.8466056754848499
0.9987240150991546,0.8465906530262742
0.9987239924857335,0.8465756305676987
0.9987239472564866,0.8465455856505476
0.9987239020240332,0.8465155407333964
0.9987238794066039,0.8465005182748209
0.9987238115495055,0.8464554508990941
0.9987237663074305,0.846425405981943
0.9987237436851901,0.8464103835233674
0.9987237210621477,0.8463953610647919
0.9987236984383032,0.8463803386062163
0.998723653188208,0.8463502936890651
0.998723607934904,0.846320248771914
0.998723562678391,0.8462902038547628
0.9987235400489309,0.8462751813961873
0.9987234721557364,0.8462301140204606
0.9987234042553191,0.8461850466447339
0.9987233589843612,0.8461550017275827
0.9987233363476781,0.8461399792690072
0.9987233137101922,0.8461249568104316
0.9987232910719035,0.846109934351856
0.998723268432812,0.8460949118932805
0.9987231778684164,0.8460348220589782
0.9987231552253099,0.8460197996004026
0.9987230646448524,0.8459597097661004
0.9987230419977299,0.8459446873075247
0.998723019349804,0.8459296648489492
0.9987229514012061,0.8458845974732224
0.9987228607918263,0.8458245076389201
0.9987227701695878,0.8457644178046179
0.9987227475120186,0.8457493953460423
0.9987227021944686,0.8457193504288912
0.9987226568737027,0.84568930551174
0.9987226115497205,0.845659260594589
0.9987225662225219,0.8456292156774378
0.9987225435577162,0.8456141932188622
0.9987224755584734,0.8455691258431355
0.9987224528904504,0.8455541033845599
0.9987223848815544,0.8455090360088332
0.9987223395382677,0.8454789910916821
0.9987222715173025,0.8454339237159554
0.998722248842038,0.8454189012573797
0.9987222261659686,0.8454038787988042
0.9987222034890944,0.8453888563402286
0.9987221808114152,0.8453738338816531
0.9987221581329311,0.8453588114230774
0.998722067410944,0.8452987215887752
0.9987220220451197,0.8452686766716241
0.9987219993609997,0.8452536542130485
0.9987218632393666,0.8451635194615951
0.9987218178590449,0.845133474544444
0.9987217724755006,0.8451034296272928
0.9987217497825199,0.8450884071687172
0.9987217270887334,0.8450733847101417
0.9987217043941411,0.845058362251566
0.998721681698743,0.8450433397929905
0.998721659002539,0.845028317334415
0.9987216136077129,0.8449982724172638
0.998721590909091,0.8449832499586882
0.9987215682096628,0.8449682275001127
0.9987214774038888,0.8449081376658104
0.9987214547004297,0.8448931152072349
0.9987214319961643,0.8448780927486592
0.9987213865852143,0.8448480478315081
0.9987213638785296,0.8448330253729326
0.9987213411710384,0.8448180029143569
0.9987212957536363,0.8447879579972059
0.9987212730437254,0.8447729355386302
0.9987212503330077,0.8447579130800547
0.9987212276214834,0.8447428906214791
0.9987211821960144,0.8447128457043279
0.9987211140517593,0.8446677783286013
0.9987210913353938,0.8446527558700256
0.9987210686182212,0.8446377334114501
0.9987210459002416,0.8446227109528746
0.9987210231814548,0.844607688494299
0.9987387643443351,0.844607688494299
0.9987387195338592,0.8445776435771478
0.9987386971274271,0.8445626211185723
0.9987385850833245,0.8444875088256945
0.9987385626721151,0.8444724863671188
0.9987385402601094,0.8444574639085433
0.9987562852015707,0.8444574639085433
0.9987562631036566,0.8444424414499677
0.9987562410049573,0.8444274189913922
0.9987561747041472,0.8443823516156654
0.9987561526023064,0.8443673291570899
0.9987561304996802,0.8443523066985142
0.9987561083962683,0.8443372842399387
0.9987560862920709,0.8443222617813632
0.998756064187088,0.8443072393227876
0.9987560420813193,0.844292216864212
0.9987559978674249,0.8442621719470609
0.9987559536503874,0.8442321270299097
0.99875593154069,0.8442171045713341
0.9987558873189372,0.8441870596541831
0.9987558652068819,0.8441720371956074
0.9987557988659995,0.8441269698198807
0.998755754634814,0.8440969249027296
0.9987557104004835,0.8440668799855784
0.9987556882821388,0.8440518575270028
0.9987556661630077,0.8440368350684273
0.998755599800896,0.8439917676927006
0.9987555555555555,0.8439617227755495
0.9987555113070687,0.8439316778583983
0.9987554891816453,0.8439166553998227
0.998755467055435,0.8439016329412472
0.998755444928438,0.8438866104826716
0.9987554228006543,0.843871588024096
0.9987553785427261,0.8438415431069449
0.9987553342816501,0.8438114981897937
0.9987553121499315,0.8437964757312182
0.9987552678841333,0.843766430814067
0.9987552457500534,0.8437514083554915
0.9987552236151863,0.8437363858969159
0.998755201479532,0.8437213634383404
0.9987551793430903,0.8437063409797647
0.9987551572058614,0.8436913185211892
0.9987551129290414,0.8436612736040381
0.9987550907894502,0.8436462511454624
0.9987550686490716,0.8436312286868869
0.9987550465079055,0.8436162062283113
0.9987550243659516,0.8436011837697358
0.9987550022232103,0.8435861613111602
0.9987549800796812,0.8435711388525846
0.9987549579353645,0.8435561163940091
0.9987549357902601,0.8435410939354335
0.9987548914976877,0.8435110490182823
0.9987548693502197,0.8434960265597068
0.9987548472019638,0.8434810041011311
0.9987548250529199,0.8434659816425556
0.9987547807524682,0.8434359367254045
0.9987547364488641,0.8434058918082533
0.9987546921421074,0.8433758468911022
0.9987546478321977,0.843345801973951
0.9987545592029179,0.8432857121396488
0.9987545148835472,0.8432556672224977
0.9987544927226789,0.843240644763922
0.9987544705610221,0.8432256223053465
0.9987544483985765,0.8432105998467709
0.9987544040713192,0.8431805549296197
0.9987543819065074,0.8431655324710442
0.9987543597409069,0.8431505100124687
0.9987543154073388,0.8431204650953175
0.998754271070615,0.8430904201781664
0.998754226730735,0.8430603752610152
0.9987542045596113,0.8430453528024396
0.9987541823876984,0.8430303303438641
0.9987541602149963,0.8430153078852886
0.998754138041505,0.8430002854267129
0.9987540715162949,0.8429552180509863
0.9987540271622078,0.8429251731338351
0.9987539828049627,0.842895128216684
0.9987538940809969,0.8428350383823816
0.9987537831582696,0.8427599260895038
0.9987537609713543,0.8427449036309282
0.998753738783649,0.8427298811723527
0.9987537165951538,0.842714858713777
0.9987536944058684,0.8426998362552015
0.998753650024927,0.8426697913380504
0.998753627833271,0.8426547688794748
0.9987536056408247,0.8426397464208992
0.998753539058744,0.8425946790451725
0.9987535168631362,0.842579656586597
0.9987534946667379,0.8425646341280214
0.9987534724695492,0.8425496116694459
0.9987534502715698,0.8425345892108702
0.9987534058732391,0.8425045442937191
0.9987533836728879,0.8424895218351436
0.9987533614717459,0.8424744993765679
0.9987533170670894,0.8424444544594168
0.9987532948635749,0.8424294320008413
0.9987532282482857,0.8423843646251146
0.9987710173838701,0.8423843646251146
0.9987709954936501,0.842369342166539
0.9987709517108708,0.8423392972493878
0.9987709298183114,0.8423242747908123
0.9987709079249719,0.8423092523322367
0.9987708422402736,0.84226418495651
0.998770820343814,0.8422491624979345
0.9987707984465742,0.8422341400393588
0.9987707765485543,0.8422191175807833
0.9987707546497542,0.8422040951222077
0.9987706670467503,0.8421440052879055
0.9987706451440483,0.8421289828293298
0.9987706232405659,0.8421139603707543
0.9987705794312594,0.8420839154536032
0.9987705575254352,0.8420688929950275
0.9987704918032787,0.8420238256193009
0.9987704479846039,0.8419937807021497
0.9987703603378836,0.8419336908678474
0.9987703165098375,0.8419036459506963
0.9987702726786669,0.8418736010335451
0.9987702507619098,0.8418585785749696
0.9987702288443716,0.841843556116394
0.9987701850069511,0.8418135111992429
0.9987701630870689,0.8417984887406673
0.9987701411664053,0.8417834662820918
0.9987701192449602,0.8417684438235161
0.9987700534759358,0.8417233764477895
0.9987878571810549,0.8417233764477895
0.9987878355734607,0.8417083539892138
0.9987878139650962,0.8416933315306383
0.9987877707460558,0.8416632866134872
0.9987877491353799,0.8416482641549116
0.9987877275239335,0.841633241696336
0.9987877059117165,0.8416182192377605
0.9987876842987289,0.8416031967791849
0.9987876410704416,0.8415731518620337
0.9987875762222301,0.841528084486307
0.998787554604618,0.8415130620277315
0.9987875329862349,0.8414980395691559
0.9987875113670809,0.8414830171105803
0.9987874681264599,0.8414529721934292
0.9987874465049928,0.8414379497348536
0.9987874032597454,0.8414079048177024
0.9987872735054929,0.8413177700662491
0.9987872518770844,0.8413027476076734
0.9987872086179529,0.8412727026905223
0.9987871869872298,0.8412576802319468
0.9987871653557351,0.8412426577733711
0.9987871437234688,0.8412276353147956
0.9987870788220395,0.8411825679390689
0.998787013913664,0.8411375005633422
0.998786992275995,0.8411224781047666
0.998786970637554,0.841107455646191
0.998786927358356,0.84107741072904
0.9987869057175988,0.8410623882704643
0.9987868840760695,0.8410473658118888
0.998786862433768,0.8410323433533132
0.9987867975022302,0.8409872759775865
0.9987867758568395,0.840972253519011
0.9987866892675529,0.8409121636847087
0.9987866459682744,0.8408821187675575
0.9987866243174762,0.8408670963089819
0.9987865810135618,0.8408370513918307
0.9987865593604454,0.8408220289332552
0.9987865160518943,0.8407919840161041
0.9987864943964594,0.8407769615575285
0.9987864077669902,0.8407168717232262
0.9987863861076904,0.8407018492646506
0.9987863644476174,0.8406868268060751
0.9987863427867711,0.8406718043474996
0.998786299462759,0.8406417594303484
0.9987862561356537,0.8406117145131973
0.9987862128054549,0.8405816695960461
0.9987861911391953,0.8405666471374705
0.9987861694721623,0.840551624678895
0.9987861044664215,0.8405065573031683
0.998786082796294,0.8404915348445927
0.998786017781269,0.840446467468866
0.9988038491064575,0.840446467468866
0.9988038063951724,0.8404164225517148
0.998803785038386,0.8404014000931392
0.9988215969147265,0.8403863776345637
0.9988215758744443,0.8403713551759882
0.9988215337916257,0.840341310258837
0.9988215127490894,0.8403262878002614
0.9988214917058015,0.8403112653416859
0.9988214706617621,0.8402962428831102
0.9988214496169712,0.8402812204245347
0.9988214285714285,0.8402661979659591
0.9988214075251344,0.8402511755073835
0.9988213654302909,0.8402211305902324
0.9988213233324404,0.8401910856730812
0.9988213022823874,0.8401760632145057
0.9988212812315825,0.8401610407559301
0.9988212391277169,0.8401309958387789
0.9988212180746562,0.8401159733802034
0.9988211970208434,0.8401009509216278
0.9988211759662785,0.8400859284630523
0.9988211338548922,0.8400558835459011
0.9988210496230931,0.8399957937115988
0.9988210285632625,0.8399807712530233
0.9988209864413441,0.8399507263358721
0.9988209232528227,0.8399056589601455
0.998820902188477,0.8398906365015698
0.9988208600575277,0.8398605915844187
0.9988208179235676,0.8398305466672675
0.9988207968554583,0.839815524208692
0.9988207757865961,0.8398005017501164
0.9988207547169812,0.8397854792915409
0.9988207125754922,0.8397554343743897
0.9988206704309913,0.8397253894572386
0.9988206072085917,0.8396803220815119
0.9988205861329521,0.8396652996229363
0.9988205650565593,0.8396502771643607
0.9988205439794131,0.8396352547057852
0.9988205018228609,0.839605209788634
0.9988204807434545,0.8395901873300584
0.9988203964182946,0.8395300974957561
0.9988203753351207,0.8395150750371806
0.9988203120810767,0.8394700076614539
0.9988202699079453,0.8394399627443028
0.9988202277317985,0.8394099178271516
0.9988202066425941,0.839394895368576
0.9988201855526359,0.8393798729100005
0.9988201644619235,0.8393648504514248
0.9988201433704571,0.8393498279928493
0.9988200800915332,0.8393047606171226
0.9988200589970502,0.839289738158547
0.9988200168058212,0.8392596932413959
0.9988199957090753,0.8392446707828203
0.998819974611575,0.8392296483242447
0.9988199113145473,0.839184580948518
0.9988377498837749,0.8391695584899425
0.9988377291014752,0.8391545360313669
0.9988376875346459,0.8391244911142157
0.9988376459648433,0.8390944461970646
0.9988376251788269,0.8390794237384891
0.9988375836045639,0.8390493788213379
0.9988375628163171,0.8390343563627624
0.9988375212375927,0.8390043114456112
0.9988375004471152,0.8389892889870356
0.998837479655894,0.8389742665284601
0.998837458863929,0.8389592440698844
0.9988374380712204,0.8389442216113089
0.9988374172777679,0.8389291991527333
0.998837292501431,0.8388390644012799
0.9988372509033666,0.8388090194841288
0.9988371885006887,0.838763952108402
0.9988371676983077,0.8387489296498265
0.9988371260913125,0.8387188847326753
0.9988371052866982,0.8387038622740998
0.9988370844813397,0.8386888398155242
0.998837042868389,0.838658794898373
0.9988370220607969,0.8386437724397975
0.9988370012524602,0.8386287499812219
0.9988369804433789,0.8386137275226464
0.9988369388229821,0.8385836826054952
0.9988369180116666,0.8385686601469197
0.9988368971996063,0.8385536376883441
0.9988368763868012,0.8385386152297685
0.9988368347589563,0.8385085703126174
0.9988367931281317,0.8384785253954662
0.9988367723116018,0.8384635029368906
0.9988367514943269,0.8384484804783151
0.9988367306763068,0.8384334580197396
0.9988366890380314,0.8384034131025884
0.9988366682177757,0.8383883906440128
0.9988366473967748,0.8383733681854372
0.9988366057525371,0.8383433232682861
0.9988365849293002,0.8383283008097105
0.9988365224551167,0.8382832334339838
0.9988365016288977,0.8382682109754083
0.9988364808019332,0.8382531885168326
0.9988364599742231,0.8382381660582571
0.9988364391457674,0.8382231435996815
0.9988363974866186,0.8381930986825303
0.9988363558244866,0.8381630537653793
0.998836272491272,0.838102963931077
0.9988362308201887,0.8380729190139258
0.9988361891461209,0.8380428740967747
0.9988361683079677,0.8380278516381992
0.9988361474690683,0.8380128291796235
0.9988361266294227,0.837997806721048
0.9988360849478924,0.8379677618038969
0.9988360641060077,0.8379527393453212
0.9988360224199989,0.8379226944281701
0.9988360015758748,0.8379076719695946
0.9988359598853869,0.8378776270524434
0.9988359390390229,0.8378626045938679
0.9988359181919123,0.8378475821352923
0.9988358764954509,0.8378175372181411
0.9988358556461001,0.8378025147595656
0.9988358347960025,0.83778749230099
0.9988358139451579,0.8377724698424144
0.998835772241228,0.8377424249252633
0.9988357513881426,0.8377274024666876
0.9988357305343101,0.8377123800081121
0.998835688824404,0.837682335090961
0.9988356679683301,0.8376673126323854
0.998835626253941,0.8376372677152343
0.9988356053956254,0.8376222452566587
0.9988355636767525,0.8375922003395075
0.9988355219548899,0.8375621554223565
0.9988355010928375,0.8375471329637808
0.9988533959188061,0.8375471329637808
0.9988533753762362,0.8375321105052053
0.9988533548329303,0.8375170880466297
0.9988533137441098,0.8374870431294785
0.9988532726523445,0.8374569982123274
0.9988532110091743,0.8374119308366007
0.9988531904599781,0.8373969083780252
0.9988531493593764,0.837366863460874
0.9988531288079707,0.8373518410022984
0.9988530465949821,0.8372917511679961
0.9988530054840675,0.8372617062508451
0.9988529643702058,0.8372316613336939
0.9988529232533965,0.8372016164165428
0.9988528821336392,0.8371715714993916
0.99885279988528,0.8371114816650893
0.9988527587566773,0.8370814367479381
0.9988526970582435,0.8370363693722115
0.9988526764906243,0.8370213469136358
0.9988526559222675,0.8370063244550603
0.9988526147833414,0.8369762795379092
0.9988525530694206,0.8369312121621825
0.9988525119231183,0.8369011672450313
0.9988524913488606,0.8368861447864557
0.9988524707738651,0.8368711223278802
0.9988524296216604,0.836841077410729
0.9988524090444513,0.8368260549521535
0.998852388466504,0.8368110324935779
0.9988523061473352,0.8367509426592756
0.9988522855656977,0.8367359202007001
0.998852264983322,0.8367208977421244
0.9988522032317653,0.8366758303663978
0.9988521620603691,0.8366457854492466
0.9988521414735634,0.8366307629906711
0.9988521002977365,0.8366007180735199
0.9988520797087153,0.8365856956149443
0.9988520179372198,0.8365406282392176
0.9988519973452439,0.8365256057806421
0.998869914615771,0.8365256057806421
0.9988698943440902,0.8365105833220665
0.9988877726750861,0.8364805384049153
0.9988876928597058,0.836420448570613
0.9988876329906525,0.8363753811948863
0.9988875731151541,0.8363303138191597
0.9988875132332096,0.8362852464434329
0.9988874533448177,0.8362401790677062
0.9988874333805875,0.8362251566091307
0.9988874134156408,0.8362101341505551
0.9988873934499776,0.8361951116919795
0.9988873535165013,0.8361650667748284
0.9988873135801583,0.8361350218576772
0.9988872736409483,0.8361049769405261
0.9988872536702681,0.8360899544819506
0.9988872336988711,0.8360749320233749
0.9988872137267572,0.8360599095647994
0.9988871937539262,0.8360448871062238
0.9988871538061135,0.8360148421890726
0.9988871338311315,0.8359998197304971
0.998887073901883,0.8359547523547703
0.9988870539240324,0.8359397298961948
0.9988870139661796,0.8359096849790437
0.9988869340418657,0.8358495951447414
0.9989048277347887,0.8358195502275902
0.9989047884087114,0.835789505310439
0.9989047687446136,0.8357744828518635
0.9989047490798096,0.835759460393288
0.9989047294142995,0.8357444379347124
0.9989046900811607,0.8357143930175612
0.9989046704135318,0.8356993705589857
0.9989046310761551,0.8356693256418345
0.9989046114064071,0.835654303183259
0.9989045720647919,0.8356242582661079
0.9989045523929245,0.8356092358075322
0.9989045130470701,0.8355791908903811
0.9989044540229886,0.8355341235146544
0.9989223557303734,0.8355040785975033
0.9989223170184104,0.8354740336803521
0.998922297661386,0.8354590112217766
0.9989222783036661,0.835443988763201
0.99892223958614,0.8354139438460498
0.9989222008658319,0.8353838989288987
0.9989221815046346,0.8353688764703231
0.998922142780153,0.835338831553172
0.9989221040528887,0.8353087866360208
0.9989220265900107,0.8352486968017185
0.9989219878543965,0.8352186518845675
0.9989219684855454,0.8352036294259919
0.9989219103748158,0.8351585620502652
0.9989217360050319,0.835023359923085
0.9989217166271296,0.8350083374645094
0.9989216972485309,0.8349933150059339
0.9989216197271698,0.8349332251716316
0.9989215809623092,0.8349031802544804
0.9989215615788338,0.8348881577959049
0.9989215421946617,0.8348731353373293
0.9989214840379638,0.8348280679616026
0.9989214258749932,0.8347830005858758
0.9989213870961943,0.8347529556687248
0.9989213677057491,0.8347379332101492
0.9989213483146068,0.8347229107515736
0.9989213289227672,0.834707888292998
0.9989213095302303,0.8346928658344225
0.9989212707430647,0.8346628209172713
0.9989212513484358,0.8346477984586957
0.9989212319531096,0.8346327760001202
0.9989211155665042,0.8345426412486667
0.9989210961662951,0.8345276187900912
0.998921037961481,0.8344825514143644
0.9989209215330108,0.8343924166629111
0.9989209021258229,0.8343773942043354
0.9989208827179368,0.8343623717457599
0.9989208439000702,0.8343323268286088
0.9989208244900896,0.8343173043700332
0.9989207662559583,0.8342722369943065
0.9989207080155418,0.8342271696185798
0.9989206691851052,0.8341971247014286
0.9989206497688392,0.834182102242853
0.9989205915158493,0.8341370348671263
0.9989205332565713,0.8340919674913997
0.9989205138354144,0.834076945032824
0.998920474991004,0.834046900115673
0.9989204555677504,0.8340318776570974
0.9989204361437979,0.8340168551985218
0.9989204167191464,0.8340018327399462
0.9989203972937959,0.8339868102813707
0.9989203778677462,0.8339717878227951
0.9989203584409976,0.8339567653642195
0.9989203195854027,0.8339267204470684
0.9989202612967661,0.8338816530713417
0.9989202418658221,0.8338666306127661
0.9989202030018357,0.8338365856956149
0.9989201641350515,0.8338065407784638
0.9989201058296286,0.8337614734027371
0.9989200863930886,0.8337464509441616
0.9989200475179092,0.8337164060270104
0.9989200280792699,0.8337013835684348
0.9989200086399309,0.8336863611098593
0.998919989199892,0.8336713386512836
0.9989199697591532,0.8336563161927081
0.9989199308755761,0.833626271275557
0.9989198725449603,0.8335812038998303
0.9989198336543827,0.8335511589826791
0.9989197753132651,0.8335060916069524
0.9989196780640631,0.8334309793140745
0.9989196391594792,0.8334009343969234
0.9989196002520933,0.8333708894797722
0.9989195418857596,0.8333258221040456
0.9989195029713668,0.8332957771868944
0.9989194835131193,0.8332807547283189
0.9989194056731202,0.8332206648940166
0.9989193667489149,0.8331906199768654
0.9989193472857606,0.8331755975182898
0.9989193278219052,0.8331605750597143
0.998919288892091,0.8331305301425631
0.9989192694261321,0.8331155076839876
0.9989192304921104,0.8330854627668364
0.9989191720858177,0.8330403953911097
0.9989191136732121,0.832995328015383
0.9989190942009404,0.8329803055568075
0.9989190747279671,0.8329652830982318
0.9989190552542923,0.8329502606396563
0.9989190357799157,0.8329352381810807
0.9989189968290574,0.8329051932639295
0.9989189773525755,0.832890170805354
0.9989189578753919,0.8328751483467784
0.9989189189189189,0.8328451034296273
0.9989188799596382,0.8328150585124762
0.9989188604789448,0.8328000360539006
0.9989188409975494,0.832785013595325
0.9989187630649463,0.8327249237610227
0.9989187240944314,0.8326948788438716
0.9989186461449735,0.8326347890095693
0.9989186071660299,0.8326047440924181
0.9989185876755042,0.8325897216338426
0.9989185681842759,0.832574699175267
0.9989185486923451,0.8325596767166914
0.9989185291997116,0.8325446542581159
0.9989184902123365,0.8325146093409648
0.9989184512221502,0.8324845644238136
0.9989183927315991,0.8324394970480868
0.9989183537343838,0.8324094521309358
0.9989183342347214,0.8323944296723602
0.9989182952332877,0.832364384755209
0.9989182562290412,0.8323343398380579
0.9989182367258631,0.8323193173794823
0.9989182172219818,0.8323042949209067
0.9989181977173972,0.8322892724623312
0.9989181782121092,0.8322742500037557
0.9989181587061178,0.83225922754518
0.9989181196920247,0.8322291826280289
0.9989180806751177,0.8321991377108777
0.9989180221444801,0.8321540703351511
0.9989180026328602,0.8321390478765754
0.9989179831205367,0.8321240254179999
0.9989179440937782,0.8320939805008488
0.9989179245793431,0.8320789580422732
0.9989178855483615,0.8320489131251221
0.9989178660318148,0.8320338906665465
0.998917846514564,0.8320188682079709
0.9989178269966091,0.8320038457493953
0.9989177879585873,0.8319738008322443
0.9989177684385202,0.8319587783736686
0.9989177293962734,0.8319287334565175
0.9989177098740936,0.8319137109979419
0.9989176122526293,0.831838598705064
0.9989175927262232,0.8318235762464885
0.9989175341427773,0.8317785088707618
0.9989174950836235,0.8317484639536107
0.9989174560216508,0.8317184190364595
0.9989174364896074,0.831703396577884
0.9989173778892477,0.8316583292021572
0.9989353639611679,0.8316282842850061
0.998935344749806,0.8316132618264305
0.9989353063250023,0.8315832169092794
0.9989352102508573,0.8315081046164016
0.9989351718163442,0.8314780596992504
0.9989351525980472,0.8314630372406748
0.9989350949389936,0.8314179698649481
0.9989350564961553,0.831387924947797
0.9989350180505415,0.8313578800306458
0.9989349796021517,0.8313278351134947
0.998934902697043,0.8312677452791923
0.9989348450109223,0.8312226779034657
0.998934806550037,0.8311926329863145
0.9989347873185528,0.831177610527739
0.998934768086374,0.8311625880691634
0.9989347488535009,0.8311475656105878
0.9989346719150627,0.8310874757762855
0.9989345757263846,0.8310123634834077
0.9989345564865646,0.8309973410248321
0.9989525959367945,0.8309973410248321
0.998952539189482,0.8309522736491054
0.9989525202723447,0.8309372511905299
0.9989524256764079,0.830862138897652
0.9989524067551703,0.8308471164390764
0.9989523689106443,0.8308170715219253
0.9989523499873559,0.8308020490633498
0.9989522742873659,0.8307419592290475
0.998952255360659,0.8307269367704718
0.9989522364332682,0.8307119143118963
0.9989522175051937,0.8306968918533207
0.9989521796469929,0.8306668469361695
0.9989521607168665,0.830651824477594
0.9989521417860563,0.8306368020190185
0.9989520849895208,0.8305917346432917
0.998970078057242,0.830546667267565
0.9989700594474459,0.8305316448089894
0.9989700408369774,0.8305166223504139
0.9989700036140224,0.8304865774332627
0.998969985001536,0.8304715549746872
0.9989699663883769,0.8304565325161116
0.9989699291600405,0.8304264875989604
0.9989698919290129,0.8303964426818093
0.9989698546952939,0.8303663977646581
0.998969836077425,0.8303513753060826
0.998969817458883,0.8303363528475071
0.9989697802197802,0.8303063079303559
0.9989697615992192,0.8302912854717803
0.9989697057334972,0.8302462180960536
0.9989696871102435,0.830231195637478
0.9989696684863165,0.8302161731789025
0.9989696312364426,0.8301861282617513
0.9989695939838751,0.8301560833446002
0.9989695753565812,0.8301410608860246
0.9989695567286138,0.830126038427449
0.9989694822100087,0.8300659485931468
0.9989694635786733,0.8300509261345712
0.9989694263139814,0.83002088121742
0.9989693890465945,0.8299908363002689
0.9989693704118902,0.8299758138416933
0.998969351776512,0.8299607913831177
0.9989693145037339,0.8299307464659667
0.9989692772282599,0.8299007015488155
0.9989692399500895,0.8298706566316644
0.9989692213099931,0.8298556341730887
0.9989692026692225,0.8298406117145132
0.9989691653856587,0.8298105667973621
0.9989691467428654,0.8297955443387864
0.9989691094552557,0.8297654994216354
0.9989690348719433,0.8297054095873331
0.9989690162244289,0.8296903871287575
0.9989870853380602,0.8296903871287575
0.9989870303710001,0.8296453197530308
0.998987012047321,0.8296302972944553
0.998986975397974,0.8296002523773041
0.9989869387459749,0.829570207460153
0.9989869204189807,0.8295551850015773
0.9989868837630032,0.8295251400844262
0.9989868654340196,0.8295101176258507
0.9989868471043728,0.829495095167275
0.9989868104430895,0.829465050250124
0.9989867921114529,0.8294500277915484
0.9989867554461894,0.8294199828743972
0.9989867371125627,0.8294049604158217
0.9989866637714203,0.8293448705815194
0.9989866270968676,0.8293148256643682
0.9989866087585957,0.8292998032057927
0.9989865720800608,0.8292697582886415
0.9989865353988707,0.8292397133714904
0.9989864436842772,0.8291646010786126
0.9989863519530826,0.8290894887857346
0.9989863336048511,0.8290744663271591
0.9989862969063954,0.829044421410008
0.9989862602052824,0.8290143764928568
0.9989862418537292,0.8289993540342813
0.9989862235015116,0.8289843315757057
0.998986186795083,0.8289542866585545
0.9989861684408718,0.828939264199979
0.9989861317304559,0.8289092192828278
0.9989860766598468,0.8288641519071012
0.9989860399427837,0.82883410698995
0.9989859848622026,0.8287890396142232
0.9989859665006791,0.8287740171556477
0.999004056207446,0.8287740171556477
0.9990040381725006,0.8287589946970721
0.9990040021006501,0.828728949779921
0.999003947987975,0.8286838824041942
0.9990039299491099,0.8286688599456187
0.9990039119095914,0.8286538374870431
0.9990038758285942,0.8286237925698919
0.999003839744983,0.8285937476527409
0.999003821702197,0.8285787251941653
0.9990038036587575,0.8285637027355897
0.9990037495245169,0.828518635359863
0.9990037314784624,0.8285036129012874
0.9990036953843925,0.8284735679841363
0.999003659287707,0.8284435230669851
0.9990036412383834,0.8284285006084096
0.9990217391304348,0.8284285006084096
0.9990217214079965,0.828413478149834
0.9990217036849162,0.8283984556912585
0.9990215973329468,0.828308320939805
0.9990215796053704,0.8282932984812295
0.9990215441482905,0.8282632535640783
0.9990215264187867,0.8282482311055027
0.9990215086886405,0.8282332086469272
0.9990214909578516,0.8282181861883516
0.9990214554943462,0.8281881412712004
0.9990214200282701,0.8281580963540494
0.9990213313518314,0.8280829840611714
0.9990213136146151,0.8280679616025959
0.9990212426593199,0.8280078717682936
0.9990211539507314,0.8279327594754158
0.9990211184627934,0.8279027145582646
0.9990210474791973,0.8278426247239623
0.9990210297316896,0.8278276022653868
0.9990209764853056,0.82778253488966
0.9990209054811162,0.8277224450553577
0.9990208877284595,0.8277074225967822
0.9990208522212148,0.827677377679631
0.9990207989555189,0.8276323103039044
0.9990207634418352,0.8276022653867532
0.9990207279255753,0.8275722204696021
0.9990206568853262,0.8275121306352998
0.9990206213613363,0.8274820857181486
0.999020603598375,0.8274670632595731
0.9990205858347692,0.8274520408009975
0.9990205503056245,0.8274219958838464
0.9990205325400856,0.8274069734252708
0.9990204792396017,0.8273619060495441
0.9990204614714846,0.8273468835909685
0.9990204437027228,0.8273318611323929
0.9990203903925695,0.8272867937566662
0.9990203726212289,0.8272717712980906
0.9990203548492435,0.827256748839515
0.9990203370766133,0.8272417263809395
0.9990203015294181,0.8272116814637883
0.9990202837548532,0.8271966590052128
0.9990202482037883,0.8271666140880617
0.9990201415351116,0.8270764793366082
0.9990201059737244,0.8270464344194571
0.9990200881920627,0.8270314119608815
0.9990200348432056,0.8269863445851549
0.9990200170589623,0.8269713221265792
0.9990380950652462,0.8269262547508526
0.9990380776071727,0.8269112322922769
0.9990380601484654,0.8268962098337014
0.9990380426891244,0.8268811873751258
0.9990380252291496,0.8268661649165503
0.9990379903072986,0.8268361199993991
0.999037955382912,0.826806075082248
0.9990379379197677,0.8267910526236724
0.9990379204559894,0.8267760301650968
0.9990378855265307,0.8267459852479456
0.9990378680608503,0.8267309627893701
0.9990378505945358,0.8267159403307945
0.999037833127587,0.826700917872219
0.9990377981917868,0.8266708729550678
0.999037710841186,0.82659576066219
0.9990376758965047,0.8265657157450388
0.9990376584232125,0.8265506932864632
0.9990376409492855,0.8265356708278877
0.999037623474724,0.8265206483693122
0.9990375710472317,0.8264755809935854
0.9990374661751085,0.826385446242132
0.9990374312126551,0.8263554013249809
0.9990373437954083,0.826280289032103
0.9990372913374385,0.8262352216563763
0.9990372563622822,0.8262051767392251
0.9990372388737512,0.8261901542806496
0.9990372213845846,0.826175131822074
0.9990372038947828,0.8261601093634985
0.9990371864043454,0.8261450869049228
0.9990371689132725,0.8261300644463473
0.9990371339292202,0.8261000195291961
0.9990370639534883,0.8260399296948938
0.9990370289618082,0.8260098847777427
0.9990370114650144,0.8259948623191672
0.999036958970818,0.8259497949434405
0.9990369414714807,0.8259347724848649
0.9990369239715075,0.8259197500262893
0.9990368189583106,0.8258296152748359
0.9990367664431238,0.8257845478991092
0.999036748936789,0.8257695254405336
0.9990366789050856,0.8257094356062313
0.9990366438854151,0.8256793906890801
0.9990366263746251,0.8256643682305046
0.9990365913511352,0.8256343233133535
0.9990365212965151,0.8255742334790512
0.9990365037812682,0.8255592110204756
0.9990364862653844,0.8255441885619
0.9990364687488638,0.8255291661033245
0.9990364337139117,0.8254991211861733
0.9990363986764118,0.8254690762690222
0.9990363636363636,0.825439031351871
0.999036311071513,0.8253939639761443
0.9990362935486217,0.8253789415175687
0.9990362585009274,0.8253488966004177
0.9990362409761242,0.825333874141842
0.9990361883978905,0.8252888067661154
0.9990361533425475,0.8252587618489642
0.9990361358139197,0.8252437393903886
0.9990361182846543,0.8252287169318131
0.9990361007547512,0.8252136944732374
0.9990360832242107,0.8251986720146619
0.9990360481612164,0.8251686270975108
0.9990360130956711,0.8251385821803596
0.9990359955619418,0.8251235597217841
0.9990359604925696,0.8250935148046329
0.9990359254206458,0.8250634698874818
0.999035872807975,0.8250184025117551
0.999035855269142,0.8250033800531795
0.9990358377296708,0.824988357594604
0.9990357851074281,0.8249432902188772
0.9990357500227417,0.824913245301726
0.9990357324794411,0.8248982228431505
0.9990356973909247,0.8248681779259994
0.9990356798457087,0.8248531554674238
0.9990356622998544,0.8248381330088482
0.9990355921100517,0.824778043174546
0.9990355745610044,0.8247630207159704
0.999035539460994,0.8247329757988192
0.9990355219100305,0.8247179533402437
0.9990355043584285,0.8247029308816681
0.9990354692533077,0.8246728859645169
0.9990354516997889,0.8246578635059414
0.9990354341456312,0.8246428410473658
0.9990354165908346,0.8246278185887902
0.9990353814793244,0.8245977736716391
0.9990353639226107,0.8245827512130636
0.9990353463652579,0.8245677287544879
0.999035328807266,0.8245527062959124
0.9990353112486349,0.8245376838373368
0.9990352936893646,0.8245226613787613
0.999035276129455,0.8245076389201856
0.9990352410077181,0.8244775940030346
0.9990352234458906,0.824462571544459
0.9990351531921866,0.8244024817101567
0.9990351356271618,0.8243874592515811
0.9990350653606671,0.8243273694172788
0.9990350477924442,0.8243123469587033
0.9990350126540793,0.8242823020415522
0.9990349950839372,0.8242672795829765
0.9990349775131553,0.824252257124401
0.99903492479697,0.8242071897486742
0.9990348544997633,0.824147099914372
0.9990348369238614,0.8241320774557964
0.9990348193473193,0.8241170549972209
0.9990348017701371,0.8241020325386452
0.999034749034749,0.8240569651629186
0.999034696293598,0.8240118977871919
0.9990346611296286,0.8239818528700407
0.9990346259630972,0.8239518079528896
0.9990346083788707,0.823936785494314
0.9990345732084958,0.8239067405771628
0.9990345028600576,0.8238466507428606
0.9990344676819938,0.8238166058257095
0.9990344149100913,0.8237715384499827
0.999034379725618,0.8237414935328315
0.9990343621324199,0.823726471074256
0.9990343445385806,0.8237114486156805
0.999034274156812,0.8236513587813782
0.9990342565597667,0.8236363363228026
0.9990342389620802,0.823621313864227
0.9990342213637523,0.8236062914056514
0.999034203764783,0.8235912689470759
0.9990341685649202,0.8235612240299247
0.9990341333624916,0.8235311791127736
0.9990341157603149,0.823516156654198
0.9990340981574967,0.8235011341956224
0.9990340805540369,0.8234861117370469
0.9990340629499354,0.8234710892784713
0.9990340101337805,0.8234260219027446
0.999033992527112,0.8234109994441691
0.9990339749198017,0.8233959769855934
0.9990339397032555,0.8233659320684423
0.9990338868736215,0.8233208646927156
0.9990338692624594,0.82330584223414
0.9990338516506554,0.8232908197755645
0.9990338340382091,0.8232757973169889
0.9990337988113902,0.8232457523998378
0.9990337811970175,0.8232307299412622
0.9990337459663452,0.823200685024111
0.9990337107331037,0.82317064010696
0.9990336931155193,0.8231556176483843
0.9990336754972925,0.8231405951898088
0.9990336402589115,0.8231105502726577
0.9990336226387572,0.823095527814082
0.9990335697744388,0.8230504604383554
0.9990335345283466,0.8230204155212042
0.9990334992796834,0.8229903706040531
0.9990334816543877,0.8229753481454775
0.999033464028449,0.8229603256869019
0.9990516832622096,0.8229603256869019
0.9990516486723081,0.8229302807697508
0.9990516140798833,0.8229002358525996
0.9990515967827245,0.8228852133940241
0.9990515794849347,0.8228701909354484
0.9990515275877793,0.8228251235597218
0.9990515102874653,0.8228101011011462
0.9990514929865203,0.8227950786425706
0.9990514583827366,0.8227650337254195
0.9990514410798979,0.8227500112668439
0.9990514237764279,0.8227349888082683
0.99905137186223,0.8226899214325416
0.9990513545562346,0.8226748989739661
0.9990513372496078,0.8226598765153905
0.9990513199423494,0.822644854056815
0.9990513026344596,0.8226298315982393
0.9990512680167852,0.8225997866810882
0.9990512507070006,0.8225847642225127
0.9990511987738568,0.822539696846786
0.9990511468350273,0.8224946294710592
0.9990511122059816,0.8224645845539081
0.9990510775744083,0.822434539636757
0.999051042940307,0.8224044947196059
0.9990509909844143,0.8223594273438791
0.9990509736645192,0.8223444048853036
0.9990509563439918,0.8223293824267279
0.9990509390228323,0.8223143599681524
0.9990508870555597,0.8222692925924256
0.9990508697318707,0.8222542701338501
0.9990508350825956,0.8222242252166989
0.9990508177570093,0.8222092027581234
0.9990507831039392,0.8221791578409723
0.9990507311195896,0.8221340904652455
0.9990506964601932,0.8221040455480944
0.9990506791295458,0.8220890230895188
0.9990506444663526,0.8220589781723677
0.9990505404615834,0.8219688434209143
0.9990504711124096,0.821908753586612
0.9990504537735332,0.8218937311280364
0.9990503844116949,0.8218336412937342
0.9990503150397224,0.8217735514594319
0.9990502803499351,0.8217435065422807
0.9990502630040912,0.8217284840837051
0.9990501762653662,0.8216533717908273
0.9990501068629779,0.821593281956525
0.9990500721579804,0.8215632370393738
0.9990500374504466,0.8215331921222228
0.9990500200957287,0.8215181696636471
0.9990500027403767,0.8215031472050716
0.9990499853843905,0.821488124746496
0.9990499506705156,0.8214580798293448
0.9990499333126267,0.8214430573707693
0.9990498985949462,0.8214130124536182
0.9990498812351544,0.8213979899950425
0.9990498638747282,0.821382967536467
0.9990498117896429,0.8213379001607403
0.9990497596988469,0.8212928327850136
0.999049742333979,0.821277810326438
0.9990497249684764,0.8212627878678624
0.9990497076023391,0.8212477654092869
0.9990496728681604,0.8212177204921357
0.9990496555001188,0.8212026980335602
0.9990496381314423,0.8211876755749846
0.999049620762131,0.8211726531164091
0.9990495339060501,0.8210975408235311
0.9990495165329287,0.8210825183649556
0.999049464409754,0.8210374509892289
0.9990494470340919,0.8210224285306533
0.9990493775250909,0.820962338696351
0.9990493253866686,0.8209172713206243
0.999049290624543,0.8208872264034732
0.9990492558598749,0.820857181486322
0.9990492037081056,0.8208121141105953
0.999049186322911,0.8207970916520198
0.9990491689370806,0.8207820691934442
0.9990491515506144,0.8207670467348687
0.9990491341635124,0.820752024276293
0.999049064608745,0.8206919344419907
0.9990490472184631,0.8206769119834152
0.9990490298275452,0.8206618895248396
0.9990490124359912,0.8206468670662641
0.9990489776509748,0.8206168221491129
0.9990489254686785,0.8205717547733862
0.9990489080733073,0.8205567323148106
0.9990488384854582,0.8204966424805084
0.9990488210869048,0.8204816200219328
0.999048803687715,0.8204665975633573
0.9990487862878885,0.8204515751047816
0.9990487688874254,0.8204365526462061
0.9990487514863258,0.8204215301876305
0.9990487166822165,0.8203914852704793
0.9990486992792068,0.8203764628119038
0.9990486470663569,0.8203313954361771
0.9990486296607999,0.8203163729776015
0.999048612254606,0.820301350519026
0.9990485948477752,0.8202863280604503
0.9990485600322025,0.8202562831432992
0.9990485426234608,0.8202412606847237
0.9990485252140818,0.820226238226148
0.9990485078040658,0.8202112157675725
0.9990484903934126,0.820196193308997
0.9990484729821223,0.8201811708504214
0.9990484033305883,0.8201210810161191
0.9990483685009974,0.8200910360989679
0.9990483336688567,0.8200609911818169
0.9990483162518302,0.8200459687232412
0.9990482814158644,0.8200159238060901
0.9990482465773483,0.8199858788889389
0.9990481943147914,0.8199408115132123
0.999048159469898,0.8199107665960611
0.9990481246224533,0.81988072167891
0.999048107197774,0.8198656992203344
0.9990480723465016,0.8198356543031833
0.9990480200648079,0.8197905869274565
0.9990480026363003,0.819775564468881
0.9990479677773709,0.8197455195517298
0.9990479503469488,0.8197304970931543
0.9990478806188776,0.819670407258852
0.9990478631852638,0.8196553848002764
0.999047828316121,0.8196253398831252
0.9990478108805918,0.8196103174245497
0.9990477760076177,0.8195802725073985
0.9990477411320893,0.8195502275902474
0.9990477062540061,0.8195201826730962
0.9990476888140063,0.8195051602145207
0.9990476539320904,0.8194751152973696
0.9990476190476191,0.8194450703802184
0.9990475143788695,0.819354935628765
0.9990474271373354,0.8192798233358871
0.9990473747847434,0.8192347559601605
0.9990473573326005,0.8192197335015848
0.9990473398798183,0.8192047110430093
0.9990473224263965,0.8191896885844338
0.9990472875176344,0.8191596436672826
0.9990472526063138,0.8191295987501315
0.9990472176924345,0.8190995538329803
0.9990471827759964,0.8190695089158292
0.9990471653168176,0.8190544864572535
0.9990471303965404,0.8190244415401025
0.9990471129354419,0.8190094190815269
0.9990470954737035,0.8189943966229513
0.9990470780113251,0.8189793741643757
0.9990470430846482,0.8189493292472246
0.999046973223613,0.8188892394129224
0.9990469208211143,0.8188441720371956
0.9990652321340201,0.8188441720371956
0.9990651464603879,0.8187690597443178
0.9990651121865376,0.8187390148271666
0.99906509504867,0.8187239923685911
0.9990650607710498,0.8186939474514399
0.9990650264909161,0.8186639025342888
0.9990648379052369,0.8184986554899575
0.9990648036087578,0.8184686105728064
0.999064786459575,0.8184535881142307
0.9990647693097631,0.8184385656556552
0.9990647350082523,0.818408520738504
0.9990646492434663,0.8183334084456262
0.9990646320886215,0.8183183859870506
0.9990646149331475,0.8183033635284751
0.9990645977770441,0.8182883410698994
0.9990645806203114,0.8182733186113239
0.9990645463049579,0.8182432736941728
0.9990644948272067,0.8181982063184461
0.9990644433437895,0.8181531389427193
0.9990644261813912,0.8181381164841438
0.9990644090183632,0.8181230940255683
0.9990643918547055,0.8181080715669926
0.9990643575255008,0.8180780266498415
0.99906430602697,0.8180329592741148
0.9990642545227698,0.817987891898388
0.9990641858416822,0.8179278020640858
0.9990641514973576,0.8178977571469347
0.9990640999761438,0.817852689771208
0.9990640484492568,0.8178076223954812
0.9990640312723669,0.8177925999369057
0.9990639969166957,0.8177625550197545
0.9990639797379143,0.8177475325611789
0.9990639453784598,0.8177174876440279
0.9990639110164825,0.8176874427268767
0.9990638766519824,0.8176573978097256
0.999063842284959,0.8176273528925744
0.9990638251005012,0.8176123304339988
0.9990637907296925,0.8175822855168476
0.99906375635636,0.8175522405996966
0.9990637219805034,0.8175221956825454
0.9990637047916284,0.8175071732239698
0.9990636704119851,0.8174771283068187
0.9990636360298167,0.8174470833896675
0.9990636016451234,0.8174170384725165
0.9990635844518296,0.8174020160139408
0.9990635672579046,0.8173869935553653
0.9990635156723406,0.8173419261796385
0.9990634812788072,0.8173118812624874
0.999063464081093,0.8172968588039119
0.9990634296837698,0.8172668138867607
0.9990633952839197,0.8172367689696096
0.9990633608815427,0.8172067240524584
0.9990633436794064,0.8171917015938829
0.9990633092732382,0.8171616566767317
0.9990632748645422,0.8171316117595806
0.9990632576592462,0.817116589301005
0.999063223246758,0.8170865443838539
0.9990632060395658,0.8170715219252783
0.9990631372044749,0.817011432090976
0.9990631199941216,0.8169964096324004
0.9990630511463845,0.8169363197980981
0.9990630339328691,0.8169212973395226
0.999062999503941,0.8168912524223715
0.9990629478558042,0.8168461850466447
0.9990629306384934,0.8168311625880692
0.9990628962019734,0.816801117670918
0.9990628445424476,0.8167560502951913
0.99906282732134,0.8167410278366157
0.9990628100995994,0.8167260053780402
0.9990627584305798,0.8166809380023135
0.9990810850547673,0.8166508930851624
0.9990810512773387,0.8166208481680112
0.9990810174974268,0.8165908032508601
0.9990810006065396,0.8165757807922844
0.9990809668229023,0.8165457358751333
0.9990808654570856,0.8164556011236799
0.9990808316635108,0.8164255562065288
0.9990808147657916,0.8164105337479531
0.999080679561668,0.8162903540793486
0.9990806457544221,0.8162603091621975
0.9990806288498667,0.816245286703622
0.9990805781324703,0.8162002193278952
0.999080527409478,0.8161551519521685
0.9990805105005701,0.8161401294935929
0.9990804935910403,0.8161251070350174
0.9990804766808886,0.8161100845764417
0.9990804090340617,0.8160499947421395
0.99908032446153,0.8159748824492616
0.9990803075451569,0.8159598599906861
0.9990802906281615,0.8159448375321106
0.9990802737105438,0.8159298150735349
0.999080239873441,0.8158997701563838
0.9990802229539559,0.8158847476978083
0.9990801552697904,0.8158246578635059
0.9990801383471926,0.8158096354049303
0.9990801214239721,0.8157946129463548
0.9990800875756628,0.8157645680292036
0.999080070650574,0.8157495455706281
0.9990800537248624,0.8157345231120525
0.9990800367985281,0.815719500653477
0.9990799690869613,0.8156594108191747
0.9990799182967447,0.815614343443448
0.9990797997644287,0.815509186233419
0.9990797658924431,0.8154791413162679
0.9990797150797887,0.8154340739405411
0.9990796981409903,0.8154190514819656
0.9990796473208533,0.8153739841062388
0.9990796303795604,0.8153589616476633
0.9990795964951035,0.8153289167305121
0.9990795795519394,0.8153138942719366
0.9990795626081513,0.815298871813361
0.9990795117730444,0.8152538044376343
0.999079494826761,0.8152387819790587
0.9990794778798534,0.8152237595204831
0.9990794439841665,0.815193714603332
0.9990794270353869,0.8151786921447564
0.9990794100859831,0.8151636696861808
0.9990793931359552,0.8151486472276053
0.9990793761853032,0.8151336247690297
0.9990793422821264,0.8151035798518785
0.9990793253296015,0.815088557393303
0.9990793083764524,0.8150735349347275
0.9990792914226789,0.8150585124761518
0.9990792575132587,0.8150284675590007
0.9990791557700099,0.8149383328075472
0.9990790879286846,0.814878242973245
0.9990790709667913,0.8148632205146694
0.9990790540042732,0.8148481980560939
0.9990790370411302,0.8148331755975183
0.9990790031129695,0.8148031306803671
0.9990789861479517,0.8147881082217916
0.9990789691823089,0.814773085763216
0.9990789522160409,0.8147580633046404
0.999078935249148,0.8147430408460649
0.99907891828163,0.8147280183874893
0.9990788843447184,0.8146979734703381
0.9990788334346616,0.8146529060946115
0.9990787825189771,0.8146078387188848
0.9990787485720602,0.8145777938017336
0.9990787146226415,0.8145477488845825
0.9990786467162969,0.8144876590502802
0.9990786297381465,0.8144726365917045
0.9990786127593705,0.814457614133129
0.999078527856103,0.8143825018402512
0.9990784429371866,0.8143073895473734
0.9990783919783238,0.8142623221716466
0.9990783580026175,0.8142322772544954
0.9990783070343607,0.8141872098787688
0.9990782560604664,0.8141421425030421
0.9990782390679154,0.8141271200444665
0.9990782050809336,0.8140970751273153
0.9990781710914455,0.8140670302101642
0.9990781540957614,0.8140520077515886
0.9990780861067576,0.8139919179172863
0.9990780181077243,0.813931828082984
0.9990779841044459,0.813901783165833
0.9990779500986593,0.8138717382486818
0.9990779160903642,0.8138416933315307
0.9990778820795604,0.8138116484143795
0.9990778140504252,0.8137515585800772
0.9990777800320932,0.8137215136629261
0.9990961744198915,0.8136914687457749
0.9990961244027965,0.8136464013700482
0.9990961077292012,0.8136313789114726
0.9990960743801653,0.8136013339943216
0.9990960410286684,0.8135712890771704
0.9990960243519971,0.8135562666185948
0.9990959743182909,0.8135111992428681
0.9990959576391579,0.8134961767842925
0.9990959409594096,0.813481154325717
0.9990959242790457,0.8134661318671413
0.9990958909164714,0.8134360869499903
0.9990958241839352,0.813375997115688
0.9990957908139728,0.8133459521985368
0.9990957741280679,0.8133309297399612
0.9990957574415472,0.8133159072813857
0.9990957407544105,0.8133008848228102
0.9990957073782896,0.813270839905659
0.9990956739997047,0.8132407949885078
0.9991140969325606,0.8132257725299322
0.9991140642303433,0.8131957276127811
0.9991140478783292,0.8131807051542055
0.9991140151724902,0.8131506602370544
0.9991139988186651,0.8131356377784789
0.9991139661092037,0.8131055928613277
0.9991324091337013,0.8131055928613277
0.999132393118216,0.8130905704027521
0.9991323610854717,0.8130605254856009
0.9991323450682125,0.8130455030270254
0.9991323290503619,0.8130304805684498
0.9991507587785696,0.8130154581098743
0.9991507274204269,0.8129854131927231
0.9991507117404871,0.8129703907341476
0.9991506960599682,0.812955368275572
0.9991506490149376,0.8129103008998453
0.9991505862801219,0.812850211065543
0.9991505235360382,0.8127901212312407
0.9991504921605201,0.8127600763140895
0.9991504294025303,0.8126999864797873
0.999150413711584,0.8126849640212117
0.9991503666352671,0.812639896645485
0.9991503352481576,0.8126098517283339
0.9991502881631447,0.8125647843526072
0.9991502724669807,0.8125497618940316
0.9991501939774616,0.8124746496011537
0.9991501625775938,0.8124446046840026
0.9991501468767898,0.812429582225427
0.9991501154734411,0.8123995373082759
0.9991500997708964,0.8123845148497003
0.9991500683640664,0.8123544699325491
0.999150036954915,0.812324425015398
0.9991500055434421,0.8122943800982468
0.999149989836835,0.8122793576396713
0.9991499741296475,0.8122643351810958
0.9991499427135307,0.8122342902639446
0.9991499112950917,0.8122042453467935
0.99914987987433,0.8121742004296423
0.9991498641630783,0.8121591779710667
0.9991498327388323,0.8121291330539157
0.9991498170258382,0.81211411059534
0.9991497384521543,0.8120389983024622
0.999149707018614,0.8120089533853111
0.9991496598639455,0.8119638860095844
0.9991496284245942,0.8119338410924332
0.9991495969829179,0.8119037961752821
0.999149581261208,0.8118887737167064
0.9991680224818814,0.8118587287995553
0.999167976333549,0.8118136614238286
0.999167914794475,0.8117535715895263
0.999167899408284,0.8117385491309508
0.999167853246297,0.811693481755224
0.9991863303498779,0.811693481755224
0.9991863153028202,0.8116784592966485
0.9991863002552058,0.811663436838073
0.9991862852070349,0.8116484143794973
0.9991862701583074,0.8116333919209218
0.9991862551090234,0.8116183694623462
0.9991862400591826,0.8116033470037707
0.99918619490632,0.8115582796280439
0.9991861648016277,0.8115282347108927
0.9991861346947081,0.8114981897937417
0.9991861045855608,0.8114681448765905
0.9991860895301516,0.8114531224180149
0.9991860744741856,0.8114380999594394
0.9991860293029451,0.8113930325837126
0.9991860142447507,0.8113780101251371
0.9991859991859992,0.8113629876665616
0.9991859690668246,0.8113329427494104
0.999185938945421,0.8113028978322592
0.9991859238838832,0.8112878753736836
0.9991858937591356,0.8112578304565325
0.9991858485678337,0.8112127630808058
0.9991858184375115,0.8111827181636546
0.9991857732378467,0.811137650787928
0.9991857581701765,0.8111226283293523
0.9991857129638197,0.8110775609536257
0.999185667752443,0.811032493577899
0.999185607462797,0.8109724037435967
0.9991855471642233,0.8109123139092944
0.9991855019344329,0.8108672465335677
0.9991854868567197,0.8108522240749921
0.9991854717784483,0.8108372016164166
0.9991854265402843,0.8107921342406899
0.9991853963787166,0.8107620893235387
0.9991853662149152,0.8107320444063876
0.9991853360488798,0.8107019994892364
0.9991853209650243,0.8106869770306608
0.9991853058806103,0.8106719545720853
0.9991852907956376,0.8106569321135096
0.999185200274069,0.8105667973620563
0.9991851399151804,0.810506707527754
0.9991851248240611,0.8104916850691785
0.9991851097323826,0.8104766626106028
0.9991850946401452,0.8104616401520273
0.9991850493600786,0.8104165727763005
0.9991850191705718,0.8103865278591494
0.9991850040749797,0.8103715054005739
0.9991849587848476,0.8103264380248472
0.9991849436870184,0.8103114155662716
0.9991849285886297,0.810296393107696
0.9991848832901075,0.8102513257319693
0.999184868189481,0.8102363032733937
0.9991848077813803,0.8101762134390914
0.9991847775739722,0.8101461685219403
0.9991847624694286,0.8101311460633648
0.9991847473643253,0.8101161236047891
0.9991847171524394,0.810086078687638
0.9991847020456567,0.8100710562290625
0.9991846567219494,0.8100259888533358
0.9991846113932026,0.809980921477609
0.9991845962825003,0.8099658990190335
0.999184581171238,0.8099508765604578
0.9991845660594155,0.8099358541018823
0.9991845207205872,0.8098907867261556
0.9991844602609727,0.8098306968918533
0.9991844451446683,0.8098156744332777
0.9992029361607474,0.8097856295161266
0.9992029213858046,0.809770607057551
0.9992028918342757,0.8097405621403999
0.9992028327246436,0.8096804723060976
0.99920280316654,0.8096504273889464
0.9992027736062443,0.8096203824717954
0.9992027440437564,0.8095903375546442
0.9992027292616902,0.8095753150960686
0.9992026849122027,0.8095302477203419
0.9992212126831077,0.8095302477203419
0.999221154915996,0.8094701578860396
0.9992211115850379,0.809425090510313
0.9992210826950538,0.8093950455931618
0.9992210682492582,0.8093800231345862
0.9992210393560592,0.809349978217435
0.9992210249086559,0.8093349557588595
0.9992209526635999,0.8092598434659817
0.9992209093101337,0.8092147760902549
0.9992208948579061,0.8091997536316794
0.9992208659518421,0.8091697087145282
0.9992208370436332,0.8091396637973771
0.999220808133279,0.8091096188802259
0.9992207792207792,0.8090795739630748
0.9992207647637248,0.8090645515044992
0.9992392756419771,0.8090345065873481
0.9992392332956043,0.8089894392116214
0.9992391768264395,0.8089293493773191
0.9992390921069725,0.8088392146258657
0.9992390356168451,0.8087791247915634
0.9992389791183295,0.808719034957261
0.9992389508659254,0.80868899004011
0.9992388943548237,0.8086289002058077
0.9992388519659897,0.808583832830081
0.9992388237041437,0.8085537879129299
0.9992387671741552,0.8084936980786276
0.9992387389060121,0.8084636531614764
0.9992386964998607,0.8084185857857497
0.999238682363427,0.8084035633271741
0.9992386258124419,0.8083434734928718
0.9992385975337988,0.8083134285757207
0.999238569253055,0.8082833836585696
0.9992385409702103,0.8082533387414185
0.9992384843982169,0.8081932489071162
0.9992384702539051,0.8081782264485405
0.9992384136714033,0.8081181366142383
0.9992383712290087,0.8080730692385115
0.9992383429314509,0.8080430243213604
0.9992383287818833,0.8080280018627849
0.9992382863300264,0.8079829344870582
0.9992382721783558,0.8079679120284826
0.9992382580261593,0.807952889569907
0.999238243873437,0.8079378671113314
0.9992382297201887,0.8079228446527559
0.9992382014121145,0.8078927997356047
0.9992381731019362,0.8078627548184536
0.9992381447896537,0.8078327099013024
0.9992381164752666,0.8078026649841513
0.9992380739997399,0.8077575976084246
0.9992380598401784,0.807742575149849
0.9992380173583363,0.8076975077741223
0.9992379748717567,0.8076524403983956
0.9992379607085107,0.80763741793982
0.9992379182156134,0.8075923505640933
0.9992378898843823,0.8075623056469422
0.9992377481966238,0.8074120810611864
0.9992376773329863,0.8073369687683086
0.9992376631586776,0.8073219463097331
0.9992376489838419,0.8073069238511574
0.9992376064561717,0.8072618564754308
0.99923754974523,0.8072017666411285
0.9992375072064867,0.8071566992654018
0.9992374504807782,0.8070966094310995
0.9992374362980322,0.807081586972524
0.9992374079309575,0.8070515420553728
0.9992373511904762,0.8069914522210705
0.9992372376841792,0.8068712725524659
0.9992372093023256,0.8068412276353149
0.9992371951106067,0.8068262051767392
0.9992371667255847,0.8067961602595881
0.9992371525322815,0.8067811378010125
0.9992370815578422,0.8067060255081346
0.9992370531643685,0.8066759805909836
0.9992370389668391,0.8066609581324079
0.9992369963710803,0.8066158907566813
0.9992369679712654,0.8065858458395301
0.9992369395693361,0.806555800922379
0.9992369253675787,0.8065407784638033
0.9992368685552618,0.8064806886295011
0.9992368259404725,0.8064356212537744
0.9992367975279686,0.8064055763366232
0.9992367406966137,0.806345486502321
0.9992366980675429,0.8063004191265942
0.9992366696455168,0.8062703742094431
0.9992366270085088,0.8062253068337164
0.9992365559362432,0.8061501945408386
0.999236513286531,0.8061051271651118
0.9992364990689013,0.8060901047065363
0.9992364706320533,0.8060600597893851
0.999236442193087,0.806030014872234
0.9992364137520021,0.8059999699550828
0.9992363568634756,0.8059398801207805
0.9992363284160334,0.8059098352036295
0.9992363141915175,0.8058948127450538
0.9992362572881546,0.8058347229107515
0.9992361861470248,0.8057596106178737
0.9992361434559851,0.805714543242147
0.999236129224578,0.8056995207835714
0.9992360865271748,0.8056544534078447
0.9992360295898783,0.8055943635735424
0.999236015354228,0.8055793411149669
0.9992359868813357,0.8055492961978158
0.9992359584063211,0.8055192512806646
0.9992358872094974,0.8054441389877868
0.9992358444850338,0.80539907161206
0.9992358159994036,0.8053690266949088
0.9992357732669761,0.8053239593191822
0.9992357305297692,0.8052788919434555
0.9992357162829714,0.8052638694848799
0.9992357020356424,0.8052488470263043
0.9992356877877822,0.8052338245677287
0.9992356592904681,0.8052037796505777
0.999235630791029,0.8051737347334265
0.9992356165405123,0.8051587122748509
0.9992355737857742,0.8051136448991242
0.9992355167720162,0.8050535550648219
0.9992354740061162,0.8050084876890952
0.9992354597497529,0.8049934652305196
0.9992354454928579,0.8049784427719441
0.9992353742004065,0.8049033304790663
0.9992353599403208,0.8048883080204906
0.9992353456797031,0.8048732855619151
0.9992352886319127,0.8048131957276128
0.9992352601048253,0.8047831508104616
0.9992352458404835,0.804768128351886
0.9992352030442649,0.8047230609761593
0.9992351887777944,0.8047080385175838
0.9992351459751889,0.804662971141857
0.9992351031677923,0.8046179037661304
0.9992350746268657,0.8045878588489792
0.9992350175386223,0.8045277690146769
0.9992349747168473,0.8044827016389502
0.999234960441857,0.8044676791803747
0.9992348747807263,0.8043775444289213
0.999234846222753,0.8043474995117701
0.999234831942967,0.8043324770531946
0.9992348033817958,0.8043024321360434
0.9992347891004106,0.8042874096774678
0.9992347319695386,0.8042273198431655
0.9992347176854877,0.80421229738459
0.9992346319699826,0.8041221626331365
0.9992345891050293,0.8040770952574098
0.9992345462352743,0.8040320278816832
0.9992345319442889,0.8040170054231075
0.999234503360717,0.8039869605059564
0.9992344890681305,0.8039719380473809
0.9992344604813563,0.8039418931302297
0.9992344461871686,0.8039268706716541
0.9992344175971917,0.8038968257545029
0.9992343747082221,0.8038517583787763
0.9992343032159265,0.8037766460858984
0.9992342889158652,0.8037616236273228
0.9992342603141401,0.8037315787101718
0.9992342174075458,0.803686511334445
0.9992341888004782,0.8036564664172938
0.9992341744961428,0.8036414439587183
0.9992341601912732,0.8036264215001427
0.9992341172734575,0.803581354124416
0.99923410296645,0.8035663316658405
0.9992340743508313,0.8035362867486893
0.9992340314233938,0.8034912193729625
0.9992339884911442,0.8034461519972359
0.9992339455540816,0.8034010846215092
0.9992339169266989,0.803371039704358
0.9992338882971766,0.8033409947872069
0.9992338596655144,0.8033109498700557
0.9992338167140081,0.8032658824943291
0.9992337880769949,0.8032358375771779
0.999233687830589,0.8031306803671489
0.9992336735075324,0.8031156579085733
0.9992336591839405,0.8031006354499978
0.9992336162099518,0.803055568074271
0.9992335875579482,0.80302552315712
0.9992335445759258,0.8029804557813932
0.9992335015890821,0.8029353884056665
0.9992334585974162,0.8028903210299397
0.9992334442657892,0.8028752985713642
0.9992334299336263,0.8028602761127887
0.9992333869339217,0.8028152087370619
0.9992333439293929,0.8027701413613352
0.9992333295934777,0.8027551189027596
0.9992333009200389,0.8027250739856084
0.9992332722444552,0.8026950290684574
0.999233257905859,0.8026800066098818
0.9992332435667265,0.8026649841513062
0.9992332292270577,0.8026499616927306
0.9992331862048328,0.8026048943170039
0.9992331288343558,0.8025448044827016
0.9992331001458981,0.8025147595655505
0.9992330714552937,0.8024847146483993
0.9992330284153619,0.8024396472726727
0.9992330140676444,0.802424624814097
0.999232985370599,0.802394579896946
0.9992329566714061,0.8023645349797948
0.9992329136185897,0.8023194676040681
0.999232884914027,0.8022894226869169
0.99923287056094,0.8022744002283414
0.9992327700742903,0.8021692430183124
0.9992327557169056,0.8021542205597368
0.9992327413589834,0.8021391981011612
0.9992326839219209,0.8020791082668589
0.9992325977502012,0.8019889735154055
0.9992325833863662,0.80197395105683
0.9992325546570829,0.8019439061396788
0.9992325402916347,0.8019288836811033
0.9992325115591247,0.8018988387639521
0.9992324684563256,0.8018537713882254
0.99923245408765,0.8018387489296498
0.9992324397184364,0.8018237264710742
0.9992324253486848,0.8018087040124987
0.9992324109783952,0.8017936815539232
0.9992323391188751,0.8017185692610452
0.9992323247453565,0.8017035468024697
0.9992323103712997,0.8016885243438941
0.9992322959967045,0.8016735018853185
0.9992322384929403,0.8016134120510162
0.9992321953594636,0.8015683446752896
0.9992321809805611,0.8015533222167139
0.9992321522211401,0.8015232772995629
0.9992321234595647,0.8014932323824117
0.9992320946958346,0.8014631874652606
0.9992320659299494,0.8014331425481094
0.9992320227770806,0.8013880751723828
0.9992319796193616,0.801343007796656
0.999231950844854,0.8013129628795048
0.9992319220681903,0.8012829179623537
0.9992505854800937,0.8012228281280515
0.9992505714392775,0.8012078056694759
0.9992505573979353,0.8011927832109003
0.9992505433560669,0.8011777607523247
0.9992505012273042,0.801132693376598
0.9992504871833309,0.8011176709180224
0.9992504731388311,0.8011026484594469
0.999250459093805,0.8010876260008714
0.9992504169555685,0.8010425586251446
0.99925033266488,0.8009524238736911
0.9992503186145888,0.8009374014151156
0.9992501921382646,0.8008021992879355
0.9992501780827053,0.8007871768293598
0.9992501218551986,0.8007270869950576
0.9992501077970042,0.800712064536482
0.9992500656192583,0.8006669971607553
0.9992500234367676,0.8006219297850287
0.9992499812495312,0.8005768624093019
0.9992498827941866,0.8004717051992729
0.9992498687270273,0.8004566827406974
0.9992498546593402,0.8004416602821218
0.9992498405911256,0.8004266378235462
0.9992498265223833,0.8004116153649706
0.9992497843129899,0.8003665479892439
0.9992497280264095,0.8003064581549416
0.9992496576563057,0.8002313458620638
0.9992496435807008,0.8002163234034882
0.9992495872730002,0.800156233569186
0.9992495168764892,0.800081121276308
0.9992494605497702,0.8000210314420058
0.9992494323832398,0.7999909865248547
0.9992494042145953,0.7999609416077035
0.9992493478709629,0.7999008517734012
0.9992493056076871,0.7998557843976746
0.999249291518871,0.7998407619390989
0.999249263339652,0.7998107170219478
0.9992492210668569,0.7997656496462211
0.9992491928823485,0.7997356047290699
0.9992491787893008,0.7997205822704944
0.9992491224118188,0.7996604924361921
0.9992490378297193,0.7995703576847387
0.9992489814310659,0.7995102678504364
0.9992489250239405,0.7994501780161342
0.9992488827130357,0.7994051106404074
0.9992488545031173,0.7993750657232562
0.9992488403973634,0.7993600432646807
0.9992488262910798,0.7993450208061051
0.9992488121842664,0.7993299983475296
0.9992487557517138,0.7992699085132273
0.9992487275322578,0.7992398635960761
0.9992486710869851,0.7991797737617738
0.999248642861168,0.7991497288446228
0.9992485864031709,0.7990896390103204
0.9992485581709906,0.7990595940931693
0.9992485299366887,0.7990295491760181
0.9992485017002649,0.798999504258867
0.9992484593416504,0.7989544368831403
0.9992484169782605,0.7989093695074135
0.9992484028560692,0.798894347048838
0.9992483604863107,0.7988492796731113
0.9992483039858682,0.798789189838809
0.9992482474769306,0.7987291000045067
0.9992482333483687,0.7987140775459312
0.9992482050896515,0.7986840326287801
0.9992481909594962,0.7986690101702044
0.9992481203007518,0.7985938978773266
0.9992481061674091,0.798578875418751
0.9992480072191307,0.798473718208722
0.9992479365258428,0.7983986059158442
0.9992479082448059,0.798368560998693
0.9992478799616419,0.7983385160815419
0.9992478658192622,0.7983234936229663
0.9992478375329071,0.7982934487058152
0.9992478092444244,0.798263403788664
0.9992477950993851,0.7982483813300885
0.9992477385139075,0.7981882914957862
0.9992477243662078,0.7981732690372106
0.999247710217976,0.7981582465786351
0.9992476677700872,0.7981131792029084
0.9992476111654504,0.7980530893686061
0.9992475687063825,0.7980080219928793
0.9992475403976749,0.7979779770757283
0.9992474979306193,0.7979329097000015
0.9992474413004214,0.7978728198656992
0.9992473563391412,0.7977826851142458
0.9992473138513068,0.797737617738519
0.9992472996876294,0.7977225952799435
0.9992472713586752,0.7976925503627924
0.9992472288612455,0.7976474829870657
0.9992472146943692,0.7976324605284901
0.9992472005269596,0.7976174380699145
0.9992471863590168,0.7976024156113389
0.9992471721905407,0.7975873931527634
0.9992471296819123,0.7975423257770367
0.9992471013401596,0.7975122808598856
0.9992470871684831,0.7974972584013099
0.9992470588235294,0.7974672134841588
0.9992470446502523,0.7974521910255833
0.9992470304764415,0.7974371685670076
0.9992469312448227,0.7973320113569787
0.9992469028881275,0.7973019664398275
0.9992468603490803,0.7972568990641008
0.9992468036228745,0.7971968092297985
0.9992467752565671,0.7971667643126474
0.99926557821592,0.7971517418540718
0.9992655228912032,0.7970916520197695
0.999265495225719,0.7970616071026184
0.9992654675581505,0.7970315621854672
0.9992654122167599,0.796971472351165
0.9992653707052441,0.7969264049754383
0.9992653430282937,0.7968963600582871
0.9992653153492578,0.796866315141136
0.9992652461425422,0.7967912028482581
0.9992652184562051,0.796761157931107
0.9992651907677814,0.7967311130139558
0.999265149231233,0.7966860456382292
0.9992650799932161,0.7966109333453513
0.9992650384441429,0.7965658659696246
0.9992650107421507,0.7965358210524734
0.9992649968903714,0.7965207985938979
0.999264955331901,0.7964757312181712
0.9992648860573389,0.7964006189252933
0.9992648722008596,0.7963855964667177
0.9992648583438578,0.7963705740081422
0.9992648306282871,0.7963405290909911
0.9992647890510123,0.7962954617152643
0.9992647613302165,0.7962654167981131
0.9992647058823529,0.7962053269638109
0.999264622694875,0.7961151922123575
0.999264581094077,0.7960701248366308
0.9992645533575968,0.7960400799194797
0.9992645256190242,0.7960100350023285
0.9992644146438069,0.7958898553337239
0.9992643868947696,0.7958598104165727
0.9992643591436386,0.7958297654994216
0.9992643313904137,0.7957997205822704
0.9992642758776812,0.7957396307479682
0.9992642203565701,0.7956795409136659
0.999264206474983,0.7956645184550903
0.9992641925928721,0.7956494959965148
0.9992641648270787,0.7956194510793636
0.9992641370591898,0.7955894061622125
0.9992641231744595,0.795574383703637
0.9992640815171242,0.7955293163279102
0.9992640120777505,0.7954542040350324
0.9992639981883032,0.7954391815764568
0.9992639148406093,0.7953490468250034
0.9992638592649918,0.7952889569907011
0.9992637897836675,0.7952138446978232
0.9992637480885768,0.7951687773220966
0.9992637341891637,0.7951537548635209
0.9992636646842254,0.7950786425706431
0.999263650781663,0.7950636201120675
0.9992636368785756,0.795048597653492
0.9992636090708257,0.7950185527363408
0.9992635395422615,0.794943440443463
0.9992635256349731,0.7949284179848874
0.9992634839099562,0.7948833506091607
0.9992634560906516,0.7948533056920095
0.9992634282692453,0.7948232607748584
0.9992633865331948,0.7947781933991317
0.9992633726201269,0.7947631709405562
0.9992633587065335,0.7947481484819806
0.9992633447924143,0.794733126023405
0.999263303046903,0.7946880586476783
0.9992632473788609,0.794627968813376
0.9992632195416847,0.7945979238962249
0.999263191702405,0.7945678789790737
0.9992631777819762,0.7945528565204981
0.9992631499395405,0.794522811603347
0.9992631220950006,0.7944927666861958
0.9992630942483561,0.7944627217690448
0.9992630385487529,0.7944026319347425
0.9992629828407287,0.7943425421004402
0.9992629271242818,0.7942824522661379
0.9992629131938539,0.7942674298075623
0.9992628992628992,0.7942524073489867
0.9992817585574688,0.7942223624318356
0.9992817449816656,0.79420733997326
0.9992816635160681,0.7941172052218066
0.9992816091954023,0.7940571153875043
0.9992815956139521,0.7940420929289288
0.9992815820319885,0.7940270704703531
0.9992815684495113,0.7940120480117776
0.999281541283016,0.7939820030946265
0.9992814733577885,0.7939068908017486
0.9992814461841011,0.7938768458845975
0.9992814190083582,0.7938468009674463
0.999281405419716,0.7938317785088708
0.9992813782408896,0.7938017335917196
0.9992813510600072,0.7937716886745685
0.9992812966920734,0.7937115988402662
0.9992812830988047,0.7936965763816907
0.9992812559107244,0.7936665314645395
0.9992811879315237,0.7935914191716616
0.9992811743341404,0.7935763967130861
0.9992811335389039,0.7935313293373594
0.999281106339507,0.7935012844202082
0.9992810791380518,0.7934712395030571
0.9992810247289653,0.7934111496687548
0.9992809703116426,0.7933510598344525
0.9992809567060248,0.793336037375877
0.9992998259026569,0.7932909700001503
0.9992997861509055,0.7932459026244235
0.9992997596472303,0.7932158577072723
0.9992997198879552,0.7931707903315457
0.9992997066338601,0.79315576787297
0.9992995873244236,0.7930205657457899
0.99929957406531,0.7930055432872144
0.999299534284957,0.7929604759114877
0.9992995077622113,0.7929304309943366
0.9992994679743264,0.7928853636186098
0.9992994281819214,0.7928402962428831
0.999318310925961,0.7927952288671564
0.9993182721987616,0.7927501614914297
0.9993182592887172,0.7927351390328541
0.9993182205556502,0.7926900716571275
0.9993181689047141,0.7926299818228251
0.9993181172459513,0.7925698919885228
0.9993181043300375,0.7925548695299472
0.9993180526614889,0.792494779695645
0.9993180139049387,0.7924497123199182
0.9993180009851097,0.7924346898613427
0.9993179363786211,0.7923595775684649
0.9993179105325982,0.7923295326513137
0.9993178717598908,0.792284465275587
0.9993178588346755,0.7922694428170114
0.9993178329827753,0.7922393978998603
0.9993177683444512,0.7921642856069825
0.9993177295555766,0.7921192182312558
0.9993177166249716,0.7921041957726802
0.9993177036938764,0.7920891733141046
0.9993176648976497,0.7920441059383779
0.9993175484824932,0.7919089038111977
0.9993175355450237,0.7918938813526222
0.999317432027606,0.7917737016840176
0.9993174061433447,0.7917436567668664
0.9993173932004779,0.7917286343082909
0.9993173802571201,0.7917136118497153
0.999317354368932,0.7916835669325641
0.999317315532968,0.7916384995568375
0.9993172766925849,0.7915934321811108
0.9993172507965408,0.7915633872639596
0.999317224898532,0.7915333423468085
0.9993172119487909,0.791518319888233
0.99931717309662,0.7914732525125062
0.999317121286847,0.7914131626782039
0.9993170565135735,0.791338050385326
0.9993170306008233,0.7913080054681749
0.9993169528507732,0.7912178707167214
0.9993169398907104,0.7912028482581459
0.999316901007571,0.7911577808824192
0.9993168621200046,0.7911127135066925
0.999335825568818,0.7911127135066925
0.9993357751503995,0.7910526236723903
0.9993357625445988,0.7910376012138146
0.9993357499383196,0.7910225787552391
0.999335737331562,0.7910075562966635
0.999335712116611,0.7909775113795123
0.9993356490708578,0.7909023990866345
0.9993356112376613,0.7908573317109078
0.9993355986256383,0.7908423092523322
0.999335560786696,0.7907972418766055
0.99933553555834,0.7907671969594544
0.999335510328068,0.7907371520423032
0.99933548509588,0.7907071071251521
0.9993354724790674,0.7906920846665765
0.9993354346257548,0.7906470172908499
0.9993353841479625,0.7905869274565476
0.9993353462845858,0.7905418600808208
0.999335295793372,0.7904817702465186
0.9993352831693698,0.790466747787943
0.9993352705448882,0.7904517253293674
0.9993352579199271,0.7904367028707918
0.9993352074152865,0.7903766130364895
0.9993351695317694,0.7903315456607628
0.9993351569029709,0.7903165232021873
0.9993351190136965,0.7902714558264605
0.9993350811201034,0.7902263884507339
0.9993350558553081,0.7901963435335827
0.999335030588593,0.7901662986164316
0.9993350179545152,0.790151276157856
0.9993349800494015,0.7901062087821293
0.9993349674134032,0.7900911863235537
0.9993349421399662,0.7900611414064026
0.9993349042262085,0.7900160740306759
0.9993348410270054,0.789940961737798
0.9993348157439611,0.7899109168206468
0.9993347778157905,0.7898658494449201
0.9993347651721057,0.7898508269863446
0.999334701946472,0.7897757146934667
0.9993346640053227,0.78973064731774
0.9993345881100402,0.7896405125662866
0.9993345501559054,0.7895954451905599
0.9993345248507435,0.7895654002734087
0.9993344868893917,0.7895203328976821
0.9993344362675186,0.7894602430633798
0.999334423610847,0.7894452206048042
0.9993343729793466,0.7893851307705019
0.9993343603202678,0.7893701083119263
0.9993343476607075,0.7893550858533508
0.9993343096791373,0.789310018477624
0.9993342843556824,0.7892799735604729
0.9993342210386151,0.789204861267595
0.9993342083737564,0.7891898388090195
0.9993341703762889,0.7891447714332928
0.9993341450422343,0.7891147265161417
0.9993340816986624,0.7890396142232637
0.9993340563578591,0.7890095693061127
0.9993340183430376,0.7889645019303859
0.9993339803238759,0.7889194345546592
0.999333942300373,0.7888743671789326
0.999333916948959,0.7888443222617814
0.9993338789182193,0.7887992548860546
0.9993338282038104,0.7887391650517523
0.9993338155240017,0.7887241425931768
0.9993337774816788,0.7886790752174501
0.9993337521177165,0.788649030300299
0.9993336633286373,0.78854387309027
0.9993336125813944,0.7884837832559677
0.9993335872048743,0.7884537383388165
0.9993335491364701,0.7884086709630899
0.9993335364460355,0.7883936485045142
0.9993335110637164,0.7883636035873631
0.9993334856794638,0.7883335586702119
0.9993334475994592,0.7882884912944853
0.9993333714263947,0.7881983565430318
0.9993333587291913,0.7881833340844563
0.9993333333333333,0.7881532891673051
0.9993333206346787,0.7881382667087296
0.9993332952359183,0.7881082217915784
0.9993332698352224,0.7880781768744273
0.999333244432591,0.7880481319572761
0.9993332317305494,0.7880331094987005
0.9993332063250143,0.7880030645815495
0.9993331936215207,0.7879880421229738
0.9993331300967914,0.787912929830096
0.9993331173903931,0.7878979073715204
0.9993330538511376,0.7878227950786426
0.9993330411418335,0.787807772620067
0.9993330284320451,0.7877927501614914
0.9993329902997732,0.7877476827857647
0.9993329267362964,0.7876725704928869
0.9993328885923949,0.7876275031171601
0.9993328631607037,0.787597458200009
0.9993328377270735,0.7875674132828578
0.9993327868539947,0.7875073234485556
0.9993327614145459,0.7874772785314045
0.999332723251735,0.7874322111556777
0.9993326978074356,0.7874021662385265
0.9993326723611958,0.7873721213213755
0.9993326469130153,0.7873420764042243
0.9993326341881972,0.7873270539456487
0.9993325705568269,0.7872519416527709
0.9993325196429934,0.7871918518184686
0.9993325069133212,0.7871768293598931
0.999332455989777,0.7871167395255908
0.9993324432576769,0.7871017170670151
0.9993324050584622,0.7870566496912885
0.9993323795898903,0.7870266047741373
0.9993323668548756,0.7870115823155618
0.9993323286469163,0.786966514939835
0.9993323159099581,0.7869514924812595
0.9993322394780021,0.786861357729806
0.9993322012554616,0.7868162903540793
0.999332175771337,0.7867862454369282
0.9993321502852672,0.786756200519777
0.999332112052515,0.7867111331440504
0.9993320483215329,0.7866360208511725
0.9993319718282977,0.7865458860997191
0.9993319463266591,0.7865158411825679
0.9993319080705505,0.7864707738068413
0.9993318825640438,0.7864407288896901
0.9993318315451872,0.7863806390553878
0.9993317422434368,0.7862754818453588
0.9993316529178125,0.7861703246353298
0.9993316273918191,0.7861402797181787
0.9993316146280913,0.7861252572596031
0.9993315890991731,0.7860952123424519
0.9993315763339826,0.7860801898838764
0.9993314997325999,0.7859900551324229
0.9993314614253243,0.7859449877566963
0.9993314358847013,0.7859149428395451
0.9993314231136581,0.7858999203809696
0.9993314103421269,0.785884897922394
0.9993313720246055,0.7858398305466673
0.9993313081523089,0.7857647182537895
0.9993312698230731,0.7857196508780627
0.9993312442678081,0.7856896059609115
0.999331231489443,0.785674583502336
0.9993312187105897,0.7856595610437604
0.9993311164621794,0.7855393813751559
0.9993311036789297,0.7855243589165802
0.9993310781109646,0.7854943139994292
0.9993310141824994,0.7854192017065513
0.9993309630309286,0.785359111872249
0.9993309118715351,0.7852990220379468
0.9993308862889042,0.7852689771207956
0.9993308607043169,0.7852389322036445
0.9993308223237672,0.7851938648279178
0.999330796734288,0.7851638199107666
0.9993307711428516,0.7851337749936155
0.9993307327520269,0.7850887076178887
0.9993306815574085,0.7850286177835865
0.9993306303549572,0.7849685279492842
0.9993306175531202,0.7849535054907086
0.9993306047507937,0.7849384830321331
0.9993305535365901,0.7848783931978307
0.9993305407318146,0.7848633707392552
0.9993305023145491,0.7848183033635284
0.9993304638928743,0.7847732359878018
0.9993304126571139,0.7847131461534995
0.9993303357887687,0.784623011402046
0.9993302589027727,0.7845328766505927
0.9993302204531537,0.7844878092748659
0.9993301178992497,0.7843676296062614
0.9993301050778035,0.7843526071476858
0.9993300409632097,0.7842774948548079
0.9993300153139357,0.7842474499376568
0.9993300024885622,0.7842324274790812
0.9993299511821575,0.7841723376447789
0.9993299255260084,0.7841422927276278
0.9993298998678946,0.7841122478104766
0.9993298870381007,0.7840972253519011
0.9993298742078156,0.7840822028933255
0.9993298613770392,0.78406718043475
0.9993298357140121,0.7840371355175988
0.9993297972157862,0.7839920681418721
0.9993297715478447,0.783962023224721
0.9993297202060631,0.7839019333904187
0.9993488211748032,0.783856866014692
0.9993487962306794,0.7838268210975409
0.9993487338620082,0.7837517088046629
0.9993486590038314,0.7836615740532096
0.9993485591661557,0.783541394384605
0.9993485217191362,0.7834963270088783
0.9993484967520647,0.7834662820917271
0.9993484592978691,0.7834212147160005
0.9993484343260128,0.7833911697988493
0.9993483843765572,0.783331079964547
0.9993483344194426,0.7832709901302447
0.9993482969465796,0.783225922754518
0.9993482594694065,0.7831808553787913
0.9993481720059048,0.7830756981687623
0.9993481345143602,0.7830306307930356
0.9993480720188676,0.7829555185001578
0.999348022013845,0.7828954286658555
0.9993479970084569,0.7828653837487043
0.9993479720011507,0.7828353388315532
0.9993479344865943,0.7827902714558265
0.9993479219807829,0.7827752489972509
0.9993478469358397,0.7826851142457975
0.9993477968962805,0.7826250244114952
0.999347734336032,0.7825499121186174
0.999347721822542,0.7825348896600418
0.9993477093085719,0.7825198672014662
0.9993476967941216,0.7825048447428906
0.9993476717637805,0.7824747998257395
0.999347584142457,0.7823696426157105
0.9993475591034694,0.7823395976985593
0.9993475340625599,0.7823095527814082
0.9993475215413844,0.7822945303228326
0.9993475090197282,0.782279507864257
0.9993474839749741,0.782249462947106
0.9993474589282972,0.7822194180299548
0.999347371249784,0.7821142608199257
0.9993473086078477,0.7820391485270479
0.9993472960780173,0.7820241260684724
0.9993472584856397,0.7819790586927456
0.9993472459538848,0.7819640362341701
0.9993472083557331,0.7819189688584434
0.9993471707532497,0.7818739014827166
0.9993471331464342,0.78182883410699
0.9993471206098662,0.7818138116484143
0.999347070458779,0.7817537218141121
0.999347045380346,0.781723676896961
0.9993469575906576,0.781618519686932
0.9993469450473464,0.7816034972283564
0.999346894869283,0.7815434073940541
0.9993468823235622,0.7815283849354785
0.9993468697773594,0.781513362476903
0.999346832135859,0.7814682951011762
0.9993467944900194,0.7814232277254496
0.9993467693903821,0.7813931828082984
0.9993466815264594,0.7812880255982694
0.9993466564181399,0.7812579806811183
0.9993466313078904,0.7812279357639671
0.9993466061957107,0.781197890846816
0.9993465559655597,0.7811378010125137
0.9993657505285413,0.7811227785539382
0.999365677379671,0.7810326438024847
0.9993656529929645,0.7810025988853335
0.9993656286043829,0.7809725539681824
0.9993655798215934,0.7809124641338802
0.9993655432295773,0.7808673967581534
0.999384698213702,0.7807922844652756
0.9993846508855259,0.7807321946309733
0.9993846390523441,0.7807171721723978
0.9993846272187074,0.7807021497138221
0.9993845798796085,0.7806420598795198
0.9993845325332257,0.7805819700452176
0.9993844259772238,0.7804467679180375
0.9993844141353904,0.7804317454594619
0.9993843549193889,0.780356633166584
0.9993843312297984,0.7803265882494329
0.9993842838451474,0.7802664984151306
0.9993842483018722,0.7802214310394039
0.999384236453202,0.7802064085808283
0.9993841890539604,0.7801463187465261
0.9993841772030099,0.7801312962879505
0.9993841534997402,0.7801012513707993
0.9993841297946457,0.7800712064536482
0.9993841179414142,0.7800561839950726
0.9993840823789818,0.780011116619346
0.9993840468124423,0.7799660492436192
0.9993840349560162,0.7799510267850437
0.9993839993839994,0.779905959409317
0.9993839875257474,0.7798909369507414
0.9993839282276386,0.7798158246578635
0.9993839045051983,0.7797857797407124
0.9993838689181124,0.7797407123649857
0.9993838333269149,0.7796956449892589
0.9993837977316054,0.7796505776135322
0.9993837739991142,0.7796205326963811
0.9993837502647948,0.7795904877792299
0.999383726528647,0.7795604428620788
0.9993837146598875,0.7795454204035033
0.9993836909209969,0.7795153754863521
0.9993836790508658,0.7795003530277765
0.9993836553092317,0.7794703081106253
0.9993836078204758,0.7794102182763231
0.999383548449239,0.7793351059834452
0.9993835009440142,0.779275016149143
0.9993834890665639,0.7792599936905674
0.999383453431467,0.7792149263148407
0.999383441552186,0.7791999038562651
0.9993833346180528,0.7790647017290849
0.9993831800921374,0.7788694097676025
0.9993831563120458,0.7788393648504515
0.9993831087463613,0.7787792750161492
0.9993830849607681,0.778749230098998
0.9993830730672836,0.7787342076404224
0.9993830492789388,0.7787041627232713
0.9993830016967453,0.778644072888969
0.9993829779028961,0.7786140279718179
0.9993829184102435,0.7785389156789401
0.9993828589061174,0.7784638033860621
0.9993827636756423,0.7783436237174576
0.9993827160493827,0.7782835338831553
0.9993826565062217,0.7782084215902775
0.9993826326857408,0.7781783766731263
0.9993826088634215,0.7781483317559752
0.9993825969515725,0.7781333092973997
0.9993825731264954,0.7781032643802485
0.9993825373854317,0.7780581970045217
0.9993825254708243,0.7780431745459462
0.999382489724243,0.7779981071702194
0.9993824658908894,0.7779680622530684
0.9993824301374092,0.7779229948773416
0.9993824062994557,0.7778929499601905
0.9993823824596618,0.7778629050430393
0.9993823347745522,0.7778028152087371
0.999382310929236,0.7777727702915859
0.9993822870820787,0.7777427253744348
0.9993822274561285,0.777667613081557
0.9993821916750328,0.7776225457058302
0.9993821797470799,0.7776075232472547
0.9993821558897921,0.7775774783301035
0.9993821320306617,0.7775474334129524
0.9993820843068724,0.7774873435786501
0.999382060442213,0.7774572986614989
0.9993820365757101,0.7774272537443478
0.9993820127073637,0.7773972088271967
0.9993820007724991,0.7773821863686211
0.999381964965139,0.7773371189928944
0.9993819052769837,0.7772620067000166
0.9993818336359773,0.7771718719485631
0.9993818097519511,0.777141827031412
0.9993817858660794,0.7771117821142608
0.9993817500338106,0.7770667147385341
0.9993817261433237,0.777036669821383
0.9993817141973877,0.7770216473628074
0.999381690304131,0.7769916024456562
0.9993816066631882,0.7768864452356272
0.9993815827616195,0.7768564003184761
0.9993815229996135,0.7767812880255983
0.9993815110458262,0.7767662655670227
0.9993814632260558,0.7767061757327204
0.9993814034409434,0.7766310634398426
0.999381391482534,0.776616040981267
0.9993813556045316,0.7765709736055403
0.9993813316835511,0.7765409286883891
0.9993813077607208,0.776510883771238
0.9993812838360402,0.7764808388540868
0.9993812240162429,0.776405726561209
0.9993811881188119,0.7763606591854822
0.9993811641848772,0.7763306142683312
0.9993811522172156,0.7763155918097556
0.9993811043419398,0.7762555019754533
0.9993810684306217,0.7762104345997266
0.9993810325151357,0.7761653672239999
0.9993809846213367,0.7761052773896976
0.9993809247436641,0.7760301650968198
0.999380876833185,0.7759700752625175
0.9993808408954589,0.7759250078867908
0.9993808289152897,0.7759099854282152
0.9993807690074888,0.7758348731353373
0.9993807210729008,0.775774783301035
0.9993806851170892,0.7757297159253084
0.9993806731308909,0.7757146934667327
0.9993806251814574,0.7756546036324304
0.999380613192939,0.7756395811738549
0.9993805652342238,0.7755794913395526
0.999380541252081,0.7755494464224015
0.9993805172680812,0.7755194015052503
0.999380493282224,0.7754893565880993
0.9993804213135068,0.7753992218366458
0.999380313329073,0.7752640197094657
0.9993802893274203,0.7752339747923145
0.9993802413185366,0.7751738849580122
0.9993801933022138,0.7751137951237099
0.9993801812969706,0.7750987726651344
0.9993801212637777,0.7750236603722566
0.9993801092557437,0.7750086379136809
0.9993800732288498,0.7749635705379543
0.9993800011624978,0.7748734357865008
0.9993799290793884,0.7747833010350474
0.999379893031548,0.7747382336593207
0.9993798569795159,0.774693166283594
0.9993798329424989,0.7746631213664429
0.9993798209232916,0.7746480989078672
0.9993797848628743,0.7746030315321405
0.9993797247528591,0.7745279192392627
0.9993796766564572,0.7744678294049604
0.9993796646311912,0.7744528069463849
0.9993796044978673,0.774377694653507
0.9993795684122768,0.7743326272777803
0.9993795323224881,0.7742875599020536
0.9993794480966509,0.7741824026920245
0.9993794360625218,0.774167380233449
0.9993793999573337,0.7741223128577223
0.9993793518105472,0.77406222302342
0.9993793397726832,0.7740472005648444
0.9993793156955544,0.7740171556476934
0.9993792314108906,0.7739119984376643
0.9993792193683557,0.7738969759790887
0.9993791711935434,0.7738368861447864
0.999379159148672,0.7738218636862109
0.9993791350575271,0.7737918187690598
0.999379074821484,0.7737167064761818
0.9993790145737517,0.773641594183304
0.9993789784195001,0.7735965268075773
0.9993789302072821,0.773536436973275
0.9993789060983658,0.7735063920561239
0.9993788699314816,0.7734613246803972
0.9993788458178854,0.7734312797632461
0.9993788337603852,0.7734162573046705
0.9993787855257027,0.7733561674703682
0.9993787493447747,0.7733111000946414
0.9993787131596319,0.7732660327189148
0.9993786769702736,0.7732209653431881
0.999378640776699,0.7731758979674613
0.9993786166453066,0.7731458530503102
0.9993785683768983,0.773085763216008
0.9993785201009905,0.7730256733817057
0.9993784959602238,0.7729956284645545
0.9993784718175814,0.7729655835474034
0.999378459745557,0.7729505610888278
0.9993783993783993,0.7728754487959499
0.9993782544493666,0.7726951792930431
0.9993781819595041,0.7726050445415896
0.999378169876217,0.7725900220830141
0.9993781457082337,0.772559977165863
0.9993780731930111,0.7724698424144095
0.9993780369290574,0.7724247750386828
0.9993779764797356,0.772349662745805
0.9993779039250374,0.7722595279943516
0.9993778676413407,0.7722144606186249
0.999377819256494,0.7721543707843226
0.999377746665111,0.7720642360328691
0.9993777103630671,0.7720191686571424
0.9993776982614445,0.7720041461985668
0.9993776135369056,0.7718989889885378
0.9993775772193262,0.7718539216128112
0.9993775287892935,0.7717938317785089
0.9993775166806077,0.7717788093199333
0.9993775045714508,0.7717637868613577
0.9993774197941594,0.7716586296513287
0.9993773955678347,0.7716285847341776
0.9993773834539653,0.7716135622756021
0.9993773592248122,0.7715835173584509
0.9993773349937733,0.7715534724412998
0.9993773228775467,0.7715384499827241
0.9993772865260372,0.7714933826069975
0.9993772744079242,0.7714783601484219
0.9993772138102838,0.771403247855544
0.9993771774460383,0.7713581804798173
0.9993770804539526,0.7712380008112127
0.9993770076900613,0.7711478660597594
0.9993769591713557,0.7710877762254571
0.9993768985123452,0.7710126639325792
0.9993768621112691,0.7709675965568525
0.9993768378415221,0.7709375516397013
0.9993768014333567,0.7708924842639746
0.9993767771588828,0.7708624393468235
0.9993767164644242,0.7707873270539457
0.9993766679003447,0.7707272372196433
0.9993765586034913,0.7705920350924632
0.9993765100148079,0.7705319452581609
0.9993764371175806,0.7704418105067076
0.9993764128147167,0.7704117655895564
0.9993763885099582,0.7703817206724053
0.9993763398947574,0.770321630838103
0.9993762304828366,0.7701864287109228
0.9993761575202261,0.7700962939594694
0.9993761331955627,0.7700662490423182
0.999376035877937,0.7699460693737137
0.9993759993759994,0.769901001997987
0.9993759263593104,0.7698108672465336
0.9993758898445576,0.7697657998708068
0.9993757559205649,0.7696005528264755
0.9993757193858639,0.7695554854507489
0.9993756584851914,0.769480373157871
0.9993756341215952,0.7694503282407199
0.9993755853886981,0.7693902384064176
0.9993755488340326,0.7693451710306909
0.9993755244618777,0.7693151261135397
0.9993754757118601,0.7692550362792374
0.9993754635231664,0.7692400138206619
0.999375451333997,0.7692249913620863
0.9993753781889871,0.7691348566106329
0.999375341610057,0.7690897892349062
0.9993753050268424,0.7690447218591795
0.9993752928314853,0.769029699400604
0.9993752684393424,0.7689996544834528
0.9993752562425567,0.7689846320248772
0.9993752196493421,0.7689395646491505
0.9993751952514839,0.7689095197319994
0.9993751342485013,0.7688344074391215
0.9993750732336054,0.7687592951462436
0.9993750610291964,0.7687442726876681
0.9993750488243106,0.7687292502290924
0.9993750366189481,0.7687142277705169
0.999375,0.7686691603947902
0.9993749755849838,0.7686391154776391
0.9993748901174034,0.7685339582676101
0.9993747924115429,0.7684137785990055
0.9993747801961627,0.76839875614043
0.9993747313298683,0.7683386663061277
0.9993746946751343,0.768293598930401
0.99937463357436,0.7682184866375231
0.9993941525953721,0.7682034641789476
0.9993940223234357,0.7680382171346163
0.9993939630903973,0.7679631048417384
0.9993939275450155,0.7679180374660117
0.9993938445895741,0.7678128802559827
0.9993938327369429,0.7677978577974072
0.9993937853217827,0.7677377679631049
0.9993937497555443,0.7676927005873782
0.999393737899204,0.7676776781288026
0.9993937141851323,0.7676476332116514
0.9993936904692053,0.7676175882945003
0.9993936311712699,0.7675424760016224
0.9993936193102909,0.7675274535430469
0.9993935718617344,0.7674673637087446
0.9993935481346714,0.7674373187915934
0.9993935244057517,0.7674072738744423
0.9993934532078499,0.7673171391229888
0.9993934176026298,0.7672720717472622
0.9993933819932294,0.7672270043715355
0.9993933582513063,0.7671969594543843
0.9993933463796477,0.7671819369958087
0.999393298888367,0.7671218471615064
0.9993932632650265,0.7670767797857797
0.9993931682489968,0.7669566001171751
0.9993931088488646,0.7668814878242973
0.9993930613203853,0.766821397989995
0.9993930256691402,0.7667763306142683
0.9993930018993167,0.7667462856971172
0.9993929781276313,0.766716240779966
0.9993929543540838,0.766686195862815
0.9993928830222675,0.7665960611113615
0.9993928235662801,0.7665209488184836
0.9993927640986464,0.7664458365256058
0.9993927403083313,0.7664157916084546
0.999392692722108,0.7663557017741524
0.9993926213287878,0.766265567022699
0.9993925975272842,0.7662355221055478
0.9993925380153629,0.76616040981267
0.9993925261115792,0.7661453873540943
0.9993924665856622,0.7660702750612165
0.9994120529152376,0.7660702750612165
0.9994120183450277,0.7660252076854898
0.9994120068207208,0.7660101852269142
0.999411983770752,0.7659801403097631
0.9994119491924103,0.7659350729340364
0.9994119376653925,0.7659200504754609
0.9994119146100013,0.7658900055583097
0.9994119030816279,0.7658749830997341
0.9994118454329798,0.7657998708068563
0.9994117877730285,0.7657247585139784
0.9994117762396816,0.7657097360554028
0.9994117185661621,0.765634623762525
0.9994116839566215,0.7655895563867983
0.9994116262650036,0.7655144440939204
0.9994115801035619,0.7654543542596182
0.999411545477727,0.7654092868838914
0.9994115339348765,0.7653942644253159
0.9994114531222412,0.7652891072152869
0.9994114184814596,0.7652440398395601
0.9994113607377612,0.7651689275466823
0.9994113260861034,0.7651238601709556
0.9994113145346442,0.76510883771238
0.9994112683242734,0.7650487478780778
0.9994112221066473,0.7649886580437755
0.9994111758817641,0.7649285682094732
0.9994111643244092,0.7649135457508975
0.999411048725902,0.7647633211651419
0.999411037163555,0.7647482987065664
0.9994110024737896,0.7647032313308396
0.999410979345009,0.7646731864136884
0.9994109446484322,0.7646281190379618
0.9994108983799705,0.7645680292036595
0.999410875243014,0.7645379842865083
0.9994108289636482,0.764477894452206
0.9994107942493519,0.7644328270764793
0.999410771104215,0.7644027821593282
0.9994107479572596,0.764372737242177
0.9994106206164909,0.7642074901978457
0.9994106090373281,0.7641924677392702
0.9994105974577103,0.7641774452806946
0.999410539552796,0.7641023329878168
0.9994105163876444,0.7640722880706656
0.9994104816365029,0.7640272206949389
0.9994104352952736,0.7639671308606366
0.9994104121219268,0.7639370859434855
0.9994103773584906,0.7638920185677588
0.9994103541805889,0.7638619736506077
0.9994103425909546,0.763846951192032
0.999410284635949,0.7637718388991542
0.9994102730435809,0.7637568164405787
0.9994101802882253,0.7636366367719741
0.9994101223013095,0.7635615244790962
0.9994101107025581,0.7635465020205207
0.9994100759035671,0.7635014346447939
0.999410064302991,0.7634864121862184
0.99941004110047,0.7634563672690673
0.9994100062932662,0.7634112998933406
0.9994099482721318,0.7633361876004627
0.9994099250604827,0.7633061426833115
0.9994099018470072,0.7632760977661605
0.9994098670233693,0.7632310303904337
0.999409832195621,0.763185963014707
0.9994097973637616,0.7631408956389802
0.9994097741402377,0.7631108507218292
0.9994097276877066,0.7630507608875269
0.9994096928435096,0.7630056935118001
0.9994096231427728,0.7629155587603467
0.9994095650462508,0.7628404464674688
0.9994095418044402,0.7628104015503178
0.9994094953153295,0.7627503117160155
0.9994094720680288,0.7627202667988643
0.9994094371936455,0.7626751994231376
0.9994094139417682,0.7626451545059865
0.999409402315143,0.7626301320474109
0.9994093441751492,0.762555019754533
0.9994093325457767,0.7625399972959575
0.9994092976549117,0.7624949299202307
0.999409216226861,0.7623897727102017
0.9994091347763575,0.7622846155001728
0.9994090183795284,0.762134390914417
0.9994089834515366,0.7620893235386903
0.9994089252290415,0.7620142112458125
0.9994088902900379,0.7619691438700857
0.9994088553469034,0.7619240764943591
0.9994088436982739,0.7619090540357835
0.9994088203996374,0.7618790091186324
0.9994087970991644,0.7618489642014812
0.9994087504927079,0.7617888743671789
0.999408715533043,0.7617438069914522
0.9994086689137248,0.7616837171571499
0.9994086222870547,0.7616236273228476
0.9994085523332611,0.7615334925713942
0.9994085056882036,0.761473402737092
0.9994084590357882,0.7614133129027897
0.999408389043365,0.7613231781513362
0.9994083657088765,0.7612931332341851
0.9994082840236687,0.7611879760241561
0.9994082256632804,0.7611128637312783
0.9994081322627104,0.7609926840626737
0.9994080738723807,0.7609175717697958
0.999408015470529,0.760842459476918
0.9994079687407496,0.7607823696426157
0.9994079453730931,0.7607523247254646
0.999407922003592,0.7607222798083134
0.9994078752590546,0.7606621899740111
0.9994078518840179,0.76063214505686
0.9994078168180024,0.7605870776811333
0.9994077934383513,0.7605570327639821
0.9994077466735105,0.7604969429296798
0.9994076297290894,0.7603467183439242
0.9994075946367568,0.7603016509681975
0.9994075127384762,0.7601964937581684
0.999407465929291,0.7601364039238662
0.999407454225839,0.7601213814652906
0.9994074191127089,0.7600763140895639
0.9994073722887282,0.7600162242552616
0.999407302038881,0.7599260895038082
0.999407243484618,0.7598509772109303
0.999407231772377,0.7598359547523548
0.9994071849187843,0.7597758649180525
0.9994071497737288,0.7597307975423258
0.999407102907172,0.7596707077080235
0.9994070794711148,0.7596406627908724
0.999407044313555,0.7595955954151457
0.9994070325934418,0.7595805729565701
0.9994069857083556,0.7595204831222678
0.999406962263032,0.7594904382051166
0.9994069153668228,0.7594303483708144
0.9994068684631962,0.7593702585365121
0.9994067980938446,0.7592801237850587
0.9994067511716664,0.7592200339507564
0.9994066573050375,0.7590998542821518
0.9994065986233088,0.7590247419892739
0.9994065634086998,0.7589796746135472
0.9994065281899109,0.7589346072378206
0.9994064577397911,0.7588444724863671
0.9994063990185797,0.7587693601934893
0.9994063872729432,0.7587543377349137
0.9994063520332442,0.758709270359187
0.9994063402857483,0.7586942479006115
0.9994062932911142,0.7586341580663092
0.9994062580402557,0.7585890906905824
0.999406222785211,0.7585440233148557
0.999406140507156,0.7584388661048267
0.9994061287512868,0.7584238436462512
0.9994060582062958,0.7583337088947977
0.999406022927515,0.758288641519071
0.9994059994059994,0.7582585966019199
0.9994059641202329,0.7582135292261931
0.9994059170660224,0.7581534393918908
0.9994058582377755,0.758078327099013
0.9994058111667888,0.7580182372647107
0.9994057876284984,0.7579881923475597
0.9994057405463225,0.7579281025132574
0.9994057287746128,0.7579130800546817
0.999405646359584,0.7578079228446527
0.9994056110318592,0.7577628554689261
0.9994054932424399,0.7576126308831703
0.99940545789651,0.7575675635074436
0.9994054343302218,0.7575375185902925
0.9994053871920401,0.7574774287559902
0.9994053400463835,0.7574173389216879
0.9994052928932501,0.7573572490873857
0.9994052457326381,0.7572971592530834
0.9994052221495272,0.7572671143359322
0.9994051513889715,0.7571769795844788
0.9994051160023796,0.7571319122087521
0.9994051042059132,0.7571168897501765
0.9994050570153694,0.7570567999158743
0.9994050216175479,0.7570117325401475
0.999405009817338,0.756996710081572
0.9994049744138997,0.7569516427058453
0.9994049153988058,0.7568765304129674
0.9994048799841301,0.7568314630372407
0.9994048091421316,0.7567413282857872
0.9994047855243839,0.7567112833686361
0.9994245689227533,0.7566511935343339
0.9994244889859099,0.7565460363243048
0.9994244547204636,0.7565009689485781
0.9994244318745659,0.756470924031427
0.9994242947610823,0.7562906545285202
0.9994242719024836,0.756260609611369
0.99942422617984,0.7562005197770667
0.9994242033157947,0.7561704748599156
0.9994241804499335,0.7561404299427644
0.9994241347127624,0.7560803401084621
0.9994241118414521,0.7560502951913111
0.9994240546552272,0.7559751828984331
0.9994240203380405,0.7559301155227064
0.9994239745754295,0.7558700256884041
0.9994239402486988,0.7558249583126775
0.9994238715829625,0.755734823561224
0.9994238143490095,0.7556597112683462
0.9994237685536591,0.7555996214340439
0.9994237112992329,0.7555245091411661
0.9994236769411157,0.7554794417654394
0.9994236196684819,0.7554043294725615
0.9994235738421785,0.7553442396382593
0.9994235394676685,0.7552991722625325
0.9994234707063477,0.755209037511079
0.9994234133927151,0.7551339252182012
0.9994233101994551,0.7549987230910211
0.9994232413834252,0.7549085883395676
0.9994231381285805,0.7547733862123875
0.9994230922256704,0.7547132963780853
0.9994230577936934,0.7546682290023585
0.9994230118779969,0.7546081391680562
0.999422977436428,0.7545630717923295
0.9994229429907472,0.7545180044166028
0.9994229085409536,0.7544729370408761
0.9994228740870466,0.7544278696651494
0.9994228281421037,0.7543677798308471
0.9994227936785955,0.7543227124551204
0.9994227592109716,0.7542776450793937
0.9994227477208487,0.7542626226208181
0.9994227132477357,0.7542175552450914
0.9994226672771794,0.7541574654107891
0.9994226327944573,0.7541123980350625
0.9994225638166541,0.754022263283609
0.9994225408203903,0.7539922183664578
0.9994224948223673,0.7539321285321555
0.9994224373145326,0.7538570162392777
0.999422391300018,0.7537969264049754
0.9994223452781706,0.7537368365706731
0.9994222301914609,0.7535866119849175
0.9994222071686159,0.7535565670677663
0.9994221841439359,0.7535265221506152
0.9994221496034751,0.7534814547748885
0.9994221150588845,0.7534363873991617
0.9994220344387755,0.7533312301891327
0.9994219998804138,0.753286162813406
0.999421965317919,0.7532410954376794
0.9994219192281625,0.7531810056033771
0.9994218731310553,0.7531209157690748
0.9994218385534002,0.7530758483933481
0.9994218039716086,0.7530307810176213
0.9994217463260952,0.7529556687247435
0.9994216771363047,0.75286553397329
0.9994216656030632,0.7528505115147145
0.9994216310005783,0.7528054441389878
0.999421573320568,0.7527303318461099
0.9994215271682757,0.7526702420118077
0.9994215040893677,0.7526401970946565
0.999421492549223,0.7526251746360809
0.9994214463840398,0.7525650848017786
0.9994214117553171,0.7525200174260519
0.9994213886671988,0.7524899725089008
0.9994213771224486,0.7524749500503253
0.9994213540315662,0.7524449051331741
0.9994213193917867,0.7523998377574473
0.9994212847478597,0.7523547703817207
0.9994212731989622,0.7523397479231451
0.9994212154475601,0.7522646356302672
0.9994211576846307,0.7521895233373894
0.9994211230213386,0.7521444559616627
0.9994210536822982,0.7520543212102092
0.9994209727657535,0.7519491640001803
0.9994209496425862,0.7519191190830291
0.9994208802620017,0.7518289843315757
0.9994208455654744,0.751783916955849
0.9994208108647893,0.7517388495801223
0.9994207530210726,0.7516637372872444
0.9994206835933598,0.751573602535791
0.9994205562659847,0.7514083554914597
0.9994205331095393,0.7513783105743086
0.9994205215306224,0.751363288115733
0.9994204983714006,0.7513332431985819
0.9994204636290968,0.7512881758228551
0.9994204057159988,0.7512130635299773
0.9994203593771861,0.751152973695675
0.9994203014432496,0.7510778614027972
0.9994202550877613,0.7510177715684949
0.9994201971329748,0.7509426592756171
0.9994201623545407,0.7508975918998904
0.9994200811886336,0.7507924346898613
0.9994200463962883,0.7507473673141346
0.99942,0.7506872774798323
0.9994199419941994,0.7506121651869545
0.9994198839767954,0.7505370528940767
0.999419860766584,0.7505070079769255
0.9994198259477843,0.7504619406011988
0.999419791124805,0.7504168732254721
0.999419756297645,0.7503718058497454
0.9994197214663039,0.7503267384740187
0.9994197098549275,0.7503117160154431
0.9994196750180101,0.7502666486397164
0.9994196169471852,0.7501915363468386
0.9994195704821568,0.7501314465125363
0.9994195472468526,0.7501014015953851
0.9994195356285028,0.7500863791368095
0.9994194775297768,0.7500112668439317
0.9994194310424216,0.7499511770096294
0.9994394057701164,0.7499061096339027
0.9994393608713934,0.7498460197996004
0.9994393384193349,0.7498159748824492
0.9994593403952823,0.7498009524238737
0.9994593079141301,0.7497558850481469
0.9994592429401161,0.7496657502966936
0.9994592321095956,0.749650727838118
0.9994591996154308,0.7496056604623913
0.9994591779504848,0.7495756155452401
0.9994591237805245,0.7495005032523623
0.9994590587622463,0.7494103685009088
0.9994590154080426,0.7493502786666065
0.9994589612055146,0.7492751663737287
0.9994589286787839,0.749230098998002
0.9994588853037257,0.7491700091636997
0.9994588310751222,0.7490948968708219
0.9994587659864491,0.7490047621193685
0.9994587008821171,0.748914627367915
0.9994586683240773,0.7488695599921883
0.9994586466165414,0.7488395150750372
0.9994585923400843,0.7487644027821593
0.9994585489110817,0.748704312947857
0.9994585163347572,0.7486592455721304
0.9994584620321714,0.7485841332792524
0.999458407718693,0.7485090209863746
0.9994583642600654,0.7484489311520723
0.9994583316615174,0.7484038637763456
0.9994582447128697,0.748283684107741
0.9994581903557883,0.7482085718148632
0.9994581251128906,0.7481184370634097
0.9994580816088955,0.7480583472291075
0.9994580598542783,0.7480283023119564
0.9994580489763147,0.7480132798533808
0.9994579728183406,0.7479081226433518
0.9994578966389591,0.7478029654333228
0.9994578748694884,0.7477729205161717
0.9994578204381614,0.7476978082232938
0.9994577659959031,0.747622695930416
0.9994577224342237,0.7475626060961137
0.9994576897583707,0.747517538720387
0.9994576788655445,0.7475025162618114
0.9994576352898638,0.7474424264275091
0.9994576134993973,0.7474123815103579
0.9994575699132112,0.7473522916760557
0.9994574936205268,0.7472471344660268
0.9994574391126115,0.7471720221731488
0.9994574173063784,0.7471419772559977
0.9994573954983923,0.7471119323388465
0.9994572864321608,0.7469617077530909
0.9994572427933904,0.7469016179187886
0.9994572100597069,0.7468565505430619
0.9994571991476017,0.7468415280844863
0.9994571336657552,0.7467513933330329
0.9994571009189069,0.7467063259573061
0.999457035413357,0.7466161912058528
0.9994569698919974,0.7465260564543993
0.9994569152787834,0.7464509441615215
0.9994567623033278,0.7462406297414634
0.999456685783278,0.7461354725314345
0.999456620177504,0.746045337779981
0.999456609241668,0.7460303153214055
0.9994565545558843,0.7459552030285277
0.9994565217391305,0.745910135652801
0.9994564232650842,0.7457749335256209
0.9994563466494846,0.7456697763155918
0.9994563247553462,0.7456397313984406
0.9994562919108319,0.7455946640227139
0.9994562809617785,0.7455796415641384
0.9994562152581971,0.745489506812685
0.9994561495387342,0.7453993720612315
0.9994560947603796,0.7453242597683537
0.9994560070920557,0.7452040800997491
0.9994559632472949,0.7451439902654469
0.999455919395466,0.7450839004311446
0.9994558755365672,0.7450238105968423
0.9994557987664772,0.7449186533868133
0.999455732946299,0.7448285186353598
0.9994556780839868,0.744753406342482
0.9994556341861731,0.7446933165081797
0.999455612234611,0.7446632715910286
0.9994555463693009,0.7445731368395752
0.9994555134306687,0.7445280694638484
0.9994554914693664,0.7444980245466973
0.9994554695062924,0.7444679796295461
0.9994554255748286,0.7444078897952439
0.9994553926215786,0.7443628224195171
0.9994553267031127,0.7442726876680638
0.9994553157151503,0.7442576652094882
0.9994552827486028,0.7442125978337615
0.999455216803535,0.744122463082308
0.9994551398474392,0.7440173058722791
0.9994551288519363,0.7440022834137034
0.9994550848654867,0.7439421935794012
0.9994550738677646,0.7439271711208256
0.9994550408719346,0.7438821037450989
0.999454985870004,0.7438069914522211
0.999454963866123,0.74377694653507
0.9994549308569698,0.7437318791593432
0.9994548758328285,0.7436567668664653
0.9994547987803647,0.7435516096564364
0.9994547547406046,0.7434915198221341
0.9994547217061152,0.7434464524464074
0.9994546666397366,0.7433713401535296
0.9994546005453995,0.7432812054020761
0.9994545564736066,0.7432211155677738
0.9994545234150874,0.7431760481920471
0.9994544462629569,0.7430708909820181
0.9994543911409287,0.7429957786891402
0.9994543139513733,0.7428906214791112
0.9994542698332491,0.742830531644809
0.9994542367399741,0.7427854642690823
0.9994541484716157,0.7426652846004778
0.9994541374360634,0.7426502621419021
0.9994539828914639,0.7424399477218442
0.9994539387197897,0.7423798578875419
0.9994538614021603,0.7422747006775129
0.9994538282593304,0.7422296333017862
0.9994538172108266,0.7422146108432106
0.999453717754173,0.7420794087160305
0.9994536293178461,0.741959229047426
0.9994738333265876,0.7419291841302748
0.9994737907306214,0.7418690942959725
0.9994737587791204,0.7418240269202457
0.9994737055179952,0.7417489146273679
0.9994736522460879,0.7416738023344901
0.9994735669886007,0.7415536226658855
0.9994735030273576,0.7414634879144321
0.999473417721519,0.7413433082458275
0.9994733430562308,0.7412381510357985
0.9994733110503393,0.7411930836600719
0.9994732683697656,0.7411329938257695
0.9994732150093201,0.7410578815328916
0.9994731723131788,0.7409977916985894
0.9994731296101159,0.7409377018642871
0.9994731189332685,0.7409226794057115
0.9994730548630956,0.7408325446542581
0.9994729907773386,0.7407424099028047
0.9994729694119555,0.7407123649856535
0.9994729266759919,0.7406522751513512
0.9994729159909179,0.7406372526927757
0.9994728518713759,0.7405471179413223
0.999472809116347,0.7404870281070199
0.9994727342783557,0.740381870896991
0.9994727128921698,0.7403518259798398
0.9994726701145928,0.7402917361455376
0.9994725952371293,0.7401865789355085
0.9994725310395196,0.7400964441840552
0.9994724454183914,0.7399762645154506
0.9994724347137959,0.7399612420568751
0.9994724133033015,0.7399311971397239
0.9994723811843013,0.7398861297639971
0.9994723276439429,0.7398110174711193
0.9994722526691836,0.7397058602610903
0.9994721883881446,0.739615725509637
0.9994721776731156,0.7396007030510613
0.9994721455254182,0.7395556356753347
0.9994721026557297,0.7394955458410324
0.9994720597790773,0.7394354560067301
0.9994719525569682,0.7392852314209744
0.9994718560198257,0.7391500292937943
0.9994718452912976,0.7391350068352186
0.9994718238329339,0.7391049619180675
0.9994717594473791,0.739014827166614
0.9994717272487149,0.7389697597908874
0.999471662839609,0.7388796250394339
0.9994716413664168,0.7388495801222829
0.9994716091533553,0.7388045127465561
0.9994715232326518,0.7386843330779516
0.9994714802618205,0.7386242432436493
0.9994714372840008,0.738564153409347
0.9994714050460487,0.7385190860336203
0.999471372804164,0.7384740186578935
0.9994712760549059,0.7383388165307134
0.9994712330438673,0.7382787266964111
0.9994711792702274,0.7382036144035333
0.9994711470007933,0.7381585470278066
0.9994710932096506,0.7380834347349288
0.999471007121058,0.7379632550663242
0.9994709640662516,0.7379031652320218
0.99947094253622,0.7378731203148707
0.9994708994708995,0.7378130304805685
0.99947087793561,0.7377829855634173
0.9994707486870497,0.7376027160605104
0.9994707163650428,0.7375576486847838
0.9994706517091841,0.7374675139333303
0.9994705870375272,0.737377379181877
0.9994705439143096,0.7373172893475747
0.9994705223500662,0.7372872444304235
0.9994705115672857,0.7372722219718479
0.9994704684317719,0.7372121321375457
0.9994704252892292,0.7371520423032434
0.9994704145024952,0.7371370198446677
0.9994703821396561,0.7370919524689411
0.9994703497728615,0.7370468850932144
0.9994703389830508,0.7370318626346388
0.9994702958194116,0.7369717728003365
0.9994702094710245,0.736851593131732
0.9994701554889853,0.736776480838854
0.9994700582935877,0.736641278711674
0.9994700150841861,0.7365811888773717
0.9994699394507757,0.7364760316673427
0.9994698313655921,0.736325807081587
0.9994698097432656,0.7362957621644358
0.9994697881191753,0.7362657172472847
0.9994697124209667,0.7361605600372557
0.9994696691551421,0.7361004702029534
0.999469625882257,0.7360403803686512
0.9994696150629322,0.7360253579100756
0.9994695934229585,0.7359953129929244
0.9994695717812188,0.7359652680757732
0.999469550137713,0.7359352231586221
0.9994695393152977,0.7359202007000466
0.9994694743715312,0.7358300659485931
0.9994694094118607,0.7357399311971398
0.9994693552666489,0.7356648189042618
0.9994692469430665,0.7355145943185062
0.999469192764689,0.7354394820256284
0.9994691494140227,0.7353793921913261
0.9994691060562747,0.7353193023570237
0.9994690193195278,0.7351991226884191
0.9994893582254177,0.7350939654783902
0.9995097037793667,0.7349888082683612
0.9995096536929207,0.7349136959754834
0.9995096136163952,0.7348536061411811
0.9995095935756758,0.7348235612240299
0.9995095635115253,0.7347784938483032
0.9995095334436883,0.7347334264725766
0.9995095033721643,0.7346883590968498
0.9995094732969526,0.7346432917211231
0.9995094031071137,0.7345381345110941
0.999509342928405,0.7344479997596407
0.9995093228655545,0.7344179548424895
0.9995092927682022,0.7343728874667628
0.9995092526326551,0.7343127976324605
0.9995092225266861,0.7342677302567339
0.9995091823796475,0.7342076404224316
0.99950914222604,0.7341475505881293
0.9995090920247909,0.7340724382952514
0.9995090719414159,0.7340423933781003
0.9995090418132723,0.7339973260023736
0.9995089614534741,0.733877146333769
0.9995088911170681,0.73377198912374
0.9995088509157884,0.7337118992894377
0.9995088308126804,0.7336818543722866
0.99950873027245,0.7335316297865309
0.9995086799868982,0.733456517493653
0.9995086498106255,0.7334114501179263
0.9995086397510441,0.7333964276593508
0.9995085894469584,0.7333213153664728
0.9995084888078806,0.7331710907807172
0.9995084384728822,0.7330959784878394
0.9995083881275733,0.7330208661949614
0.999508317626813,0.7329157089849325
0.9995082471058293,0.7328105517749035
0.9995081967213115,0.7327354394820256
0.9995081664856446,0.732690372106299
0.999508116084604,0.732615259813421
0.9995080656732326,0.7325401475205432
0.9995079950799508,0.7324349903105142
0.9995079849935423,0.7324199678519386
0.9995079345552959,0.7323448555590608
0.9995078639243751,0.7322396983490318
0.9995078134613018,0.732164586056154
0.9995077730833914,0.7321044962218517
0.9995077427956107,0.732059428846125
0.9995077125041024,0.7320143614703982
0.9995076923076923,0.7319843165532471
0.9995076620099699,0.7319392491775204
0.9995076216072052,0.7318791593432181
0.9995075811978087,0.7318190695089158
0.9995075407817791,0.7317589796746136
0.9995074700377606,0.7316538224645845
0.9995074397126732,0.7316087550888578
0.9995073183749718,0.731428485585951
0.9995072981462093,0.7313984406687999
0.9995072880312051,0.7313834182102242
0.9995072374499538,0.7313083059173464
0.9995071969774748,0.7312482160830441
0.9995071767387421,0.731218171165893
0.9995071058900846,0.731113013955864
0.9995070451464487,0.7310228792044106
0.9995069843878389,0.7309327444529572
0.9995069337442218,0.7308576321600794
0.9995069134838617,0.7308275872429282
0.9995068020221117,0.7306623401985969
0.9995067918867265,0.7306473177400213
0.9995067209273647,0.7305421605299923
0.9995065688028125,0.7303168236513587
0.9995065282204174,0.7302567338170565
0.9995064774830351,0.7301816215241786
0.9995064165844028,0.7300914867727252
0.9995063455170002,0.7299863295626963
0.9995063252082691,0.7299562846455451
0.9995063048978668,0.729926239728394
0.9995062541145491,0.7298511274355161
0.9995062134803719,0.7297910376012138
0.99950613219195,0.7296708579326092
0.9995061017018912,0.7296257905568826
0.9995060508767597,0.7295506782640047
0.999505969534788,0.7294304985954001
0.9995059085107258,0.7293403638439467
0.9995058779930411,0.72929529646822
0.9995058576458234,0.7292652515510688
0.9995057762401928,0.7291450718824642
0.9995057049882605,0.7290399146724353
0.9995056642636457,0.7289798248381331
0.9995056438988218,0.7289497799209819
0.9995056031641397,0.7288896900866796
0.9995055726087225,0.7288446227109528
0.9995054299668226,0.7286343082908949
0.999505419774966,0.7286192858323193
0.9995053688093815,0.7285441735394415
0.9995052974399142,0.7284390163294124
0.9995052566481137,0.7283789264951102
0.9995051852462734,0.7282737692850813
0.9995050730017322,0.72810852224075
0.9995049709170414,0.7279582976549942
0.9995049096460104,0.7278681629035408
0.9995048994326973,0.7278531404449652
0.9995048585752305,0.7277930506106629
0.9995047564020553,0.7276428260249073
0.9995047052996533,0.7275677137320293
0.9995046644101379,0.727507623897727
0.9995046132887485,0.7274325116048492
0.9995045826108496,0.7273874442291225
0.9995045314725738,0.7273123319362447
0.9995044598612488,0.7272071747262157
0.9995043677591228,0.7270719725990356
0.9995043063386827,0.7269818378475822
0.9995042346622599,0.7268766806375532
0.9995041936949964,0.7268165908032509
0.9995041629651055,0.7267715234275242
0.9995041424763951,0.726741478510373
0.9995040912472105,0.7266663662174951
0.9995040502562407,0.7266062763831929
0.9995039887570785,0.7265161416317395
0.9995038759689923,0.7263508945874082
0.999503824684722,0.7262757822945303
0.999503804168045,0.7262457373773792
0.9995037426078326,0.7261556026259257
0.9995037118219979,0.7261105352501991
0.999503629707762,0.7259903555815945
0.9995036091749571,0.7259603106644433
0.9995035578355121,0.7258851983715655
0.9995035372967606,0.7258551534544143
0.9995034243032422,0.725689906410083
0.9995033626487325,0.7255997716586297
0.9995033215372199,0.7255396818243274
0.9995033112582782,0.7255246593657518
0.9995032598571872,0.7254495470728739
0.9995032290114257,0.7254044796971473
0.9995031981618332,0.7253594123214205
0.9995031570230825,0.7252993224871183
0.9995030850138722,0.7251941652770892
0.999503054146392,0.7251490979013625
0.9995029923999255,0.7250589631499091
0.99950297181436,0.725028918232758
0.9995029306381128,0.7249688283984557
0.9995029203429849,0.7249538059398801
0.9995028791582087,0.7248937161055778
0.9995028585632613,0.7248636711884267
0.999502796768179,0.7247735364369733
0.9995027658648766,0.7247284690612465
0.999502714350835,0.7246533567683687
0.9995026525198939,0.7245632220169153
0.9995026112907237,0.724503132182613
0.999502528811873,0.7243829525140084
0.9995232073633368,0.7243228626797061
0.999523167824194,0.7242627728454039
0.9995230986149125,0.7241576156353748
0.999522999709652,0.7240073910496192
0.9995229898168696,0.7239923685910437
0.99952296013606,0.7239473012153169
0.999522880969174,0.7238271215467124
0.9995228512748169,0.7237820541709856
0.9995227621695647,0.7236468520438055
0.9995226829369527,0.723526672375201
0.9995225640386931,0.7233464028722941
0.9995225045673476,0.7232562681208407
0.9995224549965741,0.7231811558279628
0.999522375661925,0.7230609761593583
0.999543113473999,0.7230309312422071
0.9995431039853794,0.7230159087836315
0.9995430565363685,0.7229407964907537
0.9995430185700636,0.7228807066564514
0.9995429711033093,0.7228055943635735
0.9995429141301864,0.7227154596121201
0.9995428381439229,0.7225952799435156
0.9995427811376436,0.7225051451920621
0.9995427526291724,0.7224600778163354
0.9995427146123467,0.7223999879820331
0.9995426575752536,0.7223098532305797
0.9995425719929306,0.7221746511033996
0.9995424958928608,0.7220544714347951
0.9995424578333298,0.7219943816004928
0.9995424102500104,0.7219192693076149
0.9995423912139113,0.7218892243904638
0.9995422960096534,0.721738999804708
0.9995422579168574,0.7216789099704057
0.9995422388680816,0.7216488650532547
0.999542210291945,0.7216037976775279
0.9995421626571215,0.7215286853846501
0.9995421531289671,0.7215136629260744
0.999542095951712,0.7214235281746211
0.9995419910896448,0.7212582811302898
0.9995419529460754,0.7211981912959875
0.9995419243342286,0.7211531239202608
0.9995418670998105,0.7210629891688074
0.9995417907650012,0.7209428095002028
0.9995417430428262,0.7208676972073249
0.9995416666666667,0.7207475175387204
0.999541628469039,0.7206874277044181
0.9995415233927268,0.7205221806600868
0.9995415042827668,0.7204921357429357
0.999541446943327,0.7204020009914822
0.9995413991495039,0.7203268886986044
0.9995413130955111,0.7201916865714243
0.9995412652737812,0.7201165742785465
0.999541188738269,0.7199963946099419
0.9995411408906039,0.719921282317064
0.9995410738871042,0.719816125107035
0.9995409972877113,0.7196959454384304
0.9995409206627436,0.7195757657698258
0.9995408631772268,0.7194856310183725
0.9995408344290694,0.7194405636426457
0.9995616506982278,0.7193654513497679
0.9995616049434262,0.7192903390568901
0.9995615317158726,0.7191701593882854
0.9995614767791513,0.7190800246368321
0.999561403508772,0.7189598449682275
0.9995613760260668,0.7189147775925008
0.9995613210503227,0.7188246428410474
0.9995612752266745,0.7187495305481695
0.9995611743809424,0.7185842835038382
0.9995611376982717,0.7185241936695359
0.9995610184372257,0.7183289017080535
0.9995609725503314,0.7182537894151757
0.9995609266538429,0.7181786771222979
0.9995608807477574,0.71810356482942
0.9995608531994982,0.7180584974536933
0.9995608164631086,0.717998407619391
0.9995607797205722,0.7179383177850887
0.9995607337837555,0.7178632054922108
0.9995606786468902,0.7177730707407575
0.9995606143030505,0.7176679135307285
0.9995605775266793,0.7176078236964262
0.999560540744151,0.7175477338621239
0.9995605039554644,0.7174876440278216
0.9995604395604396,0.7173824868177926
0.9995603843496829,0.7172923520663391
0.9995603383301231,0.7172172397734613
0.9995602646787838,0.7170970601048567
0.9995602278438599,0.7170369702705545
0.9995601725799019,0.7169468355191011
0.9995601357295463,0.7168867456847988
0.9995600988730152,0.7168266558504965
0.9995600159232333,0.7166914537233163
0.9995599698265024,0.7166163414304385
0.9995599144976738,0.716526206678985
0.9995598868280415,0.7164811393032584
0.9995598222520332,0.7163759820932294
0.9995598130253422,0.7163609596346538
0.9995597945707997,0.7163309147175027
0.9995597668860844,0.7162858473417759
0.9995597022748716,0.716180690131747
0.9995596284102586,0.7160605104631425
0.9995595545208582,0.7159403307945378
0.9995594898472898,0.7158351735845089
0.9995594066676458,0.7156999714573287
0.9995593789341166,0.715654904081602
0.999559314208969,0.715549746871573
0.9995592494648029,0.715444589661544
0.9995592124595944,0.7153844998272417
0.9995591754481716,0.7153244099929394
0.9995591014066765,0.7152042303243349
0.9995590921497407,0.7151892078657593
0.9995589902977865,0.715023960821428
0.9995589532490444,0.7149638709871258
0.9995589347223389,0.7149338260699746
0.9995588698666107,0.7148286688599457
0.9995588235294117,0.7147535565670677
0.9995587586409767,0.7146483993570387
0.9995587308258037,0.7146033319813121
0.9995587030071238,0.7145582646055854
0.99955864735924,0.7144681298541319
0.9995586288068266,0.7144380849369808
0.9995586102528533,0.7144080400198296
0.9995585453016607,0.7143028828098007
0.9995584339122755,0.7141226133068939
0.9995583689091712,0.7140174560968648
0.9995583038869258,0.7139122988868358
0.9995582574307411,0.713837186593958
0.9995581923756627,0.713732029383929
0.999558145896017,0.7136569170910512
0.9995580808080808,0.7135517598810222
0.9995580436063641,0.7134916700467199
0.9995580063983835,0.7134315802124176
0.9995579319636241,0.713311400543813
0.9995578947368421,0.7132513107095108
0.9995577923308556,0.7130860636651795
0.9995577271387052,0.7129809064551504
0.9995576805611138,0.7129057941622726
0.9995576246550526,0.7128156594108191
0.9995575500916504,0.7126954797422146
0.9995574755031083,0.71257530007361
0.999557419545196,0.7124851653221567
0.9995573355817875,0.7123499631949765
0.9995572609208973,0.7122297835263719
0.9995572142450503,0.7121546712334941
0.9995571115235363,0.7119894241891628
0.9995570648161819,0.711914311896285
0.9995570367870401,0.7118692445205582
0.9995569994093325,0.7118091546862559
0.9995569152864227,0.7116739525590758
0.9995568778882066,0.7116138627247736
0.9995568498354014,0.7115687953490468
0.9995567937191339,0.7114786605975933
0.9995567563003925,0.7114185707632911
0.9995567375886525,0.71138852584614
0.9995566908023896,0.7113134135532622
0.999556597200228,0.7111631889675064
0.9995565129244804,0.7110279868403263
0.9995564660907766,0.7109528745474485
0.9995564192471801,0.7108777622545706
0.9995563723936878,0.7108026499616927
0.9995563536495193,0.7107726050445415
0.999556231773805,0.7105773130830592
0.9995561942601124,0.7105172232487569
0.9995561285958868,0.7104120660387279
0.9995560629122273,0.710306908828699
0.9995559690446991,0.7101566842429432
0.9995559408766996,0.7101116168672165
0.9995558563512542,0.7099764147400364
0.9995558375634518,0.7099463698228852
0.9995557717936243,0.7098412126128563
0.9995557248032495,0.7097661003199783
0.9995556966042526,0.7097210329442517
0.9995556401955183,0.7096308981927982
0.9995555837724589,0.7095407634413448
0.9995555179274436,0.7094356062313159
0.9995554614733276,0.7093454714798624
0.9995554332408917,0.7093004041041356
0.9995553955920649,0.7092403142698334
0.9995553391068668,0.70915017951838
0.9995553014420939,0.7090900896840777
0.9995552449329691,0.7089999549326242
0.9995551789875027,0.7088947977225952
0.9995551224472502,0.7088046629711419
0.9995550376099163,0.7086694608439618
0.9995549244431257,0.7084891913410549
0.9995549055763973,0.7084591464239037
0.9995548584025776,0.7083840341310259
0.9995547923424283,0.7082788769209969
0.9995547640249333,0.7082338095452702
0.999554650718921,0.7080535400423633
0.9995545845971112,0.7079483828323343
0.999554565701559,0.7079183379151832
0.999554518455664,0.7078432256223054
0.9995544995544996,0.7078131807051542
0.9995544806517311,0.7077831357880031
0.9995544144794076,0.7076779785779741
0.999554367201426,0.7076028662850962
0.9995543104546033,0.7075127315336428
0.999554234769688,0.7073925518650382
0.9995542158444426,0.707362506947887
0.9995541306609482,0.707227304820707
0.9995540833227162,0.7071521925278291
0.9995540265035678,0.7070620577763757
0.9995539886160903,0.7070019679420734
0.999553950722175,0.7069418781077711
0.9995538654373181,0.706806675980591
0.999553827522468,0.7067465861462887
0.9995537327071424,0.706596361560533
0.9995537232233934,0.7065813391019574
0.9995536852843663,0.7065212492676551
0.9995536283637291,0.7064311145162018
0.9995536093869569,0.7064010695990506
0.9995535524469578,0.7063109348475971
0.999553504985861,0.7062358225547193
0.9995534290271132,0.7061156428861147
0.9995533815397704,0.7060405305932369
0.9995533150405207,0.7059353733832079
0.9995532390171258,0.7058151937146033
0.9995532105016808,0.7057701263388766
0.9995531249335007,0.7056349242116965
0.9995529917622767,0.7054246097916385
0.9995529346645946,0.7053344750401851
0.9995529156287922,0.7053044301230339
0.9995528013799272,0.7051241606201271
0.9995527156549521,0.704988958492947
0.999552648957246,0.7048838012829179
0.9995525822396455,0.7047786440728889
0.9995524678203052,0.7045983745699821
0.9995524201283063,0.7045232622771043
0.9995523056260259,0.7043429927741974
0.9995522483529136,0.704252858022744
0.999552181515759,0.704147700812715
0.9995521337627162,0.7040725885198371
0.9995520859994881,0.7039974762269593
0.9995520191138512,0.7038923190169303
0.9995519713261649,0.7038172067240525
0.9995519235282821,0.7037420944311746
0.9995518757201998,0.7036669821382967
0.9995518183370327,0.7035768473868433
0.9995517609391675,0.7034867126353899
0.9995516843858077,0.7033665329667853
0.9995516078062946,0.7032463532981807
0.9995515407777564,0.7031411960881517
0.9995515120451051,0.7030961287124251
0.9995514833087717,0.7030510613366984
0.9995514641491702,0.7030210164195472
0.9995513874943923,0.7029008367509426
0.9995513491571774,0.7028407469166403
0.9995512820512821,0.7027355897066114
0.9995512245159636,0.702645454955158
0.9995511573727744,0.7025402977451289
0.9995510902094913,0.7024351405350999
0.9995510518214469,0.7023750507007976
0.9995510038271579,0.7022999384079198
0.9995509654243376,0.7022398485736175
0.9995509270149477,0.7021797587393153
0.9995508693885408,0.7020896239878619
0.9995507925303215,0.7019694443192573
0.9995507156457928,0.7018492646506527
0.9995506195031135,0.701699040064897
0.9995505714163421,0.7016239277720192
0.9995505521787518,0.701593882854868
0.9995505040775702,0.7015187705619902
0.9995504174694926,0.7013835684348101
0.9995503308280337,0.7012483663076299
0.9995502923099985,0.7011882764733276
0.9995502056202878,0.7010530743461475
0.9995500899820036,0.7008728048432407
0.9995500610631415,0.7008277374675139
0.9995499839279974,0.7007075577989094
0.9995499357051008,0.7006324455060315
0.9995498778239807,0.7005423107545781
0.999549790974381,0.700407108627398
0.9995496944355098,0.7002568840416422
0.9995495881949211,0.700091636997311
0.9995495205611686,0.699986479787282
0.9995494915690565,0.6999414124115553
0.9995494819041898,0.6999263899529797
0.9995494432405758,0.6998663001186775
0.9995494142385101,0.6998212327429507
0.9995493175379861,0.699671008157195
0.9995492788461539,0.6996109183228927
0.99954923047202,0.6995358060300149
0.9995490756049902,0.6992954466928057
0.9995490271872182,0.6992203343999279
0.9995489303204743,0.6990701098141722
0.9995488624889901,0.6989649526041432
0.9995488140254383,0.6988898403112653
0.9995487752470993,0.698829750476963
0.9995486782720825,0.6986795258912074
0.9995485715514091,0.6985142788468761
0.9995485230253257,0.6984391665539982
0.9995484744888086,0.6983640542611204
0.9995484162312109,0.698273919509667
0.9995483676717278,0.6981988072167891
0.9995483093865611,0.6981086724653357
0.9995482024913406,0.6979434254210044
0.9995480955455133,0.6977781783766731
0.9995480566435674,0.6977180885423708
0.9995479690896959,0.6975828864151907
0.9995478425630867,0.6973875944537083
0.9995477646653459,0.6972674147851037
0.9995476867407599,0.6971472351164991
0.9995476185347149,0.6970420779064702
0.9995475405597569,0.6969218982378657
0.9995474820608959,0.6968317634864122
0.9995474333002888,0.6967566511935344
0.9995473747736874,0.6966665164420809
0.9995473064735174,0.6965613592320519
0.9995472479141064,0.6964712244805985
0.999547199103023,0.6963961121877207
0.9995471209833945,0.6962759325191161
0.9995470232959448,0.6961257079333604
0.9995469548896512,0.6960205507233314
0.9995468669083376,0.6958853485961513
0.999546818015063,0.6958102363032734
0.9995467788928456,0.6957501464689712
0.999546739763873,0.6956900566346689
0.9995467104127094,0.6956449892589421
0.9995466321243524,0.6955248095903376
0.9995465244336954,0.6953595625460063
0.999546455876636,0.6952544053359773
0.999546377500324,0.6951342256673727
0.9995462696886546,0.6949689786230414
0.999546171633566,0.6948187540372858
0.9995461323996628,0.6947586642029835
0.9995460833477434,0.6946835519101056
0.9995460342852202,0.6946084396172277
0.9995459557631187,0.6944882599486232
0.9995459066730096,0.6944131476557454
0.9995458772138486,0.6943680802800186
0.9995457986373959,0.6942479006114141
0.9995457396872093,0.6941577658599607
0.9995456512332324,0.6940225637327805
0.999545572578551,0.6939023840641759
0.9995454938966323,0.6937822043955714
0.9995670433389617,0.6936470022683913
0.999566968345386,0.6935268225997867
0.9995668933258262,0.6934066429311821
0.9995668088977452,0.6932714408040019
0.9995667619790313,0.6931963285111241
0.9995666868879453,0.6930761488425196
0.9995666023793529,0.6929409467153395
0.9995665460219761,0.692850811963886
0.9995664520604366,0.6927005873781303
0.9995663862631168,0.6925954301681013
0.9995663298495164,0.6925052954166478
0.9995662922322939,0.6924452055823456
0.9995661887512743,0.6922799585380144
0.999566122874002,0.6921748013279854
0.9995659722222222,0.6919344419907763
0.9995659157008291,0.6918443072393228
0.9995658591647131,0.6917541724878694
0.9995657931872951,0.6916490152778404
0.9995657554769091,0.6915889254435381
0.9995656988990467,0.6914987906920846
0.9995656611722805,0.6914387008577824
0.9995656140046045,0.6913635885649045
0.9995655668266828,0.6912884762720267
0.9995654629991744,0.6911232292276954
0.9995653591220254,0.6909579821833641
0.9995652646451473,0.6908077575976084
0.9995651606731313,0.6906425105532772
0.9995651133966819,0.6905673982603993
0.9995650661099513,0.6904922859675214
0.999565009352299,0.6904021512160681
0.9995648957925423,0.6902218817131611
0.999564820053092,0.6901017020445566
0.9995647537594394,0.6899965448345277
0.9995646969202308,0.6899064100830742
0.9995646779705287,0.6898763651659231
0.9995646116335771,0.6897712079558941
0.9995644978660395,0.6895909384529872
0.9995644314741817,0.6894857812429582
0.9995643840390311,0.6894106689500804
0.9995643176124606,0.6893055117400514
0.999564241671569,0.6891853320714468
0.9995641657041993,0.6890651524028423
0.9995641182111411,0.6889900401099645
0.9995640041855598,0.6888097706070575
0.9995639851754959,0.6887797256899064
0.9995638805905057,0.6886144786455751
0.9995637759553306,0.6884492316012438
0.9995637188604337,0.6883590968497905
0.999563604625791,0.6881788273468836
0.9995635665342818,0.6881187375125813
0.9995634903313109,0.6879985578439768
0.9995634426909392,0.6879234455510989
0.9995633759769462,0.68781828834107
0.999563271099465,0.6876530412967387
0.9995631852531341,0.6875178391695584
0.999563128003495,0.6874277044181051
0.9995630707388474,0.6873375696666516
0.999563003911115,0.6872324124566227
0.9995628893017157,0.6870521429537157
0.999562765073674,0.6868568509922334
0.9995627077138359,0.68676671624078
0.999562564248376,0.6865413793621464
0.9995625164056348,0.6864662670692686
0.999562430262323,0.6863310649420884
0.9995622866147247,0.6861057280634548
0.9995621907972505,0.6859555034776992
0.9995620949378174,0.6858052788919434
0.99956200862843,0.6856700767647633
0.9995619606640677,0.6855949644718855
0.9995618743017372,0.6854597623447053
0.9995617687015207,0.6852945153003741
0.9995616822634728,0.6851593131731939
0.9995616246191614,0.6850691784217405
0.9995615477364902,0.684948998753136
0.9995614804420277,0.684843841543107
0.9995614131269052,0.6847386843330779
0.9995613073042334,0.6845734372887466
0.999561220684057,0.6844382351615665
0.999561124399289,0.6842880105758108
0.999561076241057,0.684212898282933
0.9995609606181675,0.6840326287800261
0.9995608545769932,0.6838673817356948
0.9995607484845823,0.6837021346913635
0.9995607098928132,0.6836420448570613
0.9995605940768082,0.6834617753541544
0.9995604781997187,0.6832815058512476
0.9995604105765216,0.6831763486412186
0.9995603622614966,0.6831012363483407
0.9995602365927131,0.6829059443868584
0.9995601882394335,0.6828308320939805
0.999560062471129,0.682635540132498
0.9995599656773229,0.6824853155467424
0.9995598591549296,0.6823200685024111
0.999559723506362,0.6821097540823531
0.9995596265633258,0.6819595294965974
0.9995595489781536,0.6818393498279929
0.999581516232765,0.681764237535115
0.9995814517017293,0.681659080325086
0.9995813687040056,0.6815238781979058
0.999603305785124,0.6813736536121502
0.9996031658546264,0.6811332942749411
0.9996031046039866,0.681028137064912
0.9996030345800988,0.6809079573963075
0.999602947015485,0.6807577328105517
0.9996028944581715,0.6806675980590984
0.9996028594122319,0.6806075082247961
0.9996027980669506,0.6805023510147671
0.999602719166593,0.680367148887587
0.9996026402348838,0.6802319467604068
0.9996025524961911,0.6800817221746511
0.9996025173898642,0.6800216323403488
0.9996024471586015,0.6799014526717443
0.9996024032514579,0.6798263403788664
0.9996022890474823,0.679631048417384
0.9996022363158243,0.6795409136659306
0.9996021483986473,0.6793906890801749
0.9996020692399522,0.6792554869529948
0.9996020164499867,0.6791653522015413
0.999601963646013,0.6790752174500879
0.9996018844137748,0.6789400153229077
0.9996018051499868,0.6788048131957276
0.9996016729735112,0.678579476317094
0.999601593625498,0.6784442741899139
0.9996014877789585,0.6782640046870071
0.9996013907035454,0.6780987576426758
0.9996012670845978,0.6778884432226178
0.9996011610644568,0.6777081737197109
0.999601090353035,0.6775879940511064
0.9996010461456625,0.6775128817582285
0.9996010107727091,0.6774527919239263
0.9996009665476956,0.6773776796310484
0.9996008603676519,0.6771974101281416
0.9996007984031936,0.6770922529181126
0.9996006212558243,0.6767918037466012
0.9996005680809515,0.6767016689951477
0.9996004528201372,0.6765063770336653
0.9996003818573364,0.6763861973650608
0.999600248734121,0.6761608604864272
0.9996001155221825,0.6759355236077936
0.9996000355523953,0.6758003214806135
0.9995999555506168,0.6756651193534334
0.9995998844110521,0.6755449396848289
0.9995998043487927,0.6754097375576487
0.9995997242544864,0.6752745354304686
0.9995996619367465,0.6751693782204395
0.9995996174121938,0.6750942659275617
0.9995994659546061,0.6748388841317771
0.9995994213864471,0.6747637718388991
0.9995993768083685,0.6746886595460213
0.9995993143823877,0.6745835023359923
0.9995992697804889,0.6745083900431145
0.9995991716213508,0.6743431429987832
0.999599135915195,0.6742830531644809
0.9995990644837955,0.6741628734958763
0.9995989930269343,0.6740426938272718
0.9995988679161188,0.6738323794072137
0.9995987606161254,0.6736521099043069
0.9995986801034513,0.6735169077771268
0.9995985637503066,0.6733216158156444
0.9995984921148312,0.6732014361470399
0.9995984025345263,0.6730512115612841
0.9995983487671538,0.6729610768098307
0.9995982860203535,0.6728559195998017
0.9995982142857143,0.6727357399311972
0.999598106635706,0.6725554704282903
0.9995979989279972,0.6723752009253835
0.9995979450524906,0.67228506617393
0.9995978911625413,0.6721949314224765
0.9995977923267714,0.6720296843781454
0.9995977024339002,0.6718794597923896
0.9995976035053206,0.6717142127480583
0.9995975405254331,0.6716090555380294
0.9995974865269796,0.6715189207865759
0.9995973604742199,0.6713086063665179
0.999597297418229,0.671203449156489
0.9995971892762834,0.6710231796535822
0.9995970630372493,0.6708128652335241
0.999596981841793,0.670677663106344
0.9995969276933068,0.6705875283548905
0.9995968193526711,0.6704072588519837
0.9995967199892458,0.6702420118076524
0.9995966476941693,0.6701218321390479
0.9995965844147112,0.6700166749290188
0.999596521115395,0.6699115177189899
0.9995964035068051,0.6697162257575074
0.9995963582544737,0.6696411134646296
0.9995962224365733,0.669415776585996
0.9995961227786753,0.6692505295416648
0.9995960502692999,0.6691303498730602
0.9995959414564066,0.6689500803701534
0.9995958235095992,0.668754788408671
0.9995957872044194,0.6686946985743687
0.9995957236546582,0.6685895413643397
0.9995956419184544,0.6684543392371596
0.9995955964951696,0.6683792269442816
0.9995955147075347,0.6682440248171015
0.9995954510720546,0.6681388676070725
0.9995953055443141,0.6678985082698634
0.9995952145362957,0.6677482836841078
0.9995951599118348,0.6676581489326543
0.9995950506186727,0.6674778794297475
0.9995949412664836,0.6672976099268406
0.9995948318552199,0.6671173404239338
0.9995947588815345,0.6669971607553292
0.9995946858815582,0.6668769810867247
0.9995945854636366,0.6667117340423934
0.9995945215354118,0.6666065768323644
0.9995943936184596,0.6663962624123064
0.9995943296297131,0.6662911052022774
0.9995942564749905,0.6661709255336729
0.9995941558441559,0.6660056784893416
0.9995940368524324,0.6658103865278592
0.9995940002255554,0.6657502966935569
0.9995939177909128,0.6656150945663767
0.9995937619896635,0.665359712770592
0.9995936794582393,0.6652245106434119
0.9995936244186572,0.6651343758919585
0.9995934775735128,0.6648940165547493
0.9995934041111362,0.6647738368861448
0.9995932938677753,0.6645935673832379
0.999593155979477,0.6643682305046044
0.9995929995929996,0.6641128487088197
0.9995929351636175,0.6640076914987907
0.9995928338762216,0.6638424444544594
0.9995927509672164,0.6637072423272793
0.9995926219305195,0.6634969279072213
0.9995924835861444,0.6632715910285878
0.9995924005344082,0.6631363889014076
0.9995923082149895,0.6629861643156519
0.9995922250917494,0.6628509621884717
0.9995921511759641,0.6627307825198672
0.9995920217588395,0.6625204680998092
0.9995919385187368,0.662385265972629
0.9995919015122317,0.6623251761383268
0.9995917534190651,0.6620848168011176
0.9995916608062431,0.661934592215362
0.999591586685726,0.6618144125467574
0.9995914569100525,0.6616040981266994
0.9995913363302003,0.661408806165217
0.999591280653951,0.6613186714137635
0.9995912342454866,0.6612435591208857
0.9995911599700184,0.6611233794522812
0.999613785582843,0.6609881773251011
0.9996136714844105,0.6607928853636186
0.9996135748869138,0.6606276383192873
0.9996134958166606,0.6604924361921072
0.9996133903393069,0.6603121666892003
0.9996132232157077,0.6600267399762645
0.999613073561544,0.6597713581804798
0.9996129678535652,0.659591088677573
0.9996129237915253,0.6595159763846952
0.9996128444545661,0.659380774257515
0.999612756264237,0.6592305496717593
0.9996127033307514,0.6591404149203058
0.9996126592084577,0.659065302627428
0.999612570933704,0.6589150780416723
0.9996124914520174,0.6587798759144922
0.9996124031007751,0.6586296513287364
0.9996123235502041,0.6584944492015563
0.9996122351223741,0.6583442246158007
0.9996121466541945,0.6581940000300449
0.9996120138762096,0.6579686631514113
0.9996119695966766,0.6578935508585335
0.9996118810072829,0.6577433262727778
0.9996117923774291,0.6575931016870221
0.9996116948378255,0.6574278546426908
0.99961162386914,0.6573076749740863
0.9996115262448299,0.657142427929755
0.9996114463338819,0.6570072258025749
0.9996113397347965,0.656826956299668
0.9996112241864294,0.6566316643381855
0.9996111530455866,0.656511484669581
0.9996111441511506,0.6564964622110054
0.9996110818787033,0.6563913050009764
0.999610992883458,0.6562410804152208
0.9996108860353865,0.6560608109123139
0.9996108236802345,0.6559556537022849
0.9996107702170528,0.6558655189508314
0.9996107434799533,0.6558204515751048
0.9996106008200288,0.6555800922378957
0.9996104759067892,0.6553697778178377
0.9996104312754939,0.6552946655249599
0.999610297320221,0.6550693286463263
0.9996101990277905,0.654904081601995
0.9996101006857641,0.6547388345576637
0.9996100112408525,0.654588609971908
0.9996099396553703,0.6544684303033035
0.9996098949010969,0.6543933180104256
0.9996098411824107,0.6543031832589722
0.9996096799375488,0.6540327790046119
0.999609599265128,0.6538975768774318
0.9996095006202049,0.6537323298331005
0.9996093929506916,0.6535520603301936
0.9996093211380246,0.6534318806615891
0.999609285221788,0.6533717908272868
0.9996091414907803,0.6531314314900777
0.9996090336231084,0.6529511619871708
0.9996088987047645,0.6527258251085373
0.9996088177090524,0.6525906229813572
0.999608646607887,0.6523051962684213
0.9996085564945083,0.6521549716826656
0.9996084573218481,0.6519897246383343
0.9996082949308756,0.6517193203839741
0.999608186595372,0.6515390508810672
0.999608132405145,0.6514489161296138
0.9996080149415482,0.6512536241681314
0.9996079335793358,0.6511184220409513
0.9996078159964934,0.6509231300794688
0.9996076711822944,0.6506827707422597
0.9996075262611105,0.6504424114050505
0.9996073630967504,0.6501720071506902
0.9996073086784782,0.6500818723992369
0.9996072179478293,0.6499316478134811
0.9996070908544619,0.6497213333934232
0.9996070000231176,0.6495711088076674
0.9996069000601212,0.6494058617633361
0.9996068182343826,0.649270659636156
0.9996067272769334,0.6491204350504004
0.9996066362773909,0.6489702104646446
0.9996065361292413,0.6488049634203134
0.9996064450412075,0.6486547388345577
0.9996063174470844,0.6484444244144997
0.9996061897702001,0.6482341099944416
0.9996061167747915,0.6481139303258371
0.9996060528816073,0.6480087731158082
0.9996060163619087,0.6479486832815059
0.9996058793527148,0.6477233464028723
0.9996058062421741,0.6476031667342678
0.9996056965254906,0.6474228972313609
0.9996056233470979,0.6473027175627564
0.9996054860643754,0.6470773806841228
0.9996053761693633,0.646897111181216
0.999605302872002,0.6467769315126114
0.9996051837056993,0.6465816395511289
0.9996051011637901,0.6464464374239488
0.999604963517219,0.6462211005453152
0.9996048165884048,0.6459807412081061
0.9996047063200484,0.6458004717051993
0.9996046235783892,0.6456652695780192
0.9996045408020843,0.645530067450839
0.9996043843522375,0.6452746856550543
0.9996042369922011,0.6450343263178452
0.9996041171813144,0.6448390343563628
0.9996040618595118,0.6447488996049093
0.9996039788478114,0.6446136974777292
0.9996039142590867,0.6445085402677002
0.9996038588805518,0.6444184055162467
0.9996037942526861,0.6443132483062178
0.9996037203664421,0.6441930686376133
0.9996036187278493,0.644027821593282
0.9996035170371061,0.6438625745489507
0.9996034337967715,0.6437273724217706
0.9996033505214774,0.6435921702945904
0.9996032394333325,0.6434119007916835
0.9996031746031746,0.6433067435816546
0.9996030541480841,0.6431114516201721
0.999602952167414,0.6429462045758408
0.9996027758955067,0.6426607778629051
0.9996026830579382,0.6425105532771493
0.9996025623042035,0.642315261315667
0.9996023856858847,0.6420298346027311
0.9996022275258553,0.6417744528069463
0.9996020692399522,0.6415190710111617
0.9996019947088708,0.6413988913425571
0.9996019201498654,0.6412787116739526
0.9996018269118164,0.6411284870881968
0.9996017056370367,0.6409331951267144
0.9996015562743168,0.6406928357895053
0.9996014441787405,0.6405125662865985
0.9996012946198227,0.6402722069493894
0.9996012010884865,0.6401219823636336
0.9996011355904366,0.6400168251536046
0.9996009764341376,0.6397614433578199
0.9996009295992864,0.6396863310649421
0.9996007984031936,0.6394760166448841
0.9996007233952604,0.6393558369762795
0.9996006952600178,0.6393107696005528
0.9996006014472324,0.6391605450147971
0.9996005263652599,0.6390403653461926
0.999600498202242,0.6389952979704658
0.9996003573275659,0.6387699610918323
0.9996002821537738,0.6386497814232277
0.9996002163535028,0.6385446242131987
0.9996000658715035,0.6383042648759896
0.9995999435214383,0.6381089729145072
0.9995998493550513,0.6379587483287514
0.9995997362968544,0.6377784788258446
0.9995996514612722,0.6376432766986645
0.9995995194233079,0.6374329622786065
0.9995994250571408,0.6372827376928508
0.9995993495321817,0.6371625580242463
0.9995992267433637,0.6369672660627639
0.9995990849704031,0.6367419291841303
0.999598924173076,0.6364865473883455
0.9995988579249157,0.6363813901783166
0.9995988011233569,0.6362912554268632
0.9995987158908507,0.636156053299683
0.999598573756169,0.6359307164210495
0.9995984599759076,0.6357504469181426
0.9995983461311282,0.6355701774152358
0.9995981847404746,0.635314795619451
0.9995980802420975,0.6351495485751198
0.9995980042091324,0.6350293689065153
0.9995979186376537,0.6348941667793351
0.9995978140008044,0.6347289197350038
0.9995977378670642,0.6346087400663992
0.9995976807478405,0.6345186053149459
0.9995975950385836,0.6343834031877658
0.9995975092928001,0.6342482010605855
0.9995973663019279,0.634022864181952
0.9995972136663034,0.6337825048447429
0.9995971086621638,0.6336172578004117
0.9995970322611231,0.633497078131807
0.9995968793720803,0.6332567187945979
0.999596755064282,0.6330614268331155
0.9995965923922071,0.6328060450373308
0.9995964487489911,0.6325807081586973
0.9995963529300028,0.6324304835729415
0.9995962762420443,0.632310303904337
0.9995961611554542,0.6321300344014301
0.9995960460032316,0.6319497648985233
0.9995959307853204,0.6317694953956164
0.9995958731517139,0.631679360644163
0.9995956616877557,0.6313488665555005
0.9995956039773538,0.631258731804047
0.9995954692556634,0.6310484173839891
0.9995953729709145,0.6308981927982333
0.9995952959101081,0.6307780131296288
0.9995951609830444,0.6305676987095709
0.9995950163184602,0.6303423618309373
0.9995948812048709,0.6301320474108792
0.9995946590367191,0.6297865308636411
0.9995945720350099,0.629651328736461
0.9995944269491364,0.6294259918578274
0.9996181657637878,0.6292457223549206
0.9996180107911952,0.6289903405591359
0.9996178921978364,0.6287950485976534
0.9996178100515957,0.6286598464704733
0.9996176639265915,0.6284194871332642
0.9996175268328832,0.6281941502546307
0.9996174170871094,0.6280138807517238
0.9996173164314758,0.6278486337073925
0.9996171974065124,0.6276533417459101
0.9996171057984541,0.6275031171601544
0.9996169958108917,0.6273228476572476
0.9996168490624775,0.6270824883200384
0.9996167113836719,0.6268571514414049
0.9996166562844411,0.6267670166899515
0.9996165092756819,0.6265266573527424
0.9996163713525308,0.6263013204741088
0.999616224125111,0.6260609611368997
0.999616122840691,0.6258957140925684
0.9996160491457093,0.6257755344239638
0.9996159016708277,0.6255351750867547
0.9996158002161124,0.6253699280424234
0.9996156987077869,0.6252046809980921
0.9996155786742269,0.6250093890366097
0.9996154308376397,0.6247690296994006
0.9996153106366609,0.6245737377379181
0.9996152181232264,0.6244235131521625
0.9996150329628025,0.6241230639806511
0.999614838352471,0.623807592350564
0.9996146806666024,0.6235522105547794
0.9996145507106722,0.6233418961347215
0.9996144578313253,0.6231916715489657
0.9996143091312313,0.6229513122117566
0.9996141696206805,0.622725975333123
0.9996140020747388,0.6224555710787627
0.9996138716605932,0.6222452566587048
0.9996137784536655,0.622095032072949
0.9996136852017288,0.6219448074871934
0.999613582572574,0.6217795604428621
0.9996133958343402,0.6214791112713507
0.9996131902137124,0.6211486171826881
0.9996129937353361,0.6208331455526012
0.9996129281981808,0.6207279883425721
0.9996127314534673,0.6204125167124852
0.9996126658274427,0.6203073595024562
0.9996125720373868,0.6201571349167004
0.9996124500423883,0.6199618429552181
0.9996122434141967,0.6196313488665555
0.9996121306150154,0.6194510793636486
0.9996119330584525,0.6191356077335617
0.9996117070329563,0.618775068727748
0.9996115184771525,0.6184746195562366
0.9996113675006072,0.6182342602190275
0.9996112541911657,0.6180539907161205
0.9996110651951966,0.6177535415446092
0.9996109233275783,0.6175282046659757
0.9996107718879996,0.6172878453287665
0.999610620330486,0.6170474859915573
0.9996104781380855,0.6168221491129238
0.9996102788941663,0.6165066774828368
0.9996101174521176,0.6162512956870522
0.9996099463676256,0.6159808914326919
0.9996097751329204,0.6157104871783317
0.9996096418463941,0.6155001727582736
0.9996095370573737,0.6153349257139423
0.9996094322120783,0.615169678669611
0.9996092414399453,0.6148692294980996
0.9996091364358128,0.6147039824537683
0.9996090600337185,0.6145838027851638
0.9996089740456523,0.6144486006579837
0.9996088593360387,0.6142683311550768
0.9996086871453728,0.6139979269007165
0.9996085626911315,0.6138026349392341
0.9996084573218481,0.6136373878949029
0.9996082751866814,0.613351961181967
0.9996081792579895,0.6132017365962114
0.9996079872595859,0.6129012874247
0.9996078527487071,0.6126909730046419
0.9996077758438948,0.6125707933360374
0.999607554574442,0.6122252767887992
0.9996074005005644,0.6119849174515901
0.9996072366644574,0.6117295356558055
0.999607091989588,0.6115041987771719
0.9996069278958359,0.6112488169813872
0.9996068119824049,0.6110685474784803
0.9996312593721576,0.6108732555169979
0.9996311414941228,0.6106779635555155
0.9996310326167167,0.6104976940526087
0.9996308600959763,0.6102122673396728
0.9996306783208174,0.6099118181681614
0.9996305145700422,0.6096414139138011
0.999630450849963,0.6095362567037721
0.999630368891846,0.609401054576592
0.9996302139828419,0.6091456727808073
0.9996301045571119,0.6089654032779005
0.9996299585553582,0.6087250439406914
0.9996298307092444,0.6085147295206333
0.9996296570624398,0.6082293028076975
0.999629547306809,0.6080490333047907
0.9996293367599091,0.6077035167575525
0.9996291901512904,0.6074631574203434
0.9996290617735794,0.6072528430002855
0.999628960843001,0.6070875959559542
0.999628823121845,0.6068622590773206
0.9996287220613351,0.6066970120329893
0.9996286209457786,0.606531764988658
0.999628418549346,0.6062012708999955
0.9996283080582813,0.6060210013970887
0.9996281790689604,0.6058106869770307
0.9996280776573852,0.6056454399326994
0.9996279208215508,0.6053900581369147
0.9996276899401821,0.6050144966725254
0.9996276159976167,0.6048943170039208
0.9996274865274294,0.6046840025838629
0.9996273384512186,0.6044436432466538
0.9996271161160415,0.6040831042408401
0.9996269677451444,0.6038427449036309
0.9996268099716376,0.6035873631078462
0.9996267542550015,0.6034972283563929
0.9996267171013339,0.6034371385220906
0.9996266148905981,0.6032718914777593
0.9996265033241204,0.6030916219748524
0.9996264475158759,0.603001487223399
0.9996263172317581,0.602791172803341
0.9996261682242991,0.6025508134661318
0.9996509424553705,0.6023104541289227
0.9996508554042596,0.6021602295431671
0.9996507160321342,0.6019198702059579
0.9996505329372707,0.6016043985758709
0.9996504456817558,0.6014541739901152
0.999650323450808,0.6012438595700572
0.9996501749125437,0.6009884777742726
0.9996500174991251,0.6007180735199122
0.9996499387392793,0.6005828713927321
0.9996497548283798,0.6002673997626452
0.9996495882662128,0.5999819730497093
0.9996494039867775,0.5996665014196223
0.9996492634532518,0.5994261420824132
0.9996490612388138,0.599080625535175
0.9996489820479391,0.598945423407995
0.9996488852105435,0.5987801763636637
0.9996487442607321,0.5985398170264545
0.9996485767357799,0.5982543903135187
0.9996484443663209,0.5980290534348851
0.999648356064602,0.5978788288491295
0.9996482500439687,0.5976985593462226
0.99964817048653,0.5975633572190425
0.9996480024136978,0.5972779305061067
0.9996478873239436,0.5970826385446242
0.9996477632969355,0.5968723241245663
0.9996476303138607,0.5966469872459327
0.999672651272883,0.596391605450148
0.9996725935626858,0.596286448240119
0.9996724615772234,0.5960460889029099
0.9996724038001159,0.5959409316928809
0.9996723129663239,0.5957756846485496
0.9996722303464273,0.5956254600627939
0.9996720484359233,0.5952949659741313
0.9996718911688246,0.5950095392611955
0.9996717171717172,0.5946940676311085
0.9996715844785772,0.5944537082938994
0.9996714516781238,0.5942133489566902
0.9996713436986474,0.5940180569952078
0.9996711857547551,0.593732630282272
0.9996710609549353,0.5935072934036384
0.99967096104685,0.5933270239007316
0.9996708444106849,0.5931167094806736
0.9996707360316094,0.5929214175191911
0.9996706275811397,0.5927261255577088
0.9996704940055255,0.5924857662204996
0.9996704021094265,0.5923205191761683
0.9996703018006594,0.5921402496732615
0.9996702432590112,0.5920350924632325
0.999670059135555,0.59170459837457
0.9996699167174488,0.5914492165787852
0.999669749009247,0.5911487674072738
0.9996696483025005,0.590968497904367
0.9996695139312589,0.5907281385671579
0.9996693374030269,0.590412666937071
0.99966917752443,0.5901272402241351
0.9996690174911526,0.5898418135111992
0.999668831995924,0.5895113194225367
0.9996687560515721,0.5893761172953565
0.9996686040583257,0.5891057130409962
0.9996684180992705,0.5887752189523338
0.9996938150642989,0.5885799269908514
0.9996936587358317,0.5882794778193399
0.9996935413846821,0.5880541409407064
0.9996934396076027,0.5878588489792239
0.9996933455995094,0.5876785794763171
0.9996932593747604,0.5875133324319858
0.9996931181750761,0.5872429281776256
0.9996930318223678,0.5870776811332943
0.9996929689898679,0.5869575014646897
0.9996928825531697,0.5867922544203584
0.9996927960677897,0.5866270073760271
0.9996925757032331,0.5862063785359112
0.9996924417561576,0.5859509967401265
0.9996923155816517,0.5857106374029174
0.9996921577178626,0.585410188231406
0.9996920866262958,0.5852749861042258
0.9996919522525991,0.5850196043084411
0.9996917544310301,0.5846440428440518
0.9996915880644581,0.5843285712139649
0.9996914929171915,0.584148301711058
0.9996913580246913,0.5838929199152734
0.9996912309592425,0.5836525605780643
0.9996910878854965,0.5833821563237039
0.9996909048759756,0.5830366397764658
0.9996907455609102,0.5827361906049544
0.9996906100139226,0.5824808088091697
0.9996904503946757,0.5821803596376584
0.9996903065964695,0.581909955383298
0.9996901786636373,0.5816695960460889
0.9996900826446281,0.5814893265431821
0.9996899304927521,0.5812038998302462
0.9996898182852121,0.5809935854101882
0.9996896417949049,0.5806630913215257
0.9996894329563395,0.5802725073985608
0.9996892560271383,0.5799420133098983
0.999689095007384,0.5796415641383869
0.9996890386110391,0.579536406928358
0.9996888450967173,0.5791758679225442
0.9996887240279111,0.5789505310439107
0.9996886028648536,0.5787251941652771
0.9996884654326437,0.5784698123694924
0.9996883602555446,0.57827452040801
0.9996882793017456,0.5781242958222542
0.9996881577921571,0.5778989589436208
0.9996879631796552,0.577538419937807
0.99968784954348,0.577328105517749
0.999687613890769,0.5768924542190574
0.9996875244121552,0.5767272071747263
0.9996873697373906,0.5764417804617904
0.999687255668491,0.5762314660417324
0.9996871007274908,0.5759460393287965
0.9996870027908917,0.5757657698258897
0.9996868475991649,0.5754803431129538
0.9996867086129024,0.5752249613171692
0.9996865531292446,0.5749395346042333
0.9996863483102015,0.5745639731398441
0.999686258104999,0.5743987260955128
0.9996861103845148,0.5741283218411525
0.9996859214280106,0.5737828052939145
0.9996858062995837,0.5735724908738564
0.9996857240133044,0.5734222662881007
0.9996856581532416,0.5733020866194961
0.9996854851391729,0.5729866149894092
0.9996852128747934,0.5724908738564154
0.9996850972262314,0.5722805594363574
0.9996848904994485,0.5719049979719681
0.9996847663330444,0.5716796610933346
0.9996846172041315,0.5714092568389743
0.9996844430419691,0.5710937852088873
0.999684268687347,0.5707783135788003
0.9996841190871042,0.5705079093244401
0.9996839443742098,0.570192437694353
0.9996838027983452,0.5699370558985684
0.999683661095587,0.5696816741027837
0.9996835109188733,0.5694112698484234
0.9996833773087072,0.5691709105112143
0.9996831348525257,0.5687352592125228
0.9996830176717648,0.5685249447924647
0.9997092331685654,0.5681493833280755
0.9997090716741602,0.5678339116979885
0.9997089022970255,0.567503417609326
0.9997087172968965,0.5671428786035122
0.9997085397843194,0.5667973620562742
0.9997084084402502,0.5665419802604894
0.9997082615037793,0.5662565535475536
0.9997081531400069,0.5660462391274956
0.9997080524443973,0.5658509471660131
0.9997078198045048,0.5654002734087461
0.9997077344102877,0.5652350263644148
0.9997076178831534,0.5650096894857812
0.999707462369023,0.5647092403142698
0.9997073144772902,0.564423813601334
0.9997071274528075,0.5640632745955203
0.9997070104410825,0.5638379377168867
0.9997067135924919,0.563267084291015
0.9997065492863813,0.5629516126609281
0.9997064318121164,0.5627262757822945
0.9997062750333778,0.5624258266107831
0.9997060552616108,0.5620051977706672
0.9997059216682261,0.5617498159748825
0.9997057643439883,0.561449366803371
0.99970558321289,0.561103850256133
0.999705441302485,0.5608334460017727
0.9997052992552109,0.5605630417474123
0.9997051333601394,0.5602475701173254
0.9997050147492625,0.5600222332386918
0.9997049039596523,0.5598119188186339
0.9997047376191115,0.5594964471885469
0.9997046266211971,0.5592861327684889
0.9997044282029235,0.5589105713040996
0.9997043328674337,0.5587303018011928
0.9997042374704237,0.5585500322982859
0.9997040464916057,0.5581894932924722
0.9997039509096781,0.5580092237895654
0.9997037914691943,0.557708774618054
0.9997036877407537,0.5575134826565715
0.9997035120347161,0.557182988567909
0.9997033681201629,0.5569125843135487
0.9997032240658303,0.5566421800591885
0.9997031119268036,0.5564318656391305
0.999702959602506,0.5561464389261946
0.999702823179792,0.55589105713041
0.9997026785955618,0.5556206528760497
0.9997025419145484,0.555365271080265
0.9997023245744594,0.5549596646987246
0.9997020988490183,0.5545390358586086
0.9997018485390579,0.554073339642766
0.9997017353579176,0.5538630252227079
0.9997015249362349,0.5534724412997432
0.9997013304371436,0.5531119022939294
0.9997011925135143,0.5528565204981447
0.9997010057080729,0.5525110039509066
0.9997008430785966,0.5522105547793952
0.9997006884166417,0.5519251280664593
0.9997005172883202,0.5516096564363724
0.9997003541269409,0.551309207264861
0.9997001744439599,0.5509787131761984
0.9997000599880024,0.5507683987561405
0.9996998963278223,0.550467949584629
0.9996996669032927,0.550047320744513
0.9996994617633398,0.5496717592801238
0.9996992974494956,0.5493713101086124
0.999699132955882,0.549070860937101
0.9996989106038211,0.5486652545555606
0.999698745686586,0.5483648053840492
0.99969858058859,0.5480643562125378
0.9996983987716604,0.5477338621238752
0.9996981753326931,0.5473282557423348
0.9996979681493685,0.5469526942779456
0.9996977689856028,0.5465921552721318
0.9996975446121698,0.5461865488905915
0.9996972615935049,0.545675785299022
0.9996971032051988,0.5453903585860862
0.9996969446510731,0.5451049318731503
0.999696819359462,0.5448795949945168
0.9996966103097333,0.5445040335301276
0.9996964428622679,0.5442035843586162
0.9996962584564407,0.5438730902699536
0.999696065428824,0.5435275737227154
0.999695846928054,0.5431369897997507
0.9996957038922238,0.5428816080039659
0.9996955101588884,0.5425360914567278
0.9996953330563634,0.5422206198266408
0.9996951472992822,0.5418901257379782
0.9996949697742776,0.5415746541078913
0.9996946819140669,0.5410638905163219
0.9996945547441202,0.5408385536376883
0.9996943765281173,0.5405230820076014
0.9996942236059376,0.5402526777532412
0.9996940279825318,0.539907161206003
0.9996938576716484,0.5396067120344916
0.9996937212863706,0.5393663526972824
0.9996934652361711,0.5389156789400154
0.9996933712437978,0.5387504318956841
0.9996931659693166,0.5383898928898704
0.9996930118329984,0.5381194886355101
0.9996928318114546,0.5378040170054231
0.999692617224613,0.5374284555410338
0.9996924883285343,0.5372031186624003
0.9996923076923077,0.5368876470323133
0.9996920751336674,0.5364820406507729
0.9996918508558142,0.5360914567278081
0.9996917040358745,0.5358360749320233
0.999691522476794,0.5355206033019364
0.9996914359449073,0.5353703787161807
0.9996911933971534,0.5349497498760647
0.9996909504677887,0.5345291210359487
0.999690837549185,0.5343338290744664
0.9996906897618311,0.5340784472786816
0.9996905418331177,0.5338230654828969
0.999690428615653,0.5336277735214146
0.9996902978771327,0.533402436642781
0.9996900884656562,0.5330418976369673
0.9996899224806202,0.5327564709240314
0.9996896600366766,0.5323057971667643
0.9996894497614409,0.5319452581609506
0.9996892830913507,0.5316598314480148
0.9996890459363957,0.5312542250664744
0.9996888876318692,0.5309838208121141
0.9996887203576886,0.5306983940991783
0.9996885088067056,0.5303378550933646
0.9996882527986396,0.529902203794673
0.99968807599603,0.5296017546231616
0.9997162557103538,0.5292862829930747
0.9997160704145373,0.5289407664458365
0.999715820284748,0.5284750702299938
0.999715537349946,0.5279492841798489
0.9997153349084802,0.5275737227154597
0.9997150915980513,0.5271230489581925
0.9997148397399338,0.5266573527423498
0.999714644446981,0.5262968137365361
0.9997144570400617,0.525951297189298
0.9997141958901369,0.5254705785148798
0.9997140324287226,0.5251701293433684
0.9997138442167917,0.5248246127961302
0.9997137459208794,0.5246443432932234
0.999713532714564,0.5242537593702585
0.9997132369809589,0.523712950861538
0.9997130394857667,0.5233524118557243
0.9997128664541879,0.5230369402256373
0.9997126601919429,0.5226613787612481
0.9997124205561786,0.5222257274625566
0.9997122136525843,0.5218501659981672
0.9997119566782844,0.5213844697823246
0.9997117241776932,0.5209638409422086
0.9997114913014628,0.5205432121020926
0.999711274722102,0.5201526281791278
0.9997110411188488,0.5197319993390118
0.9997108991037872,0.5194766175432272
0.9997107318484235,0.5191761683717158
0.999710556021882,0.5188606967416287
0.9997103715932458,0.5185302026529662
0.9997102289191538,0.5182748208571815
0.9997100440733009,0.517944326768519
0.99970983373473,0.5175687653041297
0.9997095303105121,0.5170279567954091
0.999709327674912,0.5166674177895955
0.9997091162953051,0.5162918563252061
0.9997089215543589,0.5159463397779681
0.9997087265524874,0.51560082323073
0.9997085227935175,0.5152402842249163
0.9997082591825422,0.5147745880090736
0.9997080632918783,0.5144290714618355
0.9997078927382135,0.5141286222903241
0.9997077219851522,0.5138281731188126
0.9997075510323449,0.5135277239473012
0.9997073541892247,0.513182207400063
0.9997070627178721,0.5126714438084937
0.9997069339429108,0.5124461069298601
0.9997066846566743,0.5120104556311686
0.9997064866451424,0.5116649390839305
0.9997062969924813,0.5113344449952679
0.9997061502747495,0.5110790631994833
0.9997058650508853,0.5105833220664894
0.9997056226081837,0.5101626932263734
0.999705466540999,0.5098922889720131
0.9997052842533376,0.5095768173419262
0.9997050669498024,0.509201255877537
0.9997047621859407,0.508675469827392
0.9997045702974977,0.5083449757387294
0.9997042907413431,0.5078642570643112
0.9997040369361904,0.5074286057656197
0.9997038002428839,0.5070229993840792
0.9997035807446052,0.5066474379196899
0.9997033345199953,0.506226809079574
0.9997031583946806,0.5059263599080626
0.9997029467680608,0.5055658209022489
0.9997026906496209,0.5051301696035573
0.9997024960580728,0.5047996755148948
0.9997022923489134,0.5044541589676567
0.9997019995827994,0.5039584178346628
0.9997016350399809,0.5033424970330644
0.9997013766536268,0.5029068457343729
0.9997011446161203,0.5025162618114081
0.9997008674842955,0.5020505655955654
0.999700661538001,0.5017050490483272
0.9997004642803654,0.5013745549596647
0.9997003206568971,0.5011341956224555
0.9997001139566964,0.5007886790752174
0.999699708717456,0.5001126684393168
0.9996993656615458,0.4995418150134451
0.9997292011433729,0.4991362086319047
0.9997290054500015,0.498775669626091
0.999728793129426,0.4983850857031262
0.999728474024015,0.4977992098186789
0.9997282198399516,0.49733351360283623
0.9997280309440348,0.4969879970555981
0.9997277594603587,0.4964922559226043
0.9997275864156426,0.4961767842925173
0.9997272809914851,0.4956209533252212
0.9997270080077651,0.4951252121922274
0.9997268422969527,0.494824763020716
0.9997265933531806,0.49437408926344883
0.9997263106678019,0.49386332567187946
0.9997260440764641,0.4933826069974612
0.9997258354403388,0.49300704553307195
0.9997256013902863,0.49258641669295594
0.999725308265169,0.492060630642811
0.9997250481165796,0.49159493442696833
0.9997247790587444,0.49111421575255004
0.9997245516312665,0.4907086093710097
0.9997243744832022,0.4903931377409227
0.9997242055587902,0.4900926885694113
0.9997239433163609,0.4896269923535686
0.9997235192922094,0.48887586942479005
0.9997231791338582,0.48827497108176726
0.9997229234653039,0.4878242973245001
0.9997227442161363,0.4875088256944132
0.999722504856165,0.48708819685429716
0.9997221707723652,0.4865023209698499
0.9997528499490254,0.48614178196403623
0.9997526283240569,0.4857061306653447
0.9997523756461448,0.48521038953235085
0.9997521762027198,0.48481980560938603
0.9997518918248356,0.4842639746420899
0.9997516067935542,0.4837081436747938
0.9997512669838012,0.48304715549746874
0.9997511431859893,0.48280679616025957
0.9997508098679292,0.48216083044151004
0.9997505612372163,0.4816801117670918
0.9997501795584424,0.48094401129688885
0.9997499062148305,0.4804182252467439
0.9997496871088861,0.4799975964066279
0.9997494597726347,0.47956194510793637
0.999749184850765,0.4790361590577914
0.9997488935622587,0.4784803280904953
0.9997487279351718,0.4781648564604083
0.9997485225700994,0.4777742725374435
0.9997482376636455,0.47723346402872296
0.9997478567826525,0.47651238601709556
0.9997475145968123,0.475866420298346
0.9997473710803044,0.47559601604398577
0.9997471155365892,0.4751152973695675
0.9997468194189506,0.47455946640227137
0.9997466269715589,0.4741989273964577
0.9997463779602448,0.473733231180615
0.999746144570667,0.4732975798819235
0.9997458461733965,0.4727417489146274
0.9997455551668204,0.4722009404059068
0.999745271604152,0.47167515435576185
0.9997450036655723,0.471179413222768
0.9997448003062396,0.4708038517583788
0.999744555846478,0.47035317800111165
0.999744212814938,0.4697222347409377
0.9997439672278051,0.46927156098367057
0.9997437293782234,0.46883590968497907
0.9997434335011706,0.4682951011762585
0.9997430709445354,0.4676341129989334
0.9997428479588557,0.467228506617393
0.9997426494241781,0.46686796761157934
0.9997423842339151,0.46638724893716105
0.9997420769255569,0.46583141796986494
0.9997416521345992,0.46506527258251085
0.9997413430760774,0.46450944161521474
0.9997411254570754,0.4641188576922499
0.9997408319295062,0.46359307164210495
0.9997406218590928,0.4632175101777157
0.999740335616216,0.4627067465861463
0.999739989599584,0.4620908257845479
0.9997396850188728,0.46155001727582734
0.999739388213832,0.46102423122568237
0.9997391332702905,0.4605735574684153
0.9997388010970354,0.459987681583968
0.9997385364578226,0.45952198536812533
0.9997381599188295,0.45886099719080026
0.999737885390387,0.45838027851638197
0.9997376447053422,0.457959649676266
0.9997701677775224,0.45743386362612104
0.9997698882314267,0.45687803265882493
0.9998024821410936,0.456247089398651
0.9998022543009689,0.455721303348506
0.9998020063357973,0.4551504499226343
0.9998017904925506,0.45465470878964054
0.9998015610530493,0.45412892273949557
0.9998013179244346,0.45357309177219945
0.999801093983093,0.45306232818063
0.9998008166517279,0.4524313849204561
0.9998004921194387,0.45169528445025314
0.9998000932897981,0.4507939369357189
0.9997997864388681,0.4501029038412427
0.9997995322418978,0.449532050415371
0.9997992035072454,0.448795949945168
0.9997989613000503,0.4482551414364475
0.9997986509614416,0.44756410834197125
0.9997983803219194,0.44696320999894845
0.9997980749814902,0.4462871993630478
0.9997977823463988,0.44564123364429825
0.9997975571900938,0.4451454925113044
0.9997972836002432,0.44454459416828157
0.99979700926991,0.4439436958252588
0.9997967066476926,0.44328270764793365
0.9997964928942102,0.44281701143209096
0.9997962440995687,0.44227620292337044
0.9997961056172903,0.44197575375185905
0.9997957516339869,0.44120960836450496
0.9997954661666951,0.44059368756290657
0.9997952986933233,0.44023314855709283
0.9997950749684074,0.4397524298826746
0.9997948226926102,0.4392116213739541
0.9997944853570817,0.4384905433623267
0.9997941539728283,0.43778448780927487
0.999793956043956,0.4373638589691589
0.9997935732470928,0.4365526462060781
0.9997933101381378,0.435996815238782
0.9997929963774366,0.4353358270614569
0.9997927675888509,0.4348551083870386
0.999792473713337,0.4342391875854402
0.9997922149882256,0.4336983790767197
0.9997919123257266,0.4330674358165457
0.9997917172909362,0.4326618294350053
0.9997913986719049,0.43200084125768023
0.9997910790765695,0.4313398530803551
0.9997908460278174,0.43085913440593687
0.999790568606234,0.4302882809800652
0.9997902171252754,0.4295672029684378
0.9997899159663866,0.4289512821668394
0.9997896065642752,0.4283203389066655
0.9997892666479348,0.4276293058121892
0.9997889775964548,0.42704342992774197
0.9997885984074414,0.4262772845403879
0.9997883000493967,0.4256763861973651
0.9997880233174351,0.425120555230069
0.9997877308427086,0.4245346793456217
0.999787460148778,0.42399387083690115
0.999787113255748,0.42330283774242494
0.9997869015485155,0.42288220890230893
0.999786514855008,0.42211606351495484
0.9997861877271755,0.4214700977962053
0.99978590544157,0.4209142668289092
0.9997856453860169,0.4204035032373398
0.9997854614366932,0.42004296423152615
0.999785061794734,0.41926179638559646
0.9998206084959816,0.41863085312542253
0.9998204216499659,0.418195201826731
0.999820014398848,0.41724878693647
0.999819871748685,0.41691829284780746
0.9998195727482679,0.41622725975333125
0.999819305409996,0.41561133895173286
0.9998190831132178,0.4151005753601634
0.9998188799536333,0.41463487914432073
0.9998185908134388,0.41397389096699566
0.9998183139534884,0.4133429477068217
0.9998180892090519,0.4128321841152523
0.9998178639079119,0.4123214205236829
0.9998175581989346,0.41163038742920666
0.9998173649413742,0.4111947361305151
0.999817050859861,0.4104886805774633
0.9998167759903258,0.4098727597758649
0.9998164733519307,0.40919674913996423
0.9998161223889379,0.4084155812940346
0.9998158175857369,0.40773957065813393
0.9998156070216846,0.40727387444229124
0.9998152595603178,0.40650772905493715
0.9998150203477617,0.4059819430047922
0.9998146981432754,0.40527588745174037
0.999814333457111,0.40447969714723514
0.9998140296064867,0.40381870896991
0.9998136414461424,0.40297745128967805
0.9998133492608631,0.4023465080295041
0.9998130002243998,0.40159538510072557
0.9998126919907095,0.4009343969234005
0.9998124601477814,0.40043865579040666
0.9998121360135263,0.3997476226959304
0.9998118532455316,0.3991467243529076
0.9998114630467572,0.39832048913125123
0.999811114049337,0.3975843886610483
0.9998107064435526,0.3967281085222408
0.9998104337276312,0.39615725509636907
0.9998100303951368,0.3953159974161371
0.9998097195265822,0.39467003169738757
0.9998092840523325,0.3937686841828534
0.9998089050257978,0.3929875163369237
0.999808627090749,0.39241666291105204
0.999808311608649,0.3917706971923025
0.9998079508354139,0.39103459672209956
0.9998075146288882,0.39014827166614086
0.9998070094179404,0.3891267444830021
0.9998066287659048,0.388360599095648
0.9998062916472958,0.38768458845974735
0.9998058780137439,0.3868583532380909
0.9998054777466542,0.3860621629335857
0.9998050986200983,0.3853110400048072
0.9998046798703074,0.38448480478315084
0.9998042516540735,0.38364354710291887
0.9998039523212046,0.3830576712184716
0.9998035826524199,0.3823365932068442
0.9998031263535063,0.38145026815088556
0.9998027302138405,0.3806841227635315
0.9998023246619752,0.3799029549176018
0.9998018310808133,0.37895654002734086
0.9998015242934265,0.3783706641428936
0.9998010425371056,0.3774542941697838
0.9998006379585327,0.37668814878242973
0.9998003194888179,0.37608725043940694
0.9998399167567135,0.37530608259347725
0.9998395893487327,0.37453993720612316
0.9998392089078265,0.3736536121501645
0.9998388461383506,0.37281235446993255
0.9998385534388118,0.3721363438340319
0.9998382007928162,0.37132513107095105
0.999837925445705,0.3706941878107771
0.999837550257889,0.3698379076719696
0.9998371534421692,0.36893656015743537
0.9998367946468644,0.36812534739435454
0.9998364208890524,0.36728408971412263
0.9998360454154199,0.36644283203389066
0.9998356884653302,0.36564664172938544
0.9998353977202584,0.3650006760106359
0.9998351059444307,0.3643547102918864
0.9998348404145505,0.3637688344074391
0.9998344370860928,0.3628825093514805
0.9998341006179752,0.3621464088812775
0.999833748960931,0.36138026349392344
0.9998334304988756,0.36068923039944717
0.9998330620591795,0.35989304009494194
0.9998325799430772,0.3588564904532276
0.9998322640164381,0.3581804798173269
0.9998319327731092,0.3574744242642751
0.9998316073082428,0.35678339116979885
0.999831188014349,0.3558970661138402
0.999830852503383,0.3551910105607884
0.9998304941096703,0.35443988763200984
0.999830069246782,0.3535535625760512
0.9998297220211996,0.3528324845644238
0.9998293515358362,0.3520663391770697
0.9998290817416571,0.3515105082097736
0.9998286057074299,0.3505340484023615
0.9998281270141366,0.34955758859494945
0.9998276382126082,0.3485661063289618
0.9998273033416804,0.3478900956930611
0.9998269147555171,0.3471089278471315
0.9998264566792485,0.34619255787402164
0.9998259583170169,0.34520107560803404
0.9998255103821323,0.34431475055207533
0.999825159541918,0.3436237174575991
0.9998247074806083,0.3427373924016405
0.9998242839571253,0.34191115717998405
0.9998239823982398,0.34132528129553685
0.9998234619119075,0.3403187765709736
0.9998229226614724,0.33928222692925925
0.9998224983359218,0.3384710141661784
0.9998221431747444,0.33779500353027775
0.999821643554644,0.3368485886400168
0.9998212130693246,0.336037375876936
0.999820820641462,0.33530127540673305
0.9998204345483929,0.3345801973951057
0.999820014398848,0.333799029549176
0.9998196492177285,0.33312301891327534
0.9998193560041548,0.3325822104045548
0.9998189061934082,0.33175597518289845
0.9998184623763275,0.33094476241981763
0.9998179086812036,0.3299382576952544
0.999817443293323,0.32909700001502246
0.9998169755204759,0.3282557423347905
0.9998163115356355,0.32706896810732045
0.999815863370621,0.3262727778028152
0.9998150887573964,0.3249057340724383
0.9998146260079711,0.3240945213093575
0.999814083197769,0.3231481064190965
0.9998137022029715,0.32248711824177145
0.9998132760713285,0.3217510177715685
0.9998127779077931,0.320894737632761
0.9998123651374425,0.3201886820797092
0.9998118974841288,0.31939249177520396
0.9998114008204064,0.318551234094972
0.9998109640831758,0.31781513362476904
0.9998103995828791,0.3168687187345081
0.9998099040015208,0.3160424835128517
0.999809342230696,0.31511109108116636
0.9998089050257978,0.31439001306953895
0.999808254637841,0.31332341851067347
0.9998076460687665,0.3123319362446858
0.9998070708532292,0.3114005438130004
0.999806538982395,0.3105442636741929
0.9998060229862761,0.30971802845253654
0.9998053433257093,0.30863641143509546
0.9998048494901693,0.30785524358916583
0.999804257401517,0.30692385115748044
0.9998035749361619,0.3058572565986149
0.9998028779814705,0.3047756395811739
0.9998021369212505,0.3036339327294305
0.9998014888337469,0.30264245046344285
0.9998008464027881,0.3016659906560308
0.9998002895801088,0.3008247329757988
0.9997995690735081,0.29974311595835773
0.9997987623886905,0.2985413192723121
0.9997981225396184,0.29759490438205116
0.9997974683544304,0.29663346703321464
0.9997967582948021,0.2955969173915003
0.9997961160099903,0.2946655249598149
0.9997955323825589,0.293824267279583
0.999794661190965,0.2925774032178106
0.99979376127868,0.29130049423888715
0.9997931640725994,0.2904592365586552
0.9997924019099025,0.2893926419997897
0.9997916883657952,0.28840115973380204
0.9997908496732026,0.28724443042348313
0.9997902024546312,0.28635810536752443
0.9997895401452173,0.28545675785299024
0.9997887844545359,0.28443523066985144
0.9997880570126636,0.28345877086243937
0.9997872114054687,0.28233208646927155
0.999786370433668,0.2812204245346793
0.9997853386283139,0.279868403262878
0.9997846683893196,0.27899710066549493
0.9997839822865475,0.27811077560953623
0.9997832800563472,0.27720942809500204
0.9997824313298885,0.27612781107756096
0.9997816117056125,0.2750912614358466
0.9997807498355624,0.27400964441840553
0.9997799295774648,0.2729881172352667
0.9997789444597955,0.27177129809064554
0.99977811061186,0.27074977090750674
0.9997773076494822,0.2697733111000946
0.9997764114030184,0.2686916940826536
0.999775684163302,0.2678203914852705
0.9997747367235457,0.2666937070921027
0.999773896331468,0.26570222482611505
0.9997730367680435,0.26469572010155185
0.9997720667844322,0.263569035708384
0.9997710491671914,0.2623972839394895
0.9997698901225335,0.2610753075848393
0.9997690797829349,0.26015893761172953
0.999768075607352,0.25903225321856177
0.9997669676667638,0.257800411615365
0.9997660271408516,0.2567638619736506
0.999764871855161,0.25550197545330267
0.9997640953054966,0.25466071777307075
0.9998222116866184,0.2534438986284495
0.999821407310394,0.25230219177670615
0.9998206063505352,0.2511755073835384
0.9998197007031673,0.24991362086319047
0.9998187968108239,0.24866675680141812
0.9998177621188191,0.2472546456953145
0.999816883354697,0.24606787146784442
0.9998160299257988,0.24492616461610106
0.9998150089412345,0.24357414334429972
0.9998140457447467,0.2423122568239518
0.9998131655975587,0.24117054997220846
0.9998120300751879,0.2397133714903781
0.9998112376517964,0.2387068667658149
0.9998102946756039,0.23752009253834483
0.9998095842589654,0.23663376748238615
0.99980885632367,0.23573241996785194
0.9998077292828302,0.23435035377889946
0.9998066761180564,0.23307344479997597
0.9998055357490114,0.23170640106959906
0.9998044328552803,0.23039944717352442
0.9998034848683348,0.2292877852389322
0.9998025016458196,0.22814607838718884
0.999801652892562,0.22716961857977677
0.9998004788507582,0.225832619766551
0.9997993311036789,0.22454068832905194
0.9997983735466093,0.22347409377018643
0.9997974204875414,0.22242252166989648
0.9997963478378928,0.221250769901002
0.9997949839404087,0.21977856896059608
0.9997939984893223,0.21872699686030617
0.9997928319867413,0.21749515525710938
0.9997915074014873,0.2161130890681569
0.9997904003353595,0.21497138221641354
0.9997892370380779,0.21378460798894347
0.9997880757276066,0.21261285622004897
0.9997867197497512,0.21126083494824763
0.9997856070892589,0.21016419547223097
0.9997843743261697,0.20896239878618536
0.9997828918801563,0.20753526522150614
0.999781675278364,0.20637853591118724
0.9997804610318332,0.20523682905944388
0.9997788752119112,0.20376462811903795
0.9997775800711743,0.2025778538915679
0.9997761862130707,0.20131596737121998
0.99984980474617,0.20000901347514535
0.9998489996224991,0.19894241891627984
0.9998479434349578,0.19756035272732736
0.999846989518782,0.19632851112413058
0.9998459761262996,0.19503657968663152
0.9998451532982348,0.19400003004491714
0.9998439207117216,0.19246773927020897
0.999842853775438,0.19116078537413433
0.9998419097304561,0.19001907852239097
0.9998409542743538,0.1888773716706476
0.9998399743959033,0.1877206423603287
0.9998386315959336,0.18615830666846936
0.9998375172637908,0.18488139768954587
0.9998364275783103,0.1836495560863491
0.9998350379412735,0.18210224285306534
0.9998338732452862,0.18082533387414185
0.9998324817823938,0.17932308801658478
0.999831365935919,0.17813631378911474
0.999830220713073,0.1769345171030691
0.9998291474457544,0.17582285516847687
0.999827882960413,0.1745309237309778
0.9998265093684942,0.17314885754202533
0.9998253580160671,0.17200715069028197
0.9998241912798875,0.1708654438385386
0.9998229305002213,0.1696486246939174
0.9998216196931858,0.16840176063214507
0.9998204022988506,0.1672600537804017
0.9998185611902386,0.16556251596136223
0.999816833043319,0.16400018026950292
0.9998155151738769,0.1628284285006084
0.9998140226892319,0.16152147460453378
0.9998124882805175,0.16019949824988358
0.9998107852412488,0.15875734222662882
0.9998094512195121,0.1576456802920366
0.9998078585839177,0.15633872639596197
0.9998056365403304,0.15455105382546908
0.9998040752351097,0.1533192122222723
0.9998021760633037,0.1518470112818664
0.9998004987531172,0.1505701023029429
0.9997989949748743,0.1494434179097751
0.9997974683544304,0.14831673351660732
0.9997955010224949,0.14688959995192813
0.9997939843428101,0.14580798293448705
0.999791948403204,0.14438084936980786
0.9997898497425659,0.1429386933465531
0.9997871887635668,0.1411510207760602
0.9997854767778612,0.1400243363828924
0.9997834794846812,0.13873240494539335
0.9997815401419989,0.1375005633421966
0.9997791275538377,0.13599831748463953
0.999776885319054,0.13463127375426262
0.9997748001351199,0.13338440969249027
0.9997719758294379,0.13173193924917753
0.9997698504027618,0.13051512010455632
0.999767684980834,0.1292983009599351
0.9997648442092887,0.12773596526807576
0.9997623291740939,0.12638394399627442
0.9997591232084788,0.12470142863581053
0.999756275895686,0.1232442501539802
0.9997536945812808,0.12195231871648114
0.9997503121098626,0.12029984827316839
0.9997482059675186,0.11929334354860517
0.9997447677386422,0.11768594048101913
0.9997420020639834,0.11642405396067121
0.9997384937238494,0.11486171826881188
0.9997351694915254,0.1134195622455571
0.9997324414715719,0.11226283293523819
0.9997286663953331,0.11070049724337885
0.9997256892058702,0.10949870055733321
0.9997217197718102,0.10793636486547388
0.9997171145685997,0.10617873721213214
0.9997137131405669,0.10491685069178422
0.9997098926602843,0.10353478450283174
0.9997063573630891,0.10228792044105939
0.9997025580011898,0.10098096654498476
0.9996988858777477,0.09974912494178798
0.9996945632254124,0.09833701383568434
0.999691024254596,0.09721032944251656
0.9996871088861077,0.09599351029789535
0.9996817820206841,0.09438610723030931
0.9996768982229403,0.09295897366563012
0.999836333878887,0.09177219943816005
0.9998340248962656,0.09049529045923656
0.9998315931289997,0.08918833656316193
0.9998292058070025,0.08794147250138958
0.9998265695456122,0.0866044736881638
0.9998239436619718,0.08531254225066474
0.9998212689901698,0.08403563327174125
1.0,0.08266858954136434
1.0,0.08133159072813857
1.0,0.07997956945633722
1.0,0.07834212147160004
1.0,0.07721543707843226
1.0,0.07604368530953776
1.0,0.07476677633061427
1.0,0.0733246203073595
1.0,0.0718524193669536
1.0,0.0703802184265477
1.0,0.06896810732044406
1.0,0.06773626571724728
1.0,0.06654949148977722
1.0,0.06515240284224916
1.0,0.06405576336623252
1.0,0.06288401159733802
1.0,0.06168221491129238
1.0,0.06069073264530473
1.0,0.05944386858353238
1.0,0.05813691468745775
1.0,0.05734072438295251
1.0,0.05612390523833131
1.0,0.05513242297234365
1.0,0.053615154656211035
1.0,0.05275887451740352
1.0,0.05173734733426472
1.0,0.05077590998542821
1.0,0.04972433788513828
1.0,0.048672765784848346
1.0,0.04750101401595385
1.0,0.046419396998512774
1.0,0.045382847356798414
1.0,0.0444214100079619
1.0,0.043384860366247543
1.0,0.04231826580738204
1.0,0.04125167124851653
1.0,0.040049874562470895
1.0,0.03898328000360539
1.0,0.0379617528204666
1.0,0.0369402256373278
1.0,0.03591869845418901
1.0,0.03504739585680593
1.0,0.034176093259422835
1.0,0.03331981312061532
1.0,0.032478555440383375
1.0,0.03168236513587814
1.0,0.031081466792855318
1.0,0.030300298946925652
1.0,0.029263749305211292
1.0,0.02827226703922364
1.0,0.02734087460753827
1.0,0.026589751678759745
1.0,0.02573347153995223
1.0,0.024711944356813436
1.0,0.023780551925128065
1.0,0.022984361620622833
1.0,0.022233238691844306
1.0,0.021587272973094776
1.0,0.02080610512716511
1.0,0.020070004656962157
1.0,0.019589285982543902
1.0,0.01882314059518981
1.0,0.01816215241786471
1.0,0.01759129899199303
1.0,0.0169453332732435
1.0,0.016479637057400815
1.0,0.015818648880075715
1.0,0.015382997581384169
1.0,0.014676942028332357
1.0,0.013955864016704974
1.0,0.01350519025943786
1.0,0.013054516502170745
1.0,0.012498685534874638
1.0,0.011852719816125108
1.0,0.011341956224555711
1.0,0.010876260008713026
1.0,0.010170204455661214
1.0,0.009524238736911684
1.0,0.009163699731097992
1.0,0.008667958598104165
1.0,0.008262352216563762
1.0,0.007796656000721078
1.0,0.0074661619120585275
1.0,0.007120645364820407
1.0,0.0068502411104601375
1.0,0.0063995673531930235
1.0,0.005963916054501479
1.0,0.005708534258716782
1.0,0.005498219838658795
1.0,0.005182748208571815
1.0,0.004852254119909264
1.0,0.004551804948397855
1.0,0.004251355776886445
1.0,0.004056063815404029
1.0,0.00377063710246819
1.0,0.0035753451409857736
1.0,0.003395075638078928
1.0,0.0031547163008698005
1.0,0.002944401880811814
1.0,0.0027190650021782564
1.0,0.002643952709300404
1.0,0.0024186158306668468
1.0,0.002268391244911142
1.0,0.002163234034882149
1.0,0.002103144200579867
1.0,0.0019078522390974506
1.0,0.0017576276533417458
1.0,0.0016524704433127525
1.0,0.0015473132332837593
1.0,0.001382066188952484
1.0,0.0012919314374990611
1.0,0.0012168191446212087
1.0,0.0011116619345922154
1.0,0.0010215271831387925
1.0,0.0009614373488365106
1.0,0.0008713025973830877
1.0,0.0008112127630808059
1.0,0.0007661453873540944
1.0,0.0007361004702029535
1.0,0.0006159208015983896
1.0,0.0005558309672961077
1.0,0.0004957411329938258
1.0,0.0004506737572671143
1.0,0.00040560638154040293
1.0,0.00039058392296483245
1.0,0.00037556146438926197
1.0,0.000345516547238121
1.0,0.0002854267129358391
1.0,0.0002704042543602686
1.0,0.0002553817957846981
1.0,0.00018026950290684574
1.0,0.00016524704433127526
1.0,0.00015022458575570478
1.0,0.00010515721002899334
1.0,9.013475145342287e-05
1.0,6.008983430228191e-05
1.0,3.0044917151140955e-05
1.0,1.5022458575570477e-05
1.0,0.0
