fpr,tpr
0.0,0.0
0.0,1.5022458575570477e-05
0.0,3.0044917151140955e-05
0.0,9.013475145342287e-05
0.0,0.00010515721002899334
0.0,0.00015022458575570478
0.0,0.00018026950290684574
0.0,0.0002553817957846981
0.0,0.0002854267129358391
0.0,0.000345516547238121
0.0,0.00037556146438926197
0.0,0.00040560638154040293
0.0,0.0004957411329938258
0.0,0.0006159208015983896
0.0,0.0007361004702029535
0.0,0.0007661453873540944
0.0,0.0008112127630808059
0.0,0.0008713025973830877
0.0,0.0009614373488365106
0.0,0.0010215271831387925
0.0,0.0011116619345922154
0.0,0.0012168191446212087
0.0,0.0012919314374990611
0.0,0.001382066188952484
0.0,0.0015473132332837593
0.0,0.0017576276533417458
0.0,0.0019078522390974506
0.0,0.002103144200579867
0.0,0.002163234034882149
0.0,0.002268391244911142
0.0,0.0024186158306668468
0.0,0.002643952709300404
0.0,0.0027190650021782564
0.0,0.002944401880811814
0.0,0.0031547163008698005
0.0,0.003395075638078928
0.0,0.0035753451409857736
0.0,0.00377063710246819
0.0,0.004056063815404029
0.0,0.004251355776886445
0.0,0.004852254119909264
0.0,0.005182748208571815
0.0,0.005498219838658795
0.0,0.005708534258716782
0.0,0.005963916054501479
0.0,0.0063995673531930235
0.0,0.0068502411104601375
0.0,0.007120645364820407
0.0,0.0074661619120585275
0.0,0.007796656000721078
0.0,0.008262352216563762
0.0,0.008667958598104165
0.0,0.009163699731097992
0.0,0.009524238736911684
0.0,0.010170204455661214
0.0,0.010876260008713026
0.0,0.011341956224555711
0.0,0.011852719816125108
0.0,0.012498685534874638
0.0,0.013054516502170745
0.0,0.013955864016704974
0.0,0.014676942028332357
0.0,0.015382997581384169
0.0,0.015818648880075715
0.0,0.016479637057400815
0.0,0.0169453332732435
0.0,0.01759129899199303
0.0,0.01816215241786471
0.0,0.01882314059518981
0.0,0.019589285982543902
0.0,0.020070004656962157
0.0,0.02080610512716511
0.0,0.021587272973094776
0.0,0.022233238691844306
0.0,0.022984361620622833
0.0,0.023780551925128065
0.0,0.024711944356813436
0.0,0.02573347153995223
0.0,0.026589751678759745
0.0,0.02734087460753827
0.0,0.02827226703922364
0.0,0.029263749305211292
0.0,0.030300298946925652
0.0,0.031081466792855318
0.0,0.03168236513587814
0.0,0.032478555440383375
0.0,0.03331981312061532
0.0,0.034176093259422835
0.0,0.03591869845418901
0.0,0.03898328000360539
0.0,0.040049874562470895
0.0,0.04125167124851653
0.0,0.043384860366247543
0.0,0.0444214100079619
0.0,0.045382847356798414
0.0,0.046419396998512774
0.0,0.04750101401595385
0.0,0.048672765784848346
0.0,0.05077590998542821
0.0,0.05173734733426472
0.0,0.05275887451740352
0.0,0.053615154656211035
0.0,0.05513242297234365
0.0,0.05612390523833131
0.0,0.05734072438295251
0.0,0.05813691468745775
0.0,0.05944386858353238
0.0,0.06069073264530473
0.0,0.06168221491129238
0.0,0.06288401159733802
0.0,0.06405576336623252
0.0,0.06515240284224916
0.0,0.06654949148977722
0.0,0.06773626571724728
0.0,0.06896810732044406
0.0,0.0703802184265477
0.0,0.0733246203073595
0.0,0.07476677633061427
0.0,0.07604368530953776
0.0,0.07721543707843226
0.0,0.07834212147160004
0.0,0.07997956945633722
0.0,0.08133159072813857
0.0,0.08266858954136434
8.126117341134406e-05,0.08403563327174125
8.126117341134406e-05,0.08531254225066474
8.126117341134406e-05,0.0866044736881638
8.126117341134406e-05,0.08794147250138958
8.126117341134406e-05,0.08918833656316193
8.126117341134406e-05,0.09049529045923656
8.126117341134406e-05,0.09177219943816005
0.00016252234682268812,0.09295897366563012
0.00016252234682268812,0.09438610723030931
0.00016252234682268812,0.09599351029789535
0.00016252234682268812,0.09721032944251656
0.00016252234682268812,0.09833701383568434
0.00016252234682268812,0.09974912494178798
0.00016252234682268812,0.10098096654498476
0.00016252234682268812,0.10228792044105939
0.00016252234682268812,0.10353478450283174
0.00016252234682268812,0.10491685069178422
0.00016252234682268812,0.10617873721213214
0.00016252234682268812,0.10793636486547388
0.00016252234682268812,0.10949870055733321
0.00016252234682268812,0.11070049724337885
0.00016252234682268812,0.11226283293523819
0.00016252234682268812,0.1134195622455571
0.00016252234682268812,0.11486171826881188
0.00016252234682268812,0.11642405396067121
0.00016252234682268812,0.11768594048101913
0.00016252234682268812,0.11929334354860517
0.00016252234682268812,0.12029984827316839
0.00016252234682268812,0.12195231871648114
0.00016252234682268812,0.1232442501539802
0.00016252234682268812,0.12470142863581053
0.00016252234682268812,0.12638394399627442
0.00016252234682268812,0.12773596526807576
0.00016252234682268812,0.1292983009599351
0.00016252234682268812,0.13173193924917753
0.00016252234682268812,0.13338440969249027
0.00016252234682268812,0.13463127375426262
0.00016252234682268812,0.13599831748463953
0.00016252234682268812,0.1375005633421966
0.00016252234682268812,0.13873240494539335
0.00016252234682268812,0.1400243363828924
0.00016252234682268812,0.1411510207760602
0.00016252234682268812,0.1429386933465531
0.00016252234682268812,0.14438084936980786
0.00016252234682268812,0.14580798293448705
0.00016252234682268812,0.14688959995192813
0.00016252234682268812,0.14831673351660732
0.00016252234682268812,0.1505701023029429
0.00016252234682268812,0.1518470112818664
0.00016252234682268812,0.1533192122222723
0.00016252234682268812,0.15455105382546908
0.00016252234682268812,0.15633872639596197
0.00016252234682268812,0.1576456802920366
0.00016252234682268812,0.15875734222662882
0.00016252234682268812,0.16019949824988358
0.00016252234682268812,0.16152147460453378
0.00016252234682268812,0.1628284285006084
0.00016252234682268812,0.16400018026950292
0.00016252234682268812,0.16556251596136223
0.00016252234682268812,0.1672600537804017
0.00016252234682268812,0.16840176063214507
0.00016252234682268812,0.1696486246939174
0.00016252234682268812,0.1708654438385386
0.00016252234682268812,0.17314885754202533
0.00016252234682268812,0.1745309237309778
0.00016252234682268812,0.17582285516847687
0.00016252234682268812,0.1769345171030691
0.00016252234682268812,0.17813631378911474
0.00016252234682268812,0.17932308801658478
0.00016252234682268812,0.18082533387414185
0.00016252234682268812,0.18210224285306534
0.00016252234682268812,0.1836495560863491
0.00016252234682268812,0.18488139768954587
0.00016252234682268812,0.18615830666846936
0.00016252234682268812,0.1877206423603287
0.00016252234682268812,0.1888773716706476
0.00016252234682268812,0.19116078537413433
0.00016252234682268812,0.19246773927020897
0.00016252234682268812,0.19400003004491714
0.00016252234682268812,0.19503657968663152
0.00016252234682268812,0.19632851112413058
0.00016252234682268812,0.19756035272732736
0.00016252234682268812,0.19894241891627984
0.00016252234682268812,0.20000901347514535
0.00024378352023403217,0.20131596737121998
0.00024378352023403217,0.2025778538915679
0.00024378352023403217,0.20376462811903795
0.00024378352023403217,0.20523682905944388
0.00024378352023403217,0.20637853591118724
0.00024378352023403217,0.20753526522150614
0.00024378352023403217,0.20896239878618536
0.00024378352023403217,0.21016419547223097
0.00024378352023403217,0.21126083494824763
0.00024378352023403217,0.21261285622004897
0.00024378352023403217,0.21378460798894347
0.00024378352023403217,0.21497138221641354
0.00024378352023403217,0.2161130890681569
0.00024378352023403217,0.21749515525710938
0.00024378352023403217,0.21872699686030617
0.00024378352023403217,0.21977856896059608
0.00024378352023403217,0.221250769901002
0.00024378352023403217,0.22242252166989648
0.00024378352023403217,0.22347409377018643
0.00024378352023403217,0.22454068832905194
0.00024378352023403217,0.225832619766551
0.00024378352023403217,0.22716961857977677
0.00024378352023403217,0.22814607838718884
0.00024378352023403217,0.2292877852389322
0.00024378352023403217,0.23039944717352442
0.00024378352023403217,0.23170640106959906
0.00024378352023403217,0.23307344479997597
0.00024378352023403217,0.23435035377889946
0.00024378352023403217,0.23573241996785194
0.00024378352023403217,0.23663376748238615
0.00024378352023403217,0.23752009253834483
0.00024378352023403217,0.2387068667658149
0.00024378352023403217,0.2397133714903781
0.00024378352023403217,0.24117054997220846
0.00024378352023403217,0.2423122568239518
0.00024378352023403217,0.24357414334429972
0.00024378352023403217,0.24492616461610106
0.00024378352023403217,0.24606787146784442
0.00024378352023403217,0.2472546456953145
0.00024378352023403217,0.24866675680141812
0.00024378352023403217,0.24991362086319047
0.00024378352023403217,0.2511755073835384
0.00024378352023403217,0.25230219177670615
0.00024378352023403217,0.2534438986284495
0.00032504469364537625,0.25466071777307075
0.00032504469364537625,0.25550197545330267
0.00032504469364537625,0.2567638619736506
0.00032504469364537625,0.257800411615365
0.00032504469364537625,0.25903225321856177
0.00032504469364537625,0.26015893761172953
0.00032504469364537625,0.2610753075848393
0.00032504469364537625,0.2623972839394895
0.00032504469364537625,0.263569035708384
0.00032504469364537625,0.26469572010155185
0.00032504469364537625,0.26570222482611505
0.00032504469364537625,0.2666937070921027
0.00032504469364537625,0.2678203914852705
0.00032504469364537625,0.2686916940826536
0.00032504469364537625,0.2697733111000946
0.00032504469364537625,0.27074977090750674
0.00032504469364537625,0.27177129809064554
0.00032504469364537625,0.2729881172352667
0.00032504469364537625,0.27400964441840553
0.00032504469364537625,0.2750912614358466
0.00032504469364537625,0.27612781107756096
0.00032504469364537625,0.27720942809500204
0.00032504469364537625,0.27811077560953623
0.00032504469364537625,0.27899710066549493
0.00032504469364537625,0.279868403262878
0.00032504469364537625,0.2812204245346793
0.00032504469364537625,0.28233208646927155
0.00032504469364537625,0.28345877086243937
0.00032504469364537625,0.28443523066985144
0.00032504469364537625,0.28545675785299024
0.00032504469364537625,0.28635810536752443
0.00032504469364537625,0.28724443042348313
0.00032504469364537625,0.28840115973380204
0.00032504469364537625,0.2893926419997897
0.00032504469364537625,0.2904592365586552
0.00032504469364537625,0.29130049423888715
0.00032504469364537625,0.2925774032178106
0.00032504469364537625,0.293824267279583
0.00032504469364537625,0.2946655249598149
0.00032504469364537625,0.2955969173915003
0.00032504469364537625,0.29663346703321464
0.00032504469364537625,0.29759490438205116
0.00032504469364537625,0.2985413192723121
0.00032504469364537625,0.29974311595835773
0.00032504469364537625,0.3008247329757988
0.00032504469364537625,0.3016659906560308
0.00032504469364537625,0.30264245046344285
0.00032504469364537625,0.3036339327294305
0.00032504469364537625,0.3047756395811739
0.00032504469364537625,0.3058572565986149
0.00032504469364537625,0.30692385115748044
0.00032504469364537625,0.30785524358916583
0.00032504469364537625,0.30863641143509546
0.00032504469364537625,0.30971802845253654
0.00032504469364537625,0.3105442636741929
0.00032504469364537625,0.3114005438130004
0.00032504469364537625,0.3123319362446858
0.00032504469364537625,0.31332341851067347
0.00032504469364537625,0.31439001306953895
0.00032504469364537625,0.31511109108116636
0.00032504469364537625,0.3160424835128517
0.00032504469364537625,0.3168687187345081
0.00032504469364537625,0.31781513362476904
0.00032504469364537625,0.318551234094972
0.00032504469364537625,0.31939249177520396
0.00032504469364537625,0.3201886820797092
0.00032504469364537625,0.320894737632761
0.00032504469364537625,0.3217510177715685
0.00032504469364537625,0.32248711824177145
0.00032504469364537625,0.3231481064190965
0.00032504469364537625,0.3240945213093575
0.00032504469364537625,0.3249057340724383
0.00032504469364537625,0.3262727778028152
0.00032504469364537625,0.32706896810732045
0.00032504469364537625,0.3282557423347905
0.00032504469364537625,0.3299382576952544
0.00032504469364537625,0.33094476241981763
0.00032504469364537625,0.33175597518289845
0.00032504469364537625,0.3325822104045548
0.00032504469364537625,0.33312301891327534
0.00032504469364537625,0.333799029549176
0.00032504469364537625,0.3345801973951057
0.00032504469364537625,0.33530127540673305
0.00032504469364537625,0.336037375876936
0.00032504469364537625,0.3368485886400168
0.00032504469364537625,0.33779500353027775
0.00032504469364537625,0.3384710141661784
0.00032504469364537625,0.33928222692925925
0.00032504469364537625,0.3403187765709736
0.00032504469364537625,0.34132528129553685
0.00032504469364537625,0.34191115717998405
0.00032504469364537625,0.3427373924016405
0.00032504469364537625,0.3436237174575991
0.00032504469364537625,0.34431475055207533
0.00032504469364537625,0.34520107560803404
0.00032504469364537625,0.34619255787402164
0.00032504469364537625,0.3471089278471315
0.00032504469364537625,0.3478900956930611
0.00032504469364537625,0.3485661063289618
0.00032504469364537625,0.34955758859494945
0.00032504469364537625,0.3515105082097736
0.00032504469364537625,0.3520663391770697
0.00032504469364537625,0.3528324845644238
0.00032504469364537625,0.3535535625760512
0.00032504469364537625,0.35443988763200984
0.00032504469364537625,0.3551910105607884
0.00032504469364537625,0.3558970661138402
0.00032504469364537625,0.35678339116979885
0.00032504469364537625,0.3574744242642751
0.00032504469364537625,0.3581804798173269
0.00032504469364537625,0.3588564904532276
0.00032504469364537625,0.35989304009494194
0.00032504469364537625,0.36068923039944717
0.00032504469364537625,0.36138026349392344
0.00032504469364537625,0.3621464088812775
0.00032504469364537625,0.3628825093514805
0.00032504469364537625,0.3637688344074391
0.00032504469364537625,0.3643547102918864
0.00032504469364537625,0.36564664172938544
0.00032504469364537625,0.36644283203389066
0.00032504469364537625,0.36812534739435454
0.00032504469364537625,0.36893656015743537
0.00032504469364537625,0.3698379076719696
0.00032504469364537625,0.3706941878107771
0.00032504469364537625,0.37132513107095105
0.00032504469364537625,0.3721363438340319
0.00032504469364537625,0.37281235446993255
0.00032504469364537625,0.3736536121501645
0.00032504469364537625,0.37453993720612316
0.00032504469364537625,0.37530608259347725
0.0004063058670567203,0.37608725043940694
0.0004063058670567203,0.37668814878242973
0.0004063058670567203,0.3774542941697838
0.0004063058670567203,0.3783706641428936
0.0004063058670567203,0.37895654002734086
0.0004063058670567203,0.3799029549176018
0.0004063058670567203,0.3806841227635315
0.0004063058670567203,0.38145026815088556
0.0004063058670567203,0.3823365932068442
0.0004063058670567203,0.3830576712184716
0.0004063058670567203,0.38364354710291887
0.0004063058670567203,0.38448480478315084
0.0004063058670567203,0.3853110400048072
0.0004063058670567203,0.3860621629335857
0.0004063058670567203,0.3868583532380909
0.0004063058670567203,0.38768458845974735
0.0004063058670567203,0.388360599095648
0.0004063058670567203,0.3891267444830021
0.0004063058670567203,0.39014827166614086
0.0004063058670567203,0.39103459672209956
0.0004063058670567203,0.3917706971923025
0.0004063058670567203,0.39241666291105204
0.0004063058670567203,0.3929875163369237
0.0004063058670567203,0.3937686841828534
0.0004063058670567203,0.39467003169738757
0.0004063058670567203,0.3953159974161371
0.0004063058670567203,0.39615725509636907
0.0004063058670567203,0.3967281085222408
0.0004063058670567203,0.3975843886610483
0.0004063058670567203,0.39832048913125123
0.0004063058670567203,0.3991467243529076
0.0004063058670567203,0.3997476226959304
0.0004063058670567203,0.40043865579040666
0.0004063058670567203,0.4009343969234005
0.0004063058670567203,0.40159538510072557
0.0004063058670567203,0.4023465080295041
0.0004063058670567203,0.40297745128967805
0.0004063058670567203,0.40381870896991
0.0004063058670567203,0.40447969714723514
0.0004063058670567203,0.40527588745174037
0.0004063058670567203,0.4059819430047922
0.0004063058670567203,0.40650772905493715
0.0004063058670567203,0.40727387444229124
0.0004063058670567203,0.40773957065813393
0.0004063058670567203,0.4084155812940346
0.0004063058670567203,0.40919674913996423
0.0004063058670567203,0.4098727597758649
0.0004063058670567203,0.4104886805774633
0.0004063058670567203,0.4111947361305151
0.0004063058670567203,0.41163038742920666
0.0004063058670567203,0.4123214205236829
0.0004063058670567203,0.4133429477068217
0.0004063058670567203,0.41397389096699566
0.0004063058670567203,0.41463487914432073
0.0004063058670567203,0.4151005753601634
0.0004063058670567203,0.41561133895173286
0.0004063058670567203,0.41622725975333125
0.0004063058670567203,0.41691829284780746
0.0004063058670567203,0.41724878693647
0.0004063058670567203,0.418195201826731
0.0004063058670567203,0.41863085312542253
0.00048756704046806434,0.41926179638559646
0.00048756704046806434,0.42004296423152615
0.00048756704046806434,0.4204035032373398
0.00048756704046806434,0.4209142668289092
0.00048756704046806434,0.4214700977962053
0.00048756704046806434,0.42211606351495484
0.00048756704046806434,0.42288220890230893
0.00048756704046806434,0.42330283774242494
0.00048756704046806434,0.42399387083690115
0.00048756704046806434,0.4245346793456217
0.00048756704046806434,0.425120555230069
0.00048756704046806434,0.4256763861973651
0.00048756704046806434,0.4262772845403879
0.00048756704046806434,0.42704342992774197
0.00048756704046806434,0.4276293058121892
0.00048756704046806434,0.4283203389066655
0.00048756704046806434,0.4289512821668394
0.00048756704046806434,0.4295672029684378
0.00048756704046806434,0.4302882809800652
0.00048756704046806434,0.43085913440593687
0.00048756704046806434,0.4313398530803551
0.00048756704046806434,0.4326618294350053
0.00048756704046806434,0.4330674358165457
0.00048756704046806434,0.4336983790767197
0.00048756704046806434,0.4342391875854402
0.00048756704046806434,0.4348551083870386
0.00048756704046806434,0.4353358270614569
0.00048756704046806434,0.435996815238782
0.00048756704046806434,0.4365526462060781
0.00048756704046806434,0.4373638589691589
0.00048756704046806434,0.43778448780927487
0.00048756704046806434,0.4384905433623267
0.00048756704046806434,0.4392116213739541
0.00048756704046806434,0.4397524298826746
0.00048756704046806434,0.44023314855709283
0.00048756704046806434,0.44059368756290657
0.00048756704046806434,0.44120960836450496
0.00048756704046806434,0.44197575375185905
0.00048756704046806434,0.44227620292337044
0.00048756704046806434,0.44281701143209096
0.00048756704046806434,0.44328270764793365
0.00048756704046806434,0.4439436958252588
0.00048756704046806434,0.4451454925113044
0.00048756704046806434,0.44564123364429825
0.00048756704046806434,0.4462871993630478
0.00048756704046806434,0.44696320999894845
0.00048756704046806434,0.44756410834197125
0.00048756704046806434,0.4482551414364475
0.00048756704046806434,0.448795949945168
0.00048756704046806434,0.449532050415371
0.00048756704046806434,0.4501029038412427
0.00048756704046806434,0.4507939369357189
0.00048756704046806434,0.45169528445025314
0.00048756704046806434,0.4524313849204561
0.00048756704046806434,0.45306232818063
0.00048756704046806434,0.45357309177219945
0.00048756704046806434,0.45412892273949557
0.00048756704046806434,0.45465470878964054
0.00048756704046806434,0.4551504499226343
0.00048756704046806434,0.455721303348506
0.00048756704046806434,0.456247089398651
0.0005688282138794084,0.45687803265882493
0.0005688282138794084,0.45743386362612104
0.0006500893872907525,0.457959649676266
0.0006500893872907525,0.45838027851638197
0.0006500893872907525,0.45886099719080026
0.0006500893872907525,0.45952198536812533
0.0006500893872907525,0.459987681583968
0.0006500893872907525,0.4605735574684153
0.0006500893872907525,0.46102423122568237
0.0006500893872907525,0.46155001727582734
0.0006500893872907525,0.4620908257845479
0.0006500893872907525,0.4627067465861463
0.0006500893872907525,0.4632175101777157
0.0006500893872907525,0.46359307164210495
0.0006500893872907525,0.4641188576922499
0.0006500893872907525,0.46450944161521474
0.0006500893872907525,0.46506527258251085
0.0006500893872907525,0.46583141796986494
0.0006500893872907525,0.46638724893716105
0.0006500893872907525,0.46686796761157934
0.0006500893872907525,0.467228506617393
0.0006500893872907525,0.4676341129989334
0.0006500893872907525,0.4682951011762585
0.0006500893872907525,0.46883590968497907
0.0006500893872907525,0.46927156098367057
0.0006500893872907525,0.4697222347409377
0.0006500893872907525,0.47035317800111165
0.0006500893872907525,0.4708038517583788
0.0006500893872907525,0.471179413222768
0.0006500893872907525,0.47167515435576185
0.0006500893872907525,0.4722009404059068
0.0006500893872907525,0.4727417489146274
0.0006500893872907525,0.4732975798819235
0.0006500893872907525,0.473733231180615
0.0006500893872907525,0.4741989273964577
0.0006500893872907525,0.47455946640227137
0.0006500893872907525,0.4751152973695675
0.0006500893872907525,0.47559601604398577
0.0006500893872907525,0.475866420298346
0.0006500893872907525,0.47651238601709556
0.0006500893872907525,0.47723346402872296
0.0006500893872907525,0.4777742725374435
0.0006500893872907525,0.4781648564604083
0.0006500893872907525,0.4784803280904953
0.0006500893872907525,0.4790361590577914
0.0006500893872907525,0.47956194510793637
0.0006500893872907525,0.4799975964066279
0.0006500893872907525,0.4804182252467439
0.0006500893872907525,0.48094401129688885
0.0006500893872907525,0.4816801117670918
0.0006500893872907525,0.48216083044151004
0.0006500893872907525,0.48280679616025957
0.0006500893872907525,0.48304715549746874
0.0006500893872907525,0.4837081436747938
0.0006500893872907525,0.48481980560938603
0.0006500893872907525,0.48521038953235085
0.0006500893872907525,0.4857061306653447
0.0006500893872907525,0.48614178196403623
0.0007313505607020966,0.4865023209698499
0.0007313505607020966,0.48708819685429716
0.0007313505607020966,0.4875088256944132
0.0007313505607020966,0.4878242973245001
0.0007313505607020966,0.48827497108176726
0.0007313505607020966,0.48887586942479005
0.0007313505607020966,0.4896269923535686
0.0007313505607020966,0.4900926885694113
0.0007313505607020966,0.4903931377409227
0.0007313505607020966,0.4907086093710097
0.0007313505607020966,0.49111421575255004
0.0007313505607020966,0.49159493442696833
0.0007313505607020966,0.492060630642811
0.0007313505607020966,0.49258641669295594
0.0007313505607020966,0.49300704553307195
0.0007313505607020966,0.4933826069974612
0.0007313505607020966,0.49386332567187946
0.0007313505607020966,0.49437408926344883
0.0007313505607020966,0.494824763020716
0.0007313505607020966,0.4951252121922274
0.0007313505607020966,0.4956209533252212
0.0007313505607020966,0.4961767842925173
0.0007313505607020966,0.4964922559226043
0.0007313505607020966,0.4969879970555981
0.0007313505607020966,0.49733351360283623
0.0007313505607020966,0.4977992098186789
0.0007313505607020966,0.4983850857031262
0.0007313505607020966,0.498775669626091
0.0007313505607020966,0.4991362086319047
0.0008126117341134406,0.4995418150134451
0.0008126117341134406,0.5001126684393168
0.0008126117341134406,0.5007886790752174
0.0008126117341134406,0.5011341956224555
0.0008126117341134406,0.5013745549596647
0.0008126117341134406,0.5017050490483272
0.0008126117341134406,0.5020505655955654
0.0008126117341134406,0.5025162618114081
0.0008126117341134406,0.5029068457343729
0.0008126117341134406,0.5033424970330644
0.0008126117341134406,0.5039584178346628
0.0008126117341134406,0.5044541589676567
0.0008126117341134406,0.5047996755148948
0.0008126117341134406,0.5051301696035573
0.0008126117341134406,0.5055658209022489
0.0008126117341134406,0.5059263599080626
0.0008126117341134406,0.506226809079574
0.0008126117341134406,0.5066474379196899
0.0008126117341134406,0.5070229993840792
0.0008126117341134406,0.5074286057656197
0.0008126117341134406,0.5078642570643112
0.0008126117341134406,0.5083449757387294
0.0008126117341134406,0.508675469827392
0.0008126117341134406,0.509201255877537
0.0008126117341134406,0.5095768173419262
0.0008126117341134406,0.5098922889720131
0.0008126117341134406,0.5101626932263734
0.0008126117341134406,0.5105833220664894
0.0008126117341134406,0.5110790631994833
0.0008126117341134406,0.5113344449952679
0.0008126117341134406,0.5116649390839305
0.0008126117341134406,0.5120104556311686
0.0008126117341134406,0.5124461069298601
0.0008126117341134406,0.5126714438084937
0.0008126117341134406,0.513182207400063
0.0008126117341134406,0.5135277239473012
0.0008126117341134406,0.5144290714618355
0.0008126117341134406,0.5147745880090736
0.0008126117341134406,0.5152402842249163
0.0008126117341134406,0.51560082323073
0.0008126117341134406,0.5162918563252061
0.0008126117341134406,0.5166674177895955
0.0008126117341134406,0.5170279567954091
0.0008126117341134406,0.5175687653041297
0.0008126117341134406,0.517944326768519
0.0008126117341134406,0.5182748208571815
0.0008126117341134406,0.5185302026529662
0.0008126117341134406,0.5188606967416287
0.0008126117341134406,0.5191761683717158
0.0008126117341134406,0.5194766175432272
0.0008126117341134406,0.5197319993390118
0.0008126117341134406,0.5201526281791278
0.0008126117341134406,0.5205432121020926
0.0008126117341134406,0.5213844697823246
0.0008126117341134406,0.5218501659981672
0.0008126117341134406,0.5222257274625566
0.0008126117341134406,0.5226613787612481
0.0008126117341134406,0.5230369402256373
0.0008126117341134406,0.5233524118557243
0.0008126117341134406,0.523712950861538
0.0008126117341134406,0.5242537593702585
0.0008126117341134406,0.5246443432932234
0.0008126117341134406,0.5248246127961302
0.0008126117341134406,0.5251701293433684
0.0008126117341134406,0.5254705785148798
0.0008126117341134406,0.525951297189298
0.0008126117341134406,0.5262968137365361
0.0008126117341134406,0.5266573527423498
0.0008126117341134406,0.5271230489581925
0.0008126117341134406,0.5275737227154597
0.0008126117341134406,0.5279492841798489
0.0008126117341134406,0.5284750702299938
0.0008126117341134406,0.5289407664458365
0.0008126117341134406,0.5292862829930747
0.0008938729075247847,0.5296017546231616
0.0008938729075247847,0.529902203794673
0.0008938729075247847,0.5303378550933646
0.0008938729075247847,0.5306983940991783
0.0008938729075247847,0.5309838208121141
0.0008938729075247847,0.5312542250664744
0.0008938729075247847,0.5316598314480148
0.0008938729075247847,0.5319452581609506
0.0008938729075247847,0.5323057971667643
0.0008938729075247847,0.5327564709240314
0.0008938729075247847,0.5330418976369673
0.0008938729075247847,0.533402436642781
0.0008938729075247847,0.5336277735214146
0.0008938729075247847,0.5338230654828969
0.0008938729075247847,0.5343338290744664
0.0008938729075247847,0.5345291210359487
0.0008938729075247847,0.5353703787161807
0.0008938729075247847,0.5355206033019364
0.0008938729075247847,0.5358360749320233
0.0008938729075247847,0.5360914567278081
0.0008938729075247847,0.5364820406507729
0.0008938729075247847,0.5368876470323133
0.0008938729075247847,0.5372031186624003
0.0008938729075247847,0.5374284555410338
0.0008938729075247847,0.5378040170054231
0.0008938729075247847,0.5381194886355101
0.0008938729075247847,0.5383898928898704
0.0008938729075247847,0.5387504318956841
0.0008938729075247847,0.5389156789400154
0.0008938729075247847,0.5393663526972824
0.0008938729075247847,0.5396067120344916
0.0008938729075247847,0.539907161206003
0.0008938729075247847,0.5402526777532412
0.0008938729075247847,0.5405230820076014
0.0008938729075247847,0.5408385536376883
0.0008938729075247847,0.5410638905163219
0.0008938729075247847,0.5415746541078913
0.0008938729075247847,0.5418901257379782
0.0008938729075247847,0.5422206198266408
0.0008938729075247847,0.5425360914567278
0.0008938729075247847,0.5428816080039659
0.0008938729075247847,0.5431369897997507
0.0008938729075247847,0.5435275737227154
0.0008938729075247847,0.5438730902699536
0.0008938729075247847,0.5442035843586162
0.0008938729075247847,0.5445040335301276
0.0008938729075247847,0.5448795949945168
0.0008938729075247847,0.5451049318731503
0.0008938729075247847,0.545675785299022
0.0008938729075247847,0.5461865488905915
0.0008938729075247847,0.5465921552721318
0.0008938729075247847,0.5469526942779456
0.0008938729075247847,0.5473282557423348
0.0008938729075247847,0.5477338621238752
0.0008938729075247847,0.5480643562125378
0.0008938729075247847,0.5486652545555606
0.0008938729075247847,0.549070860937101
0.0008938729075247847,0.5496717592801238
0.0008938729075247847,0.550047320744513
0.0008938729075247847,0.550467949584629
0.0008938729075247847,0.5507683987561405
0.0008938729075247847,0.5509787131761984
0.0008938729075247847,0.551309207264861
0.0008938729075247847,0.5516096564363724
0.0008938729075247847,0.5519251280664593
0.0008938729075247847,0.5522105547793952
0.0008938729075247847,0.5525110039509066
0.0008938729075247847,0.5528565204981447
0.0008938729075247847,0.5531119022939294
0.0008938729075247847,0.5534724412997432
0.0008938729075247847,0.5538630252227079
0.0008938729075247847,0.554073339642766
0.0008938729075247847,0.5545390358586086
0.0008938729075247847,0.5549596646987246
0.0008938729075247847,0.555365271080265
0.0008938729075247847,0.5556206528760497
0.0008938729075247847,0.55589105713041
0.0008938729075247847,0.5561464389261946
0.0008938729075247847,0.5564318656391305
0.0008938729075247847,0.5566421800591885
0.0008938729075247847,0.557182988567909
0.0008938729075247847,0.5575134826565715
0.0008938729075247847,0.557708774618054
0.0008938729075247847,0.5580092237895654
0.0008938729075247847,0.5581894932924722
0.0008938729075247847,0.5585500322982859
0.0008938729075247847,0.5589105713040996
0.0008938729075247847,0.5592861327684889
0.0008938729075247847,0.5594964471885469
0.0008938729075247847,0.5598119188186339
0.0008938729075247847,0.5600222332386918
0.0008938729075247847,0.5602475701173254
0.0008938729075247847,0.5605630417474123
0.0008938729075247847,0.561103850256133
0.0008938729075247847,0.561449366803371
0.0008938729075247847,0.5617498159748825
0.0008938729075247847,0.5620051977706672
0.0008938729075247847,0.5624258266107831
0.0008938729075247847,0.5627262757822945
0.0008938729075247847,0.5629516126609281
0.0008938729075247847,0.563267084291015
0.0008938729075247847,0.5638379377168867
0.0008938729075247847,0.5640632745955203
0.0008938729075247847,0.564423813601334
0.0008938729075247847,0.5647092403142698
0.0008938729075247847,0.5650096894857812
0.0008938729075247847,0.5652350263644148
0.0008938729075247847,0.5654002734087461
0.0008938729075247847,0.5658509471660131
0.0008938729075247847,0.5660462391274956
0.0008938729075247847,0.5662565535475536
0.0008938729075247847,0.5665419802604894
0.0008938729075247847,0.5667973620562742
0.0008938729075247847,0.5671428786035122
0.0008938729075247847,0.567503417609326
0.0008938729075247847,0.5678339116979885
0.0008938729075247847,0.5681493833280755
0.0009751340809361287,0.5685249447924647
0.0009751340809361287,0.5687352592125228
0.0009751340809361287,0.5691709105112143
0.0009751340809361287,0.5694112698484234
0.0009751340809361287,0.5696816741027837
0.0009751340809361287,0.570192437694353
0.0009751340809361287,0.5705079093244401
0.0009751340809361287,0.5707783135788003
0.0009751340809361287,0.5714092568389743
0.0009751340809361287,0.5716796610933346
0.0009751340809361287,0.5719049979719681
0.0009751340809361287,0.5722805594363574
0.0009751340809361287,0.5724908738564154
0.0009751340809361287,0.5729866149894092
0.0009751340809361287,0.5733020866194961
0.0009751340809361287,0.5734222662881007
0.0009751340809361287,0.5735724908738564
0.0009751340809361287,0.5737828052939145
0.0009751340809361287,0.5741283218411525
0.0009751340809361287,0.5743987260955128
0.0009751340809361287,0.5745639731398441
0.0009751340809361287,0.5749395346042333
0.0009751340809361287,0.5752249613171692
0.0009751340809361287,0.5754803431129538
0.0009751340809361287,0.5757657698258897
0.0009751340809361287,0.5759460393287965
0.0009751340809361287,0.5762314660417324
0.0009751340809361287,0.5764417804617904
0.0009751340809361287,0.5767272071747263
0.0009751340809361287,0.5768924542190574
0.0009751340809361287,0.577328105517749
0.0009751340809361287,0.577538419937807
0.0009751340809361287,0.5778989589436208
0.0009751340809361287,0.5781242958222542
0.0009751340809361287,0.57827452040801
0.0009751340809361287,0.5784698123694924
0.0009751340809361287,0.5787251941652771
0.0009751340809361287,0.5791758679225442
0.0009751340809361287,0.579536406928358
0.0009751340809361287,0.5796415641383869
0.0009751340809361287,0.5799420133098983
0.0009751340809361287,0.5802725073985608
0.0009751340809361287,0.5806630913215257
0.0009751340809361287,0.5809935854101882
0.0009751340809361287,0.5812038998302462
0.0009751340809361287,0.5814893265431821
0.0009751340809361287,0.5816695960460889
0.0009751340809361287,0.581909955383298
0.0009751340809361287,0.5821803596376584
0.0009751340809361287,0.5824808088091697
0.0009751340809361287,0.5827361906049544
0.0009751340809361287,0.5830366397764658
0.0009751340809361287,0.5833821563237039
0.0009751340809361287,0.5836525605780643
0.0009751340809361287,0.5838929199152734
0.0009751340809361287,0.584148301711058
0.0009751340809361287,0.5843285712139649
0.0009751340809361287,0.5846440428440518
0.0009751340809361287,0.5850196043084411
0.0009751340809361287,0.5852749861042258
0.0009751340809361287,0.585410188231406
0.0009751340809361287,0.5857106374029174
0.0009751340809361287,0.5859509967401265
0.0009751340809361287,0.5862063785359112
0.0009751340809361287,0.5866270073760271
0.0009751340809361287,0.5869575014646897
0.0009751340809361287,0.5870776811332943
0.0009751340809361287,0.5872429281776256
0.0009751340809361287,0.5875133324319858
0.0009751340809361287,0.5876785794763171
0.0009751340809361287,0.5878588489792239
0.0009751340809361287,0.5880541409407064
0.0009751340809361287,0.5882794778193399
0.0009751340809361287,0.5885799269908514
0.0010563952543474727,0.5887752189523338
0.0010563952543474727,0.5891057130409962
0.0010563952543474727,0.5893761172953565
0.0010563952543474727,0.5895113194225367
0.0010563952543474727,0.5898418135111992
0.0010563952543474727,0.590412666937071
0.0010563952543474727,0.5907281385671579
0.0010563952543474727,0.590968497904367
0.0010563952543474727,0.5911487674072738
0.0010563952543474727,0.5914492165787852
0.0010563952543474727,0.59170459837457
0.0010563952543474727,0.5920350924632325
0.0010563952543474727,0.5921402496732615
0.0010563952543474727,0.5923205191761683
0.0010563952543474727,0.5924857662204996
0.0010563952543474727,0.5927261255577088
0.0010563952543474727,0.5931167094806736
0.0010563952543474727,0.5933270239007316
0.0010563952543474727,0.5935072934036384
0.0010563952543474727,0.593732630282272
0.0010563952543474727,0.5940180569952078
0.0010563952543474727,0.5942133489566902
0.0010563952543474727,0.5946940676311085
0.0010563952543474727,0.5950095392611955
0.0010563952543474727,0.5952949659741313
0.0010563952543474727,0.5956254600627939
0.0010563952543474727,0.5957756846485496
0.0010563952543474727,0.5959409316928809
0.0010563952543474727,0.5960460889029099
0.0010563952543474727,0.596286448240119
0.0010563952543474727,0.596391605450148
0.0011376564277588168,0.5966469872459327
0.0011376564277588168,0.5968723241245663
0.0011376564277588168,0.5970826385446242
0.0011376564277588168,0.5972779305061067
0.0011376564277588168,0.5975633572190425
0.0011376564277588168,0.5976985593462226
0.0011376564277588168,0.5978788288491295
0.0011376564277588168,0.5980290534348851
0.0011376564277588168,0.5982543903135187
0.0011376564277588168,0.5985398170264545
0.0011376564277588168,0.5987801763636637
0.0011376564277588168,0.598945423407995
0.0011376564277588168,0.599080625535175
0.0011376564277588168,0.5994261420824132
0.0011376564277588168,0.5996665014196223
0.0011376564277588168,0.5999819730497093
0.0011376564277588168,0.6002673997626452
0.0011376564277588168,0.6005828713927321
0.0011376564277588168,0.6007180735199122
0.0011376564277588168,0.6009884777742726
0.0011376564277588168,0.6012438595700572
0.0011376564277588168,0.6014541739901152
0.0011376564277588168,0.6016043985758709
0.0011376564277588168,0.6019198702059579
0.0011376564277588168,0.6021602295431671
0.0011376564277588168,0.6023104541289227
0.0012189176011701609,0.6025508134661318
0.0012189176011701609,0.602791172803341
0.0012189176011701609,0.603001487223399
0.0012189176011701609,0.6030916219748524
0.0012189176011701609,0.6032718914777593
0.0012189176011701609,0.6034371385220906
0.0012189176011701609,0.6034972283563929
0.0012189176011701609,0.6035873631078462
0.0012189176011701609,0.6038427449036309
0.0012189176011701609,0.6040831042408401
0.0012189176011701609,0.6044436432466538
0.0012189176011701609,0.6046840025838629
0.0012189176011701609,0.6048943170039208
0.0012189176011701609,0.6050144966725254
0.0012189176011701609,0.6053900581369147
0.0012189176011701609,0.6056454399326994
0.0012189176011701609,0.6058106869770307
0.0012189176011701609,0.6060210013970887
0.0012189176011701609,0.6062012708999955
0.0012189176011701609,0.606531764988658
0.0012189176011701609,0.6068622590773206
0.0012189176011701609,0.6070875959559542
0.0012189176011701609,0.6072528430002855
0.0012189176011701609,0.6074631574203434
0.0012189176011701609,0.6077035167575525
0.0012189176011701609,0.6080490333047907
0.0012189176011701609,0.6082293028076975
0.0012189176011701609,0.6085147295206333
0.0012189176011701609,0.6087250439406914
0.0012189176011701609,0.6089654032779005
0.0012189176011701609,0.6091456727808073
0.0012189176011701609,0.609401054576592
0.0012189176011701609,0.6095362567037721
0.0012189176011701609,0.6096414139138011
0.0012189176011701609,0.6099118181681614
0.0012189176011701609,0.6102122673396728
0.0012189176011701609,0.6104976940526087
0.0012189176011701609,0.6106779635555155
0.0012189176011701609,0.6108732555169979
0.001300178774581505,0.6110685474784803
0.001300178774581505,0.6112488169813872
0.001300178774581505,0.6115041987771719
0.001300178774581505,0.6117295356558055
0.001300178774581505,0.6119849174515901
0.001300178774581505,0.6122252767887992
0.001300178774581505,0.6125707933360374
0.001300178774581505,0.6126909730046419
0.001300178774581505,0.6129012874247
0.001300178774581505,0.6132017365962114
0.001300178774581505,0.613351961181967
0.001300178774581505,0.6136373878949029
0.001300178774581505,0.6138026349392341
0.001300178774581505,0.6139979269007165
0.001300178774581505,0.6142683311550768
0.001300178774581505,0.6144486006579837
0.001300178774581505,0.6145838027851638
0.001300178774581505,0.6147039824537683
0.001300178774581505,0.6148692294980996
0.001300178774581505,0.615169678669611
0.001300178774581505,0.6155001727582736
0.001300178774581505,0.6157104871783317
0.001300178774581505,0.6162512956870522
0.001300178774581505,0.6165066774828368
0.001300178774581505,0.6168221491129238
0.001300178774581505,0.6170474859915573
0.001300178774581505,0.6175282046659757
0.001300178774581505,0.6177535415446092
0.001300178774581505,0.6180539907161205
0.001300178774581505,0.6182342602190275
0.001300178774581505,0.6184746195562366
0.001300178774581505,0.618775068727748
0.001300178774581505,0.6191356077335617
0.001300178774581505,0.6194510793636486
0.001300178774581505,0.6196313488665555
0.001300178774581505,0.6199618429552181
0.001300178774581505,0.6201571349167004
0.001300178774581505,0.6203073595024562
0.001300178774581505,0.6204125167124852
0.001300178774581505,0.6207279883425721
0.001300178774581505,0.6208331455526012
0.001300178774581505,0.6211486171826881
0.001300178774581505,0.6214791112713507
0.001300178774581505,0.6217795604428621
0.001300178774581505,0.6219448074871934
0.001300178774581505,0.6222452566587048
0.001300178774581505,0.6224555710787627
0.001300178774581505,0.622725975333123
0.001300178774581505,0.6229513122117566
0.001300178774581505,0.6231916715489657
0.001300178774581505,0.6233418961347215
0.001300178774581505,0.6235522105547794
0.001300178774581505,0.623807592350564
0.001300178774581505,0.6241230639806511
0.001300178774581505,0.6244235131521625
0.001300178774581505,0.6245737377379181
0.001300178774581505,0.6247690296994006
0.001300178774581505,0.6250093890366097
0.001300178774581505,0.6252046809980921
0.001300178774581505,0.6255351750867547
0.001300178774581505,0.6257755344239638
0.001300178774581505,0.6258957140925684
0.001300178774581505,0.6260609611368997
0.001300178774581505,0.6263013204741088
0.001300178774581505,0.6265266573527424
0.001300178774581505,0.6267670166899515
0.001300178774581505,0.6268571514414049
0.001300178774581505,0.6270824883200384
0.001300178774581505,0.6273228476572476
0.001300178774581505,0.6275031171601544
0.001300178774581505,0.6276533417459101
0.001300178774581505,0.6278486337073925
0.001300178774581505,0.6280138807517238
0.001300178774581505,0.6281941502546307
0.001300178774581505,0.6284194871332642
0.001300178774581505,0.6286598464704733
0.001300178774581505,0.6287950485976534
0.001300178774581505,0.6289903405591359
0.001300178774581505,0.6292457223549206
0.001381439947992849,0.6294259918578274
0.001381439947992849,0.629651328736461
0.001381439947992849,0.6297865308636411
0.001381439947992849,0.6301320474108792
0.001381439947992849,0.6303423618309373
0.001381439947992849,0.6305676987095709
0.001381439947992849,0.6307780131296288
0.001381439947992849,0.6308981927982333
0.001381439947992849,0.6310484173839891
0.001381439947992849,0.631258731804047
0.001381439947992849,0.6313488665555005
0.001381439947992849,0.631679360644163
0.001381439947992849,0.6317694953956164
0.001381439947992849,0.632310303904337
0.001381439947992849,0.6324304835729415
0.001381439947992849,0.6325807081586973
0.001381439947992849,0.6328060450373308
0.001381439947992849,0.6330614268331155
0.001381439947992849,0.6332567187945979
0.001381439947992849,0.633497078131807
0.001381439947992849,0.6336172578004117
0.001381439947992849,0.6337825048447429
0.001381439947992849,0.634022864181952
0.001381439947992849,0.6342482010605855
0.001381439947992849,0.6345186053149459
0.001381439947992849,0.6346087400663992
0.001381439947992849,0.6347289197350038
0.001381439947992849,0.6348941667793351
0.001381439947992849,0.6350293689065153
0.001381439947992849,0.6351495485751198
0.001381439947992849,0.635314795619451
0.001381439947992849,0.6355701774152358
0.001381439947992849,0.6359307164210495
0.001381439947992849,0.636156053299683
0.001381439947992849,0.6362912554268632
0.001381439947992849,0.6363813901783166
0.001381439947992849,0.6364865473883455
0.001381439947992849,0.6367419291841303
0.001381439947992849,0.6369672660627639
0.001381439947992849,0.6371625580242463
0.001381439947992849,0.6372827376928508
0.001381439947992849,0.6374329622786065
0.001381439947992849,0.6376432766986645
0.001381439947992849,0.6377784788258446
0.001381439947992849,0.6379587483287514
0.001381439947992849,0.6381089729145072
0.001381439947992849,0.6383042648759896
0.001381439947992849,0.6385446242131987
0.001381439947992849,0.6386497814232277
0.001381439947992849,0.6387699610918323
0.001381439947992849,0.6389952979704658
0.001381439947992849,0.6390403653461926
0.001381439947992849,0.6391605450147971
0.001381439947992849,0.6393107696005528
0.001381439947992849,0.6393558369762795
0.001381439947992849,0.6394760166448841
0.001381439947992849,0.6396863310649421
0.001381439947992849,0.6397614433578199
0.001381439947992849,0.6400168251536046
0.001381439947992849,0.6401219823636336
0.001381439947992849,0.6402722069493894
0.001381439947992849,0.6405125662865985
0.001381439947992849,0.6406928357895053
0.001381439947992849,0.6409331951267144
0.001381439947992849,0.6411284870881968
0.001381439947992849,0.6412787116739526
0.001381439947992849,0.6415190710111617
0.001381439947992849,0.6420298346027311
0.001381439947992849,0.642315261315667
0.001381439947992849,0.6425105532771493
0.001381439947992849,0.6426607778629051
0.001381439947992849,0.6429462045758408
0.001381439947992849,0.6431114516201721
0.001381439947992849,0.6433067435816546
0.001381439947992849,0.6434119007916835
0.001381439947992849,0.6435921702945904
0.001381439947992849,0.6438625745489507
0.001381439947992849,0.6441930686376133
0.001381439947992849,0.6443132483062178
0.001381439947992849,0.6444184055162467
0.001381439947992849,0.6445085402677002
0.001381439947992849,0.6446136974777292
0.001381439947992849,0.6447488996049093
0.001381439947992849,0.6448390343563628
0.001381439947992849,0.6450343263178452
0.001381439947992849,0.6452746856550543
0.001381439947992849,0.645530067450839
0.001381439947992849,0.6458004717051993
0.001381439947992849,0.6459807412081061
0.001381439947992849,0.6462211005453152
0.001381439947992849,0.6464464374239488
0.001381439947992849,0.6465816395511289
0.001381439947992849,0.6467769315126114
0.001381439947992849,0.646897111181216
0.001381439947992849,0.6470773806841228
0.001381439947992849,0.6473027175627564
0.001381439947992849,0.6474228972313609
0.001381439947992849,0.6476031667342678
0.001381439947992849,0.6477233464028723
0.001381439947992849,0.6479486832815059
0.001381439947992849,0.6480087731158082
0.001381439947992849,0.6481139303258371
0.001381439947992849,0.6482341099944416
0.001381439947992849,0.6486547388345577
0.001381439947992849,0.6488049634203134
0.001381439947992849,0.6489702104646446
0.001381439947992849,0.649270659636156
0.001381439947992849,0.6494058617633361
0.001381439947992849,0.6495711088076674
0.001381439947992849,0.6497213333934232
0.001381439947992849,0.6499316478134811
0.001381439947992849,0.6500818723992369
0.001381439947992849,0.6501720071506902
0.001381439947992849,0.6504424114050505
0.001381439947992849,0.6509231300794688
0.001381439947992849,0.6511184220409513
0.001381439947992849,0.6512536241681314
0.001381439947992849,0.6514489161296138
0.001381439947992849,0.6515390508810672
0.001381439947992849,0.6517193203839741
0.001381439947992849,0.6519897246383343
0.001381439947992849,0.6521549716826656
0.001381439947992849,0.6523051962684213
0.001381439947992849,0.6525906229813572
0.001381439947992849,0.6527258251085373
0.001381439947992849,0.6529511619871708
0.001381439947992849,0.6531314314900777
0.001381439947992849,0.6533717908272868
0.001381439947992849,0.6534318806615891
0.001381439947992849,0.6535520603301936
0.001381439947992849,0.6537323298331005
0.001381439947992849,0.6538975768774318
0.001381439947992849,0.6540327790046119
0.001381439947992849,0.6543031832589722
0.001381439947992849,0.6543933180104256
0.001381439947992849,0.6544684303033035
0.001381439947992849,0.654588609971908
0.001381439947992849,0.6547388345576637
0.001381439947992849,0.6550693286463263
0.001381439947992849,0.6552946655249599
0.001381439947992849,0.6553697778178377
0.001381439947992849,0.6555800922378957
0.001381439947992849,0.6558204515751048
0.001381439947992849,0.6558655189508314
0.001381439947992849,0.6559556537022849
0.001381439947992849,0.6560608109123139
0.001381439947992849,0.6562410804152208
0.001381439947992849,0.6563913050009764
0.001381439947992849,0.6564964622110054
0.001381439947992849,0.656511484669581
0.001381439947992849,0.6566316643381855
0.001381439947992849,0.656826956299668
0.001381439947992849,0.6570072258025749
0.001381439947992849,0.657142427929755
0.001381439947992849,0.6573076749740863
0.001381439947992849,0.6574278546426908
0.001381439947992849,0.6575931016870221
0.001381439947992849,0.6578935508585335
0.001381439947992849,0.6579686631514113
0.001381439947992849,0.6581940000300449
0.001381439947992849,0.6584944492015563
0.001381439947992849,0.6586296513287364
0.001381439947992849,0.6587798759144922
0.001381439947992849,0.6589150780416723
0.001381439947992849,0.659065302627428
0.001381439947992849,0.6591404149203058
0.001381439947992849,0.6592305496717593
0.001381439947992849,0.659380774257515
0.001381439947992849,0.6595159763846952
0.001381439947992849,0.659591088677573
0.001381439947992849,0.6597713581804798
0.001381439947992849,0.6600267399762645
0.001381439947992849,0.6603121666892003
0.001381439947992849,0.6604924361921072
0.001381439947992849,0.6606276383192873
0.001381439947992849,0.6607928853636186
0.001381439947992849,0.6609881773251011
0.0014627011214041932,0.6611233794522812
0.0014627011214041932,0.6612435591208857
0.0014627011214041932,0.6613186714137635
0.0014627011214041932,0.661408806165217
0.0014627011214041932,0.6616040981266994
0.0014627011214041932,0.6618144125467574
0.0014627011214041932,0.661934592215362
0.0014627011214041932,0.6620848168011176
0.0014627011214041932,0.6623251761383268
0.0014627011214041932,0.662385265972629
0.0014627011214041932,0.6625204680998092
0.0014627011214041932,0.6627307825198672
0.0014627011214041932,0.6628509621884717
0.0014627011214041932,0.6629861643156519
0.0014627011214041932,0.6631363889014076
0.0014627011214041932,0.6632715910285878
0.0014627011214041932,0.6634969279072213
0.0014627011214041932,0.6637072423272793
0.0014627011214041932,0.6638424444544594
0.0014627011214041932,0.6640076914987907
0.0014627011214041932,0.6641128487088197
0.0014627011214041932,0.6643682305046044
0.0014627011214041932,0.6645935673832379
0.0014627011214041932,0.6647738368861448
0.0014627011214041932,0.6648940165547493
0.0014627011214041932,0.6651343758919585
0.0014627011214041932,0.6652245106434119
0.0014627011214041932,0.665359712770592
0.0014627011214041932,0.6656150945663767
0.0014627011214041932,0.6657502966935569
0.0014627011214041932,0.6658103865278592
0.0014627011214041932,0.6660056784893416
0.0014627011214041932,0.6661709255336729
0.0014627011214041932,0.6662911052022774
0.0014627011214041932,0.6663962624123064
0.0014627011214041932,0.6666065768323644
0.0014627011214041932,0.6667117340423934
0.0014627011214041932,0.6668769810867247
0.0014627011214041932,0.6671173404239338
0.0014627011214041932,0.6676581489326543
0.0014627011214041932,0.6677482836841078
0.0014627011214041932,0.6678985082698634
0.0014627011214041932,0.6681388676070725
0.0014627011214041932,0.6682440248171015
0.0014627011214041932,0.6683792269442816
0.0014627011214041932,0.6684543392371596
0.0014627011214041932,0.6685895413643397
0.0014627011214041932,0.6686946985743687
0.0014627011214041932,0.668754788408671
0.0014627011214041932,0.6689500803701534
0.0014627011214041932,0.6691303498730602
0.0014627011214041932,0.6692505295416648
0.0014627011214041932,0.669415776585996
0.0014627011214041932,0.6696411134646296
0.0014627011214041932,0.6697162257575074
0.0014627011214041932,0.6699115177189899
0.0014627011214041932,0.6701218321390479
0.0014627011214041932,0.6702420118076524
0.0014627011214041932,0.6704072588519837
0.0014627011214041932,0.6705875283548905
0.0014627011214041932,0.670677663106344
0.0014627011214041932,0.6708128652335241
0.0014627011214041932,0.6710231796535822
0.0014627011214041932,0.671203449156489
0.0014627011214041932,0.6713086063665179
0.0014627011214041932,0.6715189207865759
0.0014627011214041932,0.6716090555380294
0.0014627011214041932,0.6717142127480583
0.0014627011214041932,0.6718794597923896
0.0014627011214041932,0.6720296843781454
0.0014627011214041932,0.6721949314224765
0.0014627011214041932,0.6723752009253835
0.0014627011214041932,0.6727357399311972
0.0014627011214041932,0.6728559195998017
0.0014627011214041932,0.6729610768098307
0.0014627011214041932,0.6730512115612841
0.0014627011214041932,0.6732014361470399
0.0014627011214041932,0.6733216158156444
0.0014627011214041932,0.6735169077771268
0.0014627011214041932,0.6736521099043069
0.0014627011214041932,0.6738323794072137
0.0014627011214041932,0.6740426938272718
0.0014627011214041932,0.6742830531644809
0.0014627011214041932,0.6743431429987832
0.0014627011214041932,0.6745083900431145
0.0014627011214041932,0.6745835023359923
0.0014627011214041932,0.6746886595460213
0.0014627011214041932,0.6748388841317771
0.0014627011214041932,0.6750942659275617
0.0014627011214041932,0.6751693782204395
0.0014627011214041932,0.6752745354304686
0.0014627011214041932,0.6755449396848289
0.0014627011214041932,0.6756651193534334
0.0014627011214041932,0.6759355236077936
0.0014627011214041932,0.6763861973650608
0.0014627011214041932,0.6765063770336653
0.0014627011214041932,0.6767016689951477
0.0014627011214041932,0.6767918037466012
0.0014627011214041932,0.6770922529181126
0.0014627011214041932,0.6771974101281416
0.0014627011214041932,0.6773776796310484
0.0014627011214041932,0.6774527919239263
0.0014627011214041932,0.6775128817582285
0.0014627011214041932,0.6775879940511064
0.0014627011214041932,0.6777081737197109
0.0014627011214041932,0.6778884432226178
0.0014627011214041932,0.6780987576426758
0.0014627011214041932,0.6782640046870071
0.0014627011214041932,0.6784442741899139
0.0014627011214041932,0.678579476317094
0.0014627011214041932,0.6788048131957276
0.0014627011214041932,0.6790752174500879
0.0014627011214041932,0.6792554869529948
0.0014627011214041932,0.6793906890801749
0.0014627011214041932,0.6795409136659306
0.0014627011214041932,0.679631048417384
0.0014627011214041932,0.6798263403788664
0.0014627011214041932,0.6799014526717443
0.0014627011214041932,0.6800216323403488
0.0014627011214041932,0.6800817221746511
0.0014627011214041932,0.6802319467604068
0.0014627011214041932,0.6805023510147671
0.0014627011214041932,0.6806075082247961
0.0014627011214041932,0.6806675980590984
0.0014627011214041932,0.6807577328105517
0.0014627011214041932,0.6809079573963075
0.0014627011214041932,0.681028137064912
0.0014627011214041932,0.6811332942749411
0.0014627011214041932,0.6813736536121502
0.001543962294815537,0.6815238781979058
0.001543962294815537,0.681659080325086
0.001543962294815537,0.681764237535115
0.0016252234682268812,0.6818393498279929
0.0016252234682268812,0.6819595294965974
0.0016252234682268812,0.6821097540823531
0.0016252234682268812,0.6823200685024111
0.0016252234682268812,0.6824853155467424
0.0016252234682268812,0.682635540132498
0.0016252234682268812,0.6828308320939805
0.0016252234682268812,0.6829059443868584
0.0016252234682268812,0.6831012363483407
0.0016252234682268812,0.6831763486412186
0.0016252234682268812,0.6832815058512476
0.0016252234682268812,0.6836420448570613
0.0016252234682268812,0.6837021346913635
0.0016252234682268812,0.6840326287800261
0.0016252234682268812,0.684212898282933
0.0016252234682268812,0.6842880105758108
0.0016252234682268812,0.6844382351615665
0.0016252234682268812,0.6845734372887466
0.0016252234682268812,0.6847386843330779
0.0016252234682268812,0.684948998753136
0.0016252234682268812,0.6850691784217405
0.0016252234682268812,0.6851593131731939
0.0016252234682268812,0.6852945153003741
0.0016252234682268812,0.6854597623447053
0.0016252234682268812,0.6855949644718855
0.0016252234682268812,0.6856700767647633
0.0016252234682268812,0.6858052788919434
0.0016252234682268812,0.6861057280634548
0.0016252234682268812,0.6863310649420884
0.0016252234682268812,0.6864662670692686
0.0016252234682268812,0.6865413793621464
0.0016252234682268812,0.68676671624078
0.0016252234682268812,0.6868568509922334
0.0016252234682268812,0.6870521429537157
0.0016252234682268812,0.6872324124566227
0.0016252234682268812,0.6873375696666516
0.0016252234682268812,0.6875178391695584
0.0016252234682268812,0.6876530412967387
0.0016252234682268812,0.68781828834107
0.0016252234682268812,0.6879234455510989
0.0016252234682268812,0.6879985578439768
0.0016252234682268812,0.6881187375125813
0.0016252234682268812,0.6881788273468836
0.0016252234682268812,0.6883590968497905
0.0016252234682268812,0.6884492316012438
0.0016252234682268812,0.6887797256899064
0.0016252234682268812,0.6888097706070575
0.0016252234682268812,0.6889900401099645
0.0016252234682268812,0.6890651524028423
0.0016252234682268812,0.6893055117400514
0.0016252234682268812,0.6894106689500804
0.0016252234682268812,0.6894857812429582
0.0016252234682268812,0.6895909384529872
0.0016252234682268812,0.6897712079558941
0.0016252234682268812,0.6898763651659231
0.0016252234682268812,0.6899064100830742
0.0016252234682268812,0.6899965448345277
0.0016252234682268812,0.6901017020445566
0.0016252234682268812,0.6902218817131611
0.0016252234682268812,0.6904021512160681
0.0016252234682268812,0.6904922859675214
0.0016252234682268812,0.6906425105532772
0.0016252234682268812,0.6908077575976084
0.0016252234682268812,0.6909579821833641
0.0016252234682268812,0.6912884762720267
0.0016252234682268812,0.6914387008577824
0.0016252234682268812,0.6914987906920846
0.0016252234682268812,0.6915889254435381
0.0016252234682268812,0.6916490152778404
0.0016252234682268812,0.6917541724878694
0.0016252234682268812,0.6919344419907763
0.0016252234682268812,0.6921748013279854
0.0016252234682268812,0.6922799585380144
0.0016252234682268812,0.6924452055823456
0.0016252234682268812,0.6925052954166478
0.0016252234682268812,0.6925954301681013
0.0016252234682268812,0.6927005873781303
0.0016252234682268812,0.692850811963886
0.0016252234682268812,0.6929409467153395
0.0016252234682268812,0.6930761488425196
0.0016252234682268812,0.6931963285111241
0.0016252234682268812,0.6932714408040019
0.0016252234682268812,0.6934066429311821
0.0016252234682268812,0.6936470022683913
0.0017064846416382253,0.6937822043955714
0.0017064846416382253,0.6940225637327805
0.0017064846416382253,0.6941577658599607
0.0017064846416382253,0.6942479006114141
0.0017064846416382253,0.6943680802800186
0.0017064846416382253,0.6944131476557454
0.0017064846416382253,0.6944882599486232
0.0017064846416382253,0.6946084396172277
0.0017064846416382253,0.6947586642029835
0.0017064846416382253,0.6948187540372858
0.0017064846416382253,0.6949689786230414
0.0017064846416382253,0.6951342256673727
0.0017064846416382253,0.6952544053359773
0.0017064846416382253,0.6953595625460063
0.0017064846416382253,0.6955248095903376
0.0017064846416382253,0.6956449892589421
0.0017064846416382253,0.6956900566346689
0.0017064846416382253,0.6958102363032734
0.0017064846416382253,0.6958853485961513
0.0017064846416382253,0.6960205507233314
0.0017064846416382253,0.6961257079333604
0.0017064846416382253,0.6962759325191161
0.0017064846416382253,0.6963961121877207
0.0017064846416382253,0.6964712244805985
0.0017064846416382253,0.6965613592320519
0.0017064846416382253,0.6966665164420809
0.0017064846416382253,0.6967566511935344
0.0017064846416382253,0.6968317634864122
0.0017064846416382253,0.6969218982378657
0.0017064846416382253,0.6970420779064702
0.0017064846416382253,0.6971472351164991
0.0017064846416382253,0.6973875944537083
0.0017064846416382253,0.6975828864151907
0.0017064846416382253,0.6977180885423708
0.0017064846416382253,0.6977781783766731
0.0017064846416382253,0.6981086724653357
0.0017064846416382253,0.6981988072167891
0.0017064846416382253,0.698273919509667
0.0017064846416382253,0.6983640542611204
0.0017064846416382253,0.6985142788468761
0.0017064846416382253,0.6986795258912074
0.0017064846416382253,0.698829750476963
0.0017064846416382253,0.6988898403112653
0.0017064846416382253,0.6989649526041432
0.0017064846416382253,0.6990701098141722
0.0017064846416382253,0.6992203343999279
0.0017064846416382253,0.6992954466928057
0.0017064846416382253,0.6995358060300149
0.0017064846416382253,0.6996109183228927
0.0017064846416382253,0.699671008157195
0.0017064846416382253,0.6998212327429507
0.0017064846416382253,0.6998663001186775
0.0017064846416382253,0.6999263899529797
0.0017064846416382253,0.6999414124115553
0.0017064846416382253,0.699986479787282
0.0017064846416382253,0.700091636997311
0.0017064846416382253,0.7002568840416422
0.0017064846416382253,0.700407108627398
0.0017064846416382253,0.7005423107545781
0.0017064846416382253,0.7006324455060315
0.0017064846416382253,0.7007075577989094
0.0017064846416382253,0.7008277374675139
0.0017064846416382253,0.7008728048432407
0.0017064846416382253,0.7010530743461475
0.0017064846416382253,0.7011882764733276
0.0017064846416382253,0.7012483663076299
0.0017064846416382253,0.7015187705619902
0.0017064846416382253,0.701593882854868
0.0017064846416382253,0.7016239277720192
0.0017064846416382253,0.701699040064897
0.0017064846416382253,0.7018492646506527
0.0017064846416382253,0.7020896239878619
0.0017064846416382253,0.7021797587393153
0.0017064846416382253,0.7022999384079198
0.0017064846416382253,0.7023750507007976
0.0017064846416382253,0.7024351405350999
0.0017064846416382253,0.702645454955158
0.0017064846416382253,0.7027355897066114
0.0017064846416382253,0.7028407469166403
0.0017064846416382253,0.7029008367509426
0.0017064846416382253,0.7030210164195472
0.0017064846416382253,0.7030510613366984
0.0017064846416382253,0.7031411960881517
0.0017064846416382253,0.7032463532981807
0.0017064846416382253,0.7034867126353899
0.0017064846416382253,0.7036669821382967
0.0017064846416382253,0.7038923190169303
0.0017064846416382253,0.7039974762269593
0.0017064846416382253,0.704147700812715
0.0017064846416382253,0.704252858022744
0.0017064846416382253,0.7043429927741974
0.0017064846416382253,0.7045232622771043
0.0017064846416382253,0.7045983745699821
0.0017064846416382253,0.7047786440728889
0.0017064846416382253,0.704988958492947
0.0017064846416382253,0.7051241606201271
0.0017064846416382253,0.7053044301230339
0.0017064846416382253,0.7053344750401851
0.0017064846416382253,0.7054246097916385
0.0017064846416382253,0.7056349242116965
0.0017064846416382253,0.7057701263388766
0.0017064846416382253,0.7058151937146033
0.0017064846416382253,0.7059353733832079
0.0017064846416382253,0.7060405305932369
0.0017064846416382253,0.7061156428861147
0.0017064846416382253,0.7062358225547193
0.0017064846416382253,0.7063109348475971
0.0017064846416382253,0.7064010695990506
0.0017064846416382253,0.7064311145162018
0.0017064846416382253,0.7065212492676551
0.0017064846416382253,0.7065813391019574
0.0017064846416382253,0.706596361560533
0.0017064846416382253,0.7067465861462887
0.0017064846416382253,0.706806675980591
0.0017064846416382253,0.7069418781077711
0.0017064846416382253,0.7070620577763757
0.0017064846416382253,0.7071521925278291
0.0017064846416382253,0.707227304820707
0.0017064846416382253,0.707362506947887
0.0017064846416382253,0.7073925518650382
0.0017064846416382253,0.7075127315336428
0.0017064846416382253,0.7076028662850962
0.0017064846416382253,0.7076779785779741
0.0017064846416382253,0.7077831357880031
0.0017064846416382253,0.7078432256223054
0.0017064846416382253,0.7079183379151832
0.0017064846416382253,0.7079483828323343
0.0017064846416382253,0.7080535400423633
0.0017064846416382253,0.7082338095452702
0.0017064846416382253,0.7082788769209969
0.0017064846416382253,0.7083840341310259
0.0017064846416382253,0.7084591464239037
0.0017064846416382253,0.7084891913410549
0.0017064846416382253,0.7086694608439618
0.0017064846416382253,0.7088046629711419
0.0017064846416382253,0.7088947977225952
0.0017064846416382253,0.7089999549326242
0.0017064846416382253,0.7090900896840777
0.0017064846416382253,0.70915017951838
0.0017064846416382253,0.7092403142698334
0.0017064846416382253,0.7093004041041356
0.0017064846416382253,0.7093454714798624
0.0017064846416382253,0.7094356062313159
0.0017064846416382253,0.7095407634413448
0.0017064846416382253,0.7097210329442517
0.0017064846416382253,0.7097661003199783
0.0017064846416382253,0.7098412126128563
0.0017064846416382253,0.7099463698228852
0.0017064846416382253,0.7099764147400364
0.0017064846416382253,0.7101116168672165
0.0017064846416382253,0.7101566842429432
0.0017064846416382253,0.710306908828699
0.0017064846416382253,0.7105172232487569
0.0017064846416382253,0.7105773130830592
0.0017064846416382253,0.7107726050445415
0.0017064846416382253,0.7108026499616927
0.0017064846416382253,0.7110279868403263
0.0017064846416382253,0.7111631889675064
0.0017064846416382253,0.7113134135532622
0.0017064846416382253,0.71138852584614
0.0017064846416382253,0.7114185707632911
0.0017064846416382253,0.7114786605975933
0.0017064846416382253,0.7115687953490468
0.0017064846416382253,0.7116138627247736
0.0017064846416382253,0.7116739525590758
0.0017064846416382253,0.7118091546862559
0.0017064846416382253,0.7118692445205582
0.0017064846416382253,0.711914311896285
0.0017064846416382253,0.7119894241891628
0.0017064846416382253,0.7121546712334941
0.0017064846416382253,0.7122297835263719
0.0017064846416382253,0.7123499631949765
0.0017064846416382253,0.7124851653221567
0.0017064846416382253,0.71257530007361
0.0017064846416382253,0.7128156594108191
0.0017064846416382253,0.7129057941622726
0.0017064846416382253,0.7129809064551504
0.0017064846416382253,0.7130860636651795
0.0017064846416382253,0.7132513107095108
0.0017064846416382253,0.713311400543813
0.0017064846416382253,0.7134315802124176
0.0017064846416382253,0.7135517598810222
0.0017064846416382253,0.7136569170910512
0.0017064846416382253,0.713732029383929
0.0017064846416382253,0.713837186593958
0.0017064846416382253,0.7139122988868358
0.0017064846416382253,0.7141226133068939
0.0017064846416382253,0.7143028828098007
0.0017064846416382253,0.7144080400198296
0.0017064846416382253,0.7144681298541319
0.0017064846416382253,0.7145582646055854
0.0017064846416382253,0.7146483993570387
0.0017064846416382253,0.7147535565670677
0.0017064846416382253,0.7148286688599457
0.0017064846416382253,0.7149338260699746
0.0017064846416382253,0.7149638709871258
0.0017064846416382253,0.715023960821428
0.0017064846416382253,0.7151892078657593
0.0017064846416382253,0.7152042303243349
0.0017064846416382253,0.7153244099929394
0.0017064846416382253,0.715444589661544
0.0017064846416382253,0.715654904081602
0.0017064846416382253,0.7156999714573287
0.0017064846416382253,0.7158351735845089
0.0017064846416382253,0.7159403307945378
0.0017064846416382253,0.716180690131747
0.0017064846416382253,0.7162858473417759
0.0017064846416382253,0.7163309147175027
0.0017064846416382253,0.7163609596346538
0.0017064846416382253,0.7163759820932294
0.0017064846416382253,0.7164811393032584
0.0017064846416382253,0.716526206678985
0.0017064846416382253,0.7166163414304385
0.0017064846416382253,0.7166914537233163
0.0017064846416382253,0.7168266558504965
0.0017064846416382253,0.7169468355191011
0.0017064846416382253,0.7170369702705545
0.0017064846416382253,0.7170970601048567
0.0017064846416382253,0.7172172397734613
0.0017064846416382253,0.7172923520663391
0.0017064846416382253,0.7173824868177926
0.0017064846416382253,0.7174876440278216
0.0017064846416382253,0.7176679135307285
0.0017064846416382253,0.7177730707407575
0.0017064846416382253,0.7178632054922108
0.0017064846416382253,0.7179383177850887
0.0017064846416382253,0.7180584974536933
0.0017064846416382253,0.71810356482942
0.0017064846416382253,0.7183289017080535
0.0017064846416382253,0.7185241936695359
0.0017064846416382253,0.7185842835038382
0.0017064846416382253,0.7187495305481695
0.0017064846416382253,0.7188246428410474
0.0017064846416382253,0.7189147775925008
0.0017064846416382253,0.7189598449682275
0.0017064846416382253,0.7190800246368321
0.0017064846416382253,0.7191701593882854
0.0017064846416382253,0.7192903390568901
0.0017064846416382253,0.7193654513497679
0.0017877458150495694,0.7194405636426457
0.0017877458150495694,0.7194856310183725
0.0017877458150495694,0.7195757657698258
0.0017877458150495694,0.719816125107035
0.0017877458150495694,0.719921282317064
0.0017877458150495694,0.7199963946099419
0.0017877458150495694,0.7201165742785465
0.0017877458150495694,0.7201916865714243
0.0017877458150495694,0.7203268886986044
0.0017877458150495694,0.7204020009914822
0.0017877458150495694,0.7204921357429357
0.0017877458150495694,0.7205221806600868
0.0017877458150495694,0.7206874277044181
0.0017877458150495694,0.7207475175387204
0.0017877458150495694,0.7208676972073249
0.0017877458150495694,0.7209428095002028
0.0017877458150495694,0.7210629891688074
0.0017877458150495694,0.7211531239202608
0.0017877458150495694,0.7211981912959875
0.0017877458150495694,0.7212582811302898
0.0017877458150495694,0.7214235281746211
0.0017877458150495694,0.7215136629260744
0.0017877458150495694,0.7215286853846501
0.0017877458150495694,0.7216037976775279
0.0017877458150495694,0.7216488650532547
0.0017877458150495694,0.7216789099704057
0.0017877458150495694,0.721738999804708
0.0017877458150495694,0.7218892243904638
0.0017877458150495694,0.7219192693076149
0.0017877458150495694,0.7219943816004928
0.0017877458150495694,0.7220544714347951
0.0017877458150495694,0.7221746511033996
0.0017877458150495694,0.7223098532305797
0.0017877458150495694,0.7223999879820331
0.0017877458150495694,0.7224600778163354
0.0017877458150495694,0.7225051451920621
0.0017877458150495694,0.7225952799435156
0.0017877458150495694,0.7227154596121201
0.0017877458150495694,0.7228055943635735
0.0017877458150495694,0.7228807066564514
0.0017877458150495694,0.7229407964907537
0.0017877458150495694,0.7230159087836315
0.0017877458150495694,0.7230309312422071
0.0018690069884609135,0.7230609761593583
0.0018690069884609135,0.7231811558279628
0.0018690069884609135,0.7232562681208407
0.0018690069884609135,0.7233464028722941
0.0018690069884609135,0.723526672375201
0.0018690069884609135,0.7236468520438055
0.0018690069884609135,0.7237820541709856
0.0018690069884609135,0.7238271215467124
0.0018690069884609135,0.7239473012153169
0.0018690069884609135,0.7239923685910437
0.0018690069884609135,0.7240073910496192
0.0018690069884609135,0.7241576156353748
0.0018690069884609135,0.7242627728454039
0.0018690069884609135,0.7243228626797061
0.0019502681618722574,0.7243829525140084
0.0019502681618722574,0.724503132182613
0.0019502681618722574,0.7245632220169153
0.0019502681618722574,0.7246533567683687
0.0019502681618722574,0.7247284690612465
0.0019502681618722574,0.7247735364369733
0.0019502681618722574,0.7248636711884267
0.0019502681618722574,0.7248937161055778
0.0019502681618722574,0.7249538059398801
0.0019502681618722574,0.7249688283984557
0.0019502681618722574,0.725028918232758
0.0019502681618722574,0.7250589631499091
0.0019502681618722574,0.7251490979013625
0.0019502681618722574,0.7251941652770892
0.0019502681618722574,0.7252993224871183
0.0019502681618722574,0.7253594123214205
0.0019502681618722574,0.7254495470728739
0.0019502681618722574,0.7255246593657518
0.0019502681618722574,0.7255396818243274
0.0019502681618722574,0.7255997716586297
0.0019502681618722574,0.725689906410083
0.0019502681618722574,0.7258551534544143
0.0019502681618722574,0.7258851983715655
0.0019502681618722574,0.7259603106644433
0.0019502681618722574,0.7259903555815945
0.0019502681618722574,0.7261105352501991
0.0019502681618722574,0.7261556026259257
0.0019502681618722574,0.7262457373773792
0.0019502681618722574,0.7262757822945303
0.0019502681618722574,0.7263508945874082
0.0019502681618722574,0.7265161416317395
0.0019502681618722574,0.7266062763831929
0.0019502681618722574,0.7266663662174951
0.0019502681618722574,0.726741478510373
0.0019502681618722574,0.7267715234275242
0.0019502681618722574,0.7268165908032509
0.0019502681618722574,0.7268766806375532
0.0019502681618722574,0.7269818378475822
0.0019502681618722574,0.7270719725990356
0.0019502681618722574,0.7272071747262157
0.0019502681618722574,0.7273123319362447
0.0019502681618722574,0.7273874442291225
0.0019502681618722574,0.7274325116048492
0.0019502681618722574,0.727507623897727
0.0019502681618722574,0.7275677137320293
0.0019502681618722574,0.7276428260249073
0.0019502681618722574,0.7277930506106629
0.0019502681618722574,0.7278531404449652
0.0019502681618722574,0.7278681629035408
0.0019502681618722574,0.7279582976549942
0.0019502681618722574,0.72810852224075
0.0019502681618722574,0.7282737692850813
0.0019502681618722574,0.7283789264951102
0.0019502681618722574,0.7284390163294124
0.0019502681618722574,0.7285441735394415
0.0019502681618722574,0.7286192858323193
0.0019502681618722574,0.7286343082908949
0.0019502681618722574,0.7288446227109528
0.0019502681618722574,0.7288896900866796
0.0019502681618722574,0.7289497799209819
0.0019502681618722574,0.7289798248381331
0.0019502681618722574,0.7290399146724353
0.0019502681618722574,0.7291450718824642
0.0019502681618722574,0.7292652515510688
0.0019502681618722574,0.72929529646822
0.0019502681618722574,0.7293403638439467
0.0019502681618722574,0.7294304985954001
0.0019502681618722574,0.7295506782640047
0.0019502681618722574,0.7296257905568826
0.0019502681618722574,0.7296708579326092
0.0019502681618722574,0.7297910376012138
0.0019502681618722574,0.7298511274355161
0.0019502681618722574,0.729926239728394
0.0019502681618722574,0.7299863295626963
0.0019502681618722574,0.7300914867727252
0.0019502681618722574,0.7301816215241786
0.0019502681618722574,0.7302567338170565
0.0019502681618722574,0.7303168236513587
0.0019502681618722574,0.7305421605299923
0.0019502681618722574,0.7306473177400213
0.0019502681618722574,0.7306623401985969
0.0019502681618722574,0.7308275872429282
0.0019502681618722574,0.7308576321600794
0.0019502681618722574,0.7309327444529572
0.0019502681618722574,0.731113013955864
0.0019502681618722574,0.731218171165893
0.0019502681618722574,0.7312482160830441
0.0019502681618722574,0.7313083059173464
0.0019502681618722574,0.7313834182102242
0.0019502681618722574,0.7313984406687999
0.0019502681618722574,0.731428485585951
0.0019502681618722574,0.7316087550888578
0.0019502681618722574,0.7316538224645845
0.0019502681618722574,0.7317589796746136
0.0019502681618722574,0.7319392491775204
0.0019502681618722574,0.7319843165532471
0.0019502681618722574,0.7320143614703982
0.0019502681618722574,0.7321044962218517
0.0019502681618722574,0.732164586056154
0.0019502681618722574,0.7322396983490318
0.0019502681618722574,0.7323448555590608
0.0019502681618722574,0.7324199678519386
0.0019502681618722574,0.7324349903105142
0.0019502681618722574,0.7325401475205432
0.0019502681618722574,0.732690372106299
0.0019502681618722574,0.7327354394820256
0.0019502681618722574,0.7328105517749035
0.0019502681618722574,0.7330208661949614
0.0019502681618722574,0.7331710907807172
0.0019502681618722574,0.7333213153664728
0.0019502681618722574,0.7333964276593508
0.0019502681618722574,0.7334114501179263
0.0019502681618722574,0.733456517493653
0.0019502681618722574,0.7335316297865309
0.0019502681618722574,0.7336818543722866
0.0019502681618722574,0.7337118992894377
0.0019502681618722574,0.73377198912374
0.0019502681618722574,0.733877146333769
0.0019502681618722574,0.7339973260023736
0.0019502681618722574,0.7340423933781003
0.0019502681618722574,0.7340724382952514
0.0019502681618722574,0.7341475505881293
0.0019502681618722574,0.7342677302567339
0.0019502681618722574,0.7343127976324605
0.0019502681618722574,0.7343728874667628
0.0019502681618722574,0.7344179548424895
0.0019502681618722574,0.7344479997596407
0.0019502681618722574,0.7345381345110941
0.0019502681618722574,0.7346432917211231
0.0019502681618722574,0.7348235612240299
0.0019502681618722574,0.7348536061411811
0.0019502681618722574,0.7349136959754834
0.0019502681618722574,0.7349888082683612
0.0021127905086949453,0.7351991226884191
0.0021127905086949453,0.7353193023570237
0.0021127905086949453,0.7354394820256284
0.0021127905086949453,0.7355145943185062
0.0021127905086949453,0.7356648189042618
0.0021127905086949453,0.7357399311971398
0.0021127905086949453,0.7359202007000466
0.0021127905086949453,0.7359352231586221
0.0021127905086949453,0.7360253579100756
0.0021127905086949453,0.7360403803686512
0.0021127905086949453,0.7361605600372557
0.0021127905086949453,0.7362657172472847
0.0021127905086949453,0.736325807081587
0.0021127905086949453,0.7364760316673427
0.0021127905086949453,0.7365811888773717
0.0021127905086949453,0.736641278711674
0.0021127905086949453,0.736776480838854
0.0021127905086949453,0.736851593131732
0.0021127905086949453,0.7369717728003365
0.0021127905086949453,0.7370318626346388
0.0021127905086949453,0.7370468850932144
0.0021127905086949453,0.7371370198446677
0.0021127905086949453,0.7371520423032434
0.0021127905086949453,0.7372722219718479
0.0021127905086949453,0.7372872444304235
0.0021127905086949453,0.7373172893475747
0.0021127905086949453,0.737377379181877
0.0021127905086949453,0.7375576486847838
0.0021127905086949453,0.7376027160605104
0.0021127905086949453,0.7377829855634173
0.0021127905086949453,0.7378130304805685
0.0021127905086949453,0.7378731203148707
0.0021127905086949453,0.7379031652320218
0.0021127905086949453,0.7379632550663242
0.0021127905086949453,0.7380834347349288
0.0021127905086949453,0.7381585470278066
0.0021127905086949453,0.7382036144035333
0.0021127905086949453,0.7382787266964111
0.0021127905086949453,0.7383388165307134
0.0021127905086949453,0.7384740186578935
0.0021127905086949453,0.738564153409347
0.0021127905086949453,0.7386843330779516
0.0021127905086949453,0.7388045127465561
0.0021127905086949453,0.7388495801222829
0.0021127905086949453,0.7388796250394339
0.0021127905086949453,0.7389697597908874
0.0021127905086949453,0.739014827166614
0.0021127905086949453,0.7391049619180675
0.0021127905086949453,0.7391350068352186
0.0021127905086949453,0.7391500292937943
0.0021127905086949453,0.7392852314209744
0.0021127905086949453,0.7394354560067301
0.0021127905086949453,0.7395556356753347
0.0021127905086949453,0.7396007030510613
0.0021127905086949453,0.739615725509637
0.0021127905086949453,0.7397058602610903
0.0021127905086949453,0.7398110174711193
0.0021127905086949453,0.7398861297639971
0.0021127905086949453,0.7399311971397239
0.0021127905086949453,0.7399612420568751
0.0021127905086949453,0.7399762645154506
0.0021127905086949453,0.7400964441840552
0.0021127905086949453,0.7401865789355085
0.0021127905086949453,0.7402917361455376
0.0021127905086949453,0.7403518259798398
0.0021127905086949453,0.740381870896991
0.0021127905086949453,0.7404870281070199
0.0021127905086949453,0.7405471179413223
0.0021127905086949453,0.7406372526927757
0.0021127905086949453,0.7406522751513512
0.0021127905086949453,0.7407123649856535
0.0021127905086949453,0.7407424099028047
0.0021127905086949453,0.7409226794057115
0.0021127905086949453,0.7409377018642871
0.0021127905086949453,0.7410578815328916
0.0021127905086949453,0.7411329938257695
0.0021127905086949453,0.7411930836600719
0.0021127905086949453,0.7412381510357985
0.0021127905086949453,0.7413433082458275
0.0021127905086949453,0.7414634879144321
0.0021127905086949453,0.7415536226658855
0.0021127905086949453,0.7416738023344901
0.0021127905086949453,0.7418240269202457
0.0021127905086949453,0.7418690942959725
0.0021127905086949453,0.7419291841302748
0.0021940516821062897,0.741959229047426
0.0021940516821062897,0.7420794087160305
0.0021940516821062897,0.7422146108432106
0.0021940516821062897,0.7422296333017862
0.0021940516821062897,0.7422747006775129
0.0021940516821062897,0.7423798578875419
0.0021940516821062897,0.7424399477218442
0.0021940516821062897,0.7426502621419021
0.0021940516821062897,0.7426652846004778
0.0021940516821062897,0.7427854642690823
0.0021940516821062897,0.742830531644809
0.0021940516821062897,0.7428906214791112
0.0021940516821062897,0.7429957786891402
0.0021940516821062897,0.7430708909820181
0.0021940516821062897,0.7431760481920471
0.0021940516821062897,0.7432211155677738
0.0021940516821062897,0.7432812054020761
0.0021940516821062897,0.7433713401535296
0.0021940516821062897,0.7434464524464074
0.0021940516821062897,0.7434915198221341
0.0021940516821062897,0.7435516096564364
0.0021940516821062897,0.7436567668664653
0.0021940516821062897,0.7437318791593432
0.0021940516821062897,0.74377694653507
0.0021940516821062897,0.7438069914522211
0.0021940516821062897,0.7438821037450989
0.0021940516821062897,0.7439271711208256
0.0021940516821062897,0.7439421935794012
0.0021940516821062897,0.7440022834137034
0.0021940516821062897,0.7440173058722791
0.0021940516821062897,0.744122463082308
0.0021940516821062897,0.7442125978337615
0.0021940516821062897,0.7442576652094882
0.0021940516821062897,0.7442726876680638
0.0021940516821062897,0.7443628224195171
0.0021940516821062897,0.7444078897952439
0.0021940516821062897,0.7444679796295461
0.0021940516821062897,0.7445280694638484
0.0021940516821062897,0.7445731368395752
0.0021940516821062897,0.7446632715910286
0.0021940516821062897,0.7446933165081797
0.0021940516821062897,0.744753406342482
0.0021940516821062897,0.7448285186353598
0.0021940516821062897,0.7449186533868133
0.0021940516821062897,0.7450238105968423
0.0021940516821062897,0.7452040800997491
0.0021940516821062897,0.7453242597683537
0.0021940516821062897,0.7453993720612315
0.0021940516821062897,0.7455796415641384
0.0021940516821062897,0.7455946640227139
0.0021940516821062897,0.7456397313984406
0.0021940516821062897,0.7456697763155918
0.0021940516821062897,0.7457749335256209
0.0021940516821062897,0.745910135652801
0.0021940516821062897,0.7459552030285277
0.0021940516821062897,0.7460303153214055
0.0021940516821062897,0.746045337779981
0.0021940516821062897,0.7461354725314345
0.0021940516821062897,0.7462406297414634
0.0021940516821062897,0.7464509441615215
0.0021940516821062897,0.7465260564543993
0.0021940516821062897,0.7467063259573061
0.0021940516821062897,0.7467513933330329
0.0021940516821062897,0.7468415280844863
0.0021940516821062897,0.7468565505430619
0.0021940516821062897,0.7469016179187886
0.0021940516821062897,0.7469617077530909
0.0021940516821062897,0.7471119323388465
0.0021940516821062897,0.7471720221731488
0.0021940516821062897,0.7472471344660268
0.0021940516821062897,0.7473522916760557
0.0021940516821062897,0.7474123815103579
0.0021940516821062897,0.7474424264275091
0.0021940516821062897,0.7475025162618114
0.0021940516821062897,0.747517538720387
0.0021940516821062897,0.7475626060961137
0.0021940516821062897,0.747622695930416
0.0021940516821062897,0.7477729205161717
0.0021940516821062897,0.7478029654333228
0.0021940516821062897,0.7480132798533808
0.0021940516821062897,0.7480283023119564
0.0021940516821062897,0.7480583472291075
0.0021940516821062897,0.7481184370634097
0.0021940516821062897,0.7482085718148632
0.0021940516821062897,0.748283684107741
0.0021940516821062897,0.7484038637763456
0.0021940516821062897,0.7484489311520723
0.0021940516821062897,0.7485090209863746
0.0021940516821062897,0.7486592455721304
0.0021940516821062897,0.748704312947857
0.0021940516821062897,0.7487644027821593
0.0021940516821062897,0.7488395150750372
0.0021940516821062897,0.7488695599921883
0.0021940516821062897,0.748914627367915
0.0021940516821062897,0.7490948968708219
0.0021940516821062897,0.7491700091636997
0.0021940516821062897,0.749230098998002
0.0021940516821062897,0.7492751663737287
0.0021940516821062897,0.7493502786666065
0.0021940516821062897,0.7494103685009088
0.0021940516821062897,0.7495005032523623
0.0021940516821062897,0.7495756155452401
0.0021940516821062897,0.7496056604623913
0.0021940516821062897,0.749650727838118
0.0021940516821062897,0.7496657502966936
0.0021940516821062897,0.7497558850481469
0.0021940516821062897,0.7498009524238737
0.0022753128555176336,0.7498159748824492
0.0022753128555176336,0.7498460197996004
0.0022753128555176336,0.7499061096339027
0.002356574028928978,0.7499511770096294
0.002356574028928978,0.7500112668439317
0.002356574028928978,0.7500863791368095
0.002356574028928978,0.7501014015953851
0.002356574028928978,0.7501314465125363
0.002356574028928978,0.7501915363468386
0.002356574028928978,0.7502666486397164
0.002356574028928978,0.7503117160154431
0.002356574028928978,0.7503267384740187
0.002356574028928978,0.7505070079769255
0.002356574028928978,0.7505370528940767
0.002356574028928978,0.7506872774798323
0.002356574028928978,0.7507473673141346
0.002356574028928978,0.7507924346898613
0.002356574028928978,0.7508975918998904
0.002356574028928978,0.7509426592756171
0.002356574028928978,0.7510177715684949
0.002356574028928978,0.7510778614027972
0.002356574028928978,0.751152973695675
0.002356574028928978,0.7512130635299773
0.002356574028928978,0.7512881758228551
0.002356574028928978,0.7513332431985819
0.002356574028928978,0.751363288115733
0.002356574028928978,0.7513783105743086
0.002356574028928978,0.7514083554914597
0.002356574028928978,0.751573602535791
0.002356574028928978,0.7516637372872444
0.002356574028928978,0.7517388495801223
0.002356574028928978,0.7518289843315757
0.002356574028928978,0.7519191190830291
0.002356574028928978,0.7519491640001803
0.002356574028928978,0.7520543212102092
0.002356574028928978,0.7521444559616627
0.002356574028928978,0.7521895233373894
0.002356574028928978,0.7523397479231451
0.002356574028928978,0.7523547703817207
0.002356574028928978,0.7524449051331741
0.002356574028928978,0.7524749500503253
0.002356574028928978,0.7524899725089008
0.002356574028928978,0.7525200174260519
0.002356574028928978,0.7525650848017786
0.002356574028928978,0.7526251746360809
0.002356574028928978,0.7526401970946565
0.002356574028928978,0.7526702420118077
0.002356574028928978,0.7527303318461099
0.002356574028928978,0.7528054441389878
0.002356574028928978,0.7528505115147145
0.002356574028928978,0.75286553397329
0.002356574028928978,0.7529556687247435
0.002356574028928978,0.7530307810176213
0.002356574028928978,0.7531209157690748
0.002356574028928978,0.7532410954376794
0.002356574028928978,0.7533312301891327
0.002356574028928978,0.7534363873991617
0.002356574028928978,0.7535265221506152
0.002356574028928978,0.7535866119849175
0.002356574028928978,0.7537368365706731
0.002356574028928978,0.7538570162392777
0.002356574028928978,0.7539321285321555
0.002356574028928978,0.7539922183664578
0.002356574028928978,0.754022263283609
0.002356574028928978,0.7541123980350625
0.002356574028928978,0.7541574654107891
0.002356574028928978,0.7542175552450914
0.002356574028928978,0.7542626226208181
0.002356574028928978,0.7542776450793937
0.002356574028928978,0.7543677798308471
0.002356574028928978,0.7544278696651494
0.002356574028928978,0.7546081391680562
0.002356574028928978,0.7546682290023585
0.002356574028928978,0.7547132963780853
0.002356574028928978,0.7547733862123875
0.002356574028928978,0.7549085883395676
0.002356574028928978,0.7549987230910211
0.002356574028928978,0.7551339252182012
0.002356574028928978,0.755209037511079
0.002356574028928978,0.7552991722625325
0.002356574028928978,0.7553442396382593
0.002356574028928978,0.7554043294725615
0.002356574028928978,0.7554794417654394
0.002356574028928978,0.7555245091411661
0.002356574028928978,0.7555996214340439
0.002356574028928978,0.7556597112683462
0.002356574028928978,0.755734823561224
0.002356574028928978,0.7558249583126775
0.002356574028928978,0.7558700256884041
0.002356574028928978,0.7559301155227064
0.002356574028928978,0.7559751828984331
0.002356574028928978,0.7560502951913111
0.002356574028928978,0.7560803401084621
0.002356574028928978,0.7561404299427644
0.002356574028928978,0.7562005197770667
0.002356574028928978,0.756260609611369
0.002356574028928978,0.7562906545285202
0.002356574028928978,0.756470924031427
0.002356574028928978,0.7565009689485781
0.002356574028928978,0.7565460363243048
0.002356574028928978,0.7566511935343339
0.0024378352023403218,0.7567112833686361
0.0024378352023403218,0.7567413282857872
0.0024378352023403218,0.7568314630372407
0.0024378352023403218,0.7568765304129674
0.0024378352023403218,0.7569516427058453
0.0024378352023403218,0.756996710081572
0.0024378352023403218,0.7570117325401475
0.0024378352023403218,0.7570567999158743
0.0024378352023403218,0.7571168897501765
0.0024378352023403218,0.7571319122087521
0.0024378352023403218,0.7571769795844788
0.0024378352023403218,0.7572671143359322
0.0024378352023403218,0.7572971592530834
0.0024378352023403218,0.7575375185902925
0.0024378352023403218,0.7575675635074436
0.0024378352023403218,0.7576126308831703
0.0024378352023403218,0.7577628554689261
0.0024378352023403218,0.7578079228446527
0.0024378352023403218,0.7579130800546817
0.0024378352023403218,0.7579281025132574
0.0024378352023403218,0.7579881923475597
0.0024378352023403218,0.7580182372647107
0.0024378352023403218,0.758078327099013
0.0024378352023403218,0.7581534393918908
0.0024378352023403218,0.7582135292261931
0.0024378352023403218,0.7582585966019199
0.0024378352023403218,0.758288641519071
0.0024378352023403218,0.7583337088947977
0.0024378352023403218,0.7584238436462512
0.0024378352023403218,0.7584388661048267
0.0024378352023403218,0.7585440233148557
0.0024378352023403218,0.7586341580663092
0.0024378352023403218,0.7586942479006115
0.0024378352023403218,0.758709270359187
0.0024378352023403218,0.7587543377349137
0.0024378352023403218,0.7587693601934893
0.0024378352023403218,0.7588444724863671
0.0024378352023403218,0.7589346072378206
0.0024378352023403218,0.7590247419892739
0.0024378352023403218,0.7590998542821518
0.0024378352023403218,0.7592200339507564
0.0024378352023403218,0.7592801237850587
0.0024378352023403218,0.7593702585365121
0.0024378352023403218,0.7594904382051166
0.0024378352023403218,0.7595204831222678
0.0024378352023403218,0.7595805729565701
0.0024378352023403218,0.7595955954151457
0.0024378352023403218,0.7596406627908724
0.0024378352023403218,0.7596707077080235
0.0024378352023403218,0.7597307975423258
0.0024378352023403218,0.7597758649180525
0.0024378352023403218,0.7598359547523548
0.0024378352023403218,0.7598509772109303
0.0024378352023403218,0.7599260895038082
0.0024378352023403218,0.7600162242552616
0.0024378352023403218,0.7600763140895639
0.0024378352023403218,0.7601213814652906
0.0024378352023403218,0.7601364039238662
0.0024378352023403218,0.7601964937581684
0.0024378352023403218,0.7603016509681975
0.0024378352023403218,0.7603467183439242
0.0024378352023403218,0.7604969429296798
0.0024378352023403218,0.7605570327639821
0.0024378352023403218,0.7605870776811333
0.0024378352023403218,0.76063214505686
0.0024378352023403218,0.7606621899740111
0.0024378352023403218,0.7607222798083134
0.0024378352023403218,0.7607823696426157
0.0024378352023403218,0.760842459476918
0.0024378352023403218,0.7609926840626737
0.0024378352023403218,0.7611128637312783
0.0024378352023403218,0.7611879760241561
0.0024378352023403218,0.7612931332341851
0.0024378352023403218,0.7613231781513362
0.0024378352023403218,0.7614133129027897
0.0024378352023403218,0.7615334925713942
0.0024378352023403218,0.7616236273228476
0.0024378352023403218,0.7617438069914522
0.0024378352023403218,0.7617888743671789
0.0024378352023403218,0.7618489642014812
0.0024378352023403218,0.7619090540357835
0.0024378352023403218,0.7619240764943591
0.0024378352023403218,0.7620142112458125
0.0024378352023403218,0.7620893235386903
0.0024378352023403218,0.762134390914417
0.0024378352023403218,0.7622846155001728
0.0024378352023403218,0.7624949299202307
0.0024378352023403218,0.7625399972959575
0.0024378352023403218,0.762555019754533
0.0024378352023403218,0.7626301320474109
0.0024378352023403218,0.7626451545059865
0.0024378352023403218,0.7626751994231376
0.0024378352023403218,0.7627202667988643
0.0024378352023403218,0.7627503117160155
0.0024378352023403218,0.7628104015503178
0.0024378352023403218,0.7628404464674688
0.0024378352023403218,0.7629155587603467
0.0024378352023403218,0.7630056935118001
0.0024378352023403218,0.7630507608875269
0.0024378352023403218,0.7631108507218292
0.0024378352023403218,0.7631408956389802
0.0024378352023403218,0.7632760977661605
0.0024378352023403218,0.7633361876004627
0.0024378352023403218,0.7634112998933406
0.0024378352023403218,0.7634563672690673
0.0024378352023403218,0.7634864121862184
0.0024378352023403218,0.7635014346447939
0.0024378352023403218,0.7635465020205207
0.0024378352023403218,0.7635615244790962
0.0024378352023403218,0.7636366367719741
0.0024378352023403218,0.7637568164405787
0.0024378352023403218,0.7637718388991542
0.0024378352023403218,0.763846951192032
0.0024378352023403218,0.7638619736506077
0.0024378352023403218,0.7638920185677588
0.0024378352023403218,0.7639370859434855
0.0024378352023403218,0.7639671308606366
0.0024378352023403218,0.7640272206949389
0.0024378352023403218,0.7640722880706656
0.0024378352023403218,0.7641023329878168
0.0024378352023403218,0.7641774452806946
0.0024378352023403218,0.7642074901978457
0.0024378352023403218,0.764372737242177
0.0024378352023403218,0.7644328270764793
0.0024378352023403218,0.764477894452206
0.0024378352023403218,0.7645379842865083
0.0024378352023403218,0.7645680292036595
0.0024378352023403218,0.7646281190379618
0.0024378352023403218,0.7646731864136884
0.0024378352023403218,0.7647032313308396
0.0024378352023403218,0.7647482987065664
0.0024378352023403218,0.7647633211651419
0.0024378352023403218,0.7649135457508975
0.0024378352023403218,0.7649285682094732
0.0024378352023403218,0.76510883771238
0.0024378352023403218,0.7651238601709556
0.0024378352023403218,0.7651689275466823
0.0024378352023403218,0.7652440398395601
0.0024378352023403218,0.7652891072152869
0.0024378352023403218,0.7653942644253159
0.0024378352023403218,0.7654092868838914
0.0024378352023403218,0.7654543542596182
0.0024378352023403218,0.7655144440939204
0.0024378352023403218,0.7655895563867983
0.0024378352023403218,0.765634623762525
0.0024378352023403218,0.7657097360554028
0.0024378352023403218,0.7657247585139784
0.0024378352023403218,0.7658749830997341
0.0024378352023403218,0.7658900055583097
0.0024378352023403218,0.7659200504754609
0.0024378352023403218,0.7659350729340364
0.0024378352023403218,0.7659801403097631
0.0024378352023403218,0.7660101852269142
0.0024378352023403218,0.7660252076854898
0.0024378352023403218,0.7660702750612165
0.0025190963757516656,0.7660702750612165
0.0025190963757516656,0.7661453873540943
0.0025190963757516656,0.76616040981267
0.0025190963757516656,0.7662355221055478
0.0025190963757516656,0.766265567022699
0.0025190963757516656,0.7663557017741524
0.0025190963757516656,0.7664157916084546
0.0025190963757516656,0.7664458365256058
0.0025190963757516656,0.7665960611113615
0.0025190963757516656,0.766686195862815
0.0025190963757516656,0.7667763306142683
0.0025190963757516656,0.766821397989995
0.0025190963757516656,0.7668814878242973
0.0025190963757516656,0.7669566001171751
0.0025190963757516656,0.7670767797857797
0.0025190963757516656,0.7671218471615064
0.0025190963757516656,0.7671819369958087
0.0025190963757516656,0.7671969594543843
0.0025190963757516656,0.7672270043715355
0.0025190963757516656,0.7673171391229888
0.0025190963757516656,0.7674072738744423
0.0025190963757516656,0.7674673637087446
0.0025190963757516656,0.7675274535430469
0.0025190963757516656,0.7675424760016224
0.0025190963757516656,0.7676175882945003
0.0025190963757516656,0.7676776781288026
0.0025190963757516656,0.7676927005873782
0.0025190963757516656,0.7677377679631049
0.0025190963757516656,0.7677978577974072
0.0025190963757516656,0.7678128802559827
0.0025190963757516656,0.7679180374660117
0.0025190963757516656,0.7679631048417384
0.0025190963757516656,0.7680382171346163
0.0025190963757516656,0.7682034641789476
0.00260035754916301,0.7682184866375231
0.00260035754916301,0.768293598930401
0.00260035754916301,0.7683386663061277
0.00260035754916301,0.76839875614043
0.00260035754916301,0.7684137785990055
0.00260035754916301,0.7685339582676101
0.00260035754916301,0.7686391154776391
0.00260035754916301,0.7686691603947902
0.00260035754916301,0.7687142277705169
0.00260035754916301,0.7687592951462436
0.00260035754916301,0.7689095197319994
0.00260035754916301,0.7689395646491505
0.00260035754916301,0.7689846320248772
0.00260035754916301,0.7689996544834528
0.00260035754916301,0.769029699400604
0.00260035754916301,0.7690447218591795
0.00260035754916301,0.7691348566106329
0.00260035754916301,0.7692249913620863
0.00260035754916301,0.7692550362792374
0.00260035754916301,0.7693151261135397
0.00260035754916301,0.7693451710306909
0.00260035754916301,0.7693902384064176
0.00260035754916301,0.7694503282407199
0.00260035754916301,0.769480373157871
0.00260035754916301,0.7695554854507489
0.00260035754916301,0.7696005528264755
0.00260035754916301,0.7697657998708068
0.00260035754916301,0.7698108672465336
0.00260035754916301,0.769901001997987
0.00260035754916301,0.7699460693737137
0.00260035754916301,0.7700662490423182
0.00260035754916301,0.7700962939594694
0.00260035754916301,0.7701864287109228
0.00260035754916301,0.770321630838103
0.00260035754916301,0.7703817206724053
0.00260035754916301,0.7704418105067076
0.00260035754916301,0.7705319452581609
0.00260035754916301,0.7705920350924632
0.00260035754916301,0.7707272372196433
0.00260035754916301,0.7707873270539457
0.00260035754916301,0.7708624393468235
0.00260035754916301,0.7708924842639746
0.00260035754916301,0.7709375516397013
0.00260035754916301,0.7709675965568525
0.00260035754916301,0.7710126639325792
0.00260035754916301,0.7710877762254571
0.00260035754916301,0.7711478660597594
0.00260035754916301,0.7712380008112127
0.00260035754916301,0.7713581804798173
0.00260035754916301,0.771403247855544
0.00260035754916301,0.7714783601484219
0.00260035754916301,0.7714933826069975
0.00260035754916301,0.7715384499827241
0.00260035754916301,0.7715534724412998
0.00260035754916301,0.7716135622756021
0.00260035754916301,0.7716285847341776
0.00260035754916301,0.7716586296513287
0.00260035754916301,0.7717637868613577
0.00260035754916301,0.7717938317785089
0.00260035754916301,0.7718539216128112
0.00260035754916301,0.7718989889885378
0.00260035754916301,0.7720041461985668
0.00260035754916301,0.7720191686571424
0.00260035754916301,0.7720642360328691
0.00260035754916301,0.7721543707843226
0.00260035754916301,0.7722144606186249
0.00260035754916301,0.7722595279943516
0.00260035754916301,0.772349662745805
0.00260035754916301,0.7724247750386828
0.00260035754916301,0.7724698424144095
0.00260035754916301,0.772559977165863
0.00260035754916301,0.7725900220830141
0.00260035754916301,0.7726050445415896
0.00260035754916301,0.7726951792930431
0.00260035754916301,0.7728754487959499
0.00260035754916301,0.7729505610888278
0.00260035754916301,0.7729655835474034
0.00260035754916301,0.7730256733817057
0.00260035754916301,0.7731458530503102
0.00260035754916301,0.7731758979674613
0.00260035754916301,0.7733561674703682
0.00260035754916301,0.7734162573046705
0.00260035754916301,0.7734312797632461
0.00260035754916301,0.7734613246803972
0.00260035754916301,0.7735063920561239
0.00260035754916301,0.773536436973275
0.00260035754916301,0.7735965268075773
0.00260035754916301,0.773641594183304
0.00260035754916301,0.7737918187690598
0.00260035754916301,0.7738218636862109
0.00260035754916301,0.7738368861447864
0.00260035754916301,0.7738969759790887
0.00260035754916301,0.7739119984376643
0.00260035754916301,0.7740171556476934
0.00260035754916301,0.7740472005648444
0.00260035754916301,0.77406222302342
0.00260035754916301,0.7741223128577223
0.00260035754916301,0.774167380233449
0.00260035754916301,0.7741824026920245
0.00260035754916301,0.7742875599020536
0.00260035754916301,0.774377694653507
0.00260035754916301,0.7744528069463849
0.00260035754916301,0.7744678294049604
0.00260035754916301,0.7745279192392627
0.00260035754916301,0.7746030315321405
0.00260035754916301,0.7746480989078672
0.00260035754916301,0.7746631213664429
0.00260035754916301,0.774693166283594
0.00260035754916301,0.7747833010350474
0.00260035754916301,0.7749635705379543
0.00260035754916301,0.7750086379136809
0.00260035754916301,0.7750236603722566
0.00260035754916301,0.7750987726651344
0.00260035754916301,0.7751137951237099
0.00260035754916301,0.7752339747923145
0.00260035754916301,0.7752640197094657
0.00260035754916301,0.7753992218366458
0.00260035754916301,0.7754893565880993
0.00260035754916301,0.7755794913395526
0.00260035754916301,0.7756395811738549
0.00260035754916301,0.7756546036324304
0.00260035754916301,0.7757146934667327
0.00260035754916301,0.7757297159253084
0.00260035754916301,0.775774783301035
0.00260035754916301,0.7758348731353373
0.00260035754916301,0.7759099854282152
0.00260035754916301,0.7759250078867908
0.00260035754916301,0.7759700752625175
0.00260035754916301,0.7760301650968198
0.00260035754916301,0.7761052773896976
0.00260035754916301,0.7761653672239999
0.00260035754916301,0.7762555019754533
0.00260035754916301,0.7763155918097556
0.00260035754916301,0.7763306142683312
0.00260035754916301,0.7763606591854822
0.00260035754916301,0.776405726561209
0.00260035754916301,0.7764808388540868
0.00260035754916301,0.7765709736055403
0.00260035754916301,0.776616040981267
0.00260035754916301,0.7766310634398426
0.00260035754916301,0.7767061757327204
0.00260035754916301,0.7767662655670227
0.00260035754916301,0.7767812880255983
0.00260035754916301,0.7768564003184761
0.00260035754916301,0.7768864452356272
0.00260035754916301,0.7769916024456562
0.00260035754916301,0.7770216473628074
0.00260035754916301,0.777036669821383
0.00260035754916301,0.7770667147385341
0.00260035754916301,0.7771117821142608
0.00260035754916301,0.7771718719485631
0.00260035754916301,0.7772620067000166
0.00260035754916301,0.7773371189928944
0.00260035754916301,0.7773821863686211
0.00260035754916301,0.7773972088271967
0.00260035754916301,0.7774873435786501
0.00260035754916301,0.7775474334129524
0.00260035754916301,0.7776075232472547
0.00260035754916301,0.7776225457058302
0.00260035754916301,0.777667613081557
0.00260035754916301,0.7777427253744348
0.00260035754916301,0.7778028152087371
0.00260035754916301,0.7778629050430393
0.00260035754916301,0.7779229948773416
0.00260035754916301,0.7779680622530684
0.00260035754916301,0.7779981071702194
0.00260035754916301,0.7780431745459462
0.00260035754916301,0.7780581970045217
0.00260035754916301,0.7781032643802485
0.00260035754916301,0.7781333092973997
0.00260035754916301,0.7781483317559752
0.00260035754916301,0.7782084215902775
0.00260035754916301,0.7782835338831553
0.00260035754916301,0.7783436237174576
0.00260035754916301,0.7784638033860621
0.00260035754916301,0.7786140279718179
0.00260035754916301,0.778644072888969
0.00260035754916301,0.7787041627232713
0.00260035754916301,0.7787342076404224
0.00260035754916301,0.778749230098998
0.00260035754916301,0.7787792750161492
0.00260035754916301,0.7788393648504515
0.00260035754916301,0.7788694097676025
0.00260035754916301,0.7790647017290849
0.00260035754916301,0.7791999038562651
0.00260035754916301,0.7792149263148407
0.00260035754916301,0.7792599936905674
0.00260035754916301,0.779275016149143
0.00260035754916301,0.7793351059834452
0.00260035754916301,0.7794102182763231
0.00260035754916301,0.7794703081106253
0.00260035754916301,0.7795003530277765
0.00260035754916301,0.7795153754863521
0.00260035754916301,0.7795454204035033
0.00260035754916301,0.7795604428620788
0.00260035754916301,0.7796505776135322
0.00260035754916301,0.7797857797407124
0.00260035754916301,0.7798158246578635
0.00260035754916301,0.7798909369507414
0.00260035754916301,0.779905959409317
0.00260035754916301,0.7799510267850437
0.00260035754916301,0.7799660492436192
0.00260035754916301,0.7800561839950726
0.00260035754916301,0.7800712064536482
0.00260035754916301,0.7801312962879505
0.00260035754916301,0.7801463187465261
0.00260035754916301,0.7802064085808283
0.00260035754916301,0.7802214310394039
0.00260035754916301,0.7802664984151306
0.00260035754916301,0.7803265882494329
0.00260035754916301,0.780356633166584
0.00260035754916301,0.7804317454594619
0.00260035754916301,0.7804467679180375
0.00260035754916301,0.7805819700452176
0.00260035754916301,0.7807021497138221
0.00260035754916301,0.7807321946309733
0.00260035754916301,0.7807922844652756
0.002681618722574354,0.7808673967581534
0.002681618722574354,0.7809124641338802
0.002681618722574354,0.7809725539681824
0.002681618722574354,0.7810326438024847
0.002681618722574354,0.7811227785539382
0.002762879895985698,0.7811378010125137
0.002762879895985698,0.781197890846816
0.002762879895985698,0.7812880255982694
0.002762879895985698,0.7813931828082984
0.002762879895985698,0.7814232277254496
0.002762879895985698,0.781513362476903
0.002762879895985698,0.7815434073940541
0.002762879895985698,0.7816034972283564
0.002762879895985698,0.781618519686932
0.002762879895985698,0.781723676896961
0.002762879895985698,0.7817537218141121
0.002762879895985698,0.7818138116484143
0.002762879895985698,0.78182883410699
0.002762879895985698,0.7819640362341701
0.002762879895985698,0.7819790586927456
0.002762879895985698,0.7820241260684724
0.002762879895985698,0.7820391485270479
0.002762879895985698,0.7821142608199257
0.002762879895985698,0.7822194180299548
0.002762879895985698,0.782279507864257
0.002762879895985698,0.7823095527814082
0.002762879895985698,0.7823696426157105
0.002762879895985698,0.7824747998257395
0.002762879895985698,0.7825048447428906
0.002762879895985698,0.7825499121186174
0.002762879895985698,0.7826250244114952
0.002762879895985698,0.7826851142457975
0.002762879895985698,0.7827752489972509
0.002762879895985698,0.7827902714558265
0.002762879895985698,0.7828353388315532
0.002762879895985698,0.7828954286658555
0.002762879895985698,0.7829555185001578
0.002762879895985698,0.7830306307930356
0.002762879895985698,0.7830756981687623
0.002762879895985698,0.7831808553787913
0.002762879895985698,0.7832709901302447
0.002762879895985698,0.7833911697988493
0.002762879895985698,0.7834212147160005
0.002762879895985698,0.7834662820917271
0.002762879895985698,0.7834963270088783
0.002762879895985698,0.783541394384605
0.002762879895985698,0.7836615740532096
0.002762879895985698,0.7837517088046629
0.002762879895985698,0.7838268210975409
0.002762879895985698,0.783856866014692
0.002844141069397042,0.7839019333904187
0.002844141069397042,0.783962023224721
0.002844141069397042,0.7839920681418721
0.002844141069397042,0.7840371355175988
0.002844141069397042,0.78406718043475
0.002844141069397042,0.7841122478104766
0.002844141069397042,0.7841723376447789
0.002844141069397042,0.7842324274790812
0.002844141069397042,0.7842474499376568
0.002844141069397042,0.7842774948548079
0.002844141069397042,0.7843526071476858
0.002844141069397042,0.7843676296062614
0.002844141069397042,0.7844878092748659
0.002844141069397042,0.7845328766505927
0.002844141069397042,0.7847131461534995
0.002844141069397042,0.7847732359878018
0.002844141069397042,0.7848633707392552
0.002844141069397042,0.7848783931978307
0.002844141069397042,0.7849384830321331
0.002844141069397042,0.7849685279492842
0.002844141069397042,0.7850887076178887
0.002844141069397042,0.7851337749936155
0.002844141069397042,0.7851938648279178
0.002844141069397042,0.7852389322036445
0.002844141069397042,0.7852990220379468
0.002844141069397042,0.7854192017065513
0.002844141069397042,0.7854943139994292
0.002844141069397042,0.7855243589165802
0.002844141069397042,0.7855393813751559
0.002844141069397042,0.7856595610437604
0.002844141069397042,0.7856896059609115
0.002844141069397042,0.7857196508780627
0.002844141069397042,0.7857647182537895
0.002844141069397042,0.7858398305466673
0.002844141069397042,0.785884897922394
0.002844141069397042,0.7859149428395451
0.002844141069397042,0.7859449877566963
0.002844141069397042,0.7859900551324229
0.002844141069397042,0.7860801898838764
0.002844141069397042,0.7860952123424519
0.002844141069397042,0.7861252572596031
0.002844141069397042,0.7861402797181787
0.002844141069397042,0.7861703246353298
0.002844141069397042,0.7863806390553878
0.002844141069397042,0.7864407288896901
0.002844141069397042,0.7864707738068413
0.002844141069397042,0.7865158411825679
0.002844141069397042,0.7865458860997191
0.002844141069397042,0.7866360208511725
0.002844141069397042,0.7867111331440504
0.002844141069397042,0.786756200519777
0.002844141069397042,0.7868162903540793
0.002844141069397042,0.786861357729806
0.002844141069397042,0.7869514924812595
0.002844141069397042,0.786966514939835
0.002844141069397042,0.7870115823155618
0.002844141069397042,0.7870266047741373
0.002844141069397042,0.7870566496912885
0.002844141069397042,0.7871017170670151
0.002844141069397042,0.7871167395255908
0.002844141069397042,0.7871768293598931
0.002844141069397042,0.7871918518184686
0.002844141069397042,0.7872519416527709
0.002844141069397042,0.7873270539456487
0.002844141069397042,0.7873420764042243
0.002844141069397042,0.7874322111556777
0.002844141069397042,0.7874772785314045
0.002844141069397042,0.7875073234485556
0.002844141069397042,0.7875674132828578
0.002844141069397042,0.7876275031171601
0.002844141069397042,0.7876725704928869
0.002844141069397042,0.7877476827857647
0.002844141069397042,0.7877927501614914
0.002844141069397042,0.7878227950786426
0.002844141069397042,0.7878979073715204
0.002844141069397042,0.787912929830096
0.002844141069397042,0.7879880421229738
0.002844141069397042,0.7880030645815495
0.002844141069397042,0.7880331094987005
0.002844141069397042,0.7880481319572761
0.002844141069397042,0.7881382667087296
0.002844141069397042,0.7881532891673051
0.002844141069397042,0.7881833340844563
0.002844141069397042,0.7881983565430318
0.002844141069397042,0.7882884912944853
0.002844141069397042,0.7883335586702119
0.002844141069397042,0.7883936485045142
0.002844141069397042,0.7884086709630899
0.002844141069397042,0.7884537383388165
0.002844141069397042,0.7884837832559677
0.002844141069397042,0.78854387309027
0.002844141069397042,0.788649030300299
0.002844141069397042,0.7886790752174501
0.002844141069397042,0.7887241425931768
0.002844141069397042,0.7887391650517523
0.002844141069397042,0.7887992548860546
0.002844141069397042,0.7888443222617814
0.002844141069397042,0.7888743671789326
0.002844141069397042,0.7890095693061127
0.002844141069397042,0.7890396142232637
0.002844141069397042,0.7891147265161417
0.002844141069397042,0.7891447714332928
0.002844141069397042,0.7891898388090195
0.002844141069397042,0.789204861267595
0.002844141069397042,0.7892799735604729
0.002844141069397042,0.789310018477624
0.002844141069397042,0.7893550858533508
0.002844141069397042,0.7893851307705019
0.002844141069397042,0.7894452206048042
0.002844141069397042,0.7894602430633798
0.002844141069397042,0.7895203328976821
0.002844141069397042,0.7895654002734087
0.002844141069397042,0.7895954451905599
0.002844141069397042,0.7896405125662866
0.002844141069397042,0.78973064731774
0.002844141069397042,0.7897757146934667
0.002844141069397042,0.7898508269863446
0.002844141069397042,0.7898658494449201
0.002844141069397042,0.7899109168206468
0.002844141069397042,0.789940961737798
0.002844141069397042,0.7900160740306759
0.002844141069397042,0.7900611414064026
0.002844141069397042,0.7900911863235537
0.002844141069397042,0.7901062087821293
0.002844141069397042,0.790151276157856
0.002844141069397042,0.7901662986164316
0.002844141069397042,0.7902263884507339
0.002844141069397042,0.7903165232021873
0.002844141069397042,0.7903315456607628
0.002844141069397042,0.7903766130364895
0.002844141069397042,0.7904367028707918
0.002844141069397042,0.7904817702465186
0.002844141069397042,0.7905418600808208
0.002844141069397042,0.7905869274565476
0.002844141069397042,0.7906470172908499
0.002844141069397042,0.7906920846665765
0.002844141069397042,0.7907071071251521
0.002844141069397042,0.7907972418766055
0.002844141069397042,0.7908423092523322
0.002844141069397042,0.7908573317109078
0.002844141069397042,0.7909023990866345
0.002844141069397042,0.7909775113795123
0.002844141069397042,0.7910075562966635
0.002844141069397042,0.7910526236723903
0.002844141069397042,0.7911127135066925
0.0029254022428083864,0.7911127135066925
0.0029254022428083864,0.7912028482581459
0.0029254022428083864,0.7912178707167214
0.0029254022428083864,0.7913080054681749
0.0029254022428083864,0.791338050385326
0.0029254022428083864,0.7914131626782039
0.0029254022428083864,0.7914732525125062
0.0029254022428083864,0.791518319888233
0.0029254022428083864,0.7915333423468085
0.0029254022428083864,0.7915934321811108
0.0029254022428083864,0.7916835669325641
0.0029254022428083864,0.7917136118497153
0.0029254022428083864,0.7917436567668664
0.0029254022428083864,0.7917737016840176
0.0029254022428083864,0.7918938813526222
0.0029254022428083864,0.7919089038111977
0.0029254022428083864,0.7920441059383779
0.0029254022428083864,0.7920891733141046
0.0029254022428083864,0.7921192182312558
0.0029254022428083864,0.7921642856069825
0.0029254022428083864,0.7922393978998603
0.0029254022428083864,0.7922694428170114
0.0029254022428083864,0.792284465275587
0.0029254022428083864,0.7923295326513137
0.0029254022428083864,0.7923595775684649
0.0029254022428083864,0.7924346898613427
0.0029254022428083864,0.7924497123199182
0.0029254022428083864,0.792494779695645
0.0029254022428083864,0.7925548695299472
0.0029254022428083864,0.7925698919885228
0.0029254022428083864,0.7926900716571275
0.0029254022428083864,0.7927351390328541
0.0029254022428083864,0.7927501614914297
0.0029254022428083864,0.7927952288671564
0.0030066634162197303,0.7928402962428831
0.0030066634162197303,0.7929304309943366
0.0030066634162197303,0.7929604759114877
0.0030066634162197303,0.7930055432872144
0.0030066634162197303,0.7930205657457899
0.0030066634162197303,0.79315576787297
0.0030066634162197303,0.7931707903315457
0.0030066634162197303,0.7932158577072723
0.0030066634162197303,0.7932459026244235
0.0030066634162197303,0.7932909700001503
0.003087924589631074,0.793336037375877
0.003087924589631074,0.7933510598344525
0.003087924589631074,0.7934712395030571
0.003087924589631074,0.7935313293373594
0.003087924589631074,0.7935763967130861
0.003087924589631074,0.7935914191716616
0.003087924589631074,0.7936665314645395
0.003087924589631074,0.7936965763816907
0.003087924589631074,0.7937115988402662
0.003087924589631074,0.7937716886745685
0.003087924589631074,0.7938317785088708
0.003087924589631074,0.7938468009674463
0.003087924589631074,0.7939068908017486
0.003087924589631074,0.7939820030946265
0.003087924589631074,0.7940120480117776
0.003087924589631074,0.7940571153875043
0.003087924589631074,0.7941172052218066
0.003087924589631074,0.79420733997326
0.003087924589631074,0.7942223624318356
0.0031691857630424185,0.7942524073489867
0.0031691857630424185,0.7942824522661379
0.0031691857630424185,0.7944627217690448
0.0031691857630424185,0.7945528565204981
0.0031691857630424185,0.7945678789790737
0.0031691857630424185,0.794627968813376
0.0031691857630424185,0.7946880586476783
0.0031691857630424185,0.794733126023405
0.0031691857630424185,0.7947781933991317
0.0031691857630424185,0.7948232607748584
0.0031691857630424185,0.7948833506091607
0.0031691857630424185,0.7949284179848874
0.0031691857630424185,0.794943440443463
0.0031691857630424185,0.7950185527363408
0.0031691857630424185,0.795048597653492
0.0031691857630424185,0.7950786425706431
0.0031691857630424185,0.7951537548635209
0.0031691857630424185,0.7951687773220966
0.0031691857630424185,0.7952138446978232
0.0031691857630424185,0.7952889569907011
0.0031691857630424185,0.7953490468250034
0.0031691857630424185,0.7954391815764568
0.0031691857630424185,0.7954542040350324
0.0031691857630424185,0.7955293163279102
0.0031691857630424185,0.795574383703637
0.0031691857630424185,0.7955894061622125
0.0031691857630424185,0.7956494959965148
0.0031691857630424185,0.7956795409136659
0.0031691857630424185,0.7957997205822704
0.0031691857630424185,0.7958898553337239
0.0031691857630424185,0.7960100350023285
0.0031691857630424185,0.7960701248366308
0.0031691857630424185,0.7961151922123575
0.0031691857630424185,0.7962053269638109
0.0031691857630424185,0.7962654167981131
0.0031691857630424185,0.7962954617152643
0.0031691857630424185,0.7963405290909911
0.0031691857630424185,0.7963705740081422
0.0031691857630424185,0.7964006189252933
0.0031691857630424185,0.7964757312181712
0.0031691857630424185,0.7965207985938979
0.0031691857630424185,0.7965358210524734
0.0031691857630424185,0.7965658659696246
0.0031691857630424185,0.7966109333453513
0.0031691857630424185,0.7966860456382292
0.0031691857630424185,0.7967311130139558
0.0031691857630424185,0.7967912028482581
0.0031691857630424185,0.796866315141136
0.0031691857630424185,0.7969264049754383
0.0031691857630424185,0.796971472351165
0.0031691857630424185,0.7970315621854672
0.0031691857630424185,0.7970916520197695
0.0031691857630424185,0.7971517418540718
0.0032504469364537623,0.7971667643126474
0.0032504469364537623,0.7971968092297985
0.0032504469364537623,0.7972568990641008
0.0032504469364537623,0.7973019664398275
0.0032504469364537623,0.7973320113569787
0.0032504469364537623,0.7974371685670076
0.0032504469364537623,0.7974672134841588
0.0032504469364537623,0.7974972584013099
0.0032504469364537623,0.7975122808598856
0.0032504469364537623,0.7975423257770367
0.0032504469364537623,0.7975873931527634
0.0032504469364537623,0.7976474829870657
0.0032504469364537623,0.7976925503627924
0.0032504469364537623,0.7977225952799435
0.0032504469364537623,0.797737617738519
0.0032504469364537623,0.7977826851142458
0.0032504469364537623,0.7978728198656992
0.0032504469364537623,0.7979329097000015
0.0032504469364537623,0.7979779770757283
0.0032504469364537623,0.7980080219928793
0.0032504469364537623,0.7980530893686061
0.0032504469364537623,0.7981131792029084
0.0032504469364537623,0.7981582465786351
0.0032504469364537623,0.7981882914957862
0.0032504469364537623,0.7982483813300885
0.0032504469364537623,0.798263403788664
0.0032504469364537623,0.7983234936229663
0.0032504469364537623,0.7983385160815419
0.0032504469364537623,0.7983986059158442
0.0032504469364537623,0.798473718208722
0.0032504469364537623,0.798578875418751
0.0032504469364537623,0.7985938978773266
0.0032504469364537623,0.7986690101702044
0.0032504469364537623,0.7986840326287801
0.0032504469364537623,0.7987140775459312
0.0032504469364537623,0.7987291000045067
0.0032504469364537623,0.7988492796731113
0.0032504469364537623,0.798894347048838
0.0032504469364537623,0.7989093695074135
0.0032504469364537623,0.798999504258867
0.0032504469364537623,0.7990896390103204
0.0032504469364537623,0.7991497288446228
0.0032504469364537623,0.7991797737617738
0.0032504469364537623,0.7992398635960761
0.0032504469364537623,0.7992699085132273
0.0032504469364537623,0.7993299983475296
0.0032504469364537623,0.7993750657232562
0.0032504469364537623,0.7994051106404074
0.0032504469364537623,0.7994501780161342
0.0032504469364537623,0.7995703576847387
0.0032504469364537623,0.7996604924361921
0.0032504469364537623,0.7997205822704944
0.0032504469364537623,0.7997356047290699
0.0032504469364537623,0.7997656496462211
0.0032504469364537623,0.7998107170219478
0.0032504469364537623,0.7998407619390989
0.0032504469364537623,0.7998557843976746
0.0032504469364537623,0.7999008517734012
0.0032504469364537623,0.7999609416077035
0.0032504469364537623,0.8000210314420058
0.0032504469364537623,0.800081121276308
0.0032504469364537623,0.800156233569186
0.0032504469364537623,0.8002163234034882
0.0032504469364537623,0.8002313458620638
0.0032504469364537623,0.8003064581549416
0.0032504469364537623,0.8003665479892439
0.0032504469364537623,0.8004116153649706
0.0032504469364537623,0.8004717051992729
0.0032504469364537623,0.8005768624093019
0.0032504469364537623,0.800712064536482
0.0032504469364537623,0.8007270869950576
0.0032504469364537623,0.8007871768293598
0.0032504469364537623,0.8008021992879355
0.0032504469364537623,0.8009374014151156
0.0032504469364537623,0.8009524238736911
0.0032504469364537623,0.8010425586251446
0.0032504469364537623,0.8010876260008714
0.0032504469364537623,0.801132693376598
0.0032504469364537623,0.8011777607523247
0.0032504469364537623,0.8012228281280515
0.0033317081098651067,0.8012829179623537
0.0033317081098651067,0.801343007796656
0.0033317081098651067,0.8014331425481094
0.0033317081098651067,0.8015533222167139
0.0033317081098651067,0.8015683446752896
0.0033317081098651067,0.8016134120510162
0.0033317081098651067,0.8016735018853185
0.0033317081098651067,0.8017185692610452
0.0033317081098651067,0.8017936815539232
0.0033317081098651067,0.8018537713882254
0.0033317081098651067,0.8018988387639521
0.0033317081098651067,0.8019288836811033
0.0033317081098651067,0.8019439061396788
0.0033317081098651067,0.80197395105683
0.0033317081098651067,0.8019889735154055
0.0033317081098651067,0.8020791082668589
0.0033317081098651067,0.8021391981011612
0.0033317081098651067,0.8021692430183124
0.0033317081098651067,0.8022744002283414
0.0033317081098651067,0.8022894226869169
0.0033317081098651067,0.8023194676040681
0.0033317081098651067,0.8023645349797948
0.0033317081098651067,0.802424624814097
0.0033317081098651067,0.8024396472726727
0.0033317081098651067,0.8024847146483993
0.0033317081098651067,0.8025448044827016
0.0033317081098651067,0.8026048943170039
0.0033317081098651067,0.8026499616927306
0.0033317081098651067,0.8026950290684574
0.0033317081098651067,0.8027551189027596
0.0033317081098651067,0.8027701413613352
0.0033317081098651067,0.8028602761127887
0.0033317081098651067,0.8028903210299397
0.0033317081098651067,0.80302552315712
0.0033317081098651067,0.803055568074271
0.0033317081098651067,0.8031006354499978
0.0033317081098651067,0.8031306803671489
0.0033317081098651067,0.8032358375771779
0.0033317081098651067,0.8032658824943291
0.0033317081098651067,0.8033109498700557
0.0033317081098651067,0.8034010846215092
0.0033317081098651067,0.8035362867486893
0.0033317081098651067,0.8035663316658405
0.0033317081098651067,0.803581354124416
0.0033317081098651067,0.8036264215001427
0.0033317081098651067,0.8036564664172938
0.0033317081098651067,0.803686511334445
0.0033317081098651067,0.8037315787101718
0.0033317081098651067,0.8037616236273228
0.0033317081098651067,0.8037766460858984
0.0033317081098651067,0.8038517583787763
0.0033317081098651067,0.8038968257545029
0.0033317081098651067,0.8039268706716541
0.0033317081098651067,0.8039418931302297
0.0033317081098651067,0.8039719380473809
0.0033317081098651067,0.8039869605059564
0.0033317081098651067,0.8040170054231075
0.0033317081098651067,0.8040320278816832
0.0033317081098651067,0.8041221626331365
0.0033317081098651067,0.80421229738459
0.0033317081098651067,0.8042273198431655
0.0033317081098651067,0.8042874096774678
0.0033317081098651067,0.8043024321360434
0.0033317081098651067,0.8043324770531946
0.0033317081098651067,0.8043474995117701
0.0033317081098651067,0.8043775444289213
0.0033317081098651067,0.8044676791803747
0.0033317081098651067,0.8044827016389502
0.0033317081098651067,0.8045277690146769
0.0033317081098651067,0.8045878588489792
0.0033317081098651067,0.8046179037661304
0.0033317081098651067,0.8047080385175838
0.0033317081098651067,0.8047230609761593
0.0033317081098651067,0.804768128351886
0.0033317081098651067,0.8047831508104616
0.0033317081098651067,0.8048131957276128
0.0033317081098651067,0.8048732855619151
0.0033317081098651067,0.8049033304790663
0.0033317081098651067,0.8049784427719441
0.0033317081098651067,0.8050084876890952
0.0033317081098651067,0.8050535550648219
0.0033317081098651067,0.8051136448991242
0.0033317081098651067,0.8051587122748509
0.0033317081098651067,0.8051737347334265
0.0033317081098651067,0.8052338245677287
0.0033317081098651067,0.8052788919434555
0.0033317081098651067,0.8053690266949088
0.0033317081098651067,0.80539907161206
0.0033317081098651067,0.8054441389877868
0.0033317081098651067,0.8055192512806646
0.0033317081098651067,0.8055793411149669
0.0033317081098651067,0.8055943635735424
0.0033317081098651067,0.8056544534078447
0.0033317081098651067,0.8056995207835714
0.0033317081098651067,0.805714543242147
0.0033317081098651067,0.8057596106178737
0.0033317081098651067,0.8058347229107515
0.0033317081098651067,0.8058948127450538
0.0033317081098651067,0.8059098352036295
0.0033317081098651067,0.8059398801207805
0.0033317081098651067,0.8059999699550828
0.0033317081098651067,0.8060901047065363
0.0033317081098651067,0.8061051271651118
0.0033317081098651067,0.8061501945408386
0.0033317081098651067,0.8062253068337164
0.0033317081098651067,0.8062703742094431
0.0033317081098651067,0.8063004191265942
0.0033317081098651067,0.806345486502321
0.0033317081098651067,0.8064055763366232
0.0033317081098651067,0.8064356212537744
0.0033317081098651067,0.8064806886295011
0.0033317081098651067,0.8065407784638033
0.0033317081098651067,0.806555800922379
0.0033317081098651067,0.8066158907566813
0.0033317081098651067,0.8066609581324079
0.0033317081098651067,0.8066759805909836
0.0033317081098651067,0.8067060255081346
0.0033317081098651067,0.8067811378010125
0.0033317081098651067,0.8067961602595881
0.0033317081098651067,0.8068262051767392
0.0033317081098651067,0.8068412276353149
0.0033317081098651067,0.8068712725524659
0.0033317081098651067,0.8069914522210705
0.0033317081098651067,0.8070515420553728
0.0033317081098651067,0.807081586972524
0.0033317081098651067,0.8070966094310995
0.0033317081098651067,0.8071566992654018
0.0033317081098651067,0.8072017666411285
0.0033317081098651067,0.8072618564754308
0.0033317081098651067,0.8073069238511574
0.0033317081098651067,0.8073369687683086
0.0033317081098651067,0.8074120810611864
0.0033317081098651067,0.8075623056469422
0.0033317081098651067,0.8075923505640933
0.0033317081098651067,0.80763741793982
0.0033317081098651067,0.8076524403983956
0.0033317081098651067,0.807742575149849
0.0033317081098651067,0.8077575976084246
0.0033317081098651067,0.8078026649841513
0.0033317081098651067,0.8079228446527559
0.0033317081098651067,0.8079829344870582
0.0033317081098651067,0.8080280018627849
0.0033317081098651067,0.8080430243213604
0.0033317081098651067,0.8080730692385115
0.0033317081098651067,0.8081181366142383
0.0033317081098651067,0.8081782264485405
0.0033317081098651067,0.8081932489071162
0.0033317081098651067,0.8082533387414185
0.0033317081098651067,0.8083434734928718
0.0033317081098651067,0.8084035633271741
0.0033317081098651067,0.8084185857857497
0.0033317081098651067,0.8084636531614764
0.0033317081098651067,0.8084936980786276
0.0033317081098651067,0.8085537879129299
0.0033317081098651067,0.808583832830081
0.0033317081098651067,0.8086289002058077
0.0033317081098651067,0.80868899004011
0.0033317081098651067,0.808719034957261
0.0033317081098651067,0.8088392146258657
0.0033317081098651067,0.8089293493773191
0.0033317081098651067,0.8089894392116214
0.0033317081098651067,0.8090345065873481
0.0034129692832764505,0.8090645515044992
0.0034129692832764505,0.8090795739630748
0.0034129692832764505,0.8091997536316794
0.0034129692832764505,0.8092147760902549
0.0034129692832764505,0.8092598434659817
0.0034129692832764505,0.8093349557588595
0.0034129692832764505,0.809349978217435
0.0034129692832764505,0.8093800231345862
0.0034129692832764505,0.8093950455931618
0.0034129692832764505,0.809425090510313
0.0034129692832764505,0.8094701578860396
0.0034129692832764505,0.8095302477203419
0.0034942304566877944,0.8095302477203419
0.0034942304566877944,0.8095753150960686
0.0034942304566877944,0.8095903375546442
0.0034942304566877944,0.8096804723060976
0.0034942304566877944,0.8097405621403999
0.0034942304566877944,0.809770607057551
0.0034942304566877944,0.8097856295161266
0.0035754916300991387,0.8098156744332777
0.0035754916300991387,0.8098306968918533
0.0035754916300991387,0.8098907867261556
0.0035754916300991387,0.8099358541018823
0.0035754916300991387,0.809980921477609
0.0035754916300991387,0.8100710562290625
0.0035754916300991387,0.810086078687638
0.0035754916300991387,0.8101161236047891
0.0035754916300991387,0.8101461685219403
0.0035754916300991387,0.8101762134390914
0.0035754916300991387,0.8102363032733937
0.0035754916300991387,0.8102513257319693
0.0035754916300991387,0.810296393107696
0.0035754916300991387,0.8103264380248472
0.0035754916300991387,0.8103715054005739
0.0035754916300991387,0.8103865278591494
0.0035754916300991387,0.8104165727763005
0.0035754916300991387,0.8104616401520273
0.0035754916300991387,0.810506707527754
0.0035754916300991387,0.8105667973620563
0.0035754916300991387,0.8106569321135096
0.0035754916300991387,0.8107019994892364
0.0035754916300991387,0.8107921342406899
0.0035754916300991387,0.8108372016164166
0.0035754916300991387,0.8108672465335677
0.0035754916300991387,0.8109123139092944
0.0035754916300991387,0.811032493577899
0.0035754916300991387,0.8111226283293523
0.0035754916300991387,0.811137650787928
0.0035754916300991387,0.8111827181636546
0.0035754916300991387,0.8112127630808058
0.0035754916300991387,0.8112578304565325
0.0035754916300991387,0.8112878753736836
0.0035754916300991387,0.8113028978322592
0.0035754916300991387,0.8113629876665616
0.0035754916300991387,0.8113930325837126
0.0035754916300991387,0.8114380999594394
0.0035754916300991387,0.8114681448765905
0.0035754916300991387,0.8115582796280439
0.0035754916300991387,0.8116033470037707
0.0035754916300991387,0.811693481755224
0.0036567528035104826,0.811693481755224
0.0036567528035104826,0.8117385491309508
0.0036567528035104826,0.8117535715895263
0.0036567528035104826,0.8118136614238286
0.0036567528035104826,0.8118587287995553
0.003738013976921827,0.8118887737167064
0.003738013976921827,0.8119037961752821
0.003738013976921827,0.8119638860095844
0.003738013976921827,0.8120089533853111
0.003738013976921827,0.8120389983024622
0.003738013976921827,0.81211411059534
0.003738013976921827,0.8121291330539157
0.003738013976921827,0.8121591779710667
0.003738013976921827,0.8121742004296423
0.003738013976921827,0.8122643351810958
0.003738013976921827,0.8122943800982468
0.003738013976921827,0.8123845148497003
0.003738013976921827,0.8123995373082759
0.003738013976921827,0.812429582225427
0.003738013976921827,0.8124446046840026
0.003738013976921827,0.8124746496011537
0.003738013976921827,0.8125497618940316
0.003738013976921827,0.8125647843526072
0.003738013976921827,0.8126098517283339
0.003738013976921827,0.812639896645485
0.003738013976921827,0.8126849640212117
0.003738013976921827,0.8126999864797873
0.003738013976921827,0.8127600763140895
0.003738013976921827,0.8127901212312407
0.003738013976921827,0.8129103008998453
0.003738013976921827,0.812955368275572
0.003738013976921827,0.8129854131927231
0.003738013976921827,0.8130154581098743
0.003819275150333171,0.8130304805684498
0.003819275150333171,0.8130605254856009
0.003819275150333171,0.8130905704027521
0.003819275150333171,0.8131055928613277
0.0039005363237445147,0.8131055928613277
0.0039005363237445147,0.8131356377784789
0.0039005363237445147,0.8131506602370544
0.0039005363237445147,0.8131807051542055
0.0039005363237445147,0.8131957276127811
0.0039005363237445147,0.8132257725299322
0.003981797497155859,0.8132407949885078
0.003981797497155859,0.8133008848228102
0.003981797497155859,0.8133459521985368
0.003981797497155859,0.813375997115688
0.003981797497155859,0.8134360869499903
0.003981797497155859,0.8134661318671413
0.003981797497155859,0.8135111992428681
0.003981797497155859,0.8135562666185948
0.003981797497155859,0.8135712890771704
0.003981797497155859,0.8136313789114726
0.003981797497155859,0.8136464013700482
0.003981797497155859,0.8136914687457749
0.004063058670567203,0.8137215136629261
0.004063058670567203,0.8137515585800772
0.004063058670567203,0.8138116484143795
0.004063058670567203,0.813931828082984
0.004063058670567203,0.8140520077515886
0.004063058670567203,0.8140670302101642
0.004063058670567203,0.8141271200444665
0.004063058670567203,0.8141421425030421
0.004063058670567203,0.8142322772544954
0.004063058670567203,0.8142623221716466
0.004063058670567203,0.8143073895473734
0.004063058670567203,0.814457614133129
0.004063058670567203,0.8144876590502802
0.004063058670567203,0.8145477488845825
0.004063058670567203,0.8146078387188848
0.004063058670567203,0.8146979734703381
0.004063058670567203,0.8147280183874893
0.004063058670567203,0.8148031306803671
0.004063058670567203,0.8148331755975183
0.004063058670567203,0.814878242973245
0.004063058670567203,0.8149383328075472
0.004063058670567203,0.8150284675590007
0.004063058670567203,0.8150585124761518
0.004063058670567203,0.8151035798518785
0.004063058670567203,0.8151336247690297
0.004063058670567203,0.815193714603332
0.004063058670567203,0.8152237595204831
0.004063058670567203,0.8152538044376343
0.004063058670567203,0.815298871813361
0.004063058670567203,0.8153289167305121
0.004063058670567203,0.8153589616476633
0.004063058670567203,0.8153739841062388
0.004063058670567203,0.8154190514819656
0.004063058670567203,0.8154340739405411
0.004063058670567203,0.8154791413162679
0.004063058670567203,0.815509186233419
0.004063058670567203,0.815614343443448
0.004063058670567203,0.8156594108191747
0.004063058670567203,0.815719500653477
0.004063058670567203,0.8157645680292036
0.004063058670567203,0.8157946129463548
0.004063058670567203,0.8158246578635059
0.004063058670567203,0.8158847476978083
0.004063058670567203,0.8158997701563838
0.004063058670567203,0.8159298150735349
0.004063058670567203,0.8159748824492616
0.004063058670567203,0.8160499947421395
0.004063058670567203,0.8161100845764417
0.004063058670567203,0.8161551519521685
0.004063058670567203,0.816245286703622
0.004063058670567203,0.8162603091621975
0.004063058670567203,0.8162903540793486
0.004063058670567203,0.8164105337479531
0.004063058670567203,0.8164255562065288
0.004063058670567203,0.8164556011236799
0.004063058670567203,0.8165457358751333
0.004063058670567203,0.8165757807922844
0.004063058670567203,0.8165908032508601
0.004063058670567203,0.8166508930851624
0.004144319843978547,0.8166809380023135
0.004144319843978547,0.8167260053780402
0.004144319843978547,0.8167560502951913
0.004144319843978547,0.816801117670918
0.004144319843978547,0.8168311625880692
0.004144319843978547,0.8168461850466447
0.004144319843978547,0.8168912524223715
0.004144319843978547,0.8169212973395226
0.004144319843978547,0.8169363197980981
0.004144319843978547,0.8169964096324004
0.004144319843978547,0.817011432090976
0.004144319843978547,0.8170715219252783
0.004144319843978547,0.8170865443838539
0.004144319843978547,0.817116589301005
0.004144319843978547,0.8171316117595806
0.004144319843978547,0.8171917015938829
0.004144319843978547,0.8172067240524584
0.004144319843978547,0.8172968588039119
0.004144319843978547,0.8173118812624874
0.004144319843978547,0.8173419261796385
0.004144319843978547,0.8173869935553653
0.004144319843978547,0.8174170384725165
0.004144319843978547,0.8175071732239698
0.004144319843978547,0.8175221956825454
0.004144319843978547,0.8176123304339988
0.004144319843978547,0.8176273528925744
0.004144319843978547,0.8177475325611789
0.004144319843978547,0.8177625550197545
0.004144319843978547,0.8177925999369057
0.004144319843978547,0.8178076223954812
0.004144319843978547,0.8178977571469347
0.004144319843978547,0.8179278020640858
0.004144319843978547,0.817987891898388
0.004144319843978547,0.8180780266498415
0.004144319843978547,0.8181080715669926
0.004144319843978547,0.8181531389427193
0.004144319843978547,0.8182432736941728
0.004144319843978547,0.8182733186113239
0.004144319843978547,0.8183334084456262
0.004144319843978547,0.818408520738504
0.004144319843978547,0.8184385656556552
0.004144319843978547,0.8184686105728064
0.004144319843978547,0.8184986554899575
0.004144319843978547,0.8186639025342888
0.004144319843978547,0.8187239923685911
0.004144319843978547,0.8187390148271666
0.004144319843978547,0.8187690597443178
0.004144319843978547,0.8188441720371956
0.004225581017389891,0.8188441720371956
0.004225581017389891,0.8188892394129224
0.004225581017389891,0.8189493292472246
0.004225581017389891,0.8189793741643757
0.004225581017389891,0.8190244415401025
0.004225581017389891,0.8190544864572535
0.004225581017389891,0.8190695089158292
0.004225581017389891,0.8191896885844338
0.004225581017389891,0.8192347559601605
0.004225581017389891,0.8192798233358871
0.004225581017389891,0.819354935628765
0.004225581017389891,0.8194450703802184
0.004225581017389891,0.8195051602145207
0.004225581017389891,0.8195201826730962
0.004225581017389891,0.8196103174245497
0.004225581017389891,0.8196253398831252
0.004225581017389891,0.8196553848002764
0.004225581017389891,0.819670407258852
0.004225581017389891,0.8197304970931543
0.004225581017389891,0.8197455195517298
0.004225581017389891,0.819775564468881
0.004225581017389891,0.8197905869274565
0.004225581017389891,0.8198356543031833
0.004225581017389891,0.8198656992203344
0.004225581017389891,0.81988072167891
0.004225581017389891,0.8199408115132123
0.004225581017389891,0.8199858788889389
0.004225581017389891,0.8200459687232412
0.004225581017389891,0.8200609911818169
0.004225581017389891,0.8201210810161191
0.004225581017389891,0.8201811708504214
0.004225581017389891,0.8202562831432992
0.004225581017389891,0.8202863280604503
0.004225581017389891,0.8203313954361771
0.004225581017389891,0.8203764628119038
0.004225581017389891,0.8203914852704793
0.004225581017389891,0.8204215301876305
0.004225581017389891,0.8204966424805084
0.004225581017389891,0.8205567323148106
0.004225581017389891,0.8205717547733862
0.004225581017389891,0.8206168221491129
0.004225581017389891,0.8206468670662641
0.004225581017389891,0.8206919344419907
0.004225581017389891,0.820752024276293
0.004225581017389891,0.8208121141105953
0.004225581017389891,0.820857181486322
0.004225581017389891,0.8209172713206243
0.004225581017389891,0.820962338696351
0.004225581017389891,0.8210224285306533
0.004225581017389891,0.8210374509892289
0.004225581017389891,0.8210825183649556
0.004225581017389891,0.8210975408235311
0.004225581017389891,0.8211726531164091
0.004225581017389891,0.8212177204921357
0.004225581017389891,0.8212477654092869
0.004225581017389891,0.8212928327850136
0.004225581017389891,0.821382967536467
0.004225581017389891,0.8214130124536182
0.004225581017389891,0.8214430573707693
0.004225581017389891,0.8214580798293448
0.004225581017389891,0.821488124746496
0.004225581017389891,0.8215331921222228
0.004225581017389891,0.821593281956525
0.004225581017389891,0.8216533717908273
0.004225581017389891,0.8217284840837051
0.004225581017389891,0.8217435065422807
0.004225581017389891,0.8217735514594319
0.004225581017389891,0.8218937311280364
0.004225581017389891,0.821908753586612
0.004225581017389891,0.8219688434209143
0.004225581017389891,0.8220589781723677
0.004225581017389891,0.8220890230895188
0.004225581017389891,0.8221040455480944
0.004225581017389891,0.8221340904652455
0.004225581017389891,0.8221791578409723
0.004225581017389891,0.8222092027581234
0.004225581017389891,0.8222242252166989
0.004225581017389891,0.8222542701338501
0.004225581017389891,0.8222692925924256
0.004225581017389891,0.8223143599681524
0.004225581017389891,0.8223594273438791
0.004225581017389891,0.8224044947196059
0.004225581017389891,0.8224946294710592
0.004225581017389891,0.8225847642225127
0.004225581017389891,0.8225997866810882
0.004225581017389891,0.8226298315982393
0.004225581017389891,0.8226899214325416
0.004225581017389891,0.8227349888082683
0.004225581017389891,0.8227650337254195
0.004225581017389891,0.8227950786425706
0.004225581017389891,0.8228251235597218
0.004225581017389891,0.8228701909354484
0.004225581017389891,0.8229002358525996
0.004225581017389891,0.8229603256869019
0.004306842190801235,0.8229603256869019
0.004306842190801235,0.8229903706040531
0.004306842190801235,0.8230504604383554
0.004306842190801235,0.823095527814082
0.004306842190801235,0.8231105502726577
0.004306842190801235,0.8231405951898088
0.004306842190801235,0.82317064010696
0.004306842190801235,0.8232307299412622
0.004306842190801235,0.8232457523998378
0.004306842190801235,0.8232757973169889
0.004306842190801235,0.8233208646927156
0.004306842190801235,0.8233659320684423
0.004306842190801235,0.8233959769855934
0.004306842190801235,0.8234260219027446
0.004306842190801235,0.8234710892784713
0.004306842190801235,0.8235311791127736
0.004306842190801235,0.8235912689470759
0.004306842190801235,0.8236513587813782
0.004306842190801235,0.8237114486156805
0.004306842190801235,0.8237414935328315
0.004306842190801235,0.8237715384499827
0.004306842190801235,0.8238166058257095
0.004306842190801235,0.8238466507428606
0.004306842190801235,0.8239067405771628
0.004306842190801235,0.823936785494314
0.004306842190801235,0.8239518079528896
0.004306842190801235,0.8240118977871919
0.004306842190801235,0.8241020325386452
0.004306842190801235,0.824147099914372
0.004306842190801235,0.8242071897486742
0.004306842190801235,0.824252257124401
0.004306842190801235,0.8242823020415522
0.004306842190801235,0.8243123469587033
0.004306842190801235,0.8243273694172788
0.004306842190801235,0.8243874592515811
0.004306842190801235,0.8244024817101567
0.004306842190801235,0.824462571544459
0.004306842190801235,0.8244775940030346
0.004306842190801235,0.8245076389201856
0.004306842190801235,0.8245977736716391
0.004306842190801235,0.8246278185887902
0.004306842190801235,0.8246728859645169
0.004306842190801235,0.8247029308816681
0.004306842190801235,0.8247329757988192
0.004306842190801235,0.8247630207159704
0.004306842190801235,0.824778043174546
0.004306842190801235,0.8248381330088482
0.004306842190801235,0.8248681779259994
0.004306842190801235,0.8248982228431505
0.004306842190801235,0.824913245301726
0.004306842190801235,0.8249432902188772
0.004306842190801235,0.824988357594604
0.004306842190801235,0.8250184025117551
0.004306842190801235,0.8250634698874818
0.004306842190801235,0.8251235597217841
0.004306842190801235,0.8251385821803596
0.004306842190801235,0.8251986720146619
0.004306842190801235,0.8252587618489642
0.004306842190801235,0.8252888067661154
0.004306842190801235,0.825333874141842
0.004306842190801235,0.8253488966004177
0.004306842190801235,0.8253789415175687
0.004306842190801235,0.8253939639761443
0.004306842190801235,0.825439031351871
0.004306842190801235,0.8255291661033245
0.004306842190801235,0.8255742334790512
0.004306842190801235,0.8256343233133535
0.004306842190801235,0.8256643682305046
0.004306842190801235,0.8256793906890801
0.004306842190801235,0.8257094356062313
0.004306842190801235,0.8257695254405336
0.004306842190801235,0.8257845478991092
0.004306842190801235,0.8258296152748359
0.004306842190801235,0.8259197500262893
0.004306842190801235,0.8259497949434405
0.004306842190801235,0.8259948623191672
0.004306842190801235,0.8260098847777427
0.004306842190801235,0.8260399296948938
0.004306842190801235,0.8261000195291961
0.004306842190801235,0.8261300644463473
0.004306842190801235,0.8262051767392251
0.004306842190801235,0.8262352216563763
0.004306842190801235,0.826280289032103
0.004306842190801235,0.8263554013249809
0.004306842190801235,0.826385446242132
0.004306842190801235,0.8264755809935854
0.004306842190801235,0.8265206483693122
0.004306842190801235,0.8265657157450388
0.004306842190801235,0.82659576066219
0.004306842190801235,0.8266708729550678
0.004306842190801235,0.826700917872219
0.004306842190801235,0.8267459852479456
0.004306842190801235,0.8267760301650968
0.004306842190801235,0.826806075082248
0.004306842190801235,0.8268661649165503
0.004306842190801235,0.8269262547508526
0.004388103364212579,0.8269713221265792
0.004388103364212579,0.8269863445851549
0.004388103364212579,0.8270314119608815
0.004388103364212579,0.8270464344194571
0.004388103364212579,0.8270764793366082
0.004388103364212579,0.8271666140880617
0.004388103364212579,0.8271966590052128
0.004388103364212579,0.8272116814637883
0.004388103364212579,0.8272417263809395
0.004388103364212579,0.8272867937566662
0.004388103364212579,0.8273318611323929
0.004388103364212579,0.8273619060495441
0.004388103364212579,0.8274069734252708
0.004388103364212579,0.8274219958838464
0.004388103364212579,0.8274520408009975
0.004388103364212579,0.8274820857181486
0.004388103364212579,0.8275121306352998
0.004388103364212579,0.8275722204696021
0.004388103364212579,0.8276323103039044
0.004388103364212579,0.827677377679631
0.004388103364212579,0.8277074225967822
0.004388103364212579,0.8277224450553577
0.004388103364212579,0.82778253488966
0.004388103364212579,0.8278276022653868
0.004388103364212579,0.8278426247239623
0.004388103364212579,0.8279027145582646
0.004388103364212579,0.8279327594754158
0.004388103364212579,0.8280078717682936
0.004388103364212579,0.8280679616025959
0.004388103364212579,0.8280829840611714
0.004388103364212579,0.8281580963540494
0.004388103364212579,0.8282181861883516
0.004388103364212579,0.8282632535640783
0.004388103364212579,0.8282932984812295
0.004388103364212579,0.828308320939805
0.004388103364212579,0.8283984556912585
0.004388103364212579,0.8284285006084096
0.004469364537623924,0.8284285006084096
0.004469364537623924,0.8284435230669851
0.004469364537623924,0.8285036129012874
0.004469364537623924,0.828518635359863
0.004469364537623924,0.8285637027355897
0.004469364537623924,0.8285937476527409
0.004469364537623924,0.8286538374870431
0.004469364537623924,0.8286838824041942
0.004469364537623924,0.828728949779921
0.004469364537623924,0.8287589946970721
0.004469364537623924,0.8287740171556477
0.004550625711035267,0.8287740171556477
0.004550625711035267,0.8287890396142232
0.004550625711035267,0.82883410698995
0.004550625711035267,0.8288641519071012
0.004550625711035267,0.8289092192828278
0.004550625711035267,0.828939264199979
0.004550625711035267,0.8289542866585545
0.004550625711035267,0.8289843315757057
0.004550625711035267,0.8290143764928568
0.004550625711035267,0.8290744663271591
0.004550625711035267,0.8290894887857346
0.004550625711035267,0.8292397133714904
0.004550625711035267,0.8292998032057927
0.004550625711035267,0.8293148256643682
0.004550625711035267,0.8293448705815194
0.004550625711035267,0.8294049604158217
0.004550625711035267,0.8294199828743972
0.004550625711035267,0.8294500277915484
0.004550625711035267,0.829465050250124
0.004550625711035267,0.829495095167275
0.004550625711035267,0.8295251400844262
0.004550625711035267,0.8295551850015773
0.004550625711035267,0.829570207460153
0.004550625711035267,0.8296302972944553
0.004550625711035267,0.8296453197530308
0.004550625711035267,0.8296903871287575
0.004631886884446611,0.8296903871287575
0.004631886884446611,0.8297054095873331
0.004631886884446611,0.8297654994216354
0.004631886884446611,0.8297955443387864
0.004631886884446611,0.8298105667973621
0.004631886884446611,0.8298406117145132
0.004631886884446611,0.8298706566316644
0.004631886884446611,0.8299607913831177
0.004631886884446611,0.8299908363002689
0.004631886884446611,0.8300509261345712
0.004631886884446611,0.8300659485931468
0.004631886884446611,0.830126038427449
0.004631886884446611,0.8301560833446002
0.004631886884446611,0.8302161731789025
0.004631886884446611,0.8302462180960536
0.004631886884446611,0.8302912854717803
0.004631886884446611,0.8303063079303559
0.004631886884446611,0.8303363528475071
0.004631886884446611,0.8303663977646581
0.004631886884446611,0.8304565325161116
0.004631886884446611,0.8304865774332627
0.004631886884446611,0.8305166223504139
0.004631886884446611,0.830546667267565
0.004713148057857956,0.8305917346432917
0.004713148057857956,0.8306368020190185
0.004713148057857956,0.8306668469361695
0.004713148057857956,0.8306968918533207
0.004713148057857956,0.8307419592290475
0.004713148057857956,0.8308020490633498
0.004713148057857956,0.8308170715219253
0.004713148057857956,0.8308471164390764
0.004713148057857956,0.830862138897652
0.004713148057857956,0.8309372511905299
0.004713148057857956,0.8309522736491054
0.004713148057857956,0.8309973410248321
0.004794409231269299,0.8309973410248321
0.004794409231269299,0.8310123634834077
0.004794409231269299,0.8310874757762855
0.004794409231269299,0.8311475656105878
0.004794409231269299,0.8311926329863145
0.004794409231269299,0.8312226779034657
0.004794409231269299,0.8312677452791923
0.004794409231269299,0.8313278351134947
0.004794409231269299,0.8314179698649481
0.004794409231269299,0.8314630372406748
0.004794409231269299,0.8314780596992504
0.004794409231269299,0.8315081046164016
0.004794409231269299,0.8315832169092794
0.004794409231269299,0.8316132618264305
0.004794409231269299,0.8316282842850061
0.0048756704046806435,0.8316583292021572
0.0048756704046806435,0.831703396577884
0.0048756704046806435,0.8317184190364595
0.0048756704046806435,0.8317785088707618
0.0048756704046806435,0.8318235762464885
0.0048756704046806435,0.831838598705064
0.0048756704046806435,0.8319137109979419
0.0048756704046806435,0.8319287334565175
0.0048756704046806435,0.8319587783736686
0.0048756704046806435,0.8319738008322443
0.0048756704046806435,0.8320038457493953
0.0048756704046806435,0.8320489131251221
0.0048756704046806435,0.8320789580422732
0.0048756704046806435,0.8320939805008488
0.0048756704046806435,0.8321240254179999
0.0048756704046806435,0.8321540703351511
0.0048756704046806435,0.8321991377108777
0.0048756704046806435,0.83225922754518
0.0048756704046806435,0.8323343398380579
0.0048756704046806435,0.8323944296723602
0.0048756704046806435,0.8324094521309358
0.0048756704046806435,0.8324394970480868
0.0048756704046806435,0.8324845644238136
0.0048756704046806435,0.8325446542581159
0.0048756704046806435,0.8326047440924181
0.0048756704046806435,0.8326347890095693
0.0048756704046806435,0.8326948788438716
0.0048756704046806435,0.8327249237610227
0.0048756704046806435,0.832785013595325
0.0048756704046806435,0.8328150585124762
0.0048756704046806435,0.8328751483467784
0.0048756704046806435,0.8329051932639295
0.0048756704046806435,0.8329352381810807
0.0048756704046806435,0.832995328015383
0.0048756704046806435,0.8330854627668364
0.0048756704046806435,0.8331155076839876
0.0048756704046806435,0.8331305301425631
0.0048756704046806435,0.8331605750597143
0.0048756704046806435,0.8331906199768654
0.0048756704046806435,0.8332206648940166
0.0048756704046806435,0.8332807547283189
0.0048756704046806435,0.8332957771868944
0.0048756704046806435,0.8333258221040456
0.0048756704046806435,0.8333708894797722
0.0048756704046806435,0.8334309793140745
0.0048756704046806435,0.8335060916069524
0.0048756704046806435,0.8335511589826791
0.0048756704046806435,0.8335812038998303
0.0048756704046806435,0.833626271275557
0.0048756704046806435,0.8336563161927081
0.0048756704046806435,0.8337164060270104
0.0048756704046806435,0.8337464509441616
0.0048756704046806435,0.8337614734027371
0.0048756704046806435,0.8338065407784638
0.0048756704046806435,0.8338666306127661
0.0048756704046806435,0.8338816530713417
0.0048756704046806435,0.8339267204470684
0.0048756704046806435,0.8339567653642195
0.0048756704046806435,0.834046900115673
0.0048756704046806435,0.834076945032824
0.0048756704046806435,0.8340919674913997
0.0048756704046806435,0.834182102242853
0.0048756704046806435,0.8341971247014286
0.0048756704046806435,0.8342271696185798
0.0048756704046806435,0.8343173043700332
0.0048756704046806435,0.8343323268286088
0.0048756704046806435,0.8343623717457599
0.0048756704046806435,0.8343924166629111
0.0048756704046806435,0.8344825514143644
0.0048756704046806435,0.8345276187900912
0.0048756704046806435,0.8345426412486667
0.0048756704046806435,0.8346327760001202
0.0048756704046806435,0.8346628209172713
0.0048756704046806435,0.8346928658344225
0.0048756704046806435,0.8347529556687248
0.0048756704046806435,0.8347830005858758
0.0048756704046806435,0.8348731353373293
0.0048756704046806435,0.8349031802544804
0.0048756704046806435,0.8349332251716316
0.0048756704046806435,0.8349933150059339
0.0048756704046806435,0.835023359923085
0.0048756704046806435,0.8351585620502652
0.0048756704046806435,0.8352036294259919
0.0048756704046806435,0.8352186518845675
0.0048756704046806435,0.8352486968017185
0.0048756704046806435,0.8353087866360208
0.0048756704046806435,0.8353688764703231
0.0048756704046806435,0.8353838989288987
0.0048756704046806435,0.835443988763201
0.0048756704046806435,0.8354740336803521
0.0048756704046806435,0.8355040785975033
0.004956931578091988,0.8355341235146544
0.004956931578091988,0.8355791908903811
0.004956931578091988,0.8356092358075322
0.004956931578091988,0.8356242582661079
0.004956931578091988,0.835654303183259
0.004956931578091988,0.8356693256418345
0.004956931578091988,0.8356993705589857
0.004956931578091988,0.8357143930175612
0.004956931578091988,0.8357444379347124
0.004956931578091988,0.835789505310439
0.004956931578091988,0.8358195502275902
0.005038192751503331,0.8358495951447414
0.005038192751503331,0.8359096849790437
0.005038192751503331,0.8359397298961948
0.005038192751503331,0.8359547523547703
0.005038192751503331,0.8359998197304971
0.005038192751503331,0.8360148421890726
0.005038192751503331,0.8360448871062238
0.005038192751503331,0.8361049769405261
0.005038192751503331,0.8361951116919795
0.005038192751503331,0.8362401790677062
0.005038192751503331,0.836420448570613
0.005038192751503331,0.8364805384049153
0.005119453924914676,0.8365105833220665
0.005119453924914676,0.8365256057806421
0.00520071509832602,0.8365256057806421
0.00520071509832602,0.8365406282392176
0.00520071509832602,0.8365856956149443
0.00520071509832602,0.8366007180735199
0.00520071509832602,0.8366307629906711
0.00520071509832602,0.8366457854492466
0.00520071509832602,0.8366758303663978
0.00520071509832602,0.8367208977421244
0.00520071509832602,0.8367509426592756
0.00520071509832602,0.8368110324935779
0.00520071509832602,0.836841077410729
0.00520071509832602,0.8368711223278802
0.00520071509832602,0.8369011672450313
0.00520071509832602,0.8369312121621825
0.00520071509832602,0.8369762795379092
0.00520071509832602,0.8370063244550603
0.00520071509832602,0.8370363693722115
0.00520071509832602,0.8370814367479381
0.00520071509832602,0.8371114816650893
0.00520071509832602,0.8371715714993916
0.00520071509832602,0.8372917511679961
0.00520071509832602,0.8373518410022984
0.00520071509832602,0.837366863460874
0.00520071509832602,0.8373969083780252
0.00520071509832602,0.8374119308366007
0.00520071509832602,0.8374569982123274
0.00520071509832602,0.8375170880466297
0.00520071509832602,0.8375471329637808
0.005281976271737364,0.8375471329637808
0.005281976271737364,0.8375621554223565
0.005281976271737364,0.8376222452566587
0.005281976271737364,0.8376372677152343
0.005281976271737364,0.8376673126323854
0.005281976271737364,0.837682335090961
0.005281976271737364,0.8377123800081121
0.005281976271737364,0.8377424249252633
0.005281976271737364,0.8377724698424144
0.005281976271737364,0.8378175372181411
0.005281976271737364,0.8378475821352923
0.005281976271737364,0.8378776270524434
0.005281976271737364,0.8379076719695946
0.005281976271737364,0.8379226944281701
0.005281976271737364,0.8379527393453212
0.005281976271737364,0.8379677618038969
0.005281976271737364,0.837997806721048
0.005281976271737364,0.8380428740967747
0.005281976271737364,0.838102963931077
0.005281976271737364,0.8381630537653793
0.005281976271737364,0.8382231435996815
0.005281976271737364,0.8382832334339838
0.005281976271737364,0.8383283008097105
0.005281976271737364,0.8383433232682861
0.005281976271737364,0.8383733681854372
0.005281976271737364,0.8384034131025884
0.005281976271737364,0.8384334580197396
0.005281976271737364,0.8384785253954662
0.005281976271737364,0.8385386152297685
0.005281976271737364,0.8385836826054952
0.005281976271737364,0.8386137275226464
0.005281976271737364,0.838658794898373
0.005281976271737364,0.8386888398155242
0.005281976271737364,0.8387188847326753
0.005281976271737364,0.8387489296498265
0.005281976271737364,0.838763952108402
0.005281976271737364,0.8388090194841288
0.005281976271737364,0.8388390644012799
0.005281976271737364,0.8389291991527333
0.005281976271737364,0.8390043114456112
0.005281976271737364,0.8390343563627624
0.005281976271737364,0.8390493788213379
0.005281976271737364,0.8390794237384891
0.005281976271737364,0.8390944461970646
0.005281976271737364,0.8391545360313669
0.005281976271737364,0.8391695584899425
0.005363237445148708,0.839184580948518
0.005363237445148708,0.8392296483242447
0.005363237445148708,0.8392596932413959
0.005363237445148708,0.839289738158547
0.005363237445148708,0.8393047606171226
0.005363237445148708,0.8393498279928493
0.005363237445148708,0.8394099178271516
0.005363237445148708,0.8394700076614539
0.005363237445148708,0.8395150750371806
0.005363237445148708,0.8395300974957561
0.005363237445148708,0.8395901873300584
0.005363237445148708,0.839605209788634
0.005363237445148708,0.8396352547057852
0.005363237445148708,0.8396803220815119
0.005363237445148708,0.8397253894572386
0.005363237445148708,0.8397854792915409
0.005363237445148708,0.8398305466672675
0.005363237445148708,0.8398906365015698
0.005363237445148708,0.8399056589601455
0.005363237445148708,0.8399507263358721
0.005363237445148708,0.8399807712530233
0.005363237445148708,0.8399957937115988
0.005363237445148708,0.8400558835459011
0.005363237445148708,0.8400859284630523
0.005363237445148708,0.8401309958387789
0.005363237445148708,0.8401610407559301
0.005363237445148708,0.8401910856730812
0.005363237445148708,0.8402511755073835
0.005363237445148708,0.840341310258837
0.005363237445148708,0.8403713551759882
0.005363237445148708,0.8403863776345637
0.005444498618560052,0.8404014000931392
0.005444498618560052,0.8404164225517148
0.005444498618560052,0.840446467468866
0.005525759791971396,0.840446467468866
0.005525759791971396,0.8404915348445927
0.005525759791971396,0.8405065573031683
0.005525759791971396,0.840551624678895
0.005525759791971396,0.8405816695960461
0.005525759791971396,0.8406718043474996
0.005525759791971396,0.8407168717232262
0.005525759791971396,0.8407769615575285
0.005525759791971396,0.8407919840161041
0.005525759791971396,0.8408220289332552
0.005525759791971396,0.8408370513918307
0.005525759791971396,0.8408670963089819
0.005525759791971396,0.8408821187675575
0.005525759791971396,0.8409121636847087
0.005525759791971396,0.840972253519011
0.005525759791971396,0.8409872759775865
0.005525759791971396,0.8410323433533132
0.005525759791971396,0.84107741072904
0.005525759791971396,0.841107455646191
0.005525759791971396,0.8411375005633422
0.005525759791971396,0.8412276353147956
0.005525759791971396,0.8412727026905223
0.005525759791971396,0.8413027476076734
0.005525759791971396,0.8413177700662491
0.005525759791971396,0.8414079048177024
0.005525759791971396,0.8414379497348536
0.005525759791971396,0.8414529721934292
0.005525759791971396,0.8414830171105803
0.005525759791971396,0.841528084486307
0.005525759791971396,0.8415731518620337
0.005525759791971396,0.8416031967791849
0.005525759791971396,0.8416632866134872
0.005525759791971396,0.8416933315306383
0.005525759791971396,0.8417233764477895
0.00560702096538274,0.8417233764477895
0.00560702096538274,0.8417684438235161
0.00560702096538274,0.8418135111992429
0.00560702096538274,0.841843556116394
0.00560702096538274,0.8418736010335451
0.00560702096538274,0.8419336908678474
0.00560702096538274,0.8419937807021497
0.00560702096538274,0.8420238256193009
0.00560702096538274,0.8420688929950275
0.00560702096538274,0.8420839154536032
0.00560702096538274,0.8421139603707543
0.00560702096538274,0.8421440052879055
0.00560702096538274,0.8422040951222077
0.00560702096538274,0.84226418495651
0.00560702096538274,0.8423092523322367
0.00560702096538274,0.8423392972493878
0.00560702096538274,0.842369342166539
0.00560702096538274,0.8423843646251146
0.005688282138794084,0.8423843646251146
0.005688282138794084,0.8424294320008413
0.005688282138794084,0.8424444544594168
0.005688282138794084,0.8424744993765679
0.005688282138794084,0.8425045442937191
0.005688282138794084,0.8425345892108702
0.005688282138794084,0.8425946790451725
0.005688282138794084,0.8426397464208992
0.005688282138794084,0.8426697913380504
0.005688282138794084,0.8426998362552015
0.005688282138794084,0.8427599260895038
0.005688282138794084,0.8428350383823816
0.005688282138794084,0.842895128216684
0.005688282138794084,0.8429552180509863
0.005688282138794084,0.8430002854267129
0.005688282138794084,0.8430603752610152
0.005688282138794084,0.8431505100124687
0.005688282138794084,0.8431805549296197
0.005688282138794084,0.8432105998467709
0.005688282138794084,0.8432556672224977
0.005688282138794084,0.8432857121396488
0.005688282138794084,0.843345801973951
0.005688282138794084,0.8434659816425556
0.005688282138794084,0.8435110490182823
0.005688282138794084,0.8435410939354335
0.005688282138794084,0.8436612736040381
0.005688282138794084,0.8436913185211892
0.005688282138794084,0.843766430814067
0.005688282138794084,0.8437964757312182
0.005688282138794084,0.8438114981897937
0.005688282138794084,0.843871588024096
0.005688282138794084,0.8439316778583983
0.005688282138794084,0.8439917676927006
0.005688282138794084,0.8440368350684273
0.005688282138794084,0.8440668799855784
0.005688282138794084,0.8441269698198807
0.005688282138794084,0.8441720371956074
0.005688282138794084,0.8441870596541831
0.005688282138794084,0.8442171045713341
0.005688282138794084,0.8442321270299097
0.005688282138794084,0.844292216864212
0.005688282138794084,0.8443823516156654
0.005688282138794084,0.8444274189913922
0.005688282138794084,0.8444574639085433
0.005769543312205428,0.8444574639085433
0.005769543312205428,0.8444875088256945
0.005769543312205428,0.8445626211185723
0.005769543312205428,0.8445776435771478
0.005769543312205428,0.844607688494299
0.005850804485616773,0.844607688494299
0.005850804485616773,0.8446677783286013
0.005850804485616773,0.8447128457043279
0.005850804485616773,0.8447428906214791
0.005850804485616773,0.8447879579972059
0.005850804485616773,0.8448180029143569
0.005850804485616773,0.8448480478315081
0.005850804485616773,0.8448780927486592
0.005850804485616773,0.8449081376658104
0.005850804485616773,0.8449682275001127
0.005850804485616773,0.8449982724172638
0.005850804485616773,0.845028317334415
0.005850804485616773,0.8451034296272928
0.005850804485616773,0.8451635194615951
0.005850804485616773,0.8452536542130485
0.005850804485616773,0.8452686766716241
0.005850804485616773,0.8452987215887752
0.005850804485616773,0.8453588114230774
0.005850804485616773,0.8454339237159554
0.005850804485616773,0.8454789910916821
0.005850804485616773,0.8455090360088332
0.005850804485616773,0.8455541033845599
0.005850804485616773,0.8455691258431355
0.005850804485616773,0.8456141932188622
0.005850804485616773,0.8456292156774378
0.005850804485616773,0.8457493953460423
0.005850804485616773,0.8457644178046179
0.005850804485616773,0.8458845974732224
0.005850804485616773,0.8459296648489492
0.005850804485616773,0.8459597097661004
0.005850804485616773,0.8460197996004026
0.005850804485616773,0.8460348220589782
0.005850804485616773,0.8460949118932805
0.005850804485616773,0.8461550017275827
0.005850804485616773,0.8461850466447339
0.005850804485616773,0.8462751813961873
0.005850804485616773,0.8462902038547628
0.005850804485616773,0.8463803386062163
0.005850804485616773,0.846425405981943
0.005850804485616773,0.8464554508990941
0.005850804485616773,0.8465005182748209
0.005850804485616773,0.8465155407333964
0.005850804485616773,0.8465756305676987
0.005850804485616773,0.8466206979434254
0.005850804485616773,0.8466507428605765
0.005850804485616773,0.8466657653191522
0.005850804485616773,0.84674087761203
0.005850804485616773,0.8467709225291812
0.005850804485616773,0.8468009674463323
0.005850804485616773,0.8468159899049078
0.005850804485616773,0.8468610572806345
0.005850804485616773,0.8468760797392101
0.005850804485616773,0.8469061246563613
0.005850804485616773,0.8469361695735124
0.005850804485616773,0.8469662144906636
0.005850804485616773,0.8469812369492391
0.005932065659028116,0.8470713717006926
0.005932065659028116,0.8471164390764192
0.005932065659028116,0.8471765289107215
0.005932065659028116,0.8472215962864482
0.005932065659028116,0.8472366187450238
0.005932065659028116,0.8472816861207505
0.005932065659028116,0.847296708579326
0.0060133268324394605,0.8473267534964772
0.0060133268324394605,0.847371820872204
0.0060133268324394605,0.8474018657893551
0.0060133268324394605,0.8474469331650818
0.0060133268324394605,0.8474619556236573
0.0060133268324394605,0.8475220454579596
0.0060133268324394605,0.8475671128336864
0.0060133268324394605,0.8476121802094131
0.0060133268324394605,0.8476422251265642
0.0060133268324394605,0.8476872925022909
0.0060133268324394605,0.8477323598780176
0.0060133268324394605,0.8477624047951687
0.0060133268324394605,0.8478525395466222
0.0060133268324394605,0.8478825844637733
0.0060133268324394605,0.8479576967566512
0.0060133268324394605,0.8479877416738023
0.0060133268324394605,0.8480177865909535
0.0060133268324394605,0.848032809049529
0.0060133268324394605,0.8480628539666802
0.0060133268324394605,0.8481229438009825
0.0060133268324394605,0.8481529887181336
0.0060133268324394605,0.8481830336352848
0.006094588005850805,0.8481830336352848
0.006094588005850805,0.8482281010110114
0.006094588005850805,0.8482431234695871
0.006094588005850805,0.8482881908453137
0.006094588005850805,0.8483182357624649
0.006094588005850805,0.848348280679616
0.006094588005850805,0.8484233929724939
0.006094588005850805,0.8484384154310695
0.006094588005850805,0.8485285501825228
0.006094588005850805,0.848558595099674
0.006094588005850805,0.8485736175582496
0.006094588005850805,0.8486937972268541
0.006094588005850805,0.8487088196854298
0.006094588005850805,0.8487388646025809
0.006094588005850805,0.8487538870611564
0.006094588005850805,0.8487839319783076
0.006094588005850805,0.8487989544368831
0.006094588005850805,0.8488289993540343
0.006094588005850805,0.8489191341054877
0.006094588005850805,0.8489491790226389
0.006094588005850805,0.8490092688569412
0.006094588005850805,0.8490393137740923
0.006094588005850805,0.8491294485255457
0.006094588005850805,0.8492195832769991
0.006094588005850805,0.8492496281941503
0.006094588005850805,0.8492646506527258
0.006175849179262148,0.8492646506527258
0.006175849179262148,0.8492796731113014
0.006175849179262148,0.8493698078627548
0.006175849179262148,0.8493848303213304
0.006175849179262148,0.8494148752384816
0.006175849179262148,0.8494749650727839
0.006175849179262148,0.849505009989935
0.006175849179262148,0.8495650998242372
0.006175849179262148,0.8495951447413884
0.006175849179262148,0.849610167199964
0.006175849179262148,0.8496552345756907
0.006175849179262148,0.849715324409993
0.006175849179262148,0.8497303468685685
0.006175849179262148,0.8497754142442953
0.006175849179262148,0.8497904367028708
0.006175849179262148,0.8498355040785975
0.006175849179262148,0.8498655489957486
0.006257110352673493,0.8498805714543242
0.006257110352673493,0.8499256388300509
0.006257110352673493,0.8499556837472021
0.006257110352673493,0.8500908858743822
0.006257110352673493,0.8501209307915334
0.006257110352673493,0.85016599816726
0.006257110352673493,0.8501960430844112
0.006257110352673493,0.8502260880015623
0.006257110352673493,0.8502861778358646
0.006257110352673493,0.8503162227530158
0.006257110352673493,0.8503612901287425
0.006257110352673493,0.850376312587318
0.006257110352673493,0.8504514248801959
0.006257110352673493,0.8506166719245272
0.006257110352673493,0.850691784217405
0.006257110352673493,0.8507068066759806
0.006257110352673493,0.8507668965102829
0.006257110352673493,0.8508119638860095
0.006257110352673493,0.8508420088031607
0.006257110352673493,0.8508870761788875
0.006257110352673493,0.8509471660131898
0.006257110352673493,0.8509621884717653
0.006257110352673493,0.8509922333889164
0.006257110352673493,0.85121757026755
0.006257110352673493,0.8512926825604279
0.006257110352673493,0.8513077050190034
0.006257110352673493,0.8513377499361545
0.006257110352673493,0.8513978397704568
0.006257110352673493,0.8514429071461835
0.006257110352673493,0.8514729520633347
0.006257110352673493,0.851533041897637
0.006257110352673493,0.8515630868147881
0.006257110352673493,0.8515931317319393
0.006257110352673493,0.8516381991076659
0.006257110352673493,0.8516682440248171
0.006257110352673493,0.8516832664833927
0.006257110352673493,0.8517133114005438
0.006257110352673493,0.8517583787762705
0.006257110352673493,0.8517884236934217
0.006257110352673493,0.8518034461519972
0.006338371526084837,0.8518034461519972
0.006338371526084837,0.8518334910691484
0.006338371526084837,0.851953670737753
0.006338371526084837,0.851983715654904
0.006338371526084837,0.8519987381134797
0.006338371526084837,0.8520438054892063
0.006338371526084837,0.852058827947782
0.006338371526084837,0.8521038953235086
0.006338371526084837,0.8521339402406598
0.006338371526084837,0.8521639851578109
0.006338371526084837,0.8522090525335376
0.006338371526084837,0.8522390974506888
0.006338371526084837,0.8522841648264154
0.00641963269949618,0.8522991872849911
0.00641963269949618,0.8523142097435666
0.00641963269949618,0.8523592771192934
0.00641963269949618,0.8524343894121712
0.00641963269949618,0.8524644343293223
0.006500893872907525,0.8524644343293223
0.006500893872907525,0.8524794567878979
0.006500893872907525,0.8525695915393513
0.006582155046318869,0.8525695915393513
0.006582155046318869,0.8525996364565025
0.006582155046318869,0.852614658915078
0.006582155046318869,0.8526447038322292
0.006582155046318869,0.8526897712079559
0.006582155046318869,0.852719816125107
0.006582155046318869,0.8527348385836826
0.006582155046318869,0.8527648835008338
0.006582155046318869,0.8527799059594093
0.006663416219730213,0.8528249733351361
0.006663416219730213,0.8528700407108627
0.006663416219730213,0.8528850631694384
0.006663416219730213,0.8529751979208917
0.006663416219730213,0.8530202652966185
0.006663416219730213,0.8530503102137695
0.006663416219730213,0.8531104000480718
0.006663416219730213,0.853140444965223
0.006663416219730213,0.8531855123409497
0.006663416219730213,0.8532005347995253
0.006663416219730213,0.8532305797166765
0.006663416219730213,0.8532756470924031
0.006663416219730213,0.8533056920095543
0.006663416219730213,0.8533958267610077
0.006663416219730213,0.8534408941367344
0.006663416219730213,0.8535310288881879
0.006663416219730213,0.853666231015368
0.006663416219730213,0.8536962759325191
0.006663416219730213,0.8537112983910947
0.006663416219730213,0.8538014331425481
0.006663416219730213,0.8538314780596993
0.006663416219730213,0.8538615229768504
0.006663416219730213,0.8539216128111526
0.006663416219730213,0.8539366352697283
0.006663416219730213,0.8539817026454549
0.006663416219730213,0.8540117475626061
0.006663416219730213,0.8540568149383329
0.006663416219730213,0.8541319272312107
0.006663416219730213,0.854192017065513
0.006663416219730213,0.8542521068998152
0.006663416219730213,0.854297174275542
0.006663416219730213,0.854327219192693
0.006663416219730213,0.8543422416512686
0.006663416219730213,0.8543722865684198
0.006663416219730213,0.8544173539441465
0.006663416219730213,0.8544473988612976
0.006663416219730213,0.8544774437784488
0.006663416219730213,0.8545375336127511
0.006663416219730213,0.8545675785299022
0.006663416219730213,0.8545826009884778
0.006663416219730213,0.8546126459056289
0.006663416219730213,0.8546276683642045
0.006663416219730213,0.8546727357399312
0.006663416219730213,0.8546877581985067
0.006663416219730213,0.8547328255742335
0.006663416219730213,0.8547628704913847
0.006663416219730213,0.8548079378671113
0.006663416219730213,0.8548229603256869
0.006663416219730213,0.854853005242838
0.006663416219730213,0.8548680277014136
0.006663416219730213,0.8549130950771403
0.006663416219730213,0.8549882073700181
0.006663416219730213,0.8550482972043204
0.006663416219730213,0.8551384319557739
0.006663416219730213,0.8552285667072274
0.006663416219730213,0.8552435891658029
0.006663416219730213,0.8553036790001052
0.006663416219730213,0.8553487463758319
0.006663416219730213,0.8553938137515585
0.006663416219730213,0.8554388811272853
0.006663416219730213,0.855483948503012
0.006663416219730213,0.8554989709615876
0.006744677393141557,0.8555139934201631
0.006744677393141557,0.855589105713041
0.006744677393141557,0.8556341730887677
0.006744677393141557,0.8556491955473433
0.006744677393141557,0.855799420133099
0.006744677393141557,0.8558444875088257
0.006744677393141557,0.8559346222602792
0.006744677393141557,0.8560548019288837
0.006744677393141557,0.8560848468460348
0.006744677393141557,0.8562350714317906
0.006744677393141557,0.8562801388075172
0.006744677393141557,0.8563101837246684
0.006744677393141557,0.8563402286418195
0.006744677393141557,0.8563702735589707
0.006744677393141557,0.8564003184761217
0.006744677393141557,0.8564904532275752
0.006825938566552901,0.8564904532275752
0.006825938566552901,0.8565505430618775
0.006825938566552901,0.8565956104376042
0.006825938566552901,0.8566106328961798
0.006825938566552901,0.8566707227304821
0.006825938566552901,0.8567308125647843
0.006825938566552901,0.8567608574819355
0.006825938566552901,0.8567909023990866
0.006825938566552901,0.8568209473162378
0.006825938566552901,0.8568359697748134
0.006825938566552901,0.8570012168191447
0.006825938566552901,0.8570613066534469
0.006825938566552901,0.857091351570598
0.006825938566552901,0.8571213964877492
0.006825938566552901,0.8572265536977782
0.006907199739964245,0.8572265536977782
0.006907199739964245,0.8572415761563538
0.006907199739964245,0.857301665990656
0.006907199739964245,0.8573317109078071
0.006907199739964245,0.8573767782835339
0.006907199739964245,0.8574368681178361
0.006907199739964245,0.8574518905764117
0.006907199739964245,0.8575420253278652
0.006907199739964245,0.8575570477864407
0.006907199739964245,0.8576021151621674
0.006907199739964245,0.8576321600793185
0.006907199739964245,0.8576922499136208
0.006907199739964245,0.8577072723721965
0.006988460913375589,0.857722294830772
0.006988460913375589,0.8577373172893475
0.006988460913375589,0.8577673622064987
0.006988460913375589,0.8577823846650743
0.006988460913375589,0.857827452040801
0.006988460913375589,0.8578574969579521
0.006988460913375589,0.8579626541679811
0.006988460913375589,0.8579926990851323
0.006988460913375589,0.8580077215437079
0.006988460913375589,0.8580377664608589
0.006988460913375589,0.8580678113780101
0.006988460913375589,0.8580978562951612
0.006988460913375589,0.8581579461294635
0.006988460913375589,0.8582030135051902
0.006988460913375589,0.8582180359637658
0.006988460913375589,0.8582631033394925
0.006988460913375589,0.8582781257980681
0.006988460913375589,0.8583081707152193
0.006988460913375589,0.8583682605495215
0.006988460913375589,0.8583983054666727
0.006988460913375589,0.858458395300975
0.006988460913375589,0.8584734177595505
0.006988460913375589,0.8585335075938528
0.007069722086786933,0.8585785749695796
0.007069722086786933,0.8586236423453062
0.007069722086786933,0.8586536872624574
0.007069722086786933,0.8587137770967597
0.007069722086786933,0.8587438220139108
0.007069722086786933,0.858773866931062
0.007069722086786933,0.8588339567653642
0.0071509832601982775,0.8588339567653642
0.0071509832601982775,0.858879024141091
0.0071509832601982775,0.858909069058242
0.0071509832601982775,0.8590592936439978
0.0071509832601982775,0.8590893385611489
0.0071509832601982775,0.8591344059368756
0.0071509832601982775,0.8591794733126024
0.0071509832601982775,0.8592095182297534
0.0071509832601982775,0.8592395631469046
0.0071509832601982775,0.8593146754397825
0.0071509832601982775,0.8593747652740847
0.0071509832601982775,0.8593897877326603
0.0071509832601982775,0.8594198326498115
0.0071509832601982775,0.8594498775669626
0.0071509832601982775,0.8594799224841138
0.0071509832601982775,0.8594949449426893
0.0071509832601982775,0.8595249898598405
0.0071509832601982775,0.8595700572355671
0.0071509832601982775,0.8596001021527183
0.0071509832601982775,0.8596752144455961
0.0071509832601982775,0.8597052593627473
0.0071509832601982775,0.8597353042798984
0.0071509832601982775,0.8597653491970496
0.0071509832601982775,0.8599155737828053
0.0071509832601982775,0.8599456186999564
0.0071509832601982775,0.8600507759099855
0.0071509832601982775,0.8600958432857121
0.0071509832601982775,0.86017095557859
0.0071509832601982775,0.8602010004957411
0.0071509832601982775,0.8603211801643457
0.0071509832601982775,0.8603512250814969
0.0071509832601982775,0.8604263373743747
0.0071509832601982775,0.8604563822915259
0.0071509832601982775,0.8605014496672525
0.0071509832601982775,0.8605314945844037
0.0071509832601982775,0.860591584418706
0.0071509832601982775,0.8606216293358571
0.0071509832601982775,0.8606666967115838
0.0071509832601982775,0.8606817191701593
0.0071509832601982775,0.8607117640873105
0.0071509832601982775,0.8607568314630373
0.0071509832601982775,0.8607868763801884
0.0071509832601982775,0.8608169212973396
0.0071509832601982775,0.8608469662144906
0.0071509832601982775,0.8608920335902174
0.0071509832601982775,0.8609070560487929
0.0071509832601982775,0.8609671458830952
0.0071509832601982775,0.8609821683416709
0.0071509832601982775,0.8610122132588219
0.0071509832601982775,0.8610422581759731
0.0071509832601982775,0.8611323929274265
0.0071509832601982775,0.8611924827617288
0.0071509832601982775,0.86122252767888
0.0071509832601982775,0.861252572596031
0.0071509832601982775,0.8612976399717578
0.0071509832601982775,0.8613276848889089
0.0071509832601982775,0.8613877747232112
0.0071509832601982775,0.8614178196403623
0.0071509832601982775,0.8614478645575134
0.0071509832601982775,0.8614929319332402
0.0071509832601982775,0.8615379993089669
0.0071509832601982775,0.8615980891432692
0.0071509832601982775,0.8616882238947227
0.0071509832601982775,0.8617332912704493
0.0071509832601982775,0.8617633361876005
0.0071509832601982775,0.8617933811047516
0.0071509832601982775,0.8618684933976295
0.0071509832601982775,0.8619285832319318
0.0071509832601982775,0.8619586281490829
0.0071509832601982775,0.8620036955248096
0.0071509832601982775,0.8620487629005363
0.0071509832601982775,0.8620788078176874
0.0071509832601982775,0.8621238751934142
0.0071509832601982775,0.8621539201105652
0.0071509832601982775,0.8621839650277164
0.0071509832601982775,0.8622290324034432
0.0071509832601982775,0.8622440548620187
0.0071509832601982775,0.8622740997791699
0.0071509832601982775,0.8623191671548965
0.0071509832601982775,0.86240930190635
0.0071509832601982775,0.8624243243649256
0.0071509832601982775,0.8624543692820767
0.0071509832601982775,0.8624994366578034
0.0071509832601982775,0.8626947286192859
0.0071509832601982775,0.8627397959950125
0.0071509832601982775,0.8627998858293148
0.0071509832601982775,0.8628599756636172
0.007232244433609621,0.862935087956495
0.007232244433609621,0.8630102002493728
0.007232244433609621,0.8630552676250995
0.007232244433609621,0.8630853125422506
0.007232244433609621,0.8631003350008263
0.007313505607020965,0.8631003350008263
0.007313505607020965,0.8631153574594018
0.007313505607020965,0.8631604248351286
0.007313505607020965,0.8631904697522796
0.007313505607020965,0.8632355371280064
0.007313505607020965,0.8632655820451575
0.007313505607020965,0.8632956269623087
0.007313505607020965,0.8633406943380354
0.007313505607020965,0.8633707392551865
0.007313505607020965,0.8634158066309132
0.007313505607020965,0.8634458515480643
0.007313505607020965,0.8635510087580933
0.007313505607020965,0.8636261210509713
0.007313505607020965,0.8636711884266979
0.007313505607020965,0.8637613231781514
0.007313505607020965,0.8637913680953024
0.007313505607020965,0.8638364354710292
0.007313505607020965,0.863911547763907
0.007313505607020965,0.8640016825153605
0.007313505607020965,0.8640767948082383
0.007313505607020965,0.8641669295596918
0.007313505607020965,0.864227019393994
0.007313505607020965,0.8642871092282963
0.007313505607020965,0.8643471990625986
0.007313505607020965,0.8643772439797497
0.007313505607020965,0.8644223113554764
0.007313505607020965,0.8644824011897787
0.007313505607020965,0.8645575134826565
0.007313505607020965,0.8646176033169588
0.007313505607020965,0.8646776931512611
0.007313505607020965,0.8647077380684123
0.007313505607020965,0.8647377829855634
0.007313505607020965,0.8647678279027146
0.007313505607020965,0.8648128952784413
0.007313505607020965,0.8649631198641969
0.007313505607020965,0.8649931647813481
0.007313505607020965,0.8650532546156504
0.007313505607020965,0.8651133444499527
0.007313505607020965,0.8651584118256794
0.007313505607020965,0.8652185016599817
0.007313505607020965,0.8652335241185573
0.007313505607020965,0.8652635690357083
0.007313505607020965,0.8653086364114351
0.007313505607020965,0.8653687262457374
0.007313505607020965,0.8653837487043129
0.007313505607020965,0.8654438385386153
0.007313505607020965,0.8654588609971908
0.007313505607020965,0.8655489957486442
0.007313505607020965,0.8656841978758244
0.007313505607020965,0.8657142427929755
0.007313505607020965,0.8657593101687022
0.007313505607020965,0.8658194000030045
0.00739476678043231,0.8658494449201556
0.00739476678043231,0.8658644673787312
0.00739476678043231,0.8658945122958823
0.007476027953843654,0.8658945122958823
0.007476027953843654,0.8659245572130335
0.007476027953843654,0.8659696245887601
0.007476027953843654,0.8660297144230624
0.007476027953843654,0.8660747817987892
0.007476027953843654,0.8661348716330914
0.007476027953843654,0.8661498940916671
0.007476027953843654,0.8661799390088182
0.007476027953843654,0.8663151411359983
0.007476027953843654,0.8663451860531495
0.007476027953843654,0.8663902534288762
0.007476027953843654,0.8664052758874518
0.007476027953843654,0.8664353208046028
0.007476027953843654,0.8664954106389051
0.007476027953843654,0.8665254555560563
0.007476027953843654,0.8665404780146319
0.007476027953843654,0.866570522931783
0.007476027953843654,0.8666005678489341
0.007476027953843654,0.8667207475175387
0.007476027953843654,0.8667658148932654
0.007476027953843654,0.8667958598104166
0.007476027953843654,0.8668259047275677
0.007476027953843654,0.8668559496447189
0.007476027953843654,0.8669010170204455
0.007476027953843654,0.8669460843961723
0.007476027953843654,0.8670061742304745
0.007476027953843654,0.8670362191476257
0.007476027953843654,0.8670512416062013
0.007476027953843654,0.867096308981928
0.007476027953843654,0.8671263538990791
0.007476027953843654,0.8672164886505326
0.007476027953843654,0.8672615560262592
0.007476027953843654,0.8673216458605615
0.007476027953843654,0.8673667132362882
0.007557289127254997,0.8673667132362882
0.007557289127254997,0.8674268030705905
0.007557289127254997,0.8674568479877417
0.007557289127254997,0.8675019153634684
0.007557289127254997,0.867516937822044
0.007557289127254997,0.8675469827391951
0.007557289127254997,0.8676070725734973
0.007557289127254997,0.8676371174906485
0.007557289127254997,0.8676821848663753
0.007557289127254997,0.8676972073249508
0.007557289127254997,0.8677422747006776
0.007557289127254997,0.8677572971592531
0.007557289127254997,0.8678324094521309
0.007557289127254997,0.8678924992864332
0.007557289127254997,0.8679525891207355
0.007557289127254997,0.868042723872189
0.007557289127254997,0.8680877912479157
0.007557289127254997,0.8681328586236423
0.007557289127254997,0.8681629035407935
0.007557289127254997,0.8682380158336713
0.007557289127254997,0.8682530382922469
0.007557289127254997,0.8683131281265491
0.007557289127254997,0.8683882404194271
0.007557289127254997,0.8684182853365782
0.007557289127254997,0.8684483302537294
0.007557289127254997,0.8684783751708804
0.007557289127254997,0.8685084200880316
0.007557289127254997,0.8685384650051827
0.007557289127254997,0.8686586446737873
0.007557289127254997,0.8686886895909385
0.007557289127254997,0.8687487794252408
0.007557289127254997,0.8687788243423918
0.007557289127254997,0.8687938468009675
0.007557289127254997,0.8688238917181186
0.007557289127254997,0.868914026469572
0.007557289127254997,0.8689440713867231
0.007557289127254997,0.8689590938452987
0.007557289127254997,0.8689891387624499
0.007557289127254997,0.8690342061381766
0.007638550300666342,0.8690342061381766
0.007638550300666342,0.86912434088963
0.007638550300666342,0.8691844307239323
0.007638550300666342,0.8692144756410835
0.007638550300666342,0.8692445205582345
0.007638550300666342,0.8692745654753857
0.007638550300666342,0.8693046103925368
0.007638550300666342,0.8693947451439903
0.007638550300666342,0.8694247900611414
0.007638550300666342,0.8694698574368681
0.007638550300666342,0.8695299472711704
0.007638550300666342,0.8696801718569261
0.007638550300666342,0.8697102167740772
0.007638550300666342,0.869755284149804
0.007638550300666342,0.869785329066955
0.007638550300666342,0.8698303964426818
0.007638550300666342,0.869860441359833
0.007638550300666342,0.8699205311941353
0.007638550300666342,0.869965598569862
0.007638550300666342,0.8699806210284375
0.007638550300666342,0.8700407108627398
0.007638550300666342,0.8701909354484955
0.007638550300666342,0.8702209803656467
0.007638550300666342,0.8702360028242222
0.007638550300666342,0.8702810701999489
0.007638550300666342,0.8703411600342512
0.007638550300666342,0.8703712049514023
0.007638550300666342,0.870416272327129
0.007638550300666342,0.8704763621614313
0.007638550300666342,0.8705364519957336
0.007638550300666342,0.8705815193714603
0.007719811474077686,0.8705965418300359
0.007719811474077686,0.8706265867471871
0.007719811474077686,0.8706866765814893
0.007719811474077686,0.8707016990400649
0.007719811474077686,0.8707317439572161
0.007719811474077686,0.8708519236258206
0.007719811474077686,0.8709120134601229
0.007719811474077686,0.8709570808358496
0.007719811474077686,0.8710171706701518
0.007719811474077686,0.8710321931287275
0.007719811474077686,0.8710622380458786
0.007719811474077686,0.8712575300073611
0.007719811474077686,0.8713176198416633
0.007719811474077686,0.8713476647588144
0.0078010726474890294,0.87136268721739
0.0078010726474890294,0.8714077545931167
0.0078010726474890294,0.8714377995102679
0.0078010726474890294,0.8714978893445702
0.0078010726474890294,0.8715880240960235
0.0078010726474890294,0.8716180690131747
0.0078010726474890294,0.871678158847477
0.0078010726474890294,0.8717232262232036
0.0078010726474890294,0.8717682935989304
0.0078010726474890294,0.8717983385160816
0.0078010726474890294,0.8718283834332327
0.0078010726474890294,0.8718434058918082
0.0078010726474890294,0.8718734508089594
0.0078010726474890294,0.8719034957261106
0.0078010726474890294,0.8719335406432617
0.0078010726474890294,0.871993630477564
0.0078010726474890294,0.8720386978532907
0.0078010726474890294,0.872098787687593
0.0078010726474890294,0.872128832604744
0.0078010726474890294,0.8721588775218952
0.0078010726474890294,0.8721889224390463
0.0078010726474890294,0.8722940796490753
0.0078010726474890294,0.8723241245662265
0.0078010726474890294,0.8723691919419532
0.0078010726474890294,0.8724142593176799
0.0078010726474890294,0.8724443042348311
0.0078010726474890294,0.8725043940691334
0.0078010726474890294,0.8725344389862845
0.0078010726474890294,0.8725644839034357
0.0078010726474890294,0.8725945288205867
0.0078010726474890294,0.872654618654889
0.0078010726474890294,0.8726846635720402
0.0078010726474890294,0.8727147084891913
0.0078010726474890294,0.872759775864918
0.007882333820900374,0.872759775864918
0.007882333820900374,0.8728348881577959
0.007882333820900374,0.8728949779920981
0.007882333820900374,0.8729100004506738
0.007882333820900374,0.8729550678264004
0.007882333820900374,0.8729851127435516
0.007882333820900374,0.8730452025778539
0.007963594994311717,0.8730602250364294
0.007963594994311717,0.8730902699535806
0.007963594994311717,0.8731353373293073
0.007963594994311717,0.8731653822464585
0.007963594994311717,0.8732104496221852
0.007963594994311717,0.8732404945393363
0.007963594994311717,0.8733156068322142
0.007963594994311717,0.8733456517493653
0.007963594994311717,0.8734057415836676
0.007963594994311717,0.873495876335121
0.007963594994311717,0.8735409437108477
0.007963594994311717,0.8735709886279989
0.007963594994311717,0.8736461009208767
0.007963594994311717,0.8736761458380279
0.007963594994311717,0.8737212132137545
0.007963594994311717,0.8737813030480568
0.007963594994311717,0.8738263704237835
0.007963594994311717,0.8738564153409347
0.007963594994311717,0.8739014827166615
0.007963594994311717,0.8739615725509637
0.007963594994311717,0.8740667297609926
0.007963594994311717,0.8741117971367194
0.007963594994311717,0.8741718869710217
0.007963594994311717,0.8742469992638995
0.007963594994311717,0.8743070890982018
0.007963594994311717,0.8743521564739285
0.007963594994311717,0.8743822013910797
0.007963594994311717,0.8744573136839575
0.008044856167723062,0.8744573136839575
0.008044856167723062,0.8744723361425331
0.008044856167723062,0.8745624708939865
0.008044856167723062,0.8745925158111376
0.008044856167723062,0.8746225607282888
0.008044856167723062,0.8746676281040155
0.008126117341134406,0.8746676281040155
0.008126117341134406,0.8746826505625911
0.008126117341134406,0.8747126954797422
0.008126117341134406,0.8747878077726201
0.008126117341134406,0.8748178526897712
0.008126117341134406,0.8748328751483467
0.008126117341134406,0.8748629200654979
0.00820737851454575,0.8748629200654979
0.00820737851454575,0.874892964982649
0.00820737851454575,0.8749530548169513
0.00820737851454575,0.8750131446512536
0.00820737851454575,0.8750582120269803
0.00820737851454575,0.8751183018612826
0.00820737851454575,0.8751333243198582
0.00820737851454575,0.8751633692370093
0.00820737851454575,0.8752084366127361
0.00820737851454575,0.8752535039884628
0.00820737851454575,0.8752985713641894
0.00820737851454575,0.8753436387399162
0.00820737851454575,0.8754037285742184
0.00820737851454575,0.8754337734913696
0.00820737851454575,0.8754638184085207
0.00820737851454575,0.8755839980771253
0.00820737851454575,0.8756140429942765
0.00820737851454575,0.875629065452852
0.00820737851454575,0.8756891552871543
0.00820737851454575,0.875734222662881
0.008288639687957094,0.8757792900386078
0.008288639687957094,0.87583937987291
0.008288639687957094,0.8758694247900611
0.008288639687957094,0.8758994697072123
0.008288639687957094,0.8759295146243634
0.008288639687957094,0.8759896044586657
0.008288639687957094,0.8760346718343924
0.008288639687957094,0.8761248065858458
0.008288639687957094,0.876154851502997
0.008288639687957094,0.8761848964201481
0.008288639687957094,0.8762149413372993
0.008369900861368438,0.8762149413372993
0.008369900861368438,0.8762449862544504
0.008369900861368438,0.8762750311716015
0.008369900861368438,0.8764252557573573
0.008369900861368438,0.8764553006745084
0.008369900861368438,0.8765153905088107
0.008369900861368438,0.876575480343113
0.008369900861368438,0.8766505926359908
0.008369900861368438,0.876680637553142
0.008369900861368438,0.8766956600117175
0.008369900861368438,0.8767257049288687
0.008369900861368438,0.876785794763171
0.008369900861368438,0.8768308621388976
0.008369900861368438,0.8768759295146243
0.008369900861368438,0.8768909519731999
0.008369900861368438,0.8769510418075022
0.008369900861368438,0.8770411765589556
0.008369900861368438,0.8771012663932579
0.008369900861368438,0.8771162888518335
0.008369900861368438,0.8771463337689847
0.008369900861368438,0.8771613562275602
0.008369900861368438,0.8771914011447114
0.008369900861368438,0.8772815358961648
0.008369900861368438,0.877341625730467
0.008369900861368438,0.8773566481890426
0.008369900861368438,0.8773866931061938
0.008451162034779781,0.8773866931061938
0.008451162034779781,0.877446782940496
0.008451162034779781,0.8774768278576471
0.008451162034779781,0.8775068727747983
0.008451162034779781,0.8775369176919494
0.008451162034779781,0.8775519401505251
0.008532423208191127,0.8775669626091006
0.008532423208191127,0.8776270524434029
0.008532423208191127,0.8776570973605541
0.008532423208191127,0.8776721198191296
0.008532423208191127,0.8777021647362807
0.008532423208191127,0.8777171871948564
0.008532423208191127,0.8777472321120074
0.008532423208191127,0.8777772770291586
0.008532423208191127,0.8778073219463097
0.008532423208191127,0.8779124791563387
0.008532423208191127,0.8779425240734898
0.008532423208191127,0.8780176363663678
0.008532423208191127,0.8780476812835188
0.008532423208191127,0.8781378160349723
0.008532423208191127,0.8781678609521234
0.008532423208191127,0.878288040620728
0.008532423208191127,0.8783180855378792
0.008532423208191127,0.8783331079964547
0.008532423208191127,0.8783631529136059
0.008532423208191127,0.878393197830757
0.008532423208191127,0.8784232427479082
0.008532423208191127,0.878498355040786
0.00861368438160247,0.878498355040786
0.00861368438160247,0.878603512250815
0.00861368438160247,0.8786485796265416
0.00861368438160247,0.8786636020851173
0.00861368438160247,0.8787837817537218
0.00861368438160247,0.8787988042122974
0.00861368438160247,0.8788288491294485
0.00861368438160247,0.8788438715880241
0.00861368438160247,0.8788739165051752
0.00861368438160247,0.8789039614223264
0.00861368438160247,0.8789340063394775
0.00861368438160247,0.8789490287980531
0.00861368438160247,0.8789790737152042
0.00861368438160247,0.8790842309252332
0.00861368438160247,0.87912929830096
0.00861368438160247,0.8791593432181111
0.00861368438160247,0.8792044105938378
0.00861368438160247,0.8792344555109889
0.00861368438160247,0.8793095678038668
0.00861368438160247,0.8793396127210179
0.00861368438160247,0.8794447699310469
0.00861368438160247,0.879474814848198
0.008694945555013815,0.8794898373067737
0.008694945555013815,0.8795198822239247
0.008694945555013815,0.8795649495996515
0.008694945555013815,0.8797001517268316
0.008694945555013815,0.8797301966439828
0.008694945555013815,0.8797752640197095
0.008694945555013815,0.879790286478285
0.008776206728425159,0.8798203313954361
0.008776206728425159,0.8799104661468896
0.008776206728425159,0.8799555335226164
0.008776206728425159,0.8800456682740697
0.008857467901836502,0.8800606907326453
0.008857467901836502,0.880105758108372
0.008857467901836502,0.8801508254840987
0.008857467901836502,0.8801808704012498
0.008857467901836502,0.880210915318401
0.008857467901836502,0.8802559826941277
0.008857467901836502,0.8802860276112788
0.008857467901836502,0.8803010500698545
0.008857467901836502,0.8803310949870056
0.008857467901836502,0.8803761623627323
0.008857467901836502,0.8804512746556101
0.008857467901836502,0.8805113644899124
0.008857467901836502,0.880526386948488
0.008857467901836502,0.8805864767827902
0.008857467901836502,0.8806165216999414
0.008938729075247847,0.880631544158517
0.008938729075247847,0.8806465666170925
0.008938729075247847,0.8806766115342437
0.008938729075247847,0.8807967912028483
0.008938729075247847,0.8808268361199993
0.008938729075247847,0.8809169708714528
0.008938729075247847,0.880947015788604
0.008938729075247847,0.8809620382471796
0.008938729075247847,0.8810071056229063
0.008938729075247847,0.8810371505400574
0.008938729075247847,0.8811122628329352
0.008938729075247847,0.8811423077500864
0.008938729075247847,0.8811873751258131
0.008938729075247847,0.8812324425015398
0.008938729075247847,0.8812474649601154
0.008938729075247847,0.8813075547944177
0.008938729075247847,0.8813526221701443
0.008938729075247847,0.8813826670872955
0.008938729075247847,0.8814277344630222
0.008938729075247847,0.8814878242973245
0.008938729075247847,0.8815178692144756
0.008938729075247847,0.8815479141316268
0.008938729075247847,0.8815929815073535
0.008938729075247847,0.8816230264245046
0.008938729075247847,0.8816680938002314
0.008938729075247847,0.8816981387173825
0.008938729075247847,0.8817582285516847
0.008938729075247847,0.8817882734688359
0.008938729075247847,0.881818318385987
0.00901999024865919,0.881818318385987
0.00901999024865919,0.8818784082202893
0.00901999024865919,0.8819084531374405
0.00901999024865919,0.881923475596016
0.00901999024865919,0.8820136103474695
0.00901999024865919,0.8820887226403473
0.00901999024865919,0.8821187675574984
0.00901999024865919,0.8821337900160741
0.00901999024865919,0.8821638349332251
0.00901999024865919,0.8822239247675274
0.00901999024865919,0.8822539696846786
0.00901999024865919,0.8822689921432542
0.00901999024865919,0.8822990370604054
0.00901999024865919,0.8824943290218877
0.00901999024865919,0.8825243739390388
0.00901999024865919,0.8827647332762479
0.00901999024865919,0.8827947781933991
0.00901999024865919,0.8828098006519747
0.00901999024865919,0.8828548680277014
0.00901999024865919,0.8828999354034281
0.00901999024865919,0.8829299803205792
0.00901999024865919,0.8829450027791549
0.00901999024865919,0.882975047696306
0.00901999024865919,0.8830050926134572
0.00901999024865919,0.8830651824477594
0.00901999024865919,0.8831553171992128
0.00901999024865919,0.883185362116364
0.00901999024865919,0.8832154070335151
0.00901999024865919,0.8832754968678174
0.00901999024865919,0.8834707888292999
0.00901999024865919,0.8835008337464509
0.00901999024865919,0.8835609235807532
0.009101251422070534,0.88360599095648
0.009101251422070534,0.8836811032493578
0.009101251422070534,0.8837261706250845
0.009101251422070534,0.8838012829179623
0.00918251259548188,0.8838012829179623
0.00918251259548188,0.8838313278351135
0.00918251259548188,0.8838463502936891
0.009263773768893223,0.8838463502936891
0.009263773768893223,0.8839064401279914
0.009263773768893223,0.8839965748794447
0.009263773768893223,0.8840266197965959
0.009263773768893223,0.8840716871723227
0.009263773768893223,0.8841017320894737
0.009263773768893223,0.8841918668409272
0.009263773768893223,0.8842219117580783
0.009263773768893223,0.8843120465095318
0.009263773768893223,0.884372136343834
0.009263773768893223,0.8844021812609851
0.009263773768893223,0.8844472486367119
0.009263773768893223,0.8845073384710141
0.009263773768893223,0.8845524058467409
0.009263773768893223,0.8846425405981942
0.009263773768893223,0.8847026304324965
0.009263773768893223,0.8847326753496477
0.009263773768893223,0.88479276518395
0.009263773768893223,0.8849129448525546
0.009263773768893223,0.8849429897697058
0.009263773768893223,0.8850331245211591
0.009263773768893223,0.8850781918968859
0.009263773768893223,0.8851382817311881
0.009263773768893223,0.8851683266483392
0.009263773768893223,0.8851833491069149
0.009263773768893223,0.885213394024066
0.009263773768893223,0.8852284164826415
0.009263773768893223,0.8852734838583682
0.009263773768893223,0.8853035287755194
0.009263773768893223,0.8853485961512461
0.009263773768893223,0.8853786410683973
0.009263773768893223,0.8854086859855484
0.009263773768893223,0.8854988207370018
0.009263773768893223,0.885528865654153
0.009263773768893223,0.8855589105713041
0.009263773768893223,0.8855889554884553
0.009263773768893223,0.8856640677813331
0.009263773768893223,0.8856941126984842
0.009345034942304566,0.8857091351570598
0.009345034942304566,0.8858894046599667
0.009426296115715911,0.8859044271185422
0.009426296115715911,0.8859194495771178
0.009426296115715911,0.885949494494269
0.009426296115715911,0.8859645169528445
0.009426296115715911,0.8860246067871468
0.009507557289127255,0.8860396292457223
0.009507557289127255,0.8860696741628735
0.009507557289127255,0.8860997190800246
0.009507557289127255,0.8861297639971758
0.009507557289127255,0.8861598089143269
0.009507557289127255,0.8861898538314781
0.009507557289127255,0.8862198987486292
0.009507557289127255,0.8862349212072048
0.009507557289127255,0.8862950110415071
0.009507557289127255,0.8863250559586582
0.009507557289127255,0.8863701233343849
0.009507557289127255,0.886400168251536
0.009507557289127255,0.8864302131686872
0.009588818462538598,0.8864302131686872
0.009588818462538598,0.8864452356272627
0.009588818462538598,0.8864752805444139
0.009588818462538598,0.8865203479201406
0.009588818462538598,0.8865804377544428
0.009588818462538598,0.8865954602130185
0.009588818462538598,0.8866255051301696
0.009588818462538598,0.8866555500473208
0.009588818462538598,0.8866855949644719
0.009588818462538598,0.8868508420088032
0.009588818462538598,0.8868808869259543
0.009588818462538598,0.886925954301681
0.009588818462538598,0.8869559992188322
0.009588818462538598,0.8869710216774077
0.009588818462538598,0.8870010665945589
0.009588818462538598,0.8870160890531344
0.009670079635949944,0.88703111151171
0.009670079635949944,0.8871212462631635
0.009670079635949944,0.8871512911803145
0.009670079635949944,0.8871963585560413
0.009670079635949944,0.8872564483903436
0.009670079635949944,0.8873315606832214
0.009670079635949944,0.8873616056003726
0.009670079635949944,0.8874667628104016
0.009670079635949944,0.8874968077275527
0.009670079635949944,0.8875118301861282
0.009670079635949944,0.887556897561855
0.009670079635949944,0.8876169873961572
0.009670079635949944,0.8876470323133084
0.00983260198277263,0.8876470323133084
0.00983260198277263,0.8877221446061863
0.00983260198277263,0.8877822344404885
0.00983260198277263,0.8878573467333664
0.00983260198277263,0.8879174365676686
0.00983260198277263,0.8879775264019709
0.00983260198277263,0.8880075713191221
0.00983260198277263,0.8880676611534244
0.00983260198277263,0.8880977060705755
0.00983260198277263,0.8881127285291511
0.00983260198277263,0.8882028632806045
0.00983260198277263,0.8883380654077846
0.009913863156183976,0.8883380654077846
0.009913863156183976,0.8883831327835113
0.009913863156183976,0.8884131777006625
0.009913863156183976,0.8884282001592381
0.009913863156183976,0.8884582450763892
0.009913863156183976,0.8884732675349648
0.009913863156183976,0.8885183349106914
0.009913863156183976,0.8885934472035694
0.009913863156183976,0.8886234921207204
0.009913863156183976,0.8886986044135984
0.009913863156183976,0.8887586942479007
0.009995124329595319,0.8887586942479007
0.009995124329595319,0.8887737167064762
0.009995124329595319,0.8888037616236273
0.009995124329595319,0.8888187840822029
0.009995124329595319,0.8888638514579296
0.009995124329595319,0.8888788739165052
0.009995124329595319,0.8889089188336563
0.009995124329595319,0.8890140760436853
0.009995124329595319,0.8890441209608364
0.009995124329595319,0.8890891883365631
0.009995124329595319,0.8891192332537143
0.009995124329595319,0.8891943455465922
0.009995124329595319,0.8892243904637432
0.009995124329595319,0.8892394129223189
0.009995124329595319,0.8892995027566212
0.009995124329595319,0.8893145252151967
0.009995124329595319,0.8893445701323479
0.009995124329595319,0.8894347048838013
0.009995124329595319,0.8894647498009525
0.009995124329595319,0.8894947947181036
0.010076385503006663,0.8894947947181036
0.010076385503006663,0.8895248396352547
0.010076385503006663,0.8895999519281326
0.010076385503006663,0.8896299968452837
0.010076385503006663,0.8897351540553127
0.010076385503006663,0.8897651989724639
0.010076385503006663,0.8897802214310394
0.010076385503006663,0.8898102663481905
0.010076385503006663,0.8898853786410684
0.010157646676418008,0.8898853786410684
0.010157646676418008,0.890005558309673
0.010157646676418008,0.8900356032268241
0.010157646676418008,0.8902158727297309
0.010157646676418008,0.8902459176468821
0.010157646676418008,0.8903060074811844
0.010157646676418008,0.8903360523983355
0.010157646676418008,0.8903510748569111
0.010157646676418008,0.8904261871497889
0.010157646676418008,0.8905012994426668
0.010157646676418008,0.890531344359818
0.010157646676418008,0.890561389276969
0.010157646676418008,0.8906214791112713
0.010157646676418008,0.8906515240284225
0.010157646676418008,0.8907266363213003
0.010157646676418008,0.8907566812384515
0.010157646676418008,0.8908017486141782
0.010157646676418008,0.8908317935313294
0.010157646676418008,0.8908618384484804
0.010157646676418008,0.8908918833656316
0.010157646676418008,0.891087175327114
0.010157646676418008,0.8911472651614163
0.010157646676418008,0.8911622876199918
0.010157646676418008,0.891192332537143
0.010157646676418008,0.8912073549957186
0.010238907849829351,0.8912073549957186
0.010238907849829351,0.8912373999128698
0.010238907849829351,0.8912674448300208
0.010320169023240696,0.8912824672885965
0.010320169023240696,0.8913125122057476
0.010320169023240696,0.8916580287529857
0.010320169023240696,0.8917030961287125
0.010320169023240696,0.8917631859630147
0.010320169023240696,0.8917782084215903
0.010320169023240696,0.891823275797317
0.010320169023240696,0.8919134105487704
0.010320169023240696,0.8920035453002239
0.010320169023240696,0.8920486126759506
0.010320169023240696,0.8920786575931017
0.010320169023240696,0.8920936800516772
0.01040143019665204,0.8920936800516772
0.01040143019665204,0.8921087025102529
0.01040143019665204,0.8921687923445552
0.01040143019665204,0.8921988372617062
0.01040143019665204,0.892243904637433
0.01040143019665204,0.8923340393888863
0.01040143019665204,0.8923791067646131
0.01040143019665204,0.8924091516817643
0.01040143019665204,0.8924391965989154
0.01040143019665204,0.8924542190574909
0.010482691370063383,0.8924542190574909
0.010482691370063383,0.8925143088917933
0.010482691370063383,0.8925443538089444
0.010482691370063383,0.8925593762675199
0.010482691370063383,0.8925894211846711
0.010482691370063383,0.8926945783947001
0.010482691370063383,0.8927246233118512
0.010482691370063383,0.8927696906875779
0.010482691370063383,0.8927847131461535
0.010645213716886072,0.8927847131461535
0.010645213716886072,0.892799735604729
0.010645213716886072,0.8928448029804558
0.010645213716886072,0.8928598254390313
0.010645213716886072,0.8929349377319092
0.010645213716886072,0.8930701398590893
0.010645213716886072,0.8931001847762404
0.010645213716886072,0.8931602746105428
0.010645213716886072,0.8932203644448451
0.010645213716886072,0.8932654318205717
0.010645213716886072,0.893325521654874
0.010645213716886072,0.8933856114891763
0.010645213716886072,0.893430678864903
0.010645213716886072,0.8934457013234786
0.010645213716886072,0.8934757462406298
0.010645213716886072,0.8935208136163565
0.010645213716886072,0.8935809034506588
0.010645213716886072,0.8935959259092343
0.010645213716886072,0.8936259708263854
0.010645213716886072,0.8937010831192633
0.010645213716886072,0.893851307705019
0.010645213716886072,0.8939264199978969
0.010645213716886072,0.8941968242522571
0.010645213716886072,0.8942418916279838
0.010645213716886072,0.8942869590037106
0.010645213716886072,0.8943170039208617
0.010645213716886072,0.8943620712965884
0.010645213716886072,0.8943921162137395
0.010645213716886072,0.8944221611308907
0.010726474890297415,0.8944221611308907
0.010726474890297415,0.8944672285066174
0.010726474890297415,0.8945573632580708
0.010726474890297415,0.8946024306337975
0.010726474890297415,0.8946174530923731
0.010726474890297415,0.8946775429266753
0.010726474890297415,0.8947526552195533
0.010726474890297415,0.8948127450538556
0.010726474890297415,0.8948578124295822
0.010726474890297415,0.8948728348881578
0.010726474890297415,0.8949028798053089
0.010726474890297415,0.8949179022638845
0.010726474890297415,0.8949479471810357
0.010726474890297415,0.8949629696396112
0.010726474890297415,0.8949930145567624
0.010726474890297415,0.895038081932489
0.010726474890297415,0.8950981717667914
0.010726474890297415,0.8951282166839425
0.010726474890297415,0.895248396352547
0.01080773606370876,0.8952784412696982
0.01080773606370876,0.8952934637282738
0.01080773606370876,0.8953235086454249
0.01080773606370876,0.8953385311040005
0.010888997237120104,0.8953385311040005
0.010888997237120104,0.8953835984797271
0.010888997237120104,0.8954136433968783
0.010888997237120104,0.8954887556897562
0.010888997237120104,0.8955188006069074
0.010888997237120104,0.8955939128997852
0.010888997237120104,0.8956239578169363
0.010888997237120104,0.8956840476512385
0.010970258410531447,0.8956840476512385
0.010970258410531447,0.8957291150269653
0.010970258410531447,0.8957591599441165
0.010970258410531447,0.8958042273198432
0.010970258410531447,0.8958342722369943
0.010970258410531447,0.8959544519055989
0.010970258410531447,0.89598449682275
0.010970258410531447,0.8960145417399011
0.010970258410531447,0.8960596091156279
0.010970258410531447,0.896089654032779
0.010970258410531447,0.8961196989499302
0.010970258410531447,0.8961497438670812
0.010970258410531447,0.8961797887842324
0.010970258410531447,0.8963600582871393
0.010970258410531447,0.8963901032042905
0.010970258410531447,0.8965253053314706
0.010970258410531447,0.8965553502486217
0.010970258410531447,0.896720597292953
0.010970258410531447,0.8967506422101041
0.010970258410531447,0.896825754502982
0.010970258410531447,0.896855799420133
0.010970258410531447,0.8968858443372842
0.010970258410531447,0.8969459341715865
0.010970258410531447,0.8969759790887377
0.010970258410531447,0.8970060240058888
0.010970258410531447,0.8970811362987666
0.010970258410531447,0.8971111812159178
0.010970258410531447,0.8971562485916446
0.010970258410531447,0.8971862935087956
0.011051519583942793,0.8971862935087956
0.011051519583942793,0.8972013159673712
0.011051519583942793,0.8972313608845224
0.011051519583942793,0.8972463833430979
0.011051519583942793,0.8972764282602491
0.011051519583942793,0.8972914507188247
0.011051519583942793,0.8973214956359757
0.011051519583942793,0.897381585470278
0.011051519583942793,0.8974116303874292
0.011051519583942793,0.8974266528460048
0.011051519583942793,0.897486742680307
0.011051519583942793,0.8975167875974582
0.011051519583942793,0.8975468325146093
0.011051519583942793,0.8975618549731849
0.011051519583942793,0.897591899890336
0.011051519583942793,0.8976369672660628
0.011051519583942793,0.8976670121832139
0.011051519583942793,0.8976820346417895
0.011132780757354136,0.8976820346417895
0.011132780757354136,0.8976970571003651
0.011132780757354136,0.8977271020175162
0.011132780757354136,0.8977871918518184
0.011132780757354136,0.8978322592275452
0.011132780757354136,0.8978472816861207
0.011132780757354136,0.897907371520423
0.011132780757354136,0.8979524388961497
0.011132780757354136,0.8979824838133009
0.011132780757354136,0.898012528730452
0.011132780757354136,0.8980575961061787
0.011132780757354136,0.898117685940481
0.011132780757354136,0.8981627533162078
0.011132780757354136,0.8982078206919344
0.011132780757354136,0.89822284315051
0.011132780757354136,0.8982528880676611
0.011132780757354136,0.8982829329848123
0.011132780757354136,0.8983129779019634
0.011132780757354136,0.8983280003605391
0.01121404193076548,0.8983280003605391
0.01121404193076548,0.8983580452776901
0.01121404193076548,0.8983880901948413
0.01121404193076548,0.8984782249462947
0.01121404193076548,0.898538314780597
0.01121404193076548,0.8985533372391725
0.01121404193076548,0.8985833821563237
0.011295303104176825,0.8985984046148993
0.011295303104176825,0.8987786741178061
0.011295303104176825,0.8988087190349573
0.011295303104176825,0.8989138762449863
0.011295303104176825,0.8989739660792886
0.011295303104176825,0.8990040109964397
0.011295303104176825,0.8990340559135909
0.011295303104176825,0.8990490783721664
0.011295303104176825,0.8990941457478931
0.011295303104176825,0.8993345050851023
0.011376564277588168,0.8993345050851023
0.011376564277588168,0.8993495275436778
0.011376564277588168,0.8993795724608289
0.011376564277588168,0.8995748644223114
0.011457825450999512,0.8995748644223114
0.011457825450999512,0.899800201300945
0.011457825450999512,0.899830246218096
0.011457825450999512,0.8998452686766716
0.011457825450999512,0.8998903360523983
0.011457825450999512,0.8999504258867006
0.011457825450999512,0.8999804708038518
0.011457825450999512,0.9000105157210029
0.011457825450999512,0.9000405606381541
0.011457825450999512,0.9000555830967296
0.011457825450999512,0.9000856280138807
0.011457825450999512,0.9001006504724564
0.011457825450999512,0.9001607403067586
0.011457825450999512,0.9001757627653342
0.011539086624410857,0.9001757627653342
0.011539086624410857,0.9002058076824854
0.011539086624410857,0.900250875058212
0.011539086624410857,0.9003109648925143
0.011539086624410857,0.9003410098096655
0.011539086624410857,0.9003710547268166
0.011539086624410857,0.9004010996439678
0.011539086624410857,0.9004161221025433
0.0116203477978222,0.9004161221025433
0.0116203477978222,0.90046118947827
0.0116203477978222,0.9005062568539968
0.0116203477978222,0.9005963916054501
0.0116203477978222,0.9006564814397524
0.0116203477978222,0.9008367509426592
0.0116203477978222,0.9008667958598104
0.0116203477978222,0.9010620878212928
0.011701608971233545,0.9010620878212928
0.011701608971233545,0.9011071551970196
0.011701608971233545,0.9011372001141706
0.011701608971233545,0.9011672450313218
0.011701608971233545,0.901437649285682
0.011782870144644889,0.9014526717442577
0.011864131318056232,0.9014526717442577
0.011864131318056232,0.9014827166614088
0.011864131318056232,0.9015728514128623
0.011864131318056232,0.9016028963300133
0.011864131318056232,0.9017230759986179
0.011864131318056232,0.9017531209157691
0.011864131318056232,0.9017681433743446
0.011864131318056232,0.9018132107500714
0.011864131318056232,0.9018432556672225
0.011864131318056232,0.9018733005843736
0.011864131318056232,0.9019333904186759
0.011864131318056232,0.9020535700872805
0.011945392491467578,0.9020535700872805
0.011945392491467578,0.9020836150044316
0.011945392491467578,0.9021136599215828
0.011945392491467578,0.9021587272973095
0.011945392491467578,0.9022037946730362
0.011945392491467578,0.9022188171316118
0.011945392491467578,0.9022488620487629
0.011945392491467578,0.9022638845073385
0.011945392491467578,0.9023089518830651
0.011945392491467578,0.9023239743416408
0.011945392491467578,0.9023540192587919
0.011945392491467578,0.9024291315516697
0.011945392491467578,0.9024591764688209
0.011945392491467578,0.9025042438445476
0.011945392491467578,0.9025643336788499
0.011945392491467578,0.902594378596001
0.011945392491467578,0.9026394459717277
0.011945392491467578,0.9026544684303033
0.012026653664878921,0.9026544684303033
0.012026653664878921,0.9027896705574835
0.012026653664878921,0.9028197154746346
0.012026653664878921,0.9028347379332101
0.012026653664878921,0.9028647828503613
0.012026653664878921,0.9028798053089369
0.012026653664878921,0.902909850226088
0.012026653664878921,0.9029849625189659
0.012026653664878921,0.903015007436117
0.012026653664878921,0.9030600748118437
0.012026653664878921,0.9031502095632972
0.012026653664878921,0.9031952769390238
0.012026653664878921,0.9032102993975994
0.012026653664878921,0.9032403443147505
0.012026653664878921,0.9032703892319017
0.012026653664878921,0.9033004341490528
0.012026653664878921,0.9033605239833551
0.012026653664878921,0.9033905689005063
0.012026653664878921,0.9034206138176574
0.012026653664878921,0.9034506587348086
0.012026653664878921,0.9034656811933841
0.012026653664878921,0.9035257710276864
0.012026653664878921,0.9035407934862619
0.012026653664878921,0.9035708384034131
0.012026653664878921,0.9036910180720177
0.012026653664878921,0.90375110790632
0.012026653664878921,0.903781152823471
0.012026653664878921,0.9038712875749245
0.012026653664878921,0.9039013324920756
0.012026653664878921,0.9039614223263779
0.012026653664878921,0.9040064897021046
0.012026653664878921,0.9040515570778314
0.012026653664878921,0.9040966244535581
0.012026653664878921,0.9041266693707092
0.012107914838290264,0.9041266693707092
0.012107914838290264,0.9042168041221627
0.012107914838290264,0.9043369837907672
0.012107914838290264,0.9043970736250695
0.012107914838290264,0.9045022308350985
0.012107914838290264,0.9045322757522496
0.012107914838290264,0.9046224105037031
0.012107914838290264,0.9046524554208542
0.012107914838290264,0.9046825003380053
0.012107914838290264,0.9047125452551564
0.012107914838290264,0.9049979719680923
0.01218917601170161,0.9049979719680923
0.01218917601170161,0.9050280168852435
0.01218917601170161,0.9054035783496327
0.01218917601170161,0.9054486457253594
0.01218917601170161,0.9057190499797196
0.01218917601170161,0.9057490948968708
0.01218917601170161,0.9058993194826265
0.01218917601170161,0.9059293643997777
0.01218917601170161,0.9059594093169288
0.012270437185112953,0.9059594093169288
0.012270437185112953,0.9060194991512311
0.012270437185112953,0.9060495440683822
0.012270437185112953,0.9060795889855334
0.012270437185112953,0.9061096339026845
0.012270437185112953,0.90612465636126
0.012270437185112953,0.9061547012784112
0.012351698358524297,0.9061547012784112
0.012351698358524297,0.9061697237369868
0.012351698358524297,0.906199768654138
0.012351698358524297,0.9063349707813181
0.012351698358524297,0.9063950606156204
0.012351698358524297,0.9064701729084982
0.012351698358524297,0.9065302627428005
0.012351698358524297,0.906650442411405
0.012351698358524297,0.9066804873285562
0.012351698358524297,0.906725554704283
0.012351698358524297,0.9067706220800096
0.012351698358524297,0.9068307119143119
0.012351698358524297,0.906860756831463
0.012351698358524297,0.9068908017486141
0.012351698358524297,0.9069358691243409
0.012351698358524297,0.9069809365000676
0.012351698358524297,0.9070109814172187
0.012351698358524297,0.9070260038757944
0.012351698358524297,0.9070560487929454
0.012351698358524297,0.9072663632130035
0.012351698358524297,0.9073264530473057
0.012432959531935642,0.9073264530473057
0.012432959531935642,0.9073564979644568
0.012432959531935642,0.907386542881608
0.012432959531935642,0.9075067225502126
0.012432959531935642,0.9075668123845149
0.012432959531935642,0.9076118797602416
0.012514220705346985,0.9076118797602416
0.012514220705346985,0.9076719695945439
0.012595481878758329,0.9076719695945439
0.012595481878758329,0.9078822840146018
0.012595481878758329,0.9079273513903285
0.012595481878758329,0.9080775759760843
0.012595481878758329,0.9081076208932354
0.012676743052169674,0.9081076208932354
0.012676743052169674,0.9081376658103866
0.012676743052169674,0.9081977556446889
0.012758004225581017,0.9081977556446889
0.012758004225581017,0.9082578454789911
0.01283926539899236,0.9082578454789911
0.01283926539899236,0.9083029128547178
0.01283926539899236,0.908332957771869
0.01283926539899236,0.90836300268902
0.01283926539899236,0.9084080700647468
0.01283926539899236,0.9084230925233223
0.01283926539899236,0.9084531374404735
0.01283926539899236,0.908468159899049
0.01283926539899236,0.9084982048162002
0.01283926539899236,0.9085282497333513
0.01283926539899236,0.9085582946505025
0.01283926539899236,0.9086033620262293
0.01283926539899236,0.9086634518605315
0.01283926539899236,0.9086934967776826
0.01283926539899236,0.9087686090705605
0.01283926539899236,0.9087836315291361
0.01283926539899236,0.9088286989048627
0.01283926539899236,0.9089488785734673
0.01283926539899236,0.9089789234906185
0.01283926539899236,0.9090690582420718
0.01283926539899236,0.909099103159223
0.01283926539899236,0.9091441705349498
0.01283926539899236,0.9092042603692521
0.012920526572403706,0.9092042603692521
0.012920526572403706,0.9093094175792811
0.012920526572403706,0.9093394624964322
0.012920526572403706,0.9094295972478856
0.012920526572403706,0.9094596421650367
0.012920526572403706,0.9094746646236123
0.01300178774581505,0.9094746646236123
0.01300178774581505,0.9095948442922168
0.01300178774581505,0.909624889209368
0.01300178774581505,0.9096399116679436
0.01300178774581505,0.9097150239608214
0.01300178774581505,0.9097901362536993
0.01300178774581505,0.9098201811708504
0.01300178774581505,0.9099253383808794
0.01300178774581505,0.9099553832980306
0.01300178774581505,0.9099704057566061
0.01300178774581505,0.9100004506737572
0.01300178774581505,0.910045518049484
0.01300178774581505,0.9100905854252107
0.01300178774581505,0.9101206303423618
0.01300178774581505,0.910255832469542
0.01300178774581505,0.9102858773866931
0.01300178774581505,0.9103159223038443
0.01300178774581505,0.9103459672209954
0.01300178774581505,0.9103609896795709
0.01300178774581505,0.9104361019724488
0.01300178774581505,0.9105262367239022
0.013083048919226393,0.9105262367239022
0.013083048919226393,0.9105562816410534
0.013245571266049081,0.9105562816410534
0.013245571266049081,0.9106313939339312
0.013326832439460427,0.9106313939339312
0.013326832439460427,0.9106614388510824
0.013326832439460427,0.9107966409782625
0.013326832439460427,0.9108417083539893
0.013326832439460427,0.9108867757297159
0.013326832439460427,0.9109168206468671
0.013326832439460427,0.9110219778568961
0.013326832439460427,0.9110520227740472
0.01340809361287177,0.9110520227740472
0.01340809361287177,0.9112623371941052
0.01340809361287177,0.9112923821112563
0.01340809361287177,0.9114576291555876
0.01340809361287177,0.9115026965313143
0.01340809361287177,0.9115327414484654
0.01340809361287177,0.9115627863656166
0.01340809361287177,0.9115928312827677
0.01340809361287177,0.9116829660342212
0.01340809361287177,0.9117430558685234
0.01340809361287177,0.9117731007856745
0.01340809361287177,0.9118181681614013
0.01340809361287177,0.9118932804542792
0.01340809361287177,0.9119233253714303
0.01340809361287177,0.9121035948743371
0.01340809361287177,0.9121336397914883
0.01340809361287177,0.9122237745429417
0.01340809361287177,0.9122688419186684
0.01340809361287177,0.9122988868358195
0.01340809361287177,0.9123139092943952
0.01340809361287177,0.9123439542115462
0.01340809361287177,0.912494178797302
0.01340809361287177,0.9125242237144531
0.01340809361287177,0.9126293809244821
0.01340809361287177,0.9126594258416333
0.01340809361287177,0.9126894707587844
0.013489354786283114,0.9127044932173599
0.013570615959694459,0.9127044932173599
0.013570615959694459,0.9129598750131447
0.013570615959694459,0.9130049423888713
0.013570615959694459,0.9130650322231736
0.013570615959694459,0.913125122057476
0.013570615959694459,0.9131852118917783
0.013570615959694459,0.9132152568089293
0.013570615959694459,0.9132453017260805
0.013570615959694459,0.9133204140189584
0.013570615959694459,0.913470638604714
0.013570615959694459,0.9135006835218652
0.013651877133105802,0.9135006835218652
0.013651877133105802,0.913575795814743
0.013733138306517146,0.913575795814743
0.013733138306517146,0.9136058407318942
0.013733138306517146,0.9136659305661965
0.013733138306517146,0.9136959754833476
0.013733138306517146,0.9137410428590743
0.013733138306517146,0.9138311776105278
0.013733138306517146,0.9138612225276789
0.013733138306517146,0.9140264695720102
0.01381439947992849,0.9140264695720102
0.01381439947992849,0.9142818513677948
0.01381439947992849,0.914311896284946
0.01381439947992849,0.9143719861192483
0.01381439947992849,0.9144020310363994
0.013895660653339834,0.9144020310363994
0.013895660653339834,0.9144470984121261
0.013895660653339834,0.914522210705004
0.013895660653339834,0.9146123454564574
0.013976921826751178,0.9146123454564574
0.013976921826751178,0.9148677272522421
0.013976921826751178,0.9149578620036956
0.013976921826751178,0.9149879069208466
0.013976921826751178,0.9150479967551489
0.013976921826751178,0.9150780416723001
0.013976921826751178,0.9151231090480269
0.013976921826751178,0.9151982213409047
0.014058183000162523,0.9151982213409047
0.014058183000162523,0.9153184010095092
0.014058183000162523,0.9153784908438115
0.014058183000162523,0.9155437378881428
0.014058183000162523,0.9155737828052939
0.014058183000162523,0.9156488950981718
0.014058183000162523,0.9156789400153229
0.014058183000162523,0.9158441870596542
0.014058183000162523,0.9158742319768053
0.014058183000162523,0.9158892544353809
0.014058183000162523,0.9159493442696832
0.014058183000162523,0.9159643667282588
0.014139444173573866,0.9159643667282588
0.014139444173573866,0.9160094341039855
0.014139444173573866,0.9160394790211366
0.014139444173573866,0.9161446362311656
0.01422070534698521,0.9161446362311656
0.01422070534698521,0.9163249057340724
0.01422070534698521,0.9163549506512236
0.01422070534698521,0.9164751303198282
0.014301966520396555,0.9164751303198282
0.014301966520396555,0.9164901527784037
0.014383227693807898,0.9165051752369793
0.014383227693807898,0.9165201976955548
0.014383227693807898,0.9165652650712816
0.014464488867219242,0.9165652650712816
0.014464488867219242,0.9167305121156129
0.014464488867219242,0.9167906019499151
0.014464488867219242,0.9168506917842174
0.014464488867219242,0.9168957591599441
0.014464488867219242,0.9173614553757868
0.014545750040630587,0.9173764778343624
0.014545750040630587,0.9174215452100891
0.014545750040630587,0.9174966575029669
0.014545750040630587,0.917526702420118
0.014545750040630587,0.9175417248786937
0.014545750040630587,0.917601814712996
0.014545750040630587,0.9176468820887227
0.014545750040630587,0.9176769270058738
0.014545750040630587,0.9177219943816005
0.014545750040630587,0.9177370168401761
0.014545750040630587,0.9177670617573273
0.01462701121404193,0.9177670617573273
0.01462701121404193,0.9177971066744783
0.014708272387453274,0.9177971066744783
0.014708272387453274,0.9178121291330539
0.014708272387453274,0.9178722189673562
0.014708272387453274,0.9180975558459897
0.014708272387453274,0.918157645680292
0.014708272387453274,0.9182778253488966
0.014708272387453274,0.9183228927246233
0.014708272387453274,0.9184130274760768
0.01478953356086462,0.9184280499346523
0.01478953356086462,0.9184430723932279
0.014870794734275963,0.9184430723932279
0.014870794734275963,0.9184580948518034
0.014870794734275963,0.9184881397689546
0.014870794734275963,0.9188186338576171
0.014870794734275963,0.9188637012333438
0.014870794734275963,0.918893746150495
0.014870794734275963,0.9189237910676461
0.014870794734275963,0.9189538359847973
0.014870794734275963,0.918998903360524
0.014870794734275963,0.9190289482776751
0.014952055907687308,0.9190289482776751
0.014952055907687308,0.9190439707362507
0.014952055907687308,0.9190890381119774
0.014952055907687308,0.9191491279462797
0.014952055907687308,0.9191791728634309
0.014952055907687308,0.9192242402391575
0.014952055907687308,0.9192542851563087
0.014952055907687308,0.9192843300734598
0.014952055907687308,0.9194045097420643
0.014952055907687308,0.9194345546592155
0.014952055907687308,0.9194495771177911
0.014952055907687308,0.9194796220349423
0.014952055907687308,0.9194946444935178
0.014952055907687308,0.9195397118692445
0.014952055907687308,0.9198251385821804
0.014952055907687308,0.9199152733336338
0.014952055907687308,0.919975363167936
0.014952055907687308,0.9200054080850872
0.014952055907687308,0.9200504754608139
0.014952055907687308,0.9200805203779651
0.014952055907687308,0.9201406102122673
0.015033317081098651,0.9201406102122673
0.015033317081098651,0.9201556326708429
0.015033317081098651,0.9201856775879941
0.015033317081098651,0.9202607898808719
0.015033317081098651,0.9202908347980231
0.015033317081098651,0.9203208797151742
0.015033317081098651,0.9203509246323254
0.015033317081098651,0.9204110144666277
0.015033317081098651,0.9204410593837787
0.015033317081098651,0.920501149218081
0.015033317081098651,0.9205612390523833
0.015033317081098651,0.9205762615109588
0.015033317081098651,0.92060630642811
0.015033317081098651,0.9206213288866856
0.015033317081098651,0.9206663962624123
0.015033317081098651,0.9207565310138657
0.015033317081098651,0.9207865759310169
0.015033317081098651,0.9208616882238947
0.015033317081098651,0.9208917331410459
0.015033317081098651,0.9209518229753482
0.015033317081098651,0.9209818678924993
0.015033317081098651,0.921026935268226
0.015033317081098651,0.9211020475611038
0.015033317081098651,0.9211771598539817
0.015033317081098651,0.9212072047711328
0.015033317081098651,0.921237249688284
0.015114578254509995,0.921237249688284
0.015114578254509995,0.9213273844397374
0.01519583942792134,0.9213273844397374
0.01519583942792134,0.9213724518154641
0.015277100601332683,0.9213874742740397
0.015277100601332683,0.9214175191911909
0.015358361774744027,0.9214175191911909
0.015358361774744027,0.9214926314840687
0.015358361774744027,0.9215226764012199
0.015358361774744027,0.9215376988597954
0.015358361774744027,0.9215677437769465
0.015358361774744027,0.9215977886940977
0.015439622948155372,0.9215977886940977
0.015439622948155372,0.9216278336112488
0.015439622948155372,0.9216729009869755
0.015439622948155372,0.9217179683627023
0.015439622948155372,0.9217480132798533
0.015439622948155372,0.9218081031141556
0.015439622948155372,0.9218531704898824
0.015439622948155372,0.9219282827827602
0.015439622948155372,0.9219583276999114
0.015439622948155372,0.9220184175342137
0.015439622948155372,0.9220484624513647
0.015439622948155372,0.9221235747442427
0.015439622948155372,0.9221536196613938
0.015439622948155372,0.9221986870371205
0.015439622948155372,0.9222287319542717
0.015439622948155372,0.9222587768714228
0.015520884121566715,0.9222587768714228
0.015520884121566715,0.9223489116228762
0.015520884121566715,0.9223789565400273
0.015520884121566715,0.9224240239157541
0.015602145294978059,0.9224240239157541
0.015602145294978059,0.9224991362086319
0.015683406468389404,0.9224991362086319
0.015683406468389404,0.9225442035843586
0.015683406468389404,0.9225742485015097
0.015683406468389404,0.9226193158772364
0.015764667641800748,0.9226193158772364
0.015764667641800748,0.9228146078387189
0.015764667641800748,0.92284465275587
0.01584592881521209,0.92284465275587
0.01584592881521209,0.9230850120930791
0.01584592881521209,0.9231150570102303
0.015927189988623434,0.9231150570102303
0.015927189988623434,0.923160124385957
0.01600845116203478,0.923160124385957
0.01600845116203478,0.9232051917616837
0.01600845116203478,0.9232352366788349
0.01600845116203478,0.9232953265131372
0.016089712335446125,0.9232953265131372
0.016089712335446125,0.9234455510988928
0.016089712335446125,0.923475596016044
0.016089712335446125,0.9234906184746196
0.016170973508857468,0.9234906184746196
0.016170973508857468,0.9235206633917707
0.01625223468226881,0.9235206633917707
0.01625223468226881,0.9237610227289799
0.016333495855680155,0.9237610227289799
0.016333495855680155,0.9238060901047065
0.016333495855680155,0.9238361350218577
0.016333495855680155,0.92389622485616
0.016333495855680155,0.923926269773311
0.016333495855680155,0.9239863596076133
0.016333495855680155,0.9240164045247645
0.0164147570290915,0.9240164045247645
0.0164147570290915,0.9240764943590668
0.0164147570290915,0.924106539276218
0.0164147570290915,0.9241816515690958
0.0164147570290915,0.9242116964862469
0.0164147570290915,0.9242267189448226
0.0164147570290915,0.9242567638619736
0.0164147570290915,0.9243318761548515
0.0164147570290915,0.9243619210720027
0.0164147570290915,0.9244220109063049
0.01657727937591419,0.9244220109063049
0.01657727937591419,0.924452055823456
0.01657727937591419,0.9244821007406072
0.01657727937591419,0.9245421905749095
0.01657727937591419,0.9245722354920606
0.01657727937591419,0.9247224600778163
0.016739801722736876,0.9247224600778163
0.016739801722736876,0.9247825499121186
0.016739801722736876,0.9248125948292698
0.016739801722736876,0.9248576622049964
0.016739801722736876,0.9248877071221476
0.016739801722736876,0.9249177520392987
0.016739801722736876,0.924977841873601
0.016739801722736876,0.9250078867907522
0.016739801722736876,0.9250379317079033
0.016739801722736876,0.9250529541664789
0.016739801722736876,0.9250980215422056
0.016739801722736876,0.9251280664593567
0.016739801722736876,0.9251581113765078
0.016739801722736876,0.9252632685865368
0.016739801722736876,0.925293313503688
0.016739801722736876,0.9253684257965659
0.016739801722736876,0.9254134931722926
0.016739801722736876,0.9254735830065949
0.016739801722736876,0.925503627923746
0.016739801722736876,0.9256538525095017
0.016739801722736876,0.9256838974266528
0.016739801722736876,0.9257289648023795
0.01682106289614822,0.9257289648023795
0.01682106289614822,0.9257740321781063
0.01682106289614822,0.9258341220124086
0.01682106289614822,0.9258641669295596
0.01682106289614822,0.9258791893881353
0.016902324069559563,0.9258791893881353
0.016902324069559563,0.9259092343052864
0.01698358524297091,0.9259092343052864
0.01698358524297091,0.9259543016810131
0.01698358524297091,0.9259843465981643
0.01698358524297091,0.9260594588910421
0.01698358524297091,0.9261195487253444
0.01698358524297091,0.92613457118392
0.01698358524297091,0.9261646161010711
0.01698358524297091,0.9262247059353734
0.01698358524297091,0.9262547508525245
0.01698358524297091,0.9262847957696757
0.01698358524297091,0.9263148406868268
0.01698358524297091,0.9263899529797046
0.017064846416382253,0.9263899529797046
0.017064846416382253,0.9264350203554313
0.017064846416382253,0.9264650652725825
0.017064846416382253,0.9265251551068848
0.017064846416382253,0.9265702224826114
0.017064846416382253,0.9266002673997626
0.017064846416382253,0.9266453347754894
0.017064846416382253,0.9268406267369718
0.017146107589793597,0.9268556491955473
0.017146107589793597,0.9270359186984541
0.01722736876320494,0.9270509411570298
0.017308629936616284,0.9270509411570298
0.017308629936616284,0.9271410759084832
0.017308629936616284,0.9271711208256344
0.017308629936616284,0.9272762780356634
0.017308629936616284,0.9273063229528145
0.017308629936616284,0.9276067721243259
0.01738989111002763,0.9276067721243259
0.01738989111002763,0.9276217945829014
0.017471152283438974,0.9276217945829014
0.017471152283438974,0.9276518395000526
0.017471152283438974,0.9277569967100816
0.017471152283438974,0.9277870416272327
0.017471152283438974,0.9278020640858082
0.017552413456850317,0.9278020640858082
0.017552413456850317,0.9281325581744708
0.01763367463026166,0.9281325581744708
0.01763367463026166,0.9283578950531044
0.01763367463026166,0.9284029624288311
0.01763367463026166,0.9284330073459822
0.01763367463026166,0.9285381645560112
0.01763367463026166,0.9285682094731624
0.01763367463026166,0.9286733666831913
0.01763367463026166,0.9287034116003425
0.01763367463026166,0.9287484789760693
0.01763367463026166,0.9287785238932204
0.01763367463026166,0.9288085688103715
0.01763367463026166,0.9288386137275226
0.01763367463026166,0.9288536361860982
0.017714935803673004,0.9288536361860982
0.017714935803673004,0.9288836811032494
0.017714935803673004,0.9289738158547027
0.017714935803673004,0.929033905689005
0.017714935803673004,0.9290939955233073
0.017877458150495695,0.9290939955233073
0.017877458150495695,0.9291691078161852
0.017877458150495695,0.9291991527333363
0.017877458150495695,0.9293343548605165
0.017877458150495695,0.9293643997776676
0.017877458150495695,0.9296798714077545
0.017958719323907038,0.9296798714077545
0.017958719323907038,0.9297099163249057
0.017958719323907038,0.9297399612420568
0.01803998049731838,0.9297399612420568
0.01803998049731838,0.9298150735349348
0.018121241670729725,0.9298150735349348
0.018121241670729725,0.9299052082863881
0.01820250284414107,0.9299052082863881
0.01820250284414107,0.9299352532035393
0.01820250284414107,0.9299652981206904
0.01820250284414107,0.9300404104135683
0.018283764017552412,0.9300404104135683
0.018283764017552412,0.9300704553307194
0.01836502519096376,0.9300704553307194
0.01836502519096376,0.9302056574578995
0.018446286364375102,0.9302056574578995
0.018446286364375102,0.9302657472922018
0.018446286364375102,0.9303859269608064
0.018446286364375102,0.9304159718779575
0.018446286364375102,0.9304910841708354
0.018446286364375102,0.9305211290879866
0.018446286364375102,0.9305511740051376
0.018446286364375102,0.9305812189222888
0.018446286364375102,0.9306863761323179
0.018527547537786446,0.9306863761323179
0.018527547537786446,0.9307013985908934
0.018527547537786446,0.9307314435080445
0.018527547537786446,0.9307464659666201
0.018527547537786446,0.9307765108837712
0.01860880871119779,0.9307765108837712
0.01860880871119779,0.930851623176649
0.018690069884609133,0.930851623176649
0.018690069884609133,0.930926735469527
0.018690069884609133,0.9309567803866781
0.018690069884609133,0.9309718028452536
0.018690069884609133,0.9310018477624048
0.018690069884609133,0.9310769600552826
0.01877133105802048,0.9310769600552826
0.01877133105802048,0.9310919825138582
0.018852592231431823,0.9310919825138582
0.018852592231431823,0.9313323418510674
0.018852592231431823,0.9313623867682185
0.018852592231431823,0.9313924316853697
0.018933853404843166,0.9313924316853697
0.018933853404843166,0.9315126113539742
0.01901511457825451,0.9315276338125498
0.019096375751665853,0.9315276338125498
0.019096375751665853,0.931587723646852
0.019096375751665853,0.9316177685640031
0.019096375751665853,0.9317980380669101
0.019177636925077197,0.9317980380669101
0.019177636925077197,0.9320383974041192
0.019177636925077197,0.9320984872384215
0.019177636925077197,0.9321435546141481
0.019177636925077197,0.9321735995312993
0.019177636925077197,0.9322336893656016
0.019177636925077197,0.9322637342827527
0.019177636925077197,0.9324440037856596
0.019258898098488544,0.9324440037856596
0.019258898098488544,0.9325040936199619
0.019258898098488544,0.9326693406642931
0.019340159271899887,0.9326693406642931
0.019340159271899887,0.9327294304985954
0.019340159271899887,0.9327594754157466
0.019340159271899887,0.9328496101671999
0.019340159271899887,0.9328796550843511
0.019340159271899887,0.9329397449186534
0.01942142044531123,0.9329397449186534
0.01942142044531123,0.9329697898358045
0.01942142044531123,0.9329998347529557
0.01942142044531123,0.9330298796701068
0.01942142044531123,0.9331049919629847
0.01942142044531123,0.9331350368801358
0.019502681618722574,0.9331350368801358
0.019502681618722574,0.933165081797287
0.019502681618722574,0.9333303288416183
0.019502681618722574,0.9333753962173449
0.019502681618722574,0.9334955758859494
0.019583942792133918,0.9334955758859494
0.019583942792133918,0.9335556657202517
0.019583942792133918,0.9336307780131297
0.019583942792133918,0.9336458004717052
0.01966520396554526,0.9336458004717052
0.01966520396554526,0.9337509576817342
0.019746465138956608,0.9337509576817342
0.019746465138956608,0.933796025057461
0.019746465138956608,0.934141541604699
0.019746465138956608,0.9341866089804257
0.019746465138956608,0.9343067886490303
0.019746465138956608,0.9343368335661815
0.019746465138956608,0.934351856024757
0.01982772631236795,0.934351856024757
0.01982772631236795,0.9344119458590593
0.019908987485779295,0.9344119458590593
0.019908987485779295,0.9344720356933616
0.019908987485779295,0.934562170444815
0.019908987485779295,0.9345922153619661
0.019908987485779295,0.9346222602791173
0.019908987485779295,0.934667327654844
0.019908987485779295,0.9347123950305707
0.019908987485779295,0.9347424399477219
0.019908987485779295,0.9352682259978669
0.019908987485779295,0.9352982709150179
0.019990248659190638,0.9352982709150179
0.019990248659190638,0.9353583607493202
0.019990248659190638,0.9353884056664714
0.019990248659190638,0.9355236077936515
0.019990248659190638,0.9355686751693782
0.019990248659190638,0.9357188997551339
0.019990248659190638,0.9357789895894362
0.019990248659190638,0.9358090345065874
0.019990248659190638,0.9358240569651629
0.019990248659190638,0.9358541018823141
0.019990248659190638,0.9358841467994652
0.019990248659190638,0.9359141917166164
0.019990248659190638,0.9360193489266453
0.02007150983260198,0.9360193489266453
0.02007150983260198,0.9360493938437965
0.02007150983260198,0.936064416302372
0.02007150983260198,0.9360944612195232
0.02007150983260198,0.9364099328496102
0.020152771006013325,0.9364099328496102
0.020152771006013325,0.9364399777667614
0.020234032179424672,0.9364399777667614
0.020234032179424672,0.9366202472696682
0.020234032179424672,0.9366803371039705
0.020234032179424672,0.936905673982604
0.020315293352836016,0.936905673982604
0.020315293352836016,0.9370408761097841
0.020315293352836016,0.9370709210269352
0.020315293352836016,0.9370859434855109
0.02039655452624736,0.9371009659440864
0.02039655452624736,0.9372812354469933
0.020477815699658702,0.9372812354469933
0.020477815699658702,0.9373112803641444
0.020477815699658702,0.9373413252812955
0.020559076873070046,0.9373413252812955
0.020559076873070046,0.9374164375741734
0.020721599219892736,0.9374164375741734
0.020721599219892736,0.9375065723256268
0.02080286039330408,0.9375065723256268
0.02080286039330408,0.9377018642871092
0.02080286039330408,0.9377319092042604
0.02080286039330408,0.937776976579987
0.020884121566715423,0.937776976579987
0.020884121566715423,0.9379422236243183
0.020884121566715423,0.9379722685414695
0.020884121566715423,0.9380924482100741
0.020884121566715423,0.9381375155858007
0.020884121566715423,0.9381525380443764
0.020884121566715423,0.9381825829615275
0.020884121566715423,0.9384980545916145
0.020884121566715423,0.9385280995087656
0.020884121566715423,0.9385731668844923
0.020884121566715423,0.9386032118016434
0.020884121566715423,0.9387985037631259
0.020884121566715423,0.938828548680277
0.020884121566715423,0.9391289978517884
0.020965382740126767,0.9391289978517884
0.020965382740126767,0.9392191326032419
0.020965382740126767,0.9392491775203929
0.020965382740126767,0.9393843796475732
0.021127905086949457,0.9393843796475732
0.021127905086949457,0.9394745143990265
0.021127905086949457,0.9395045593161777
0.021127905086949457,0.9395946940676311
0.021127905086949457,0.9396848288190845
0.021127905086949457,0.9397449186533868
0.021127905086949457,0.9397899860291136
0.021127905086949457,0.9398801207805669
0.021127905086949457,0.9399402106148692
0.021127905086949457,0.9400603902834738
0.021127905086949457,0.940120480117776
0.021127905086949457,0.9402707047035318
0.021127905086949457,0.9403007496206829
0.021127905086949457,0.9403758619135608
0.0212091662603608,0.9403758619135608
0.0212091662603608,0.9403908843721364
0.021290427433772144,0.9403908843721364
0.021290427433772144,0.940541108957892
0.021371688607183487,0.940541108957892
0.021371688607183487,0.9405861763336187
0.021371688607183487,0.9406162212507699
0.021371688607183487,0.9407814682951012
0.021371688607183487,0.9408115132122523
0.021371688607183487,0.9409016479637058
0.02145294978059483,0.9409016479637058
0.02145294978059483,0.9409316928808569
0.021534210954006174,0.9409316928808569
0.021534210954006174,0.9409467153394324
0.021534210954006174,0.9409767602565836
0.021534210954006174,0.9409917827151592
0.021534210954006174,0.9410218276323103
0.021534210954006174,0.9410518725494614
0.02161547212741752,0.9410518725494614
0.02161547212741752,0.941066895008037
0.02161547212741752,0.9410969399251882
0.02161547212741752,0.9411570297594904
0.02161547212741752,0.9412471645109438
0.02161547212741752,0.9412922318866705
0.02161547212741752,0.9413072543452461
0.021696733300828865,0.9413072543452461
0.021696733300828865,0.9413372992623973
0.021777994474240208,0.9413372992623973
0.021777994474240208,0.9414725013895774
0.021777994474240208,0.9415025463067286
0.021777994474240208,0.9416527708924842
0.021777994474240208,0.9416828158096354
0.02185925564765155,0.9416828158096354
0.02185925564765155,0.9418330403953911
0.021940516821062895,0.9418330403953911
0.021940516821062895,0.9419982874397224
0.021940516821062895,0.9420283323568736
0.021940516821062895,0.9420433548154491
0.021940516821062895,0.9421034446497514
0.021940516821062895,0.9421334895669026
0.021940516821062895,0.9421935794012049
0.022021777994474242,0.9421935794012049
0.022021777994474242,0.9422236243183559
0.02218430034129693,0.9422236243183559
0.022346822688119616,0.9422236243183559
0.022346822688119616,0.9423137590698094
0.022509345034942306,0.9423137590698094
0.022509345034942306,0.9424489611969895
0.02259060620835365,0.9424489611969895
0.02259060620835365,0.9424790061141406
0.02259060620835365,0.9425240734898673
0.02259060620835365,0.9426142082413208
0.02259060620835365,0.9426442531584719
0.02259060620835365,0.9426893205341986
0.022671867381764993,0.9426893205341986
0.022671867381764993,0.9427043429927742
0.022671867381764993,0.9427343879099254
0.022671867381764993,0.9427644328270764
0.02283438972858768,0.9427644328270764
0.02283438972858768,0.9431399942914658
0.022915650901999023,0.9431399942914658
0.022915650901999023,0.9432151065843436
0.02299691207541037,0.9432151065843436
0.02299691207541037,0.9432451515014947
0.02299691207541037,0.9432902188772214
0.023078173248821714,0.9432902188772214
0.023078173248821714,0.943305241335797
0.023078173248821714,0.9433352862529482
0.023078173248821714,0.9433803536286749
0.023078173248821714,0.943410398545826
0.023078173248821714,0.9434855108387039
0.023078173248821714,0.9435305782144305
0.023078173248821714,0.9435906680487328
0.023159434422233057,0.9435906680487328
0.023159434422233057,0.9438911172202442
0.023159434422233057,0.9439211621373954
0.023159434422233057,0.9439962744302732
0.023159434422233057,0.9440263193474244
0.023159434422233057,0.9441915663917557
0.023159434422233057,0.9442216113089068
0.023159434422233057,0.944251656226058
0.0232406955956444,0.944251656226058
0.0232406955956444,0.9443117460603603
0.0232406955956444,0.9443417909775114
0.023321956769055744,0.9443417909775114
0.023321956769055744,0.9443718358946626
0.023321956769055744,0.9444169032703892
0.023321956769055744,0.9444469481875404
0.023321956769055744,0.9445370829389937
0.023321956769055744,0.9445671278561449
0.023321956769055744,0.9445821503147205
0.023321956769055744,0.9446121952318717
0.023321956769055744,0.9448375321105053
0.02340321794246709,0.9448375321105053
0.02340321794246709,0.9448825994862319
0.023484479115878434,0.9448825994862319
0.023484479115878434,0.9449276668619586
0.023484479115878434,0.9449877566962609
0.023484479115878434,0.9450178016134121
0.023484479115878434,0.9450478465305632
0.023565740289289778,0.9450478465305632
0.023565740289289778,0.9451830486577433
0.02364700146270112,0.9451830486577433
0.02364700146270112,0.9451980711163189
0.02364700146270112,0.94522811603347
0.02364700146270112,0.9452731834091967
0.02364700146270112,0.9453182507849235
0.02364700146270112,0.9455285652049814
0.02364700146270112,0.9455586101221326
0.02364700146270112,0.9457238571664639
0.02364700146270112,0.945753902083615
0.02364700146270112,0.9457989694593417
0.023728262636112465,0.9457989694593417
0.023728262636112465,0.945859059293644
0.023728262636112465,0.9458740817522195
0.023809523809523808,0.9458740817522195
0.023809523809523808,0.9460092838793998
0.023809523809523808,0.9460393287965508
0.023809523809523808,0.9460543512551264
0.023809523809523808,0.9460994186308531
0.023809523809523808,0.9464749800952423
0.023890784982935155,0.9464749800952423
0.023890784982935155,0.9467153394324516
0.023890784982935155,0.9467604068081782
0.023890784982935155,0.9468054741839049
0.023890784982935155,0.9468355191010561
0.023890784982935155,0.9469256538525095
0.0239720461563465,0.9469256538525095
0.0239720461563465,0.9469556987696607
0.024053307329757842,0.9469556987696607
0.024053307329757842,0.9472561479411721
0.024053307329757842,0.9473162377754744
0.024053307329757842,0.9473763276097766
0.024134568503169185,0.9473763276097766
0.024134568503169185,0.9474965072783812
0.024134568503169185,0.9475265521955323
0.024134568503169185,0.9477368666155903
0.024134568503169185,0.9477669115327414
0.024134568503169185,0.9478420238256193
0.02421582967658053,0.9478420238256193
0.02421582967658053,0.9479021136599216
0.024297090849991872,0.9479021136599216
0.024297090849991872,0.9479321585770727
0.024297090849991872,0.9479622034942239
0.024297090849991872,0.947992248411375
0.02437835202340322,0.947992248411375
0.02437835202340322,0.948097405621404
0.024459613196814563,0.948097405621404
0.024459613196814563,0.9481424729971307
0.024459613196814563,0.9481725179142818
0.024459613196814563,0.9482175852900085
0.024540874370225906,0.9482175852900085
0.024540874370225906,0.9483377649586131
0.02462213554363725,0.9483377649586131
0.02462213554363725,0.9483527874171886
0.024703396717048593,0.9483527874171886
0.024703396717048593,0.9486081692129734
0.024784657890459937,0.9486081692129734
0.024784657890459937,0.9486832815058512
0.024947180237282627,0.9486832815058512
0.024947180237282627,0.948833506091607
0.024947180237282627,0.9488635510087581
0.024947180237282627,0.9489236408430604
0.02502844141069397,0.9489236408430604
0.02502844141069397,0.9490588429702405
0.02502844141069397,0.9490888878873917
0.02502844141069397,0.9491489777216939
0.02502844141069397,0.9491790226388451
0.02502844141069397,0.949254134931723
0.02502844141069397,0.949284179848874
0.02502844141069397,0.9493142247660252
0.025190963757516657,0.9493142247660252
0.025190963757516657,0.9494344044346298
0.025190963757516657,0.9494794718103565
0.025190963757516657,0.9495095167275076
0.025272224930928004,0.9495095167275076
0.025272224930928004,0.9495846290203854
0.025353486104339348,0.9495846290203854
0.025353486104339348,0.9497498760647167
0.025353486104339348,0.9497799209818679
0.025353486104339348,0.9497949434404435
0.025353486104339348,0.9498249883575947
0.025353486104339348,0.9498400108161702
0.02543474727775069,0.9498400108161702
0.02543474727775069,0.949915123109048
0.02543474727775069,0.9499601904847748
0.02543474727775069,0.9500803701533793
0.02543474727775069,0.9501104150705304
0.02543474727775069,0.9502456171977106
0.025516008451162035,0.9502456171977106
0.025516008451162035,0.9503207294905884
0.025597269624573378,0.9503207294905884
0.025597269624573378,0.9503507744077395
0.02567853079798472,0.9503507744077395
0.02567853079798472,0.9504709540763442
0.02575979197139607,0.9504709540763442
0.02575979197139607,0.950546066369222
0.025841053144807412,0.950546066369222
0.025841053144807412,0.9506812684964021
0.025922314318218755,0.9506812684964021
0.025922314318218755,0.9508164706235822
0.025922314318218755,0.9509066053750357
0.025922314318218755,0.9510418075022158
0.0260035754916301,0.9510418075022158
0.0260035754916301,0.951071852419367
0.0260035754916301,0.9511169197950937
0.026084836665041442,0.9511169197950937
0.026084836665041442,0.951177009629396
0.026166097838452786,0.951177009629396
0.026166097838452786,0.951522526176634
0.026247359011864133,0.951522526176634
0.026247359011864133,0.9515525710937852
0.026247359011864133,0.9515826160109363
0.026247359011864133,0.9516727507623898
0.026247359011864133,0.951732840596692
0.026247359011864133,0.9517929304309943
0.026328620185275476,0.9517929304309943
0.026328620185275476,0.9518530202652966
0.026328620185275476,0.9518830651824478
0.026328620185275476,0.9518980876410233
0.026328620185275476,0.9519281325581744
0.026328620185275476,0.9521384469782325
0.026328620185275476,0.9521684918953836
0.026328620185275476,0.9521985368125347
0.026328620185275476,0.9522285817296858
0.026328620185275476,0.952258626646837
0.026328620185275476,0.9522886715639881
0.026328620185275476,0.9523036940225638
0.026328620185275476,0.9523337389397148
0.026328620185275476,0.9523487613982904
0.026328620185275476,0.9523788063154416
0.026328620185275476,0.9523938287740171
0.02640988135868682,0.9523938287740171
0.02640988135868682,0.9525290309011973
0.02640988135868682,0.952574098276924
0.02640988135868682,0.9526041431940752
0.02640988135868682,0.9527543677798308
0.02640988135868682,0.9527994351555575
0.02640988135868682,0.9528294800727087
0.026491142532098163,0.9528294800727087
0.026491142532098163,0.9529346372827376
0.026572403705509506,0.9529496597413133
0.026572403705509506,0.9530998843270689
0.026572403705509506,0.9531299292442201
0.026572403705509506,0.9534604233328826
0.026653664878920853,0.9534604233328826
0.026653664878920853,0.9534754457914583
0.026734926052332197,0.9534754457914583
0.026734926052332197,0.9535054907086093
0.026734926052332197,0.9535956254600628
0.026734926052332197,0.9536256703772139
0.026734926052332197,0.9537458500458185
0.02681618722574354,0.9537458500458185
0.02681618722574354,0.953866029714423
0.02681618722574354,0.9538960746315742
0.02681618722574354,0.9539862093830276
0.026897448399154884,0.9539862093830276
0.026897448399154884,0.9540162543001788
0.026978709572566227,0.9540162543001788
0.026978709572566227,0.9540763441344811
0.027141231919388917,0.9540763441344811
0.027141231919388917,0.9540913665930566
0.027141231919388917,0.9541514564273589
0.027141231919388917,0.9543167034716902
0.02722249309280026,0.9543167034716902
0.02722249309280026,0.9543767933059925
0.02722249309280026,0.9544218606817192
0.02722249309280026,0.9546321751017771
0.027303754266211604,0.9546321751017771
0.027303754266211604,0.9548575119804107
0.027303754266211604,0.9548875568975619
0.027303754266211604,0.9549025793561374
0.027303754266211604,0.9549476467318642
0.027303754266211604,0.9550077365661664
0.027303754266211604,0.9550377814833175
0.027303754266211604,0.9550528039418932
0.027303754266211604,0.9550828488590443
0.027303754266211604,0.9551128937761955
0.027385015439622948,0.9551128937761955
0.027385015439622948,0.9556386798263404
0.02746627661303429,0.9556386798263404
0.02746627661303429,0.9558039268706716
0.02746627661303429,0.9558339717878228
0.02746627661303429,0.9558790391635495
0.02746627661303429,0.9559090840807006
0.02746627661303429,0.9559391289978518
0.02762879895985698,0.9559391289978518
0.02762879895985698,0.956179488335061
0.02762879895985698,0.956209533252212
0.02762879895985698,0.9564048252136945
0.027710060133268325,0.9564048252136945
0.027710060133268325,0.9564498925894211
0.027710060133268325,0.9564799375065723
0.027710060133268325,0.9565250048822991
0.027710060133268325,0.9565550497994502
0.027710060133268325,0.9568254540538105
0.02779132130667967,0.9568254540538105
0.02779132130667967,0.9568554989709616
0.02779132130667967,0.9569005663466883
0.02779132130667967,0.9569756786395661
0.02779132130667967,0.9570057235567173
0.02779132130667967,0.9573061727282287
0.027872582480091012,0.9573061727282287
0.027872582480091012,0.95747141977256
0.027953843653502355,0.95747141977256
0.027953843653502355,0.9575315096068623
0.027953843653502355,0.9575915994411646
0.027953843653502355,0.9576216443583156
0.027953843653502355,0.9576516892754668
0.027953843653502355,0.9577418240269202
0.0280351048269137,0.9577418240269202
0.0280351048269137,0.9578620036955248
0.0280351048269137,0.957892048612676
0.0280351048269137,0.9579070710712515
0.0280351048269137,0.9579371159884027
0.0280351048269137,0.9579671609055538
0.028116366000325046,0.9579671609055538
0.028116366000325046,0.957997205822705
0.028116366000325046,0.9581023630327339
0.028116366000325046,0.9581324079498851
0.028116366000325046,0.9582525876184896
0.028116366000325046,0.9582826325356408
0.02819762717373639,0.9582826325356408
0.02819762717373639,0.9583276999113675
0.028278888347147733,0.9583276999113675
0.028278888347147733,0.9583577448285187
0.028278888347147733,0.9584178346628209
0.028360149520559076,0.9584178346628209
0.028360149520559076,0.958553036790001
0.028360149520559076,0.9585830817071522
0.028360149520559076,0.9587933961272102
0.02860393304079311,0.9587933961272102
0.02860393304079311,0.9588985533372392
0.028685194214204453,0.9588985533372392
0.028685194214204453,0.9590638003815705
0.028766455387615797,0.9590638003815705
0.028766455387615797,0.9593342046359307
0.028928977734438484,0.9593342046359307
0.028928977734438484,0.9593492270945063
0.02901023890784983,0.9593492270945063
0.02901023890784983,0.9594243393873841
0.029091500081261174,0.9594243393873841
0.029091500081261174,0.9595294965974132
0.02925402242808386,0.9595294965974132
0.029335283601495205,0.9595294965974132
0.029335283601495205,0.9595745639731399
0.029416544774906548,0.9595745639731399
0.029416544774906548,0.9595895864317154
0.029660328295140582,0.9595895864317154
0.029660328295140582,0.9596496762660177
0.029741589468551925,0.9596496762660177
0.029741589468551925,0.9596797211831688
0.02982285064196327,0.9596797211831688
0.02982285064196327,0.9596947436417445
0.02982285064196327,0.9597247885588955
0.02998537298878596,0.9597247885588955
0.02998537298878596,0.9597548334760467
0.02998537298878596,0.9597848783931978
0.02998537298878596,0.9599651478961047
0.030066634162197303,0.9599651478961047
0.030066634162197303,0.9599951928132558
0.030147895335608646,0.9599951928132558
0.030147895335608646,0.9600102152718314
0.03039167885584268,0.9600102152718314
0.03039167885584268,0.9601153724818604
0.030472940029254023,0.9601153724818604
0.030472940029254023,0.9601754623161627
0.030472940029254023,0.9602055072333138
0.030472940029254023,0.9603256869019183
0.030554201202665367,0.9603256869019183
0.030554201202665367,0.9605660462391274
0.03063546237607671,0.9605660462391274
0.03063546237607671,0.9605960911562786
0.03063546237607671,0.9608214280349122
0.030716723549488054,0.9608214280349122
0.030716723549488054,0.9608514729520633
0.030879245896310744,0.9608514729520633
0.030879245896310744,0.9610918322892724
0.030960507069722087,0.9610918322892724
0.030960507069722087,0.9611218772064236
0.031123029416544774,0.9611218772064236
0.031123029416544774,0.9611519221235747
0.031123029416544774,0.9611819670407259
0.031123029416544774,0.9612270344164526
0.031204290589956118,0.9612270344164526
0.031204290589956118,0.9612420568750282
0.031204290589956118,0.9612721017921793
0.031204290589956118,0.9614073039193595
0.03128555176336746,0.9614073039193595
0.03128555176336746,0.9615425060465396
0.03144807411019015,0.9615425060465396
0.03144807411019015,0.9616927306322953
0.031529335283601495,0.9616927306322953
0.031529335283601495,0.961737798008022
0.03161059645701284,0.961737798008022
0.03161059645701284,0.9617828653837487
0.03177311880383553,0.9617828653837487
0.03177311880383553,0.961842955218051
0.03185437997724687,0.961842955218051
0.03185437997724687,0.9618730001352022
0.031935641150658216,0.9618730001352022
0.031935641150658216,0.9619330899695044
0.03201690232406956,0.9619330899695044
0.03201690232406956,0.9619931798038067
0.0320981634974809,0.9619931798038067
0.0320981634974809,0.9621884717652891
0.03217942467089225,0.9621884717652891
0.03217942467089225,0.9623687412681959
0.03226068584430359,0.9623687412681959
0.03226068584430359,0.9624288311024982
0.03226068584430359,0.9624588760196494
0.03226068584430359,0.9624889209368005
0.032341947017714937,0.9624889209368005
0.032341947017714937,0.962503943395376
0.032423208191126277,0.962503943395376
0.032423208191126277,0.962579055688254
0.03250446936453762,0.962579055688254
0.03250446936453762,0.9626241230639806
0.03258573053794897,0.9626241230639806
0.03258573053794897,0.9626541679811318
0.03266699171136031,0.9626541679811318
0.032829514058183,0.9626541679811318
0.032829514058183,0.9627743476497364
0.032910775231594344,0.9627743476497364
0.032910775231594344,0.9629996845283699
0.03299203640500569,0.9629996845283699
0.03299203640500569,0.9630147069869455
0.03315455875182838,0.9630147069869455
0.03315455875182838,0.9630747968212477
0.03315455875182838,0.9631048417383989
0.03315455875182838,0.9631198641969745
0.03323581992523972,0.9631198641969745
0.03323581992523972,0.9631649315727012
0.03323581992523972,0.9632099989484278
0.03323581992523972,0.9632250214070035
0.03339834227206241,0.9632250214070035
0.03339834227206241,0.9634653807442126
0.03347960344547375,0.9634653807442126
0.03347960344547375,0.9634954256613637
0.03347960344547375,0.9636306277885439
0.03347960344547375,0.963660672705695
0.03347960344547375,0.9637207625399973
0.03347960344547375,0.9637808523742996
0.03347960344547375,0.9637958748328751
0.0335608646188851,0.9637958748328751
0.0335608646188851,0.9638108972914508
0.0335608646188851,0.9638409422086018
0.0335608646188851,0.9640362341700843
0.0335608646188851,0.9640662790872354
0.0335608646188851,0.9641113464629621
0.03364212579229644,0.9641113464629621
0.03364212579229644,0.9641263689215377
0.033723386965707786,0.9641263689215377
0.033723386965707786,0.9642765935072934
0.033723386965707786,0.9643066384244445
0.033723386965707786,0.9643366833415957
0.03388590931253047,0.9643366833415957
0.03388590931253047,0.9643817507173224
0.03396717048594182,0.9643817507173224
0.03396717048594182,0.9644418405516246
0.03404843165935316,0.9644418405516246
0.03404843165935316,0.9644869079273514
0.03404843165935316,0.9645169528445026
0.03404843165935316,0.9645620202202292
0.03404843165935316,0.9645920651373804
0.03404843165935316,0.9647122448059849
0.034129692832764506,0.9647122448059849
0.034129692832764506,0.9648624693917407
0.034210954006175846,0.9648624693917407
0.034210954006175846,0.9649375816846185
0.034210954006175846,0.9649676266017696
0.034210954006175846,0.9650126939774963
0.034210954006175846,0.9650427388946475
0.034210954006175846,0.9652230083975544
0.03429221517958719,0.9652230083975544
0.03429221517958719,0.9652380308561299
0.03437347635299854,0.9652380308561299
0.03437347635299854,0.9652530533147055
0.03437347635299854,0.9652830982318567
0.03437347635299854,0.9654934126519146
0.03445473752640988,0.9654934126519146
0.03445473752640988,0.9656736821548214
0.03453599869982123,0.9656736821548214
0.03453599869982123,0.9657487944476993
0.03461725987323257,0.9657487944476993
0.03461725987323257,0.9658389291991527
0.034698521046643914,0.9658389291991527
0.034698521046643914,0.9658689741163039
0.03477978222005526,0.9658689741163039
0.03477978222005526,0.9661994682049664
0.03494230456687795,0.9661994682049664
0.03494230456687795,0.966214490663542
0.03494230456687795,0.9662445355806931
0.03494230456687795,0.9662896029564199
0.035104826913700635,0.9662896029564199
0.035104826913700635,0.9663496927907221
0.035186088087111975,0.9663496927907221
0.035186088087111975,0.9663647152492977
0.03526734926052332,0.9663647152492977
0.03526734926052332,0.9664548500007512
0.03534861043393467,0.9664548500007512
0.03534861043393467,0.9664999173764778
0.03542987160734601,0.9664999173764778
0.03542987160734601,0.9665600072107802
0.035511132780757355,0.9665600072107802
0.035511132780757355,0.9665750296693557
0.035592393954168695,0.9665900521279313
0.035592393954168695,0.9666501419622335
0.03567365512758004,0.9666501419622335
0.03567365512758004,0.9667102317965358
0.03575491630099139,0.9667102317965358
0.03575491630099139,0.9667853440894136
0.03583617747440273,0.9668003665479893
0.03583617747440273,0.9669505911337449
0.035917438647814076,0.9669505911337449
0.035917438647814076,0.967055748343774
0.035998699821225416,0.967055748343774
0.035998699821225416,0.967085793260925
0.03607996099463676,0.967085793260925
0.03607996099463676,0.9671308606366518
0.03607996099463676,0.967160905553803
0.03607996099463676,0.967190950470954
0.03616122216804811,0.967190950470954
0.03616122216804811,0.9672059729295297
0.03616122216804811,0.9672360178466808
0.03616122216804811,0.9672961076809831
0.03624248334145945,0.9672961076809831
0.03624248334145945,0.9673862424324365
0.0363237445148708,0.9673862424324365
0.0363237445148708,0.9674162873495876
0.03640500568828214,0.9674162873495876
0.03640500568828214,0.9674913996424654
0.036486266861693484,0.9674913996424654
0.036486266861693484,0.9675815343939189
0.036567528035104824,0.9675815343939189
0.036567528035104824,0.967716736521099
0.03664878920851617,0.967716736521099
0.03664878920851617,0.9677467814382502
0.03673005038192752,0.9677467814382502
0.03673005038192752,0.9678519386482792
0.03681131155533886,0.9678519386482792
0.03681131155533886,0.9678669611068548
0.036892572728750204,0.9678669611068548
0.036892572728750204,0.9679570958583081
0.03705509507557289,0.9679570958583081
0.03705509507557289,0.9682725674883952
0.03713635624898424,0.9682725674883952
0.03713635624898424,0.9684077696155753
0.03721761742239558,0.9684077696155753
0.03721761742239558,0.9686030615770577
0.03721761742239558,0.9686331064942089
0.03721761742239558,0.968768308621389
0.037298878595806925,0.968768308621389
0.037298878595806925,0.9687833310799645
0.037380139769218265,0.9687833310799645
0.037380139769218265,0.968873465831418
0.03746140094262961,0.968873465831418
0.03746140094262961,0.9689335556657203
0.03754266211604096,0.9689335556657203
0.03754266211604096,0.968978623041447
0.03754266211604096,0.9690086679585981
0.03754266211604096,0.9690837802514759
0.037705184462863646,0.9690837802514759
0.037705184462863646,0.9691288476272026
0.037786445636274986,0.9691288476272026
0.037786445636274986,0.9691739150029294
0.037786445636274986,0.9692039599200806
0.037786445636274986,0.9692790722129584
0.03786770680968633,0.9692790722129584
0.03786770680968633,0.9694743641744408
0.03803022915650902,0.9694743641744408
0.03803022915650902,0.9695494764673186
0.03811149032992037,0.9695494764673186
0.03811149032992037,0.9696245887601965
0.03819275150333171,0.9696245887601965
0.03819275150333171,0.9696396112187721
0.038274012676743054,0.9696396112187721
0.038274012676743054,0.9696846785944988
0.038355273850154394,0.9696846785944988
0.038355273850154394,0.9697147235116499
0.038355273850154394,0.9698048582631034
0.03843653502356574,0.9698048582631034
0.03843653502356574,0.9699100154731324
0.03851779619697709,0.9699100154731324
0.03851779619697709,0.9699250379317079
0.038761579717211114,0.9699250379317079
0.038761579717211114,0.9700452176003125
0.038761579717211114,0.9700752625174636
0.038761579717211114,0.9700902849760392
0.03884284089062246,0.9700902849760392
0.03884284089062246,0.9701804197274926
0.03884284089062246,0.9702254871032193
0.03884284089062246,0.9702405095617949
0.03884284089062246,0.9702705544789461
0.0389241020640338,0.9702705544789461
0.0389241020640338,0.9702855769375216
0.03900536323744515,0.9702855769375216
0.03900536323744515,0.9703005993960971
0.039086624410856495,0.9703005993960971
0.039086624410856495,0.9704057566061262
0.039167885584267835,0.9704057566061262
0.039167885584267835,0.9704207790647017
0.03924914675767918,0.9704207790647017
0.03924914675767918,0.9704658464404284
0.03924914675767918,0.9704958913575796
0.03924914675767918,0.9706010485676085
0.03933040793109052,0.9706010485676085
0.03933040793109052,0.9706761608604865
0.03941166910450187,0.9706761608604865
0.03941166910450187,0.9708414079048177
0.039492930277913216,0.9708414079048177
0.039492930277913216,0.9708564303633933
0.039574191451324556,0.9708564303633933
0.039574191451324556,0.9709615875734222
0.03973671379814724,0.9709615875734222
0.03973671379814724,0.9709916324905734
0.03981797497155859,0.9709916324905734
0.03981797497155859,0.9710216774077245
0.039899236144969936,0.9710216774077245
0.039899236144969936,0.9710967897006024
0.04006175849179262,0.9710967897006024
0.04006175849179262,0.9711268346177535
0.04022428083861531,0.9711268346177535
0.04022428083861531,0.9711418570763292
0.04030554201202665,0.9711418570763292
0.04030554201202665,0.9711568795349047
0.040386803185438,0.9711568795349047
0.040386803185438,0.9711719019934802
0.040468064358849344,0.9711719019934802
0.040468064358849344,0.9712470142863581
0.040549325532260684,0.9712470142863581
0.040549325532260684,0.9712920816620848
0.04063058670567203,0.9712920816620848
0.04063058670567203,0.9713071041206603
0.04079310905249472,0.9713071041206603
0.04079310905249472,0.9713521714963871
0.04079310905249472,0.9713822164135383
0.04079310905249472,0.9715174185407184
0.040874370225906065,0.9715174185407184
0.040874370225906065,0.9715474634578695
0.040874370225906065,0.9715775083750207
0.040874370225906065,0.971742755419352
0.040955631399317405,0.971742755419352
0.040955631399317405,0.9719530698394099
0.040955631399317405,0.9719981372151366
0.040955631399317405,0.9720131596737122
0.04103689257272875,0.9720131596737122
0.04103689257272875,0.9721183168837412
0.04111815374614009,0.9721183168837412
0.04111815374614009,0.9721784067180435
0.04119941491955144,0.9721784067180435
0.04119941491955144,0.972193429176619
0.041280676092962786,0.972193429176619
0.041280676092962786,0.9722234740937702
0.041361937266374126,0.9722234740937702
0.041361937266374126,0.972298586386648
0.04144319843978547,0.972298586386648
0.04144319843978547,0.9723586762209503
0.0416869819600195,0.9723586762209503
0.0416869819600195,0.9725990355581594
0.041768243133430846,0.9725990355581594
0.041768243133430846,0.9726741478510373
0.04184950430684219,0.9726741478510373
0.04184950430684219,0.9728093499782174
0.04193076548025353,0.9728093499782174
0.04193076548025353,0.9728694398125197
0.04193076548025353,0.9728994847296708
0.04193076548025353,0.972929529646822
0.04201202665366488,0.972929529646822
0.04201202665366488,0.9729595745639732
0.042255810173898914,0.9729595745639732
0.042255810173898914,0.9729896194811243
0.042337071347310254,0.9729896194811243
0.042337071347310254,0.9730947766911533
0.04258085486754429,0.9730947766911533
0.04258085486754429,0.97313984406688
0.042662116040955635,0.97313984406688
0.042662116040955635,0.9731548665254556
0.042743377214366975,0.9731548665254556
0.042743377214366975,0.9731849114426067
0.042743377214366975,0.9732299788183334
0.042743377214366975,0.9733651809455135
0.04282463838777832,0.9733651809455135
0.04282463838777832,0.9733952258626647
0.04298716073460101,0.9733952258626647
0.04298716073460101,0.9734102483212402
0.04298716073460101,0.9734402932383914
0.04306842190801235,0.9734402932383914
0.04306842190801235,0.9734703381555425
0.04339346660165773,0.9734703381555425
0.04339346660165773,0.9735905178241471
0.04339346660165773,0.9736205627412983
0.04339346660165773,0.9737106974927516
0.04347472777506907,0.9737106974927516
0.04347472777506907,0.9737557648684784
0.043555988948480416,0.9737557648684784
0.043555988948480416,0.9739210119128097
0.0437185112953031,0.9739210119128097
0.0437185112953031,0.9739360343713852
0.0437185112953031,0.9739660792885364
0.0437185112953031,0.9741313263328676
0.04379977246871445,0.9741313263328676
0.04379977246871445,0.9742064386257455
0.04388103364212579,0.9742064386257455
0.04388103364212579,0.9746270674658615
0.04396229481553714,0.9746270674658615
0.04396229481553714,0.9746721348415882
0.044043555988948484,0.9746721348415882
0.044043555988948484,0.9746871573001638
0.044124817162359824,0.9746871573001638
0.044124817162359824,0.9747322246758905
0.04428733950918251,0.9747322246758905
0.04428733950918251,0.974747247134466
0.04436860068259386,0.974747247134466
0.04436860068259386,0.9747622695930416
0.0444498618560052,0.9747622695930416
0.0444498618560052,0.9747772920516171
0.044531123029416544,0.9747772920516171
0.044531123029416544,0.974852404344495
0.04469364537623923,0.974852404344495
0.04469364537623923,0.9748824492616461
0.04469364537623923,0.9749575615545241
0.04477490654965058,0.9749575615545241
0.04477490654965058,0.9749876064716752
0.04485616772306192,0.9749876064716752
0.04485616772306192,0.9750026289302507
0.044937428896473265,0.9750026289302507
0.044937428896473265,0.9750927636817042
0.04509995124329595,0.9750927636817042
0.04509995124329595,0.975273033184611
0.0451812124167073,0.975273033184611
0.0451812124167073,0.9752880556431865
0.045343734763529986,0.9752880556431865
0.045343734763529986,0.9753030781017621
0.04550625711035267,0.9753030781017621
0.04550625711035267,0.9753181005603377
0.04558751828376402,0.9753181005603377
0.04558751828376402,0.9753331230189133
0.04566877945717536,0.9753331230189133
0.04566877945717536,0.97537819039464
0.04575004063058671,0.97537819039464
0.04575004063058671,0.9754533026875178
0.04583130180399805,0.9754533026875178
0.04583130180399805,0.9755434374389713
0.04599382415082074,0.9755434374389713
0.04599382415082074,0.9756485946490002
0.04607508532423208,0.9756485946490002
0.04607508532423208,0.9758138416933315
0.04615634649764343,0.9758138416933315
0.04615634649764343,0.9758288641519071
0.046318868844466114,0.9758288641519071
0.046318868844466114,0.9759189989033605
0.04640013001787746,0.9759189989033605
0.04640013001787746,0.9761293133234185
0.0464813911912888,0.9761293133234185
0.0464813911912888,0.9761593582405697
0.04656265236470015,0.9761593582405697
0.04656265236470015,0.9762344705334475
0.04664391353811149,0.9762344705334475
0.04664391353811149,0.9763095828263254
0.04680643588493418,0.9763095828263254
0.04680643588493418,0.9763396277434765
0.04680643588493418,0.9763696726606277
0.04680643588493418,0.9763846951192032
0.04688769705834552,0.9763846951192032
0.04688769705834552,0.9763997175777788
0.04696895823175687,0.9763997175777788
0.04696895823175687,0.9764147400363543
0.04705021940516821,0.9764147400363543
0.04705021940516821,0.97642976249493
0.04705021940516821,0.976459807412081
0.04705021940516821,0.9765198972463833
0.047131480578579556,0.9765198972463833
0.047131480578579556,0.9765799870806856
0.047212741751990896,0.9765799870806856
0.047212741751990896,0.9765950095392611
0.04729400292540224,0.9765950095392611
0.04729400292540224,0.9766400769149879
0.04745652527222493,0.9766400769149879
0.04745652527222493,0.9766550993735634
0.047537786445636276,0.9766550993735634
0.047537786445636276,0.9767001667492902
0.047619047619047616,0.9767001667492902
0.047619047619047616,0.9767903015007436
0.04770030879245896,0.9767903015007436
0.04770030879245896,0.9768053239593192
0.04778156996587031,0.9768053239593192
0.04778156996587031,0.9768503913350459
0.047944092312693,0.9768503913350459
0.047944092312693,0.9768654137936215
0.047944092312693,0.9768954587107727
0.047944092312693,0.9769255036279237
0.04826913700633837,0.9769255036279237
0.04826913700633837,0.9769555485450749
0.04835039817974972,0.9769555485450749
0.04835039817974972,0.9770156383793772
0.048594181699983745,0.9770156383793772
0.048594181699983745,0.9770306608379528
0.04875670404680644,0.9770306608379528
0.04883796522021778,0.9770306608379528
0.04883796522021778,0.9770757282136795
0.048919226393629126,0.9770757282136795
0.048919226393629126,0.9771207955894061
0.049000487567040465,0.9771207955894061
0.049000487567040465,0.9771658629651329
0.04908174874045181,0.9771658629651329
0.04908174874045181,0.9773461324680397
0.04916300991386316,0.9773461324680397
0.04916300991386316,0.9773611549266152
0.0492442710872745,0.9773611549266152
0.0492442710872745,0.9773911998437664
0.049406793434097186,0.9773911998437664
0.049406793434097186,0.9774813345952199
0.04948805460750853,0.9774813345952199
0.04948805460750853,0.9775414244295222
0.04956931578091987,0.9775414244295222
0.04956931578091987,0.9777066714738534
0.04965057695433122,0.9777066714738534
0.04965057695433122,0.9777367163910046
0.04981309930115391,0.9777367163910046
0.04981309930115391,0.9777517388495801
0.049975621647976594,0.9777517388495801
0.049975621647976594,0.9777817837667313
0.05005688282138794,0.9777817837667313
0.05005688282138794,0.9778118286838824
0.05021940516821063,0.9778118286838824
0.05021940516821063,0.9778268511424579
0.050381927515033315,0.9778268511424579
0.050381927515033315,0.9779620532696381
0.05046318868844466,0.9779620532696381
0.05046318868844466,0.978067210479667
0.05062571103526735,0.978067210479667
0.05062571103526735,0.9780822329382427
0.050706972208678695,0.9780822329382427
0.050706972208678695,0.9781122778553938
0.05086949455550138,0.9781122778553938
0.05086949455550138,0.9781273003139694
0.05095075572891272,0.9781273003139694
0.05095075572891272,0.9782775248997251
0.051194539249146756,0.9782775248997251
0.051194539249146756,0.9783075698168763
0.0512758004225581,0.9783075698168763
0.0512758004225581,0.9784127270269052
0.05135706159596944,0.9784127270269052
0.05135706159596944,0.9784427719440564
0.05143832276938079,0.9784427719440564
0.05143832276938079,0.9784878393197831
0.05151958394279214,0.9784878393197831
0.05151958394279214,0.9785329066955097
0.05160084511620348,0.9785329066955097
0.05160084511620348,0.9786080189883877
0.05160084511620348,0.9786380639055388
0.051682106289614824,0.9786380639055388
0.051682106289614824,0.97866810882269
0.0520071509832602,0.97866810882269
0.0520071509832602,0.9786831312812655
0.052088412156671544,0.9786831312812655
0.052088412156671544,0.9787882884912945
0.052169673330082884,0.9787882884912945
0.052169673330082884,0.979223939789986
0.05225093450349423,0.979223939789986
0.05225093450349423,0.9792990520828638
0.05233219567690557,0.9792990520828638
0.05233219567690557,0.9795394114200731
0.05241345685031692,0.9795394114200731
0.05241345685031692,0.9795544338786486
0.052494718023728265,0.9795544338786486
0.052494718023728265,0.9795694563372241
0.05265724037055095,0.9795694563372241
0.05265724037055095,0.9796145237129509
0.05281976271737364,0.9796145237129509
0.05281976271737364,0.9796896360058287
0.052901023890784986,0.9796896360058287
0.052901023890784986,0.9797046584644042
0.052982285064196326,0.9797046584644042
0.052982285064196326,0.979749725840131
0.05306354623760767,0.979749725840131
0.05306354623760767,0.9797797707572822
0.05314480741101901,0.9797797707572822
0.05314480741101901,0.9798098156744333
0.05322606858443036,0.9798098156744333
0.05322606858443036,0.9798248381330088
0.05330732975784171,0.9798248381330088
0.05330732975784171,0.9798999504258867
0.053469852104664393,0.9798999504258867
0.053469852104664393,0.9799750627187646
0.05363237445148708,0.9799750627187646
0.05363237445148708,0.9800201300944913
0.05379489679830977,0.9800201300944913
0.05379489679830977,0.9800351525530668
0.0540386803185438,0.9800351525530668
0.0540386803185438,0.9800501750116424
0.054363725012189175,0.9800501750116424
0.054363725012189175,0.9800802199287936
0.05460750853242321,0.9800802199287936
0.05460750853242321,0.9801102648459447
0.054770030879245896,0.9801102648459447
0.054770030879245896,0.9801703546802469
0.05493255322606858,0.9801703546802469
0.05493255322606858,0.9802003995973981
0.05509507557289127,0.9802003995973981
0.05509507557289127,0.9802454669731249
0.055176336746302616,0.9802454669731249
0.055176336746302616,0.9802604894317004
0.05525759791971396,0.9802604894317004
0.05525759791971396,0.9802905343488515
0.0553388590931253,0.9802905343488515
0.0553388590931253,0.9803356017245782
0.05550138143994799,0.9803356017245782
0.05550138143994799,0.9803956915588805
0.05558264261335934,0.9803956915588805
0.05558264261335934,0.9806660958132408
0.055663903786770684,0.9806660958132408
0.055663903786770684,0.9807111631889676
0.05582642613359337,0.9807111631889676
0.05582642613359337,0.9807712530232698
0.05598894848041606,0.9807712530232698
0.05598894848041606,0.9808914326918744
0.0560702096538274,0.9808914326918744
0.0560702096538274,0.9809214776090255
0.05623273200065009,0.9809214776090255
0.05623273200065009,0.980936500067601
0.05631399317406143,0.980936500067601
0.05631399317406143,0.9809515225261767
0.05639525434747278,0.9809515225261767
0.05639525434747278,0.9809665449847522
0.05672029904111815,0.9809665449847522
0.05672029904111815,0.9810266348190545
0.0568015602145295,0.9810266348190545
0.0568015602145295,0.9810717021947812
0.05688282138794084,0.9810717021947812
0.05688282138794084,0.9810867246533568
0.056964082561352186,0.9810867246533568
0.056964082561352186,0.9811918818633858
0.05720786608158622,0.9811918818633858
0.05720786608158622,0.9813120615319904
0.05728912725499756,0.9813120615319904
0.05728912725499756,0.9814322412005949
0.05737038842840891,0.9814322412005949
0.05737038842840891,0.981462286117746
0.057532910775231594,0.981462286117746
0.057532910775231594,0.9815223759520483
0.05769543312205428,0.9815223759520483
0.05769543312205428,0.9815373984106239
0.05777669429546563,0.9815373984106239
0.05777669429546563,0.9816125107035018
0.05785795546887697,0.9816125107035018
0.05785795546887697,0.981672600537804
0.05802047781569966,0.981672600537804
0.05802047781569966,0.9816876229963796
0.058101738989111,0.9816876229963796
0.058101738989111,0.9817326903721063
0.058101738989111,0.9817627352892574
0.058101738989111,0.9817927802064086
0.05826426133593369,0.9817927802064086
0.05826426133593369,0.9818228251235597
0.05842678368275638,0.9818228251235597
0.05842678368275638,0.9818378475821353
0.05850804485616772,0.9818378475821353
0.05850804485616772,0.9818979374164376
0.05867056720299041,0.9818979374164376
0.05867056720299041,0.9819279823335887
0.058751828376401756,0.9819279823335887
0.058751828376401756,0.9820030946264666
0.05899561189663579,0.9820030946264666
0.05899561189663579,0.9820331395436177
0.05907687307004713,0.9820331395436177
0.05907687307004713,0.9821232742950712
0.05915813424345848,0.9821232742950712
0.05915813424345848,0.9821533192122223
0.05915813424345848,0.9821683416707978
0.05923939541686982,0.9821683416707978
0.05923939541686982,0.9821833641293735
0.059320656590281164,0.9821833641293735
0.059320656590281164,0.9822284315051001
0.05940191776369251,0.9822284315051001
0.05940191776369251,0.982303543797978
0.05940191776369251,0.9823335887151291
0.05940191776369251,0.9823636336322803
0.05948317893710385,0.9823636336322803
0.05948317893710385,0.9823786560908558
0.0595644401105152,0.9823786560908558
0.0595644401105152,0.9824087010080069
0.05980822363074923,0.9824087010080069
0.05980822363074923,0.9824387459251581
0.05988948480416057,0.9824387459251581
0.05988948480416057,0.9825439031351871
0.06005200715098326,0.9825439031351871
0.06005200715098326,0.9825739480523382
0.060133268324394605,0.9825739480523382
0.060133268324394605,0.9827542175552451
0.060214529497805945,0.9827542175552451
0.060214529497805945,0.9829044421410008
0.06029579067121729,0.9829044421410008
0.06029579067121729,0.9829344870581519
0.06037705184462864,0.9829344870581519
0.060539574191451326,0.9829344870581519
0.060539574191451326,0.9829795544338786
0.060620835364862666,0.9829795544338786
0.060620835364862666,0.9829945768924542
0.06070209653827401,0.9829945768924542
0.06070209653827401,0.9830847116439076
0.06078335771168536,0.9830847116439076
0.06078335771168536,0.9831147565610587
0.0608646188850967,0.9831147565610587
0.0608646188850967,0.9831297790196344
0.061027141231919386,0.9831297790196344
0.061027141231919386,0.9832199137710878
0.06118966357874208,0.9832199137710878
0.06118966357874208,0.983249958688239
0.06127092475215342,0.983249958688239
0.06127092475215342,0.98328000360539
0.06135218592556477,0.98328000360539
0.061514708272387454,0.98328000360539
0.061514708272387454,0.9833100485225412
0.061595969445798794,0.9833100485225412
0.061595969445798794,0.9833250709811168
0.06167723061921014,0.9833250709811168
0.06167723061921014,0.9833400934396923
0.06224605883308955,0.9833400934396923
0.06248984235332358,0.9833400934396923
0.06248984235332358,0.983355115898268
0.06257110352673492,0.983355115898268
0.06257110352673492,0.983385160815419
0.06265236470014628,0.983385160815419
0.06265236470014628,0.9834152057325702
0.0628961482203803,0.9834152057325702
0.0628961482203803,0.9834302281911458
0.06305867056720299,0.9834302281911458
0.06305867056720299,0.9834602731082969
0.06305867056720299,0.9834903180254481
0.06322119291402568,0.9834903180254481
0.06322119291402568,0.9835053404840236
0.06338371526084836,0.9835053404840236
0.06338371526084836,0.9835203629425991
0.0634649764342597,0.9835203629425991
0.0634649764342597,0.9835353854011748
0.06354623760767106,0.9835353854011748
0.06354623760767106,0.9835504078597503
0.06379002112790509,0.9835504078597503
0.06379002112790509,0.9835654303183259
0.06387128230131643,0.9835654303183259
0.06387128230131643,0.9836104976940526
0.06387128230131643,0.9836405426112037
0.06403380464813913,0.9836405426112037
0.06403380464813913,0.9836705875283549
0.06411506582155047,0.9836705875283549
0.06411506582155047,0.9836856099869304
0.0641963269949618,0.9836856099869304
0.0641963269949618,0.983700632445506
0.06427758816837315,0.983700632445506
0.06427758816837315,0.9837156549040816
0.0643588493417845,0.9837156549040816
0.0643588493417845,0.9838358345726862
0.06444011051519584,0.9838358345726862
0.06444011051519584,0.983910946865564
0.06452137168860718,0.983910946865564
0.06452137168860718,0.9839409917827152
0.06468389403542987,0.9839409917827152
0.06468389403542987,0.9840010816170175
0.06476515520884121,0.9840010816170175
0.06476515520884121,0.9840311265341686
0.06476515520884121,0.9840611714513198
0.06484641638225255,0.9840611714513198
0.06484641638225255,0.9842414409542266
0.0649276775556639,0.9842414409542266
0.0649276775556639,0.9842564634128022
0.06500893872907525,0.9842564634128022
0.06500893872907525,0.9842714858713777
0.06517146107589794,0.9842714858713777
0.06517146107589794,0.9842865083299532
0.06525272224930928,0.9842865083299532
0.06525272224930928,0.9843015307885289
0.06533398342272062,0.9843015307885289
0.06533398342272062,0.9843165532471044
0.06541524459613197,0.9843165532471044
0.06541524459613197,0.98433157570568
0.06574028928977735,0.98433157570568
0.06574028928977735,0.984436732915709
0.06590281163660003,0.984436732915709
0.06590281163660003,0.9845869575014647
0.06598407281001138,0.9845869575014647
0.06598407281001138,0.9846320248771914
0.06606533398342272,0.9846320248771914
0.06606533398342272,0.984647047335767
0.06630911750365676,0.984647047335767
0.06630911750365676,0.9846620697943426
0.0663903786770681,0.9846620697943426
0.0663903786770681,0.9846770922529181
0.06647163985047944,0.9846770922529181
0.06663416219730213,0.9846770922529181
0.06663416219730213,0.9847071371700693
0.06671542337071347,0.9847071371700693
0.06671542337071347,0.9847221596286448
0.06687794571753616,0.9847221596286448
0.06687794571753616,0.9847371820872204
0.0669592068909475,0.9847371820872204
0.0669592068909475,0.9847672270043716
0.06704046806435884,0.9847672270043716
0.06704046806435884,0.9847972719215227
0.0671217292377702,0.9847972719215227
0.06728425158459288,0.9847972719215227
0.06728425158459288,0.9848122943800982
0.06744677393141557,0.9848122943800982
0.06744677393141557,0.984857361755825
0.06752803510482691,0.984857361755825
0.06752803510482691,0.9848874066729761
0.06760929627823825,0.9848874066729761
0.06760929627823825,0.9849024291315517
0.06777181862506095,0.9849024291315517
0.06777181862506095,0.9849174515901272
0.06785307979847228,0.9849174515901272
0.06785307979847228,0.9850075863415807
0.06793434097188364,0.9850075863415807
0.06793434097188364,0.9850376312587318
0.06801560214529498,0.9850376312587318
0.06801560214529498,0.9850526537173073
0.06809686331870632,0.9850526537173073
0.06809686331870632,0.985067676175883
0.06809686331870632,0.9850977210930341
0.06809686331870632,0.9851127435516096
0.06817812449211767,0.9851127435516096
0.06817812449211767,0.9851427884687608
0.06825938566552901,0.9851427884687608
0.06825938566552901,0.9851578109273363
0.06834064683894035,0.9851578109273363
0.06834064683894035,0.9851728333859119
0.06858443035917439,0.9851728333859119
0.06858443035917439,0.9851878558444875
0.06866569153258573,0.9851878558444875
0.06866569153258573,0.9852028783030631
0.06882821387940842,0.9852028783030631
0.06882821387940842,0.9852179007616386
0.06890947505281976,0.9852179007616386
0.06890947505281976,0.9852329232202143
0.0689907362262311,0.9852329232202143
0.0689907362262311,0.9852479456787898
0.0691532585730538,0.9852479456787898
0.0691532585730538,0.9853080355130921
0.06931578091987649,0.9853080355130921
0.06931578091987649,0.9853230579716676
0.06955956444011052,0.9853230579716676
0.06955956444011052,0.9853681253473944
0.0697220867869332,0.9853681253473944
0.0697220867869332,0.9853981702645455
0.06980334796034454,0.9853981702645455
0.06980334796034454,0.9854131927231211
0.0698846091337559,0.9854131927231211
0.0698846091337559,0.9854282151816967
0.07004713148057858,0.9854282151816967
0.07004713148057858,0.98551834993315
0.07020965382740127,0.98551834993315
0.07020965382740127,0.9855784397674523
0.07029091500081261,0.9855784397674523
0.07029091500081261,0.9856535520603302
0.07053469852104664,0.9856535520603302
0.07053469852104664,0.9856685745189058
0.07061595969445798,0.9856685745189058
0.07061595969445798,0.9856835969774813
0.07077848204128068,0.9856835969774813
0.07077848204128068,0.9856986194360569
0.07110352673492605,0.9856986194360569
0.07110352673492605,0.9857136418946325
0.07142857142857142,0.9857136418946325
0.07142857142857142,0.9857587092703591
0.07150983260198278,0.9857587092703591
0.07150983260198278,0.9857887541875103
0.07183487729562815,0.9857887541875103
0.07183487729562815,0.9858488440218126
0.07199739964245083,0.9858488440218126
0.07199739964245083,0.9859089338561149
0.07224118316268487,0.9859089338561149
0.07224118316268487,0.9859540012318416
0.07232244433609622,0.9859540012318416
0.07232244433609622,0.9859990686075684
0.07240370550950756,0.9859990686075684
0.07256622785633024,0.9859990686075684
0.07272875020315293,0.9859990686075684
0.07272875020315293,0.9860140910661439
0.07281001137656427,0.9860140910661439
0.07281001137656427,0.986044135983295
0.07305379489679831,0.986044135983295
0.07305379489679831,0.9860741809004462
0.07329757841703234,0.9860741809004462
0.07329757841703234,0.9860892033590217
0.07337883959044368,0.9860892033590217
0.07337883959044368,0.9861042258175973
0.07346010076385504,0.9861042258175973
0.07346010076385504,0.986149293193324
0.07354136193726638,0.986149293193324
0.07354136193726638,0.9861793381104752
0.07362262311067772,0.9861793381104752
0.07362262311067772,0.9862093830276263
0.07378514545750041,0.9862093830276263
0.07378514545750041,0.9862244054862018
0.07386640663091175,0.9862244054862018
0.07386640663091175,0.9862394279447775
0.07394766780432309,0.9862394279447775
0.07394766780432309,0.9862694728619286
0.07402892897773444,0.9862694728619286
0.07402892897773444,0.9862995177790798
0.07411019015114578,0.9862995177790798
0.07411019015114578,0.9863145402376553
0.07459775719161385,0.9863145402376553
0.07459775719161385,0.9863295626962308
0.07467901836502519,0.9863295626962308
0.07467901836502519,0.9863445851548064
0.07476027953843653,0.9863445851548064
0.07476027953843653,0.9863896525305331
0.07476027953843653,0.9864196974476843
0.07476027953843653,0.9864347199062599
0.07500406305867056,0.9864347199062599
0.07500406305867056,0.9864497423648354
0.07532910775231594,0.9864497423648354
0.07532910775231594,0.9864797872819866
0.07541036892572729,0.9864797872819866
0.07541036892572729,0.9864948097405621
0.07549163009913863,0.9864948097405621
0.07549163009913863,0.9865098321991377
0.07557289127254997,0.9865098321991377
0.07557289127254997,0.9865248546577133
0.075816674792784,0.9865248546577133
0.075816674792784,0.9865398771162889
0.07589793596619535,0.9865398771162889
0.07589793596619535,0.9865548995748644
0.0759791971396067,0.9865548995748644
0.0759791971396067,0.9865849444920156
0.07606045831301804,0.9865849444920156
0.07606045831301804,0.9865999669505912
0.07614171948642938,0.9865999669505912
0.07614171948642938,0.9866450343263179
0.07622298065984073,0.9866450343263179
0.07622298065984073,0.986675079243469
0.07638550300666341,0.986675079243469
0.07638550300666341,0.9867201466191957
0.07638550300666341,0.9867501915363468
0.07638550300666341,0.986780236453498
0.07671054770030879,0.986780236453498
0.07671054770030879,0.9868102813706491
0.07687307004713148,0.9868102813706491
0.07687307004713148,0.9868553487463758
0.07695433122054282,0.9868553487463758
0.07695433122054282,0.9868703712049514
0.0772793759141882,0.9868703712049514
0.0772793759141882,0.9869004161221026
0.07744189826101089,0.9869004161221026
0.07744189826101089,0.9869605059564048
0.07752315943442223,0.9869605059564048
0.07752315943442223,0.9870055733321316
0.07792946530147896,0.9870055733321316
0.07792946530147896,0.9870656631664338
0.07809198764830164,0.9870656631664338
0.07809198764830164,0.9870806856250094
0.07825450999512433,0.9870806856250094
0.07825450999512433,0.9870957080835849
0.07825450999512433,0.9871257530007361
0.07833577116853567,0.9871257530007361
0.07833577116853567,0.9871407754593117
0.07841703234194702,0.9871407754593117
0.07841703234194702,0.9871708203764629
0.07849829351535836,0.9871708203764629
0.07849829351535836,0.9871858428350384
0.0785795546887697,0.9871858428350384
0.0785795546887697,0.9872759775864918
0.0787420770355924,0.9872759775864918
0.0787420770355924,0.987306022503643
0.07882333820900374,0.987306022503643
0.07882333820900374,0.9873210449622185
0.07890459938241508,0.9873210449622185
0.07890459938241508,0.9873811347965208
0.07906712172923777,0.9873811347965208
0.07906712172923777,0.987411179713672
0.07939216642288315,0.987411179713672
0.07939216642288315,0.9874262021722475
0.07947342759629449,0.9874262021722475
0.07947342759629449,0.9874862920065498
0.07955468876970584,0.9874862920065498
0.07955468876970584,0.9875163369237009
0.07979847228993987,0.9875163369237009
0.07979847228993987,0.9875614042994276
0.07987973346335121,0.9875614042994276
0.07987973346335121,0.9875764267580032
0.08004225581017389,0.9875764267580032
0.08004225581017389,0.9876064716751544
0.08012351698358525,0.9876064716751544
0.08012351698358525,0.9876515390508811
0.08020477815699659,0.9876515390508811
0.08020477815699659,0.9877116288851834
0.08052982285064196,0.9877116288851834
0.08052982285064196,0.9877416738023345
0.08069234519746465,0.9877416738023345
0.08069234519746465,0.9877717187194857
0.08085486754428733,0.9877717187194857
0.08085486754428733,0.9878017636366367
0.08101738989111003,0.9878017636366367
0.08101738989111003,0.9878468310123635
0.0813424345847554,0.9878468310123635
0.0813424345847554,0.987861853470939
0.08142369575816674,0.987861853470939
0.08142369575816674,0.9878768759295147
0.08174874045181213,0.9878768759295147
0.08174874045181213,0.9879519882223925
0.08183000162522347,0.9879519882223925
0.08183000162522347,0.987967010680968
0.08183000162522347,0.9879970555981192
0.08183000162522347,0.9880571454324215
0.0820737851454575,0.9880571454324215
0.08223630749228018,0.9880571454324215
0.08223630749228018,0.9881773251010261
0.08248009101251422,0.9881773251010261
0.08248009101251422,0.9881923475596016
0.08256135218592557,0.9881923475596016
0.08256135218592557,0.9882073700181772
0.08264261335933691,0.9882073700181772
0.08264261335933691,0.9882223924767527
0.08272387453274825,0.9882223924767527
0.08272387453274825,0.9882374149353284
0.08280513570615959,0.9882374149353284
0.08280513570615959,0.9882524373939039
0.08296765805298228,0.9882524373939039
0.08296765805298228,0.9882674598524794
0.08304891922639362,0.9882674598524794
0.08304891922639362,0.988282482311055
0.08321144157321632,0.988282482311055
0.08321144157321632,0.9883275496867817
0.083373963920039,0.9883275496867817
0.083373963920039,0.988387639521084
0.08345522509345035,0.988387639521084
0.08345522509345035,0.9884026619796595
0.08361774744027303,0.9884026619796595
0.08361774744027303,0.9885228416482642
0.08402405330732976,0.9885228416482642
0.08402405330732976,0.9886129763997176
0.08418657565415244,0.9886129763997176
0.08418657565415244,0.9886279988582931
0.08434909800097513,0.9886279988582931
0.08434909800097513,0.9886430213168688
0.08459288152120917,0.9886430213168688
0.08459288152120917,0.9886580437754443
0.08499918738826588,0.9886580437754443
0.08499918738826588,0.9886730662340198
0.08508044856167724,0.9886730662340198
0.08508044856167724,0.9886880886925954
0.08524297090849992,0.9886880886925954
0.08524297090849992,0.988703111151171
0.08564927677555664,0.988703111151171
0.08564927677555664,0.9887331560683221
0.08581179912237932,0.9887331560683221
0.08581179912237932,0.9888232908197756
0.08589306029579068,0.9888232908197756
0.08589306029579068,0.9888383132783511
0.08597432146920202,0.9888383132783511
0.08597432146920202,0.9888533357369267
0.08629936616284739,0.9888533357369267
0.08629936616284739,0.9888683581955022
0.08638062733625873,0.9888683581955022
0.08638062733625873,0.9888833806540779
0.08646188850967008,0.9888833806540779
0.08646188850967008,0.9888984031126534
0.08670567202990412,0.9888984031126534
0.08670567202990412,0.9889434704883802
0.0868681943767268,0.9889434704883802
0.0868681943767268,0.9889885378641068
0.08694945555013814,0.9889885378641068
0.08694945555013814,0.9890035603226824
0.08703071672354949,0.9890035603226824
0.08703071672354949,0.989018582781258
0.08711197789696083,0.989018582781258
0.08711197789696083,0.9890486276984091
0.08751828376401755,0.9890486276984091
0.08751828376401755,0.9890636501569847
0.0875995449374289,0.9890636501569847
0.0875995449374289,0.9890786726155603
0.08768080611084024,0.9890786726155603
0.08768080611084024,0.9890936950741358
0.08824963432471965,0.9890936950741358
0.08824963432471965,0.9891087175327115
0.08865594019177638,0.9891087175327115
0.08865594019177638,0.9891387624498625
0.08881846253859906,0.9891387624498625
0.08881846253859906,0.9891688073670137
0.08906224605883309,0.9891688073670137
0.08906224605883309,0.9891988522841648
0.08914350723224443,0.9891988522841648
0.08914350723224443,0.989228897201316
0.08922476840565578,0.989228897201316
0.08922476840565578,0.9892589421184671
0.08938729075247846,0.9892589421184671
0.08938729075247846,0.9892889870356183
0.08946855192588982,0.9892889870356183
0.08946855192588982,0.9893340544113449
0.08971233544612384,0.9893340544113449
0.08971233544612384,0.9893640993284961
0.08987485779294653,0.9893640993284961
0.08987485779294653,0.9893791217870717
0.08995611896635787,0.9893791217870717
0.08995611896635787,0.9893941442456472
0.09003738013976922,0.9893941442456472
0.09003738013976922,0.9894091667042229
0.09028116366000324,0.9894091667042229
0.09028116366000324,0.9894542340799495
0.09052494718023728,0.9894542340799495
0.09052494718023728,0.9894692565385251
0.09060620835364863,0.9894692565385251
0.09060620835364863,0.9894842789971007
0.09068746952705997,0.9894842789971007
0.09068746952705997,0.989544368831403
0.09109377539411669,0.989544368831403
0.09109377539411669,0.989574413748554
0.09125629774093938,0.989574413748554
0.09125629774093938,0.9895894362071297
0.09133755891435072,0.9895894362071297
0.09133755891435072,0.9896044586657052
0.09141882008776207,0.9896044586657052
0.09141882008776207,0.9896194811242808
0.09150008126117341,0.9896194811242808
0.09150008126117341,0.9896345035828563
0.09158134243458475,0.9896345035828563
0.09158134243458475,0.9897096158757342
0.0916626036079961,0.9897096158757342
0.0916626036079961,0.9897246383343098
0.09174386478140745,0.9897246383343098
0.09174386478140745,0.989754683251461
0.09198764830164148,0.989754683251461
0.09198764830164148,0.9897697057100365
0.09206890947505282,0.9897697057100365
0.09206890947505282,0.9897847281686121
0.09223143182187551,0.9897847281686121
0.09223143182187551,0.9898297955443388
0.0923939541686982,0.9898297955443388
0.09271899886234357,0.9898297955443388
0.09271899886234357,0.9898448180029144
0.09288152120916626,0.9898448180029144
0.09288152120916626,0.9898748629200655
0.0929627823825776,0.9898748629200655
0.0929627823825776,0.9898898853786411
0.09304404355598894,0.9898898853786411
0.09304404355598894,0.9899199302957922
0.0931253047294003,0.9899199302957922
0.0931253047294003,0.9899349527543678
0.09328782707622298,0.9899349527543678
0.09328782707622298,0.9899499752129434
0.09353161059645701,0.9899499752129434
0.09353161059645701,0.9899649976715189
0.0936941329432797,0.9899649976715189
0.0936941329432797,0.9899950425886701
0.09377539411669104,0.9899950425886701
0.09377539411669104,0.9900401099643967
0.09385665529010238,0.9900401099643967
0.09385665529010238,0.9900551324229724
0.09393791646351374,0.9900551324229724
0.09393791646351374,0.9900701548815479
0.09434422233057045,0.9900701548815479
0.09434422233057045,0.990100199798699
0.09442548350398179,0.990100199798699
0.09442548350398179,0.9901152222572747
0.0949943117178612,0.9901152222572747
0.0949943117178612,0.9901452671744257
0.0949943117178612,0.9901753120915769
0.09515683406468389,0.9901753120915769
0.09515683406468389,0.9902203794673036
0.09531935641150659,0.9902203794673036
0.09531935641150659,0.9902354019258792
0.09540061758491793,0.9902354019258792
0.09540061758491793,0.9902504243844548
0.0957256622785633,0.9902504243844548
0.0957256622785633,0.9902654468430303
0.095888184625386,0.9902654468430303
0.095888184625386,0.9902804693016058
0.09596944579879733,0.9902804693016058
0.09596944579879733,0.9902954917601815
0.09605070697220867,0.9902954917601815
0.09605070697220867,0.990310514218757
0.09621322931903137,0.990310514218757
0.09621322931903137,0.9903405591359081
0.09661953518608808,0.9903405591359081
0.09678205753291078,0.9903405591359081
0.09694457987973347,0.9903405591359081
0.09694457987973347,0.9903555815944838
0.09710710222655615,0.9903555815944838
0.09710710222655615,0.9903706040530593
0.09718836339996749,0.9903706040530593
0.09718836339996749,0.9903856265116349
0.09759466926702422,0.9903856265116349
0.09759466926702422,0.9904306938873616
0.09808223630749228,0.9904306938873616
0.09808223630749228,0.9904607388045128
0.09816349748090362,0.9904607388045128
0.09816349748090362,0.9904757612630883
0.09832601982772632,0.9904757612630883
0.09832601982772632,0.9904907837216639
0.09856980334796034,0.9904907837216639
0.09856980334796034,0.9905358510973906
0.09873232569478303,0.9905358510973906
0.09873232569478303,0.9905959409316929
0.09897610921501707,0.9905959409316929
0.09897610921501707,0.9906109633902684
0.0990573703884284,0.9906109633902684
0.0990573703884284,0.9906710532245707
0.09913863156183975,0.9906710532245707
0.09913863156183975,0.9907010981417219
0.0992198927352511,0.9907010981417219
0.0992198927352511,0.9907161206002975
0.09930115390866244,0.9907161206002975
0.09930115390866244,0.9907461655174485
0.09978872094913051,0.9907461655174485
0.09978872094913051,0.9907611879760242
0.09986998212254185,0.9907611879760242
0.09986998212254185,0.9908062553517508
0.10011376564277588,0.9908062553517508
0.10011376564277588,0.9908212778103265
0.10035754916300992,0.9908212778103265
0.10035754916300992,0.990836300268902
0.10068259385665529,0.990836300268902
0.10068259385665529,0.9908513227274776
0.10076385503006663,0.9908513227274776
0.10076385503006663,0.9908813676446288
0.10084511620347798,0.9908813676446288
0.10084511620347798,0.9909114125617798
0.10100763855030066,0.9909114125617798
0.10100763855030066,0.990941457478931
0.10108889972371202,0.990941457478931
0.10108889972371202,0.9909564799375066
0.10117016089712336,0.9909564799375066
0.10117016089712336,0.9909715023960821
0.10165772793759142,0.9909715023960821
0.10165772793759142,0.9910315922303844
0.10173898911100276,0.9910315922303844
0.10173898911100276,0.99104661468896
0.10214529497805948,0.99104661468896
0.10214529497805948,0.9910616371475356
0.10238907849829351,0.9910616371475356
0.10238907849829351,0.9910766596061111
0.10247033967170487,0.9910766596061111
0.10247033967170487,0.9910916820646867
0.1025516008451162,0.9910916820646867
0.1025516008451162,0.9911067045232623
0.10271412319193889,0.9911067045232623
0.10271412319193889,0.9911217269818379
0.10287664553876158,0.9911217269818379
0.10287664553876158,0.9911367494404134
0.10303916788558427,0.9911367494404134
0.10312042905899561,0.9911367494404134
0.10312042905899561,0.991151771898989
0.10360799609946368,0.991151771898989
0.10377051844628636,0.991151771898989
0.1040143019665204,0.991151771898989
0.1040143019665204,0.9911818168161401
0.1040143019665204,0.9912268841918669
0.10417682431334309,0.9912268841918669
0.10417682431334309,0.9912719515675935
0.10466439135381114,0.9912719515675935
0.10466439135381114,0.9913019964847447
0.1047456525272225,0.9913019964847447
0.1047456525272225,0.9913170189433202
0.1053144807411019,0.9913170189433202
0.1053144807411019,0.9913470638604714
0.10547700308792458,0.9913470638604714
0.10547700308792458,0.991362086319047
0.10555826426133594,0.991362086319047
0.10555826426133594,0.9914221761533493
0.10588330895498131,0.9914221761533493
0.10588330895498131,0.9914371986119248
0.10596457012839265,0.9914371986119248
0.10596457012839265,0.9914522210705004
0.10604583130180399,0.9914522210705004
0.10604583130180399,0.991467243529076
0.10628961482203803,0.991467243529076
0.10628961482203803,0.9914822659876515
0.10637087599544938,0.9914822659876515
0.10637087599544938,0.9914972884462271
0.10653339834227206,0.9914972884462271
0.10653339834227206,0.9915123109048026
0.10685844303591743,0.9915123109048026
0.10685844303591743,0.9915273333633783
0.10702096538274013,0.9915273333633783
0.10702096538274013,0.9915423558219538
0.10718348772956282,0.9915423558219538
0.10718348772956282,0.9915573782805294
0.10726474890297416,0.9915573782805294
0.10726474890297416,0.9915724007391049
0.1075085324232082,0.9915724007391049
0.1075085324232082,0.9916174681148316
0.10775231594344223,0.9916174681148316
0.10775231594344223,0.9916324905734073
0.10783357711685357,0.9916324905734073
0.10783357711685357,0.9916625354905584
0.10791483829026491,0.9916625354905584
0.10791483829026491,0.9916775579491339
0.1080773606370876,0.9916775579491339
0.10832114415732164,0.9916775579491339
0.10848366650414432,0.9916775579491339
0.10848366650414432,0.9916925804077096
0.10864618885096701,0.9916925804077096
0.10864618885096701,0.9917076028662851
0.10888997237120104,0.9917076028662851
0.10888997237120104,0.9917526702420119
0.10905249471802372,0.9917526702420119
0.10905249471802372,0.9917676927005874
0.10921501706484642,0.9917676927005874
0.10921501706484642,0.9917977376177385
0.10986510645213717,0.9917977376177385
0.10986510645213717,0.9918127600763141
0.11019015114578254,0.9918127600763141
0.11035267349260523,0.9918127600763141
0.11043393466601657,0.9918127600763141
0.11043393466601657,0.9918578274520408
0.11059645701283927,0.9918578274520408
0.11059645701283927,0.9918728499106164
0.1106777181862506,0.9918728499106164
0.1106777181862506,0.9919028948277675
0.11092150170648464,0.9919028948277675
0.11092150170648464,0.991917917286343
0.11108402405330733,0.991917917286343
0.11108402405330733,0.9919329397449187
0.11116528522671867,0.9919329397449187
0.11116528522671867,0.9919479622034942
0.11140906874695271,0.9919479622034942
0.11149032992036405,0.9919479622034942
0.11149032992036405,0.9919629846620698
0.11189663578742078,0.9919629846620698
0.11189663578742078,0.9919780071206453
0.1121404193076548,0.9919780071206453
0.1121404193076548,0.991993029579221
0.11254672517471152,0.991993029579221
0.11254672517471152,0.9920230744963721
0.11262798634812286,0.9920230744963721
0.11262798634812286,0.9920531194135233
0.11409068746952707,0.9920531194135233
0.11409068746952707,0.9920681418720988
0.11457825450999512,0.9920681418720988
0.11457825450999512,0.9920831643306743
0.11465951568340647,0.9920831643306743
0.11465951568340647,0.9920981867892499
0.11474077685681781,0.9920981867892499
0.11474077685681781,0.9921132092478255
0.11498456037705185,0.9921132092478255
0.11498456037705185,0.9921282317064011
0.11522834389728588,0.9921282317064011
0.11522834389728588,0.9921432541649766
0.11547212741751992,0.9921432541649766
0.11547212741751992,0.9921732990821278
0.1156346497643426,0.9921732990821278
0.1156346497643426,0.9921883215407034
0.11579717211116529,0.9921883215407034
0.11579717211116529,0.9922033439992789
0.11612221680481066,0.9922033439992789
0.11612221680481066,0.9922183664578544
0.116203477978222,0.9922183664578544
0.116203477978222,0.9922634338335812
0.11628473915163334,0.9922634338335812
0.11628473915163334,0.9922784562921568
0.1163660003250447,0.9922784562921568
0.1163660003250447,0.9923385461264591
0.11660978384527873,0.9923385461264591
0.11660978384527873,0.9923986359607614
0.11685356736551276,0.9923986359607614
0.11685356736551276,0.9924286808779125
0.11701608971233544,0.9924286808779125
0.11701608971233544,0.9924737482536392
0.11709735088574678,0.9924737482536392
0.11709735088574678,0.9925338380879415
0.11742239557939217,0.9925338380879415
0.11758491792621485,0.9925338380879415
0.11766617909962619,0.9925338380879415
0.11766617909962619,0.992548860546517
0.11782870144644889,0.992548860546517
0.11807248496668292,0.992548860546517
0.11807248496668292,0.9925789054636682
0.11815374614009426,0.9925789054636682
0.11815374614009426,0.9925939279222438
0.11823500731350561,0.9925939279222438
0.11823500731350561,0.9926239728393949
0.11864131318056233,0.9926239728393949
0.11864131318056233,0.9926690402151216
0.11872257435397367,0.9926690402151216
0.11872257435397367,0.9926840626736971
0.11880383552738502,0.9926840626736971
0.11880383552738502,0.9926990851322728
0.11937266374126443,0.9926990851322728
0.11937266374126443,0.9927141075908483
0.11953518608808711,0.9927141075908483
0.1196977084349098,0.9927141075908483
0.1196977084349098,0.9927291300494239
0.11977896960832114,0.9927291300494239
0.11977896960832114,0.9927441525079994
0.12018527547537787,0.9927441525079994
0.12018527547537787,0.9927591749665751
0.12026653664878921,0.9927591749665751
0.12026653664878921,0.9927741974251506
0.12034779782220055,0.9927741974251506
0.12034779782220055,0.9927892198837261
0.12067284251584592,0.9927892198837261
0.12067284251584592,0.9928042423423017
0.12083536486266862,0.9928042423423017
0.12083536486266862,0.9928192648008773
0.12091662603607996,0.9928192648008773
0.12091662603607996,0.9928342872594529
0.12124167072972533,0.9928342872594529
0.12124167072972533,0.9928493097180284
0.12132293190313669,0.9928493097180284
0.12132293190313669,0.9928793546351796
0.12140419307654803,0.9928793546351796
0.12140419307654803,0.9928943770937552
0.12148545424995937,0.9928943770937552
0.12148545424995937,0.9929093995523307
0.12156671542337072,0.9929093995523307
0.12156671542337072,0.9929244220109064
0.12164797659678206,0.9929244220109064
0.12164797659678206,0.9929394444694819
0.12189176011701609,0.9929394444694819
0.12189176011701609,0.9929544669280574
0.12197302129042743,0.9929544669280574
0.12197302129042743,0.9929845118452086
0.12221680481066147,0.9929845118452086
0.12221680481066147,0.9930295792209353
0.1222980659840728,0.9930295792209353
0.1222980659840728,0.9930446016795109
0.12254184950430684,0.9930446016795109
0.12254184950430684,0.9930896690552375
0.12262311067771818,0.9930896690552375
0.12262311067771818,0.9931046915138132
0.12286689419795221,0.9931046915138132
0.12302941654477491,0.9931046915138132
0.12302941654477491,0.9931197139723887
0.12311067771818625,0.9931197139723887
0.12311067771818625,0.9931347364309643
0.12335446123842028,0.9931347364309643
0.12335446123842028,0.9931647813481155
0.12359824475865432,0.9931647813481155
0.12359824475865432,0.993179803806691
0.12376076710547701,0.993179803806691
0.12376076710547701,0.9932248711824178
0.12392328945229969,0.9932248711824178
0.12392328945229969,0.9932398936409933
0.12441085649276776,0.9932398936409933
0.12441085649276776,0.9932699385581444
0.12465464001300179,0.9932699385581444
0.12465464001300179,0.99328496101672
0.12465464001300179,0.9933150059338711
0.12473590118641313,0.9933150059338711
0.12473590118641313,0.9933450508510223
0.12489842353323583,0.9933450508510223
0.12489842353323583,0.9933600733095979
0.12522346822688118,0.9933600733095979
0.12522346822688118,0.9933750957681734
0.1253859905737039,0.9933750957681734
0.12546725174711523,0.9933750957681734
0.12546725174711523,0.9934051406853246
0.12603607996099464,0.9934051406853246
0.12603607996099464,0.9934351856024757
0.12603607996099464,0.9934502080610512
0.12627986348122866,0.9934502080610512
0.12627986348122866,0.9934802529782024
0.1269299528685194,0.9934802529782024
0.1269299528685194,0.993495275436778
0.12709247521534212,0.993495275436778
0.12709247521534212,0.9935102978953535
0.12758004225581018,0.9935102978953535
0.12758004225581018,0.9935553652710802
0.1278238257760442,0.9935553652710802
0.12798634812286688,0.9935553652710802
0.12798634812286688,0.9935854101882314
0.12806760929627825,0.9935854101882314
0.12806760929627825,0.9936455000225337
0.12831139281651227,0.9936455000225337
0.12831139281651227,0.9936605224811093
0.12879895985698034,0.9936605224811093
0.12879895985698034,0.9936755449396848
0.12920526572403707,0.9936755449396848
0.12920526572403707,0.9937206123154115
0.12961157159109377,0.9937206123154115
0.12961157159109377,0.9937356347739871
0.12977409393791647,0.9937356347739871
0.12977409393791647,0.9937957246082894
0.1298553551113278,0.9937957246082894
0.1298553551113278,0.993810747066865
0.1300178774581505,0.993810747066865
0.13018039980497317,0.993810747066865
0.13026166097838454,0.993810747066865
0.13026166097838454,0.9938257695254405
0.13074922801885258,0.9938257695254405
0.13074922801885258,0.9938407919840161
0.13099301153908663,0.9938407919840161
0.13099301153908663,0.9938558144425916
0.13172436209978872,0.9938558144425916
0.13172436209978872,0.9938708369011673
0.1318868844466114,0.9938708369011673
0.1318868844466114,0.9938858593597428
0.13229319031366812,0.9938858593597428
0.1324557126604908,0.9938858593597428
0.1324557126604908,0.9939159042768939
0.1326182350073135,0.9939159042768939
0.1326182350073135,0.9939459491940451
0.1327807573541362,0.9939459491940451
0.1327807573541362,0.9939609716526207
0.1340809361287177,0.9939609716526207
0.1340809361287177,0.9939759941111962
0.13448724199577441,0.9939759941111962
0.13448724199577441,0.9939910165697718
0.1346497643425971,0.9939910165697718
0.1346497643425971,0.9940060390283474
0.13489354786283114,0.9940060390283474
0.13489354786283114,0.9940210614869229
0.1355436372501219,0.9940210614869229
0.1355436372501219,0.9940360839454985
0.13603120429058996,0.9940360839454985
0.13603120429058996,0.9940511064040741
0.1361124654640013,0.9940511064040741
0.1361124654640013,0.9940661288626497
0.13619372663741264,0.9940661288626497
0.13635624898423535,0.9940661288626497
0.13651877133105803,0.9940661288626497
0.13651877133105803,0.9940811513212252
0.13684381602470339,0.9940811513212252
0.13684381602470339,0.9940961737798008
0.13692507719811475,0.9940961737798008
0.13692507719811475,0.9941111962383764
0.1370063383715261,0.9941111962383764
0.1370063383715261,0.994126218696952
0.13708759954493743,0.994126218696952
0.13708759954493743,0.9941412411555275
0.1375751665854055,0.9941412411555275
0.1375751665854055,0.994156263614103
0.13765642775881684,0.994156263614103
0.13765642775881684,0.9941712860726787
0.1381439947992849,0.9941712860726787
0.1381439947992849,0.9941863085312542
0.1385503006663416,0.9941863085312542
0.1385503006663416,0.9942013309898298
0.13863156183975298,0.9942013309898298
0.13863156183975298,0.9942163534484054
0.13871282301316432,0.9942163534484054
0.13871282301316432,0.994231375906981
0.13895660653339834,0.994231375906981
0.13895660653339834,0.9942463983655565
0.13928165122704372,0.9942463983655565
0.13928165122704372,0.994261420824132
0.1394441735738664,0.994261420824132
0.1394441735738664,0.9942764432827077
0.13960669592068908,0.9942764432827077
0.13960669592068908,0.9942914657412832
0.1400130017877458,0.9942914657412832
0.1401755241345685,0.9942914657412832
0.1403380464813912,0.9942914657412832
0.14050056882821388,0.9942914657412832
0.14082561352185927,0.9942914657412832
0.14082561352185927,0.9943064881998588
0.1409068746952706,0.9943064881998588
0.1410693970420933,0.9943064881998588
0.14212579229644076,0.9943064881998588
0.14212579229644076,0.9943215106584343
0.14228831464326344,0.9943215106584343
0.14228831464326344,0.9943665780341611
0.1425320981634975,0.9943665780341611
0.1425320981634975,0.9943816004927366
0.14261335933690883,0.9943816004927366
0.14261335933690883,0.9943966229513123
0.14318218755078824,0.9943966229513123
0.14318218755078824,0.9944266678684633
0.1435072322444336,0.9944266678684633
0.1435072322444336,0.9944567127856145
0.14431984397854705,0.9944567127856145
0.14448236632536973,0.9944567127856145
0.14448236632536973,0.9944717352441901
0.14488867219242646,0.9944717352441901
0.14488867219242646,0.9945017801613412
0.14505119453924914,0.9945017801613412
0.14505119453924914,0.9945168026199168
0.14513245571266048,0.9945168026199168
0.14513245571266048,0.9945468475370679
0.1452949780594832,0.9945468475370679
0.1452949780594832,0.9945618699956434
0.14545750040630587,0.9945618699956434
0.14545750040630587,0.9946069373713702
0.14602632862018528,0.9946069373713702
0.14602632862018528,0.9946219598299457
0.14659515683406468,0.9946219598299457
0.14659515683406468,0.9946369822885214
0.1471639850479441,0.9946369822885214
0.1471639850479441,0.9946670272056725
0.14757029091500082,0.9946670272056725
0.14757029091500082,0.9946970721228237
0.14765155208841216,0.9946970721228237
0.14765155208841216,0.9947120945813992
0.14789533560864618,0.9947120945813992
0.14789533560864618,0.9947271170399747
0.1483016414757029,0.9947271170399747
0.1483016414757029,0.9947421394985503
0.14895173086299365,0.9947421394985503
0.14911425320981636,0.9947421394985503
0.14935803673005038,0.9947421394985503
0.14935803673005038,0.9947571619571259
0.14943929790346172,0.9947571619571259
0.14943929790346172,0.9947721844157015
0.14952055907687306,0.9947721844157015
0.14952055907687306,0.9948022293328526
0.15008938729075247,0.9948022293328526
0.15008938729075247,0.9948172517914282
0.15025190963757518,0.9948172517914282
0.15025190963757518,0.9948322742500038
0.15082073785145458,0.9948322742500038
0.15082073785145458,0.9948472967085793
0.15114578254509994,0.9948472967085793
0.15114578254509994,0.994862319167155
0.15122704371851128,0.994862319167155
0.15122704371851128,0.9948773416257305
0.15171461075897935,0.9948773416257305
0.15171461075897935,0.994892364084306
0.1525272224930928,0.994892364084306
0.1525272224930928,0.9949224090014572
0.15350235657402894,0.9949224090014572
0.15350235657402894,0.9949374314600328
0.15374614009426296,0.9949374314600328
0.15374614009426296,0.9949524539186083
0.15407118478790835,0.9949524539186083
0.15407118478790835,0.9949674763771839
0.1543962294815537,0.9949674763771839
0.1543962294815537,0.994997521294335
0.15488379652202178,0.994997521294335
0.15520884121566716,0.994997521294335
0.1556964082561352,0.994997521294335
0.1558589306029579,0.994997521294335
0.1560214529497806,0.994997521294335
0.15618397529660327,0.994997521294335
0.15634649764342598,0.994997521294335
0.15634649764342598,0.9950275662114861
0.15650901999024866,0.9950275662114861
0.15650901999024866,0.9950726335872129
0.15667154233707134,0.9950726335872129
0.15667154233707134,0.9951026785043641
0.15675280351048268,0.9951026785043641
0.15675280351048268,0.9951177009629396
0.15699658703071673,0.9951177009629396
0.15699658703071673,0.9951327234215152
0.15707784820412807,0.9951327234215152
0.15724037055095075,0.9951327234215152
0.15724037055095075,0.9951477458800907
0.15740289289777346,0.9951477458800907
0.15797172111165286,0.9951477458800907
0.15797172111165286,0.9951627683386663
0.15813424345847554,0.9951627683386663
0.15813424345847554,0.9951928132558174
0.15967820575329109,0.9951928132558174
0.15967820575329109,0.9952228581729686
0.16032829514058183,0.9952228581729686
0.16032829514058183,0.9952529030901197
0.16040955631399317,0.9952529030901197
0.16040955631399317,0.9952679255486953
0.1608158621810499,0.9952679255486953
0.1608158621810499,0.9952829480072709
0.16130342922151797,0.9952829480072709
0.16146595156834065,0.9952829480072709
0.1621160409556314,0.9952829480072709
0.1621160409556314,0.9952979704658464
0.16235982447586544,0.9952979704658464
0.16235982447586544,0.995312992924422
0.16244108564927678,0.995312992924422
0.16244108564927678,0.9953430378415732
0.16276613034292214,0.9953430378415732
0.16276613034292214,0.9953730827587243
0.1630099138631562,0.9953730827587243
0.1630099138631562,0.9954031276758755
0.16317243620997887,0.9954031276758755
0.1634162197302129,0.9954031276758755
0.1634162197302129,0.995418150134451
0.16390378677068096,0.995418150134451
0.16390378677068096,0.9954331725930265
0.1639850479440923,0.9954331725930265
0.1639850479440923,0.9954481950516021
0.164147570290915,0.9954481950516021
0.16439135381114903,0.9954481950516021
0.16439135381114903,0.9954632175101777
0.16447261498456037,0.9954632175101777
0.16447261498456037,0.9954782399687533
0.16504144319843977,0.9954782399687533
0.16504144319843977,0.9954932624273288
0.16512270437185114,0.9954932624273288
0.16512270437185114,0.9955082848859045
0.16561027141231918,0.9955082848859045
0.16561027141231918,0.9955383298030556
0.1661790996261986,0.9955383298030556
0.1661790996261986,0.9955533522616311
0.16715423370713473,0.9955533522616311
0.16715423370713473,0.9955683747202068
0.16772306192101413,0.9955683747202068
0.16772306192101413,0.9955984196373578
0.16772306192101413,0.9956134420959334
0.16845441248171625,0.9956134420959334
0.16845441248171625,0.9956434870130846
0.16861693482853893,0.9956434870130846
0.16942954656265236,0.9956434870130846
0.16942954656265236,0.9956585094716601
0.16999837477653176,0.9956585094716601
0.16999837477653176,0.9957035768473869
0.17007963594994313,0.9957035768473869
0.17007963594994313,0.9957185993059624
0.17219242645863805,0.9957185993059624
0.17219242645863805,0.995733621764538
0.1730050381927515,0.995733621764538
0.1730050381927515,0.9957486442231136
0.17308629936616285,0.9957486442231136
0.17308629936616285,0.9957636666816891
0.17349260523321958,0.9957636666816891
0.17349260523321958,0.9957786891402647
0.17365512758004226,0.9957786891402647
0.17365512758004226,0.9957937115988402
0.17381764992686494,0.9957937115988402
0.17381764992686494,0.9958087340574159
0.17414269462051032,0.9958087340574159
0.17414269462051032,0.9958237565159914
0.17446773931415568,0.9958237565159914
0.17446773931415568,0.9958538014331425
0.17479278400780107,0.9958538014331425
0.17479278400780107,0.9958688238917182
0.17511782870144646,0.9958688238917182
0.17511782870144646,0.9958838463502937
0.17536161222168048,0.9958838463502937
0.17536161222168048,0.9958988688088692
0.17544287339509182,0.9958988688088692
0.17544287339509182,0.9959138912674448
0.17552413456850316,0.9959138912674448
0.17552413456850316,0.9959289137260204
0.17568665691532587,0.9959289137260204
0.17568665691532587,0.995943936184596
0.1757679180887372,0.995943936184596
0.1757679180887372,0.9959589586431715
0.1759304404355599,0.9959589586431715
0.1759304404355599,0.9959739811017471
0.1764992686494393,0.9959739811017471
0.17666179099626197,0.9959739811017471
0.17690557451649602,0.9959739811017471
0.17690557451649602,0.9959890035603227
0.17731188038355275,0.9959890035603227
0.17731188038355275,0.9960040260188983
0.17788070859743216,0.9960040260188983
0.17788070859743216,0.9960340709360493
0.17812449211766618,0.9960340709360493
0.17812449211766618,0.996049093394625
0.17820575329107752,0.996049093394625
0.17820575329107752,0.9960641158532005
0.17844953681131157,0.9960641158532005
0.17844953681131157,0.9960791383117761
0.1785307979847229,0.9960791383117761
0.17869332033154559,0.9960791383117761
0.1790996261986023,0.9960791383117761
0.17934340971883633,0.9960791383117761
0.17950593206565904,0.9960791383117761
0.17950593206565904,0.9961091832289273
0.17958719323907038,0.9961091832289273
0.17958719323907038,0.9961242056875028
0.17974971558589306,0.9961242056875028
0.17991223793271574,0.9961242056875028
0.17999349910612708,0.9961242056875028
0.17999349910612708,0.9961392281460784
0.1807248496668292,0.9961392281460784
0.18096863318706322,0.9961392281460784
0.1811311555338859,0.9961392281460784
0.1812936778807086,0.9961392281460784
0.18153746140094262,0.9961392281460784
0.18169998374776533,0.9961392281460784
0.18308142369575817,0.9961392281460784
0.18308142369575817,0.996154250604654
0.18324394604258085,0.996154250604654
0.18324394604258085,0.9961692730632296
0.18397529660328296,0.9961692730632296
0.18397529660328296,0.9961842955218051
0.1840565577766943,0.9961842955218051
0.18438160247033966,0.9961842955218051
0.18446286364375103,0.9961842955218051
0.18446286364375103,0.9962293628975318
0.1846253859905737,0.9962293628975318
0.18495043068421907,0.9962293628975318
0.18495043068421907,0.9962443853561074
0.18511295303104178,0.9962443853561074
0.1853567365512758,0.9962443853561074
0.18600682593856654,0.9962443853561074
0.18600682593856654,0.9962594078146829
0.1866569153258573,0.9962594078146829
0.1866569153258573,0.9962744302732586
0.18763204940679343,0.9962744302732586
0.18763204940679343,0.9962894527318341
0.18820087762067284,0.9962894527318341
0.18820087762067284,0.9963044751904097
0.18844466114090688,0.9963044751904097
0.18860718348772956,0.9963044751904097
0.18917601170160897,0.9963044751904097
0.18933853404843165,0.9963044751904097
0.18950105639525436,0.9963044751904097
0.18950105639525436,0.9963194976489852
0.19055745164960183,0.9963194976489852
0.19080123516983585,0.9963194976489852
0.191776369250772,0.9963194976489852
0.191776369250772,0.9963345201075609
0.19210141394441735,0.9963345201075609
0.19226393629124006,0.9963345201075609
0.1927515033317081,0.9963345201075609
0.1927515033317081,0.9963495425661364
0.1929140256785308,0.9963495425661364
0.19299528685194214,0.9963495425661364
0.19299528685194214,0.9963645650247119
0.19315780919876482,0.9963645650247119
0.19388915975946694,0.9963645650247119
0.19388915975946694,0.9963795874832875
0.19413294327970096,0.9963795874832875
0.19413294327970096,0.9964096324004387
0.19445798797334635,0.9964096324004387
0.19445798797334635,0.9964246548590142
0.19486429384040305,0.9964246548590142
0.19502681618722575,0.9964246548590142
0.19518933853404843,0.9964246548590142
0.19535186088087111,0.9964246548590142
0.1955143832276938,0.9964246548590142
0.1955143832276938,0.9964396773175898
0.19575816674792784,0.9964396773175898
0.19608321144157323,0.9964396773175898
0.1964082561352186,0.9964396773175898
0.1964082561352186,0.9964546997761654
0.19657077848204127,0.9964546997761654
0.19657077848204127,0.9964847446933165
0.1981147407768568,0.9964847446933165
0.1981147407768568,0.996499767151892
0.19819600195026815,0.996499767151892
0.19835852429709086,0.996499767151892
0.19892735251097027,0.996499767151892
0.19892735251097027,0.9965147896104677
0.19908987485779295,0.9965147896104677
0.19908987485779295,0.9965298120690432
0.19925239720461563,0.9965298120690432
0.19925239720461563,0.9965448345276188
0.19949618072484968,0.9965448345276188
0.19949618072484968,0.9965598569861943
0.1997399642450837,0.9965598569861943
0.1997399642450837,0.99657487944477
0.20047131480578578,0.99657487944477
0.2006338371526085,0.99657487944477
0.2006338371526085,0.9965899019033455
0.20144644888672192,0.9965899019033455
0.20144644888672192,0.996604924361921
0.20152771006013326,0.996604924361921
0.20152771006013326,0.9966349692790722
0.20209653827401267,0.9966349692790722
0.20209653827401267,0.9966499917376478
0.20266536648789207,0.9966499917376478
0.20266536648789207,0.9966650141962233
0.20274662766130344,0.9966650141962233
0.20299041118153746,0.9966650141962233
0.2036405005688282,0.9966650141962233
0.2036405005688282,0.9966800366547989
0.20372176174223955,0.9966800366547989
0.2039655452624736,0.9966800366547989
0.20429058995611896,0.9966800366547989
0.20429058995611896,0.9966950591133745
0.20494067934340973,0.9966950591133745
0.20494067934340973,0.9967100815719501
0.2058345522509345,0.9967100815719501
0.2058345522509345,0.9967251040305256
0.20599707459775718,0.9967251040305256
0.20599707459775718,0.9967401264891012
0.20632211929140257,0.9967401264891012
0.20648464163822525,0.9967401264891012
0.20648464163822525,0.9967551489476768
0.2080286039330408,0.9967551489476768
0.2080286039330408,0.9967701714062523
0.20827238745327484,0.9967701714062523
0.20827238745327484,0.9967851938648279
0.2091662603607996,0.9967851938648279
0.2091662603607996,0.9968002163234035
0.20957256622785633,0.9968002163234035
0.20957256622785633,0.9968152387819791
0.21030391678855842,0.9968152387819791
0.21030391678855842,0.9968302612405546
0.21038517796196976,0.9968302612405546
0.21038517796196976,0.9968452836991302
0.21054770030879247,0.9968452836991302
0.21054770030879247,0.9968603061577058
0.21087274500243783,0.9968603061577058
0.21087274500243783,0.9968753286162814
0.21119778969608322,0.9968753286162814
0.21119778969608322,0.9968903510748569
0.21152283438972858,0.9968903510748569
0.21152283438972858,0.9969053735334324
0.21274175199089876,0.9969053735334324
0.21298553551113278,0.9969053735334324
0.21314805785795546,0.9969053735334324
0.21314805785795546,0.9969203959920081
0.21371688607183487,0.9969203959920081
0.21428571428571427,0.9969203959920081
0.21452949780594832,0.9969203959920081
0.21452949780594832,0.9969504409091592
0.2167235494880546,0.9969504409091592
0.2167235494880546,0.9969654633677347
0.21680481066146595,0.9969654633677347
0.21680481066146595,0.9969955082848859
0.21712985535511134,0.9969955082848859
0.21712985535511134,0.9970105307434615
0.21721111652852268,0.9970105307434615
0.2174549000487567,0.9970105307434615
0.21916138469039492,0.9970105307434615
0.21916138469039492,0.997025553202037
0.21956769055745165,0.997025553202037
0.21956769055745165,0.9970405756606127
0.21989273525109704,0.9970405756606127
0.22005525759791972,0.9970405756606127
0.22013651877133106,0.9970405756606127
0.22038030229156508,0.9970405756606127
0.2207866081586218,0.9970405756606127
0.2207866081586218,0.9970555981191882
0.22094913050544449,0.9970555981191882
0.2211116528522672,0.9970555981191882
0.2211116528522672,0.9970706205777637
0.22249309280026003,0.9970706205777637
0.22281813749390542,0.9970706205777637
0.22289939866731676,0.9970706205777637
0.22289939866731676,0.9970856430363393
0.22371201040143018,0.9970856430363393
0.2238745327482529,0.9970856430363393
0.2241183162684869,0.9970856430363393
0.2241183162684869,0.9971006654949149
0.22452462213554364,0.9971006654949149
0.22452462213554364,0.9971156879534905
0.2250121891760117,0.9971156879534905
0.2250121891760117,0.997130710412066
0.22533723386965707,0.997130710412066
0.22549975621647977,0.997130710412066
0.22647489029741588,0.997130710412066
0.22647489029741588,0.9971607553292172
0.2270437185112953,0.9971607553292172
0.227206240858118,0.9971607553292172
0.22753128555176336,0.9971607553292172
0.22769380789858606,0.9971607553292172
0.22785633024540874,0.9971607553292172
0.22785633024540874,0.9971908002463683
0.22793759141882008,0.9971908002463683
0.22810011376564276,0.9971908002463683
0.22826263611246547,0.9971908002463683
0.22826263611246547,0.9972058227049438
0.2283438972858768,0.9972058227049438
0.2285064196326995,0.9972058227049438
0.2299691207541037,0.9972058227049438
0.23029416544774906,0.9972058227049438
0.2305379489679831,0.9972058227049438
0.2305379489679831,0.9972208451635195
0.2311067771818625,0.9972208451635195
0.2311067771818625,0.997235867622095
0.2312692995286852,0.997235867622095
0.23370713473102553,0.997235867622095
0.23370713473102553,0.9972659125392461
0.23541361937266375,0.9972659125392461
0.2357386640663091,0.9972659125392461
0.23598244758654316,0.9972659125392461
0.23622623110677718,0.9972659125392461
0.23622623110677718,0.9972809349978218
0.23638875345359986,0.9972809349978218
0.23638875345359986,0.9972959574563973
0.23760767105477004,0.9972959574563973
0.23760767105477004,0.9973109799149729
0.23777019340159272,0.9973109799149729
0.23809523809523808,0.9973109799149729
0.23809523809523808,0.9973260023735484
0.2382577604420608,0.9973260023735484
0.2382577604420608,0.9973410248321241
0.2385015439622948,0.9973410248321241
0.23866406630911752,0.9973410248321241
0.23866406630911752,0.9973560472906996
0.2388265886559402,0.9973560472906996
0.23915163334958556,0.9973560472906996
0.24004550625711035,0.9973560472906996
0.24020802860393303,0.9973560472906996
0.24028928977734437,0.9973560472906996
0.24045181212416708,0.9973560472906996
0.24077685681781244,0.9973560472906996
0.24077685681781244,0.9973710697492751
0.2410206403380465,0.9973710697492751
0.2410206403380465,0.9973860922078507
0.2415894685519259,0.9973860922078507
0.2415894685519259,0.9974011146664263
0.24232081911262798,0.9974011146664263
0.24256460263286203,0.9974011146664263
0.24280838615309605,0.9974011146664263
0.24280838615309605,0.9974161371250019
0.24297090849991873,0.9974161371250019
0.24297090849991873,0.9974311595835774
0.24329595319356412,0.9974311595835774
0.2434584755403868,0.9974311595835774
0.2443523484479116,0.9974311595835774
0.2443523484479116,0.9974461820421531
0.24451487079473427,0.9974461820421531
0.24451487079473427,0.9974612045007286
0.24508369900861368,0.9974612045007286
0.24524622135543636,0.9974612045007286
0.2454900048756704,0.9974612045007286
0.24597757191613848,0.9974612045007286
0.24614009426296116,0.9974612045007286
0.24670892247684056,0.9974612045007286
0.24687144482366324,0.9974612045007286
0.2471152283438973,0.9974612045007286
0.24727775069071997,0.9974612045007286
0.24727775069071997,0.9974762269593042
0.24809036242483343,0.9974762269593042
0.24809036242483343,0.9974912494178797
0.24817162359824477,0.9974912494178797
0.24817162359824477,0.9975062718764554
0.24914675767918087,0.9975062718764554
0.24930928002600358,0.9975062718764554
0.24930928002600358,0.9975212943350309
0.24995936941329433,0.9975212943350309
0.24995936941329433,0.997551339252182
0.250121891760117,0.997551339252182
0.25036567528035103,0.997551339252182
0.2506094588005851,0.997551339252182
0.2506094588005851,0.9975813841693332
0.25134080936128717,0.9975813841693332
0.25134080936128717,0.9975964066279087
0.2519096375751666,0.9975964066279087
0.2519096375751666,0.9976114290864843
0.25199089874857794,0.9976114290864843
0.2521534210954006,0.9976114290864843
0.2521534210954006,0.9976414740036355
0.25223468226881196,0.9976414740036355
0.25239720461563464,0.9976414740036355
0.252478465789046,0.9976414740036355
0.252478465789046,0.997656496462211
0.25312855517633676,0.997656496462211
0.25312855517633676,0.9976715189207865
0.2537786445636275,0.9976715189207865
0.2537786445636275,0.9976865413793622
0.2560539574191451,0.9976865413793622
0.25621647976596784,0.9976865413793622
0.2562977409393792,0.9976865413793622
0.2562977409393792,0.9977015638379377
0.2567040468064359,0.9977015638379377
0.2567040468064359,0.9977165862965133
0.2569478303266699,0.9977165862965133
0.2569478303266699,0.9977316087550888
0.257435397367138,0.9977316087550888
0.25776044206078336,0.9977316087550888
0.2580042255810174,0.9977316087550888
0.2580042255810174,0.9977466312136645
0.25881683731513083,0.9977466312136645
0.2589793596619535,0.9977466312136645
0.25906062083536485,0.9977466312136645
0.25922314318218753,0.9977466312136645
0.26019827726312367,0.9977466312136645
0.26036079960994635,0.9977466312136645
0.2606045831301804,0.9977466312136645
0.2606045831301804,0.99776165367224
0.26068584430359176,0.99776165367224
0.26068584430359176,0.9977766761308156
0.2607671054770031,0.9977766761308156
0.2607671054770031,0.9977916985893911
0.2609296278238258,0.9977916985893911
0.2609296278238258,0.9978067210479667
0.2613359336908825,0.9978067210479667
0.2616609783845279,0.9978067210479667
0.2622298065984073,0.9978067210479667
0.2622298065984073,0.9978217435065423
0.2623110677718186,0.9978217435065423
0.2624735901186413,0.9978217435065423
0.262636112465464,0.9978217435065423
0.262636112465464,0.9978367659651178
0.2629611571591094,0.9978367659651178
0.2629611571591094,0.9978517884236934
0.2635299853729888,0.9978517884236934
0.26369250771981145,0.9978517884236934
0.2642613359336909,0.9978517884236934
0.26442385828051357,0.9978517884236934
0.26458638062733625,0.9978517884236934
0.26474890297415893,0.9978517884236934
0.2653989923614497,0.9978517884236934
0.2653989923614497,0.997866810882269
0.2659678205753291,0.997866810882269
0.2661303429221518,0.997866810882269
0.26751178287014465,0.997866810882269
0.26767430521696733,0.997866810882269
0.2679993499106127,0.997866810882269
0.2681618722574354,0.997866810882269
0.2681618722574354,0.9978818333408446
0.26954331220542826,0.9978818333408446
0.26954331220542826,0.9978968557994201
0.27059970745977574,0.9978968557994201
0.2707622298065984,0.9978968557994201
0.2709247521534211,0.9978968557994201
0.2709247521534211,0.9979419231751468
0.27214366975459126,0.9979419231751468
0.27214366975459126,0.9979569456337224
0.2727124979684707,0.9979569456337224
0.2727124979684707,0.9979869905508736
0.27279375914188203,0.9979869905508736
0.27303754266211605,0.9979869905508736
0.27417519908987487,0.9979869905508736
0.27433772143669755,0.9979869905508736
0.2744189826101089,0.9979869905508736
0.27458150495693157,0.9979869905508736
0.274906549650577,0.9979869905508736
0.27523159434422234,0.9979869905508736
0.275394116691045,0.9979869905508736
0.2755566390378677,0.9979869905508736
0.2757191613846904,0.9979869905508736
0.2766130342922152,0.9979869905508736
0.2768568178124492,0.9979869905508736
0.27766942954656265,0.9979869905508736
0.27783195189338533,0.9979869905508736
0.2784820412806761,0.9979869905508736
0.2786445636274988,0.9979869905508736
0.2791321306679668,0.9979869905508736
0.2792946530147895,0.9979869905508736
0.27986348122866894,0.9979869905508736
0.28010726474890296,0.9979869905508736
0.2804323094425484,0.9979869905508736
0.2804323094425484,0.9980020130094491
0.2805135706159597,0.9980020130094491
0.28075735413619374,0.9980020130094491
0.2809198764830164,0.9980020130094491
0.28116366000325044,0.9980020130094491
0.2813261823500731,0.9980020130094491
0.2817324882171299,0.9980020130094491
0.2817324882171299,0.9980170354680247
0.2818137493905412,0.9980170354680247
0.2818137493905412,0.9980320579266002
0.2828701446448887,0.9980320579266002
0.28303266699171137,0.9980320579266002
0.28335771168535673,0.9980320579266002
0.28335771168535673,0.9980470803851759
0.28360149520559075,0.9980470803851759
0.28360149520559075,0.9980621028437514
0.2841703234194702,0.9980621028437514
0.28433284576629286,0.9980621028437514
0.2845766292865269,0.9980621028437514
0.28473915163334956,0.9980621028437514
0.28628311392816513,0.9980621028437514
0.2864456362749878,0.9980621028437514
0.2866081586218105,0.9980621028437514
0.2868519421420445,0.9980621028437514
0.28725824800910127,0.9980621028437514
0.28725824800910127,0.9980921477609026
0.28742077035592395,0.9980921477609026
0.28742077035592395,0.9981071702194781
0.28807085974321467,0.9981071702194781
0.2883959044368601,0.9981071702194781
0.2897773443848529,0.9981071702194781
0.2899398667316756,0.9981071702194781
0.29075247846578905,0.9981071702194781
0.29091500081261173,0.9981071702194781
0.2917276125467252,0.9981071702194781
0.29189013489354787,0.9981071702194781
0.29189013489354787,0.9981221926780537
0.2919713960669592,0.9981221926780537
0.2921339184137819,0.9981221926780537
0.29278400780107267,0.9981221926780537
0.29294653014789535,0.9981221926780537
0.2934340971883634,0.9981221926780537
0.2934340971883634,0.9981372151366292
0.2937591418820088,0.9981372151366292
0.2939216642288315,0.9981372151366292
0.29408418657565416,0.9981372151366292
0.29408418657565416,0.9981522375952049
0.29424670892247684,0.9981522375952049
0.2944092312692995,0.9981522375952049
0.2948155371363563,0.9981522375952049
0.2948155371363563,0.9981672600537804
0.2948967983097676,0.9981672600537804
0.2948967983097676,0.998182282512356
0.2950593206565903,0.998182282512356
0.2953031041768243,0.998182282512356
0.29603445473752643,0.998182282512356
0.29627823825776045,0.998182282512356
0.29644076060458313,0.998182282512356
0.2972533723386966,0.998182282512356
0.2972533723386966,0.9981973049709315
0.29830976759304406,0.9981973049709315
0.2985535511132781,0.9981973049709315
0.2987973346335121,0.9981973049709315
0.2989598569803348,0.9981973049709315
0.2990411181537461,0.9981973049709315
0.2992849016739802,0.9981973049709315
0.29936616284739154,0.9981973049709315
0.2995286851942142,0.9981973049709315
0.29960994636762556,0.9981973049709315
0.2998537298878596,0.9981973049709315
0.30001625223468226,0.9981973049709315
0.30017877458150494,0.9981973049709315
0.30091012514220705,0.9981973049709315
0.30091012514220705,0.9982273498880827
0.30131643100926375,0.9982273498880827
0.3014789533560865,0.9982273498880827
0.3015602145294978,0.9982273498880827
0.3015602145294978,0.9982423723466582
0.30294165447749066,0.9982423723466582
0.30310417682431334,0.9982423723466582
0.3034292215179587,0.9982423723466582
0.3035917438647814,0.9982423723466582
0.3040793109052495,0.9982423723466582
0.3040793109052495,0.9982573948052338
0.30440435559889484,0.9982573948052338
0.30440435559889484,0.998287439722385
0.3048106614659516,0.998287439722385
0.3048106614659516,0.9983024621809605
0.30529822850641963,0.9983024621809605
0.30529822850641963,0.9983174846395361
0.30570453437347633,0.9983174846395361
0.30586705672029907,0.9983174846395361
0.30627336258735577,0.9983174846395361
0.30627336258735577,0.9983475295566873
0.3065171461075898,0.9983475295566873
0.3065171461075898,0.9983625520152628
0.30716723549488056,0.9983625520152628
0.30716723549488056,0.9983775744738383
0.3074922801885259,0.9983775744738383
0.3076548025353486,0.9983775744738383
0.30822363074922804,0.9983775744738383
0.3083861530960507,0.9983775744738383
0.30846741426946206,0.9983775744738383
0.30846741426946206,0.998392596932414
0.30862993661628474,0.998392596932414
0.3091987648301642,0.998392596932414
0.3091987648301642,0.9984076193909895
0.30936128717698685,0.9984076193909895
0.3096863318706322,0.9984076193909895
0.3100926377376889,0.9984076193909895
0.3102551600845116,0.9984076193909895
0.310336421257923,0.9984076193909895
0.310336421257923,0.9984226418495651
0.3107427271249797,0.9984226418495651
0.3107427271249797,0.9984376643081406
0.31220542824638386,0.9984376643081406
0.31220542824638386,0.9984526867667163
0.31269299528685196,0.9984526867667163
0.31285551763367464,0.9984526867667163
0.313424345847554,0.9984526867667163
0.313424345847554,0.9984677092252918
0.31350560702096536,0.9984677092252918
0.31350560702096536,0.9984827316838674
0.31374939054119944,0.9984827316838674
0.3139119128880221,0.9984827316838674
0.3183000162522347,0.9984827316838674
0.31862506094588006,0.9984827316838674
0.3187063221192914,0.9984827316838674
0.3189501056395254,0.9984827316838674
0.3191126279863481,0.9984827316838674
0.31927515033317083,0.9984827316838674
0.31935641150658217,0.9984827316838674
0.31935641150658217,0.9984977541424429
0.31992523972046155,0.9984977541424429
0.32008776206728423,0.9984977541424429
0.3209003738013977,0.9984977541424429
0.32106289614822037,0.9984977541424429
0.32122541849504305,0.9984977541424429
0.32122541849504305,0.9985127766010186
0.3214692020152771,0.9985127766010186
0.3214692020152771,0.9985277990595941
0.3216317243620998,0.9985277990595941
0.32195676905574516,0.9985277990595941
0.3222005525759792,0.9985277990595941
0.3222005525759792,0.9985428215181696
0.32285064196326996,0.9985428215181696
0.32285064196326996,0.9985578439767452
0.32325694783032666,0.9985578439767452
0.3235007313505607,0.9985578439767452
0.3240695595644401,0.9985578439767452
0.3242320819112628,0.9985578439767452
0.32528847716561027,0.9985578439767452
0.32545099951243295,0.9985578439767452
0.3255322606858443,0.9985578439767452
0.32569478303266697,0.9985578439767452
0.32577604420607836,0.9985578439767452
0.3261010888997237,0.9985578439767452
0.3274012676743052,0.9985578439767452
0.3274012676743052,0.9985728664353208
0.32829514058183,0.9985728664353208
0.3287014464488867,0.9985728664353208
0.32943279700958883,0.9985728664353208
0.32943279700958883,0.9985878888938964
0.32967658052982285,0.9985878888938964
0.3304891922639363,0.9985878888938964
0.330651714610759,0.9985878888938964
0.33146432634487244,0.9985878888938964
0.3316268486916951,0.9985878888938964
0.3329270274662766,0.9985878888938964
0.3330895498130993,0.9985878888938964
0.33341459450674465,0.9985878888938964
0.33341459450674465,0.9986029113524719
0.33503981797497157,0.9986029113524719
0.33520234032179425,0.9986029113524719
0.3355273850154396,0.9986029113524719
0.3356899073622623,0.9986029113524719
0.33633999674955306,0.9986029113524719
0.33650251909637574,0.9986029113524719
0.3373151308304892,0.9986029113524719
0.3373151308304892,0.9986179338110475
0.3375589143507232,0.9986179338110475
0.3377214366975459,0.9986179338110475
0.33853404843165935,0.9986179338110475
0.33853404843165935,0.9986329562696231
0.3391841378189501,0.9986329562696231
0.3393466601657728,0.9986329562696231
0.3397529660328295,0.9986329562696231
0.3399154883796522,0.9986329562696231
0.3402405330732976,0.9986329562696231
0.3402405330732976,0.9986479787281987
0.3404030554201203,0.9986479787281987
0.3404843165935316,0.9986479787281987
0.3406468389403543,0.9986479787281987
0.34097188363399966,0.9986479787281987
0.34097188363399966,0.9986630011867742
0.3417844953681131,0.9986630011867742
0.3419470177149358,0.9986630011867742
0.34202827888834714,0.9986630011867742
0.3421908012351698,0.9986630011867742
0.34292215179587193,0.9986630011867742
0.3430846741426946,0.9986630011867742
0.3437347635299854,0.9986630011867742
0.3439785470502194,0.9986630011867742
0.3451162034779782,0.9986630011867742
0.3451162034779782,0.9986780236453497
0.3455225093450349,0.9986780236453497
0.3456850316918576,0.9986780236453497
0.3464163822525597,0.9986780236453497
0.34666016577279374,0.9986780236453497
0.34698521046643915,0.9986780236453497
0.3476352998537299,0.9986780236453497
0.3478790833739639,0.9986780236453497
0.3479603445473753,0.9986780236453497
0.34812286689419797,0.9986780236453497
0.34844791158784333,0.9986780236453497
0.34869169510807735,0.9986780236453497
0.3493417844953681,0.9986780236453497
0.3493417844953681,0.9986930461039254
0.3496668291890135,0.9986930461039254
0.3496668291890135,0.9987080685625009
0.3497480903624248,0.9987080685625009
0.34999187388265884,0.9987080685625009
0.3502356574028929,0.9987080685625009
0.3502356574028929,0.9987230910210765
0.35072322444336096,0.9987230910210765
0.350967007963595,0.9987230910210765
0.3528360149520559,0.9987230910210765
0.3529985372988786,0.9987230910210765
0.35307979847228993,0.9987230910210765
0.3532423208191126,0.9987230910210765
0.3538924102064034,0.9987230910210765
0.35405493255322606,0.9987230910210765
0.3543799772468714,0.9987230910210765
0.3548675442873395,0.9987230910210765
0.355680156021453,0.9987230910210765
0.35584267836827566,0.9987230910210765
0.35714285714285715,0.9987230910210765
0.35730537948967983,0.9987230910210765
0.35779294653014787,0.9987230910210765
0.35803673005038195,0.9987230910210765
0.35933690882496344,0.9987230910210765
0.35933690882496344,0.9987381134796521
0.3599057370388428,0.9987381134796521
0.36023078173248824,0.9987381134796521
0.36161222168048107,0.9987381134796521
0.36177474402730375,0.9987381134796521
0.36218104989436045,0.9987381134796521
0.36218104989436045,0.9987531359382277
0.3623435722411832,0.9987531359382277
0.3632374451487079,0.9987531359382277
0.36339996749553066,0.9987531359382277
0.366325369738339,0.9987531359382277
0.3664878920851617,0.9987531359382277
0.36673167560539577,0.9987531359382277
0.36673167560539577,0.9987681583968032
0.3690069884609134,0.9987681583968032
0.3691695108077361,0.9987681583968032
0.36949455550138144,0.9987681583968032
0.36949455550138144,0.9987831808553788
0.3695758166747928,0.9987831808553788
0.3695758166747928,0.9987982033139544
0.3696570778482041,0.9987982033139544
0.3696570778482041,0.99881322577253
0.36973833902161546,0.99881322577253
0.36990086136843814,0.99881322577253
0.3708759954493743,0.99881322577253
0.3708759954493743,0.9988282482311055
0.37128230131643103,0.9988282482311055
0.3714448236632537,0.9988282482311055
0.3723386965707785,0.9988282482311055
0.3725012189176012,0.9988282482311055
0.3727450024378352,0.9988282482311055
0.3727450024378352,0.998843270689681
0.3729075247846579,0.998843270689681
0.37307004713148056,0.998843270689681
0.3733138306517146,0.998843270689681
0.37355761417194866,0.998843270689681
0.3746952705997075,0.998843270689681
0.37485779294653016,0.998843270689681
0.37485779294653016,0.9988582931482567
0.3751828376401755,0.9988582931482567
0.376239232894523,0.9988582931482567
0.376239232894523,0.9988733156068322
0.37640175524134567,0.9988733156068322
0.3767267999349911,0.9988733156068322
0.37688932228181377,0.9988733156068322
0.3771331058020478,0.9988733156068322
0.37729562814887047,0.9988733156068322
0.37745815049569315,0.9988733156068322
0.3776206728425158,0.9988733156068322
0.3790021127905087,0.9988733156068322
0.3793271574841541,0.9988733156068322
0.3795709410043881,0.9988733156068322
0.3795709410043881,0.9988883380654078
0.37965220217779944,0.9988883380654078
0.3798147245246221,0.9988883380654078
0.37989598569803346,0.9988883380654078
0.3800585080448562,0.9988883380654078
0.38078985860555825,0.9988883380654078
0.38078985860555825,0.9989033605239833
0.3808711197789696,0.9989033605239833
0.38103364212579227,0.9989033605239833
0.38127742564602635,0.9989033605239833
0.38152120916626037,0.9989033605239833
0.3816024703396717,0.9989033605239833
0.3817649926864944,0.9989033605239833
0.38192751503331707,0.9989033605239833
0.38209003738013975,0.9989033605239833
0.3823338209003738,0.9989033605239833
0.3823338209003738,0.998918382982559
0.38298391028766454,0.998918382982559
0.3831464326344872,0.998918382982559
0.3843653502356574,0.998918382982559
0.3845278725824801,0.998918382982559
0.3849341784495368,0.998918382982559
0.3849341784495368,0.9989334054411345
0.38574679018365027,0.9989334054411345
0.38574679018365027,0.9989484278997101
0.38631561839752965,0.9989484278997101
0.38631561839752965,0.9989634503582856
0.38745327482528846,0.9989634503582856
0.38761579717211114,0.9989634503582856
0.38761579717211114,0.9989784728168613
0.3882658865594019,0.9989784728168613
0.3884284089062246,0.9989784728168613
0.3885909312530473,0.9989784728168613
0.3885909312530473,0.9989934952754368
0.38875345359986996,0.9989934952754368
0.38875345359986996,0.9990235401925879
0.38899723712010403,0.9990235401925879
0.3891597594669267,0.9990235401925879
0.38940354298716073,0.9990235401925879
0.3897285876808061,0.9990235401925879
0.38980984885421743,0.9990235401925879
0.3900536323744515,0.9990235401925879
0.39167885584267836,0.9990235401925879
0.39184137818950104,0.9990235401925879
0.39257272875020316,0.9990235401925879
0.39273525109702584,0.9990235401925879
0.3928977734438485,0.9990235401925879
0.3932228181374939,0.9990235401925879
0.3933040793109053,0.9990235401925879
0.3935478628311393,0.9990235401925879
0.39403542987160733,0.9990235401925879
0.39419795221843,0.9990235401925879
0.39492930277913213,0.9990235401925879
0.39492930277913213,0.9990385626511635
0.3977734438485292,0.9990385626511635
0.3979359661953519,0.9990385626511635
0.3980172273687632,0.9990385626511635
0.3980172273687632,0.9990535851097391
0.39923614496993337,0.9990535851097391
0.39939866731675605,0.9990535851097391
0.40013001787745817,0.9990535851097391
0.40013001787745817,0.9990686075683146
0.4004550625711035,0.9990686075683146
0.40094262961157157,0.9990686075683146
0.4011051519583943,0.9990686075683146
0.401511457825451,0.9990686075683146
0.401511457825451,0.9990986524854658
0.4016739801722737,0.9990986524854658
0.401755241345685,0.9990986524854658
0.401755241345685,0.9991136749440414
0.40248659190638714,0.9991136749440414
0.4026491142532098,0.9991136749440414
0.40273037542662116,0.9991136749440414
0.40289289777344384,0.9991136749440414
0.4030554201202665,0.9991136749440414
0.40321794246708925,0.9991136749440414
0.4044368600682594,0.9991136749440414
0.4044368600682594,0.9991286974026169
0.40451812124167075,0.9991286974026169
0.4046806435884934,0.9991286974026169
0.4048431659353161,0.9991286974026169
0.4050056882821388,0.9991286974026169
0.4050056882821388,0.9991437198611924
0.4050869494555501,0.9991437198611924
0.4052494718023728,0.9991437198611924
0.40606208353648626,0.9991437198611924
0.40622460588330894,0.9991437198611924
0.4063058670567203,0.9991437198611924
0.40646838940354296,0.9991437198611924
0.4067934340971884,0.9991437198611924
0.4070372176174224,0.9991437198611924
0.40898748577929467,0.9991437198611924
0.40915000812611735,0.9991437198611924
0.4106127092475215,0.9991437198611924
0.4107752315943442,0.9991437198611924
0.411425320981635,0.9991437198611924
0.411669104501869,0.9991437198611924
0.41175036567528034,0.9991437198611924
0.411912888022103,0.9991437198611924
0.4123191938891598,0.9991437198611924
0.41248171623598245,0.9991437198611924
0.41337558914350725,0.9991437198611924
0.41361937266374127,0.9991437198611924
0.41418820087762065,0.9991437198611924
0.4143507232244434,0.9991437198611924
0.4144319843978547,0.9991437198611924
0.4144319843978547,0.9991587423197681
0.41532585730537946,0.9991587423197681
0.4154883796522022,0.9991587423197681
0.4170323419470177,0.9991587423197681
0.4171948642938404,0.9991587423197681
0.4174386478140744,0.9991587423197681
0.4176824313343085,0.9991587423197681
0.41776369250771983,0.9991587423197681
0.41800747602795385,0.9991587423197681
0.4196326994961807,0.9991587423197681
0.4197952218430034,0.9991587423197681
0.4207703559239395,0.9991587423197681
0.4207703559239395,0.9991737647783436
0.4221517958719324,0.9991737647783436
0.42239557939216643,0.9991737647783436
0.4229644076060458,0.9991737647783436
0.42312692995286855,0.9991737647783436
0.4240208028603933,0.9991737647783436
0.42426458638062736,0.9991737647783436
0.42467089224768406,0.9991737647783436
0.42483341459450674,0.9991737647783436
0.4253209816349748,0.9991737647783436
0.4253209816349748,0.9992038096954947
0.42613359336908824,0.9992038096954947
0.4262961157159109,0.9992038096954947
0.42645863806273365,0.9992038096954947
0.426783682756379,0.9992038096954947
0.4278400780107265,0.9992038096954947
0.4280838615309605,0.9992038096954947
0.4288152120916626,0.9992038096954947
0.4289777344384853,0.9992038096954947
0.42946530147895334,0.9992038096954947
0.42946530147895334,0.9992188321540704
0.42970908499918736,0.9992188321540704
0.4298716073460101,0.9992188321540704
0.4302779132130668,0.9992188321540704
0.4304404355598895,0.9992188321540704
0.4305216967333008,0.9992188321540704
0.43076548025353484,0.9992188321540704
0.4308467414269462,0.9992188321540704
0.4308467414269462,0.9992338546126459
0.4310092637737689,0.9992338546126459
0.4310092637737689,0.9992488770712215
0.4315780919876483,0.9992488770712215
0.4315780919876483,0.999263899529797
0.43165935316105963,0.999263899529797
0.43198439785470505,0.999263899529797
0.43214692020152773,0.999263899529797
0.4323094425483504,0.999263899529797
0.4324719648951731,0.999263899529797
0.43263448724199577,0.999263899529797
0.43312205428246386,0.999263899529797
0.43312205428246386,0.9992789219883726
0.4334470989761092,0.9992789219883726
0.4336096213229319,0.9992789219883726
0.4338534048431659,0.9992789219883726
0.4340159271899886,0.9992789219883726
0.4341784495368113,0.9992789219883726
0.434340971883634,0.9992789219883726
0.43458475540386804,0.9992789219883726
0.4347472777506907,0.9992789219883726
0.43482853892410206,0.9992789219883726
0.4351535836177474,0.9992789219883726
0.43588493417844953,0.9992789219883726
0.4360474565252722,0.9992789219883726
0.43661628473915165,0.9992789219883726
0.43677880708597433,0.9992789219883726
0.4375914188200878,0.9992789219883726
0.43775394116691047,0.9992789219883726
0.4393791646351373,0.9992789219883726
0.43954168698196,0.9992789219883726
0.4397854705021941,0.9992789219883726
0.4397854705021941,0.9992939444469482
0.43994799284901676,0.9992939444469482
0.44011051519583944,0.9992939444469482
0.4401917763692508,0.9992939444469482
0.44051682106289614,0.9992939444469482
0.44189826101088897,0.9992939444469482
0.4420607833577117,0.9992939444469482
0.4428733950918251,0.9992939444469482
0.4431984397854705,0.9992939444469482
0.44514870794734274,0.9992939444469482
0.44514870794734274,0.9993089669055237
0.44531123029416547,0.9993089669055237
0.44547375264098815,0.9993089669055237
0.44588005850804485,0.9993089669055237
0.44604258085486753,0.9993089669055237
0.44661140906874697,0.9993089669055237
0.44677393141556965,0.9993089669055237
0.447098976109215,0.9993089669055237
0.447342759629449,0.9993089669055237
0.44750528197627176,0.9993089669055237
0.44766780432309444,0.9993089669055237
0.4478303266699171,0.9993089669055237
0.4479928490167398,0.9993089669055237
0.4488867219242646,0.9993089669055237
0.4490492442710873,0.9993089669055237
0.4492930277913213,0.9993089669055237
0.4495368113115553,0.9993089669055237
0.4503494230456688,0.9993089669055237
0.4505932065659028,0.9993089669055237
0.4510807736063709,0.9993089669055237
0.45124329595319357,0.9993089669055237
0.4526247359011864,0.9993089669055237
0.4527872582480091,0.9993089669055237
0.45303104176824316,0.9993089669055237
0.45359986998212254,0.9993089669055237
0.45384365350235656,0.9993089669055237
0.45433122054282465,0.9993089669055237
0.4545750040630587,0.9993089669055237
0.4548187875832927,0.9993089669055237
0.4549813099301154,0.9993089669055237
0.4553063546237608,0.9993089669055237
0.45546887697058347,0.9993089669055237
0.45733788395904434,0.9993089669055237
0.45733788395904434,0.9993390118226749
0.4581504956931578,0.9993390118226749
0.4583942792133918,0.9993390118226749
0.45847554038680316,0.9993390118226749
0.4586380627336259,0.9993390118226749
0.4588818462538599,0.9993390118226749
0.4590443686006826,0.9993390118226749
0.4597757191613847,0.9993390118226749
0.4599382415082074,0.9993390118226749
0.4599382415082074,0.9993540342812505
0.46050706972208677,0.9993540342812505
0.46075085324232085,0.9993540342812505
0.46115715910937755,0.9993540342812505
0.4613196814562002,0.9993540342812505
0.4616447261498456,0.9993540342812505
0.46180724849666827,0.9993540342812505
0.461969770843491,0.9993540342812505
0.4621322931903137,0.9993540342812505
0.4630261660978385,0.9993540342812505
0.46318868844466116,0.9993540342812505
0.46708922476840564,0.9993540342812505
0.46733300828863966,0.9993540342812505
0.46838940354298714,0.9993540342812505
0.4685519258898099,0.9993540342812505
0.46960832114415735,0.9993540342812505
0.46977084349098003,0.9993540342812505
0.46985210466439137,0.9993540342812505
0.47025841053144807,0.9993540342812505
0.47074597757191616,0.9993540342812505
0.47074597757191616,0.999369056739826
0.47090849991873884,0.999369056739826
0.4709897610921502,0.999369056739826
0.47131480578579554,0.999369056739826
0.4713960669592069,0.999369056739826
0.4713960669592069,0.9993840791984017
0.47155858930602956,0.9993840791984017
0.47172111165285224,0.9993840791984017
0.47180237282626364,0.9993840791984017
0.472127417519909,0.9993840791984017
0.47245246221355436,0.9993840791984017
0.47261498456037704,0.9993840791984017
0.47285876808061106,0.9993840791984017
0.4730212904274338,0.9993840791984017
0.4734275962944905,0.9993840791984017
0.4735901186413132,0.9993840791984017
0.4736713798147245,0.9993840791984017
0.4739964245083699,0.9993840791984017
0.47464651389566065,0.9993840791984017
0.47464651389566065,0.9993991016569772
0.47480903624248333,0.9993991016569772
0.47513408093612874,0.9993991016569772
0.47554038680318544,0.9993991016569772
0.4756216479765968,0.9993991016569772
0.47578417032341946,0.9993991016569772
0.4758654314968308,0.9993991016569772
0.4761092150170648,0.9993991016569772
0.4765155208841216,0.9993991016569772
0.4767593044043556,0.9993991016569772
0.4771656102714123,0.9993991016569772
0.47732813261823503,0.9993991016569772
0.4774906549650577,0.9993991016569772
0.4776531773118804,0.9993991016569772
0.4782220055257598,0.9993991016569772
0.47838452787258245,0.9993991016569772
0.47944092312692993,0.9993991016569772
0.479684706647164,0.9993991016569772
0.4816349748090362,0.9993991016569772
0.48196001950268164,0.9993991016569772
0.48350398179749715,0.9993991016569772
0.4838290264911425,0.9993991016569772
0.48553551113278076,0.9993991016569772
0.48553551113278076,0.9994141241155527
0.4858605558264261,0.9994141241155527
0.4860230781732488,0.9994141241155527
0.48732325694783035,0.9994141241155527
0.48748577929465303,0.9994141241155527
0.48829839102876643,0.9994141241155527
0.48829839102876643,0.9994291465741283
0.48837965220217777,0.9994291465741283
0.4885421745490005,0.9994291465741283
0.4887859580692345,0.9994291465741283
0.4889484804160572,0.9994291465741283
0.48902974158946855,0.9994291465741283
0.48927352510970257,0.9994291465741283
0.48943604745652525,0.9994291465741283
0.49195514383227695,0.9994291465741283
0.49211766617909963,0.9994291465741283
0.492198927352511,0.9994291465741283
0.492442710872745,0.9994291465741283
0.492686494392979,0.9994291465741283
0.492686494392979,0.9994441690327039
0.49309280026003577,0.9994441690327039
0.49325532260685845,0.9994441690327039
0.49366162847391515,0.9994441690327039
0.49382415082073783,0.9994441690327039
0.4940679343409719,0.9994441690327039
0.49439297903461726,0.9994441690327039
0.4952055907687307,0.9994441690327039
0.4953681131155534,0.9994441690327039
0.4955306354623761,0.9994441690327039
0.49585568015602144,0.9994441690327039
0.4959369413294328,0.9994441690327039
0.49609946367625546,0.9994441690327039
0.4968308142369576,0.9994441690327039
0.49699333658378025,0.9994441690327039
0.4995936941329433,0.9994441690327039
0.499756216479766,0.9994441690327039
0.4998374776531773,0.9994441690327039
0.5000812611734113,0.9994441690327039
0.5009751340809361,0.9994441690327039
0.5011376564277589,0.9994441690327039
0.5013814399479929,0.9994441690327039
0.5016252234682269,0.9994441690327039
0.5017064846416383,0.9994441690327039
0.5018690069884609,0.9994441690327039
0.5026816187225743,0.9994441690327039
0.5029254022428084,0.9994441690327039
0.5032504469364537,0.9994441690327039
0.5034942304566878,0.9994441690327039
0.5036567528035105,0.9994441690327039
0.5040630586705672,0.9994441690327039
0.5042255810173899,0.9994441690327039
0.5043881033642126,0.9994441690327039
0.5045506257110353,0.9994441690327039
0.5051194539249146,0.9994441690327039
0.5052819762717373,0.9994441690327039
0.5055257597919713,0.9994441690327039
0.5056882821387941,0.9994441690327039
0.5057695433122055,0.9994441690327039
0.5060133268324395,0.9994441690327039
0.5073135056070209,0.9994441690327039
0.507557289127255,0.9994441690327039
0.5085324232081911,0.9994441690327039
0.5087762067284252,0.9994441690327039
0.5090199902486592,0.9994441690327039
0.5090199902486592,0.9994591914912795
0.5092637737688932,0.9994591914912795
0.5094262961157159,0.9994591914912795
0.5096700796359499,0.9994591914912795
0.5103201690232407,0.9994591914912795
0.5106452137168861,0.9994591914912795
0.5115390866244108,0.9994591914912795
0.5115390866244108,0.999474213949855
0.5124329595319357,0.999474213949855
0.5125954818787584,0.999474213949855
0.5126767430521697,0.999474213949855
0.5126767430521697,0.9994892364084306
0.5136518771331058,0.9994892364084306
0.5136518771331058,0.9995042588670062
0.5137331383065171,0.9995042588670062
0.5138956606533398,0.9995042588670062
0.5141394441735738,0.9995042588670062
0.5144644888672193,0.9995042588670062
0.5145457500406306,0.9995042588670062
0.5145457500406306,0.9995192813255818
0.5147895335608647,0.9995192813255818
0.5149520559076873,0.9995192813255818
0.51511457825451,0.9995192813255818
0.5154396229481554,0.9995192813255818
0.5160897123354461,0.9995192813255818
0.5163334958556801,0.9995192813255818
0.5184462863643751,0.9995192813255818
0.5186900698846091,0.9995192813255818
0.5187713310580204,0.9995192813255818
0.5190151145782546,0.9995192813255818
0.5193401592718999,0.9995192813255818
0.5195026816187226,0.9995192813255818
0.5199902486591906,0.9995192813255818
0.5202340321794247,0.9995192813255818
0.520315293352836,0.9995192813255818
0.520315293352836,0.9995493262427328
0.5203965545262473,0.9995493262427328
0.5203965545262473,0.9995643487013085
0.520802860393304,0.9995643487013085
0.5209653827401267,0.9995643487013085
0.5220217779944742,0.9995643487013085
0.5222655615147083,0.9995643487013085
0.5227531285551763,0.9995643487013085
0.5229969120754103,0.9995643487013085
0.5230781732488217,0.9995643487013085
0.5232406955956445,0.9995643487013085
0.5241345685031692,0.9995643487013085
0.5242970908499919,0.9995643487013085
0.5244596131968146,0.9995643487013085
0.5247033967170486,0.9995643487013085
0.5259223143182188,0.9995643487013085
0.5260848366650415,0.9995643487013085
0.5264098813586868,0.9995643487013085
0.5266536648789208,0.9995643487013085
0.5281976271737364,0.9995643487013085
0.5284414106939704,0.9995643487013085
0.5290102389078498,0.9995643487013085
0.5290102389078498,0.999579371159884
0.5290915000812612,0.999579371159884
0.5292540224280838,0.999579371159884
0.5294978059483179,0.999579371159884
0.5296603282951405,0.999579371159884
0.5308792458963107,0.999579371159884
0.5311230294165448,0.999579371159884
0.5322606858443036,0.999579371159884
0.5324232081911263,0.999579371159884
0.5334796034454737,0.999579371159884
0.5336421257922964,0.999579371159884
0.5355923939541687,0.999579371159884
0.5357549163009914,0.999579371159884
0.5391678855842679,0.999579371159884
0.5393304079310905,0.999579371159884
0.5394116691045019,0.999579371159884
0.5396554526247359,0.999579371159884
0.540874370225906,0.999579371159884
0.5411181537461401,0.999579371159884
0.5411181537461401,0.9995943936184596
0.5413619372663742,0.9995943936184596
0.5415244596131968,0.9995943936184596
0.5418495043068422,0.9995943936184596
0.5420120266536649,0.9995943936184596
0.5427433772143669,0.9995943936184596
0.542987160734601,0.9995943936184596
0.5437997724687145,0.9995943936184596
0.5437997724687145,0.9996094160770351
0.5438810336421258,0.9996094160770351
0.5440435559889485,0.9996094160770351
0.5455062571103527,0.9996094160770351
0.5456687794571754,0.9996094160770351
0.5464813911912888,0.9996094160770351
0.5466439135381115,0.9996094160770351
0.547700308792459,0.9996094160770351
0.5478628311392817,0.9996094160770351
0.5492442710872745,0.9996094160770351
0.5495693157809198,0.9996094160770351
0.5496505769543312,0.9996094160770351
0.549813099301154,0.9996094160770351
0.5504631886884447,0.9996094160770351
0.5506257110352674,0.9996094160770351
0.5509507557289127,0.9996094160770351
0.5511132780757354,0.9996094160770351
0.5517633674630261,0.9996094160770351
0.5519258898098488,0.9996094160770351
0.5522509345034943,0.9996094160770351
0.552413456850317,0.9996094160770351
0.5529822850641963,0.9996094160770351
0.553144807411019,0.9996094160770351
0.5542824638387779,0.9996094160770351
0.5544449861856006,0.9996094160770351
0.5545262473590119,0.9996094160770351
0.5546887697058346,0.9996094160770351
0.5563139931740614,0.9996094160770351
0.5564765155208842,0.9996094160770351
0.5576954331220543,0.9996094160770351
0.5579392166422883,0.9996094160770351
0.558345522509345,0.9996094160770351
0.5585080448561677,0.9996094160770351
0.5586705672029905,0.9996094160770351
0.5589143507232245,0.9996094160770351
0.5591581342434585,0.9996094160770351
0.5591581342434585,0.9996244385356108
0.5601332683243946,0.9996244385356108
0.5602957906712173,0.9996244385356108
0.5604583130180399,0.9996244385356108
0.5604583130180399,0.9996394609941863
0.5606208353648626,0.9996394609941863
0.5607833577116853,0.9996394609941863
0.5611896635787421,0.9996394609941863
0.5613521859255648,0.9996394609941863
0.5614334470989761,0.9996394609941863
0.5614334470989761,0.9996544834527619
0.5621647976596782,0.9996544834527619
0.5623273200065009,0.9996544834527619
0.5626523647001462,0.9996544834527619
0.5628148870469689,0.9996544834527619
0.5628961482203803,0.9996544834527619
0.563058670567203,0.9996544834527619
0.5641150658215505,0.9996544834527619
0.5642775881683731,0.9996544834527619
0.5647651552088412,0.9996544834527619
0.5650901999024865,0.9996544834527619
0.5666341621973021,0.9996544834527619
0.5668779457175361,0.9996544834527619
0.5674467739314155,0.9996544834527619
0.5676092962782383,0.9996544834527619
0.5676905574516496,0.9996544834527619
0.5678530797984723,0.9996544834527619
0.5679343409718837,0.9996544834527619
0.5680968633187063,0.9996544834527619
0.5683406468389404,0.9996544834527619
0.568503169185763,0.9996544834527619
0.5689094750528197,0.9996544834527619
0.5690719973996424,0.9996544834527619
0.5698846091337559,0.9996544834527619
0.5700471314805786,0.9996544834527619
0.5702909150008126,0.9996544834527619
0.5704534373476353,0.9996544834527619
0.5706972208678693,0.9996544834527619
0.570859743214692,0.9996544834527619
0.5718348772956281,0.9996544834527619
0.5719973996424509,0.9996544834527619
0.5720786608158622,0.9996544834527619
0.5720786608158622,0.9996695059113374
0.5722411831626849,0.9996695059113374
0.5724037055095076,0.9996695059113374
0.5728912725499756,0.9996695059113374
0.5731350560702096,0.9996695059113374
0.5732975784170323,0.9996695059113374
0.573460100763855,0.9996695059113374
0.5735413619372663,0.9996695059113374
0.5738664066309117,0.9996695059113374
0.5752478465789046,0.9996695059113374
0.5752478465789046,0.9996845283699131
0.5761417194864293,0.9996845283699131
0.576304241833252,0.9996845283699131
0.5763855030066635,0.9996845283699131
0.5766292865268975,0.9996845283699131
0.5767918088737202,0.9996845283699131
0.5769543312205428,0.9996845283699131
0.5771168535673655,0.9996845283699131
0.5772793759141882,0.9996845283699131
0.5775231594344222,0.9996845283699131
0.5776856817812449,0.9996845283699131
0.5789858605558265,0.9996845283699131
0.5789858605558265,0.9996995508284886
0.5796359499431172,0.9996995508284886
0.5797984722899399,0.9996995508284886
0.5800422558101739,0.9996995508284886
0.5810986510645214,0.9996995508284886
0.5812611734113441,0.9996995508284886
0.5840240533073298,0.9996995508284886
0.5841865756541524,0.9996995508284886
0.5842678368275638,0.9996995508284886
0.5844303591743865,0.9996995508284886
0.5849179262148545,0.9996995508284886
0.5849179262148545,0.9997145732870641
0.5850804485616772,0.9997145732870641
0.5854054932553227,0.9997145732870641
0.585730537948968,0.9997145732870641
0.5858930602957907,0.9997145732870641
0.5860555826426134,0.9997145732870641
0.586218104989436,0.9997145732870641
0.5864618885096701,0.9997145732870641
0.5867056720299041,0.9997145732870641
0.5868681943767268,0.9997145732870641
0.5871119778969608,0.9997145732870641
0.5872745002437835,0.9997145732870641
0.5876808061108403,0.9997145732870641
0.5879245896310743,0.9997145732870641
0.5886559401917764,0.9997145732870641
0.5886559401917764,0.9997295957456397
0.5898748577929466,0.9997295957456397
0.5901186413131806,0.9997295957456397
0.5902811636600033,0.9997295957456397
0.5903624248334146,0.9997295957456397
0.59068746952706,0.9997295957456397
0.5907687307004713,0.9997295957456397
0.5910125142207053,0.9997295957456397
0.5912562977409394,0.9997295957456397
0.591418820087762,0.9997295957456397
0.5917438647814074,0.9997295957456397
0.5919063871282302,0.9997295957456397
0.5920689094750529,0.9997295957456397
0.5923126929952869,0.9997295957456397
0.5926377376889322,0.9997295957456397
0.5928002600357549,0.9997295957456397
0.593531610596457,0.9997295957456397
0.5936941329432797,0.9997295957456397
0.5944254835039818,0.9997295957456397
0.5946692670242159,0.9997295957456397
0.5953193564115066,0.9997295957456397
0.5956444011051519,0.9997295957456397
0.5963757516658541,0.9997295957456397
0.5965382740126768,0.9997295957456397
0.5966195351860881,0.9997295957456397
0.5967820575329108,0.9997295957456397
0.5970258410531448,0.9997295957456397
0.5976759304404355,0.9997295957456397
0.5978384527872582,0.9997295957456397
0.5984072810011376,0.9997295957456397
0.5985698033479604,0.9997295957456397
0.5990573703884284,0.9997295957456397
0.5992198927352511,0.9997295957456397
0.5993824150820738,0.9997295957456397
0.5995449374288965,0.9997295957456397
0.6001137656427759,0.9997295957456397
0.6003575491630099,0.9997295957456397
0.600845116203478,0.9997295957456397
0.600845116203478,0.9997446182042153
0.6011701608971234,0.9997446182042153
0.6014139444173574,0.9997446182042153
0.6026328620185275,0.9997446182042153
0.6027953843653502,0.9997446182042153
0.603201690232407,0.9997446182042153
0.6042580854867544,0.9997446182042153
0.6045018690069884,0.9997446182042153
0.6051519583942793,0.9997446182042153
0.6053957419145133,0.9997446182042153
0.6054770030879246,0.9997446182042153
0.6057207866081586,0.9997446182042153
0.6067771818625061,0.9997446182042153
0.6069397042093287,0.9997446182042153
0.6075085324232082,0.9997446182042153
0.6077523159434423,0.9997446182042153
0.608402405330733,0.9997446182042153
0.6085649276775557,0.9997446182042153
0.6087274500243783,0.9997446182042153
0.608889972371201,0.9997446182042153
0.6090524947180237,0.9997446182042153
0.6093775394116691,0.9997446182042153
0.6096213229319032,0.9997446182042153
0.6098651064521372,0.9997446182042153
0.6098651064521372,0.9997596406627909
0.6105964570128393,0.9997596406627909
0.610758979359662,0.9997596406627909
0.6110840240533073,0.9997596406627909
0.611490329920364,0.9997596406627909
0.6117341134405981,0.9997596406627909
0.6121404193076548,0.9997596406627909
0.6123029416544775,0.9997596406627909
0.6124654640013002,0.9997596406627909
0.6127905086949456,0.9997596406627909
0.6129530310417682,0.9997596406627909
0.613603120429059,0.9997596406627909
0.6137656427758816,0.9997596406627909
0.6147407768568178,0.9997596406627909
0.6149032992036405,0.9997596406627909
0.6153908662441085,0.9997596406627909
0.6155533885909312,0.9997596406627909
0.6157159109377539,0.9997596406627909
0.6158784332845766,0.9997596406627909
0.6163660003250447,0.9997596406627909
0.6166910450186901,0.9997596406627909
0.6173411344059808,0.9997596406627909
0.6175849179262148,0.9997596406627909
0.6188850967007964,0.9997596406627909
0.6190476190476191,0.9997596406627909
0.6193726637412644,0.9997596406627909
0.6195351860880871,0.9997596406627909
0.6196977084349098,0.9997596406627909
0.6200227531285551,0.9997596406627909
0.621160409556314,0.9997596406627909
0.6213229319031367,0.9997596406627909
0.621404193076548,0.9997596406627909
0.6216479765967821,0.9997596406627909
0.6220542824638388,0.9997596406627909
0.6222980659840728,0.9997596406627909
0.6229481553713636,0.9997596406627909
0.6231919388915976,0.9997596406627909
0.623273200065009,0.9997596406627909
0.6234357224118316,0.9997596406627909
0.6238420282788883,0.9997596406627909
0.624004550625711,0.9997596406627909
0.6245733788395904,0.9997596406627909
0.6249796847066471,0.9997596406627909
0.6253859905737039,0.9997596406627909
0.6256297740939379,0.9997596406627909
0.6257110352673493,0.9997596406627909
0.6259548187875833,0.9997596406627909
0.6273362587355762,0.9997596406627909
0.6276613034292216,0.9997596406627909
0.6285551763367463,0.9997596406627909
0.628717698683569,0.9997596406627909
0.629205265724037,0.9997596406627909
0.6294490492442711,0.9997596406627909
0.6296115715910938,0.9997596406627909
0.6297740939379165,0.9997596406627909
0.6299366162847392,0.9997596406627909
0.6300991386315619,0.9997596406627909
0.6305867056720299,0.9997596406627909
0.6307492280188526,0.9997596406627909
0.631561839752966,0.9997596406627909
0.6317243620997888,0.9997596406627909
0.6319681456200228,0.9997596406627909
0.6321306679668455,0.9997596406627909
0.6334308467414269,0.9997596406627909
0.6335933690882496,0.9997596406627909
0.6350560702096538,0.9997596406627909
0.6350560702096538,0.9997746631213664
0.636518771331058,0.9997746631213664
0.6368438160247034,0.9997746631213664
0.6370875995449374,0.9997746631213664
0.6372501218917601,0.9997746631213664
0.6379002112790508,0.9997746631213664
0.6381439947992849,0.9997746631213664
0.638875345359987,0.9997746631213664
0.6390378677068097,0.9997746631213664
0.6399317406143344,0.9997746631213664
0.6402567853079798,0.9997746631213664
0.64147570290915,0.9997746631213664
0.6418007476027954,0.9997746631213664
0.6428571428571429,0.9997746631213664
0.6430196652039656,0.9997746631213664
0.6436697545912563,0.9997746631213664
0.643832276938079,0.9997746631213664
0.644319843978547,0.9997746631213664
0.644563627498781,0.9997746631213664
0.6446448886721924,0.9997746631213664
0.6450511945392492,0.9997746631213664
0.6454575004063059,0.9997746631213664
0.6457825450999513,0.9997746631213664
0.6460263286201853,0.9997746631213664
0.646188850967008,0.9997746631213664
0.6468389403542987,0.9997746631213664
0.6470014627011214,0.9997746631213664
0.6470827238745327,0.9997746631213664
0.6472452462213555,0.9997746631213664
0.6478953356086462,0.9997746631213664
0.6480578579554689,0.9997746631213664
0.6496830814236958,0.9997746631213664
0.6498456037705185,0.9997746631213664
0.6501706484641638,0.9997746631213664
0.6513895660653339,0.9997746631213664
0.6515520884121567,0.9997746631213664
0.6517146107589794,0.9997746631213664
0.6518771331058021,0.9997746631213664
0.6522021777994474,0.9997746631213664
0.6525272224930928,0.9997746631213664
0.6526084836665041,0.9997746631213664
0.6527710060133268,0.9997746631213664
0.6529335283601495,0.9997746631213664
0.6530960507069722,0.9997746631213664
0.6533398342272062,0.9997746631213664
0.6538274012676744,0.9997746631213664
0.6542337071347311,0.9997746631213664
0.6542337071347311,0.999789685579942
0.6543962294815537,0.999789685579942
0.6545587518283764,0.999789685579942
0.6546400130017878,0.999789685579942
0.6548025353486104,0.999789685579942
0.6569965870307167,0.999789685579942
0.6571591093775394,0.999789685579942
0.6574841540711848,0.999789685579942
0.6576466764180074,0.999789685579942
0.6578091987648301,0.999789685579942
0.6581342434584755,0.999789685579942
0.6582967658052983,0.999789685579942
0.6593531610596457,0.999789685579942
0.6595156834064684,0.999789685579942
0.6619535186088087,0.999789685579942
0.6621160409556314,0.999789685579942
0.6634162197302129,0.999789685579942
0.6635787420770356,0.999789685579942
0.6644726149845603,0.999789685579942
0.664635137331383,0.999789685579942
0.6653664878920852,0.999789685579942
0.6660165772793759,0.999789685579942
0.6684544124817162,0.999789685579942
0.6686981960019502,0.999789685579942
0.6690232406955956,0.999789685579942
0.6691857630424183,0.999789685579942
0.6700796359499431,0.999789685579942
0.6702421582967658,0.999789685579942
0.6708922476840565,0.999789685579942
0.6710547700308792,0.999789685579942
0.6715423370713474,0.999789685579942
0.6718673817649927,0.999789685579942
0.6724362099788721,0.999789685579942
0.6725987323256948,0.999789685579942
0.6731675605395742,0.999789685579942
0.6733300828863968,0.999789685579942
0.6741426946205104,0.999789685579942
0.674305216967333,0.999789685579942
0.6752803510482691,0.999789685579942
0.6754428733950918,0.999789685579942
0.6760929627823826,0.999789685579942
0.6763367463026166,0.999789685579942
0.6764992686494393,0.999789685579942
0.6767430521696733,0.999789685579942
0.6769868356899074,0.999789685579942
0.67714935803673,0.999789685579942
0.6774744027303754,0.999789685579942
0.6776369250771981,0.999789685579942
0.6777994474240208,0.999789685579942
0.6782057532910776,0.999789685579942
0.6808061108402406,0.999789685579942
0.6810498943604746,0.999789685579942
0.6812936778807086,0.999789685579942
0.6814562002275313,0.999789685579942
0.681618722574354,0.999789685579942
0.6819437672679993,0.999789685579942
0.682106289614822,0.999789685579942
0.682106289614822,0.9998047080385176
0.6825938566552902,0.9998047080385176
0.6827563790021128,0.9998047080385176
0.6828376401755242,0.9998047080385176
0.6830001625223469,0.9998047080385176
0.684706647163985,0.9998047080385176
0.6848691695108078,0.9998047080385176
0.6857630424183325,0.9998047080385176
0.6859255647651552,0.9998047080385176
0.6860880871119779,0.9998047080385176
0.6864131318056232,0.9998047080385176
0.6879570941004388,0.9998047080385176
0.6882008776206728,0.9998047080385176
0.6885259223143182,0.9998047080385176
0.6897448399154884,0.9998047080385176
0.6899073622623111,0.9998047080385176
0.6903949293027791,0.9998047080385176
0.6905574516496018,0.9998047080385176
0.6912075410368925,0.9998047080385176
0.6912075410368925,0.9998197304970932
0.691532585730538,0.9998197304970932
0.6916951080773607,0.9998197304970932
0.6921826751178287,0.9998197304970932
0.6923451974646514,0.9998197304970932
0.6931578091987648,0.9998197304970932
0.6931578091987648,0.9998347529556687
0.6933203315455875,0.9998347529556687
0.6934828538924102,0.9998347529556687
0.693645376239233,0.9998347529556687
0.6938078985860556,0.9998347529556687
0.694132943279701,0.9998347529556687
0.6942954656265237,0.9998347529556687
0.6949455550138144,0.9998347529556687
0.6951080773606371,0.9998347529556687
0.6960019502681619,0.9998347529556687
0.6961644726149846,0.9998347529556687
0.696733300828864,0.9998347529556687
0.6968958231756867,0.9998347529556687
0.6971396066959207,0.9998347529556687
0.6973021290427434,0.9998347529556687
0.6977084349098001,0.9998347529556687
0.6978709572566227,0.9998347529556687
0.6980334796034455,0.9998347529556687
0.6984397854705022,0.9998347529556687
0.6984397854705022,0.9998497754142442
0.6986835689907362,0.9998497754142442
0.6987648301641476,0.9998497754142442
0.6989273525109703,0.9998497754142442
0.6994149195514383,0.9998497754142442
0.699577441898261,0.9998497754142442
0.6997399642450837,0.9998497754142442
0.6999024865919063,0.9998497754142442
0.7009588818462539,0.9998497754142442
0.7011214041930766,0.9998497754142442
0.7020152771006013,0.9998497754142442
0.702177799447424,0.9998497754142442
0.7025028441410694,0.9998497754142442
0.7025028441410694,0.9998647978728199
0.7028278888347148,0.9998647978728199
0.7030716723549488,0.9998647978728199
0.7048594181699984,0.9998647978728199
0.7050219405168211,0.9998647978728199
0.7067284251584592,0.9998647978728199
0.7072972533723387,0.9998647978728199
0.7073785145457501,0.9998647978728199
0.7075410368925728,0.9998647978728199
0.7077848204128068,0.9998647978728199
0.7081098651064521,0.9998647978728199
0.7084349098000975,0.9998647978728199
0.7085974321469202,0.9998647978728199
0.7088412156671542,0.9998647978728199
0.7090037380139769,0.9998647978728199
0.709735088574679,0.9998647978728199
0.7098976109215017,0.9998647978728199
0.7110352673492605,0.9998647978728199
0.7111977896960832,0.9998647978728199
0.7114415732163173,0.9998647978728199
0.71160409556314,0.9998647978728199
0.7124979684706647,0.9998647978728199
0.7126604908174874,0.9998647978728199
0.7129042743377214,0.9998647978728199
0.7130667966845441,0.9998647978728199
0.7134731025516008,0.9998647978728199
0.7137168860718349,0.9998647978728199
0.7138794084186576,0.9998647978728199
0.7142857142857143,0.9998647978728199
0.714692020152771,0.9998647978728199
0.7148545424995937,0.9998647978728199
0.7162359824475866,0.9998647978728199
0.7163985047944093,0.9998647978728199
0.7164797659678206,0.9998647978728199
0.7167235494880546,0.9998647978728199
0.7169673330082886,0.9998647978728199
0.7172111165285227,0.9998647978728199
0.7173736388753453,0.9998647978728199
0.7178612059158134,0.9998647978728199
0.7178612059158134,0.9998798203313954
0.7188363399967496,0.9998798203313954
0.7189988623435722,0.9998798203313954
0.7197302129042743,0.9998798203313954
0.719892735251097,0.9998798203313954
0.7224930928002601,0.9998798203313954
0.7228181374939054,0.9998798203313954
0.7230619210141395,0.9998798203313954
0.7232244433609621,0.9998798203313954
0.7239557939216642,0.9998798203313954
0.7241183162684869,0.9998798203313954
0.7241995774418982,0.9998798203313954
0.7243620997887209,0.9998798203313954
0.7245246221355436,0.9998798203313954
0.7246871444823664,0.9998798203313954
0.7247684056557777,0.9998798203313954
0.7249309280026004,0.9998798203313954
0.7250121891760117,0.9998798203313954
0.7251747115228344,0.9998798203313954
0.7254997562164798,0.9998798203313954
0.7256622785633025,0.9998798203313954
0.7259060620835365,0.9998798203313954
0.7260685844303592,0.9998798203313954
0.7263123679505932,0.9998798203313954
0.7265561514708272,0.9998798203313954
0.726962457337884,0.9998798203313954
0.727206240858118,0.9998798203313954
0.7275312855517634,0.9998798203313954
0.7276938078985861,0.9998798203313954
0.7278563302454087,0.9998798203313954
0.7278563302454087,0.999894842789971
0.7287502031529335,0.999894842789971
0.7289939866731676,0.999894842789971
0.7294815537136357,0.999894842789971
0.7297253372338697,0.999894842789971
0.7309442548350398,0.999894842789971
0.7312692995286852,0.999894842789971
0.7317568665691533,0.999894842789971
0.731919388915976,0.999894842789971
0.732650739476678,0.999894842789971
0.7328132618235007,0.999894842789971
0.7338696570778482,0.999894842789971
0.7340321794246709,0.999894842789971
0.7342759629449049,0.999894842789971
0.7346010076385503,0.999894842789971
0.7351698358524297,0.999894842789971
0.7353323581992524,0.999894842789971
0.735494880546075,0.999894842789971
0.7356574028928978,0.999894842789971
0.7357386640663092,0.999894842789971
0.7360637087599545,0.999894842789971
0.7363074922801885,0.999894842789971
0.7364700146270112,0.999894842789971
0.7365512758004226,0.999894842789971
0.7367950593206566,0.999894842789971
0.7370388428408906,0.999894842789971
0.737363887534536,0.999894842789971
0.7376889322281813,0.999894842789971
0.7379327157484155,0.999894842789971
0.7381764992686495,0.999894842789971
0.7381764992686495,0.9999098652485465
0.7383390216154722,0.9999098652485465
0.7385828051357062,0.9999098652485465
0.7391516333495856,0.9999098652485465
0.7393141556964082,0.9999098652485465
0.739964245083699,0.9999098652485465
0.7401267674305217,0.9999098652485465
0.7404518121241671,0.9999098652485465
0.7406143344709898,0.9999098652485465
0.7409393791646351,0.9999098652485465
0.7412644238582805,0.9999098652485465
0.7415082073785145,0.9999098652485465
0.7418332520721599,0.9999098652485465
0.7424833414594507,0.9999098652485465
0.7426458638062734,0.9999098652485465
0.7429709084999188,0.9999098652485465
0.7432146920201528,0.9999098652485465
0.7437022590606208,0.9999098652485465
0.7438647814074435,0.9999098652485465
0.7441898261010889,0.9999098652485465
0.7443523484479115,0.9999098652485465
0.745164960182025,0.9999098652485465
0.7454900048756704,0.9999098652485465
0.7467089224768406,0.9999098652485465
0.7468714448236633,0.9999098652485465
0.7478465789045994,0.9999098652485465
0.7480091012514221,0.9999098652485465
0.749634324719649,0.9999098652485465
0.7497968470664717,0.9999098652485465
0.7505281976271737,0.9999098652485465
0.7506907199739964,0.9999098652485465
0.7507719811474077,0.9999098652485465
0.7509345034942304,0.9999098652485465
0.7541036892572729,0.9999098652485465
0.7542662116040956,0.9999098652485465
0.7551600845116203,0.9999098652485465
0.755322606858443,0.9999098652485465
0.7558914350723225,0.9999098652485465
0.7561352185925565,0.9999098652485465
0.7562164797659678,0.9999098652485465
0.7564602632862019,0.9999098652485465
0.7571916138469039,0.9999098652485465
0.7574353973671379,0.9999098652485465
0.7589793596619535,0.9999098652485465
0.7591418820087762,0.9999098652485465
0.7592231431821875,0.9999098652485465
0.7593856655290102,0.9999098652485465
0.7601982772631237,0.9999098652485465
0.7605233219567691,0.9999098652485465
0.7608483666504144,0.9999098652485465
0.7621485454249959,0.9999098652485465
0.7624735901186414,0.9999098652485465
0.7629611571591094,0.9999098652485465
0.7631236795059321,0.9999098652485465
0.7635299853729888,0.9999098652485465
0.7636925077198115,0.9999098652485465
0.7640175524134568,0.9999098652485465
0.7651552088412157,0.9999098652485465
0.7653177311880384,0.9999098652485465
0.7655615147082724,0.9999098652485465
0.7657240370550951,0.9999098652485465
0.7658052982285064,0.9999098652485465
0.7658052982285064,0.9999248877071222
0.7663741264423858,0.9999248877071222
0.7666179099626199,0.9999248877071222
0.7684869169510807,0.9999248877071222
0.7686494392979034,0.9999248877071222
0.7690557451649602,0.9999248877071222
0.7694620510320169,0.9999248877071222
0.7703559239395417,0.9999248877071222
0.7705184462863643,0.9999248877071222
0.770680968633187,0.9999248877071222
0.7708434909800097,0.9999248877071222
0.7713310580204779,0.9999248877071222
0.7714935803673005,0.9999248877071222
0.7718998862343572,0.9999248877071222
0.7720624085811799,0.9999248877071222
0.7750690719973996,0.9999248877071222
0.7752315943442223,0.9999248877071222
0.7753128555176336,0.9999248877071222
0.7754753778644564,0.9999248877071222
0.7761254672517471,0.9999248877071222
0.7762879895985698,0.9999248877071222
0.7766942954656265,0.9999248877071222
0.7768568178124492,0.9999248877071222
0.7779944742402081,0.9999248877071222
0.7782382577604421,0.9999248877071222
0.7790508694945555,0.9999248877071222
0.7792946530147895,0.9999248877071222
0.7808386153096051,0.9999248877071222
0.7810011376564278,0.9999248877071222
0.7811636600032504,0.9999248877071222
0.7813261823500731,0.9999248877071222
0.7814074435234845,0.9999248877071222
0.7816512270437185,0.9999248877071222
0.7819762717373638,0.9999248877071222
0.782220055257598,0.9999248877071222
0.782463838777832,0.9999248877071222
0.782707622298066,0.9999248877071222
0.7834389728587681,0.9999248877071222
0.7838452787258248,0.9999248877071222
0.7854705021940517,0.9999248877071222
0.7857142857142857,0.9999248877071222
0.7866894197952219,0.9999248877071222
0.7873395091825126,0.9999248877071222
0.7875832927027466,0.9999248877071222
0.7877458150495693,0.9999248877071222
0.7879895985698033,0.9999248877071222
0.788152120916626,0.9999248877071222
0.7882333820900373,0.9999248877071222
0.78839590443686,0.9999248877071222
0.7892085161709735,0.9999248877071222
0.7894522996912076,0.9999248877071222
0.7895335608646189,0.9999248877071222
0.7896960832114416,0.9999248877071222
0.7897773443848529,0.9999248877071222
0.7899398667316756,0.9999248877071222
0.7905899561189663,0.9999248877071222
0.790752478465789,0.9999248877071222
0.7909150008126117,0.9999248877071222
0.7910775231594345,0.9999248877071222
0.7919713960669592,0.9999248877071222
0.7921339184137819,0.9999248877071222
0.7922964407606046,0.9999248877071222
0.7925402242808386,0.9999248877071222
0.7927840078010726,0.9999248877071222
0.7929465301478953,0.9999248877071222
0.7930277913213066,0.9999248877071222
0.7931903136681294,0.9999248877071222
0.7935153583617748,0.9999248877071222
0.7936778807085975,0.9999248877071222
0.7944092312692995,0.9999248877071222
0.7945717536161222,0.9999248877071222
0.7953843653502357,0.9999248877071222
0.7955468876970584,0.9999248877071222
0.7958719323907038,0.9999248877071222
0.7974971558589306,0.9999248877071222
0.7977409393791647,0.9999248877071222
0.7986348122866894,0.9999248877071222
0.7987973346335121,0.9999248877071222
0.8002600357549163,0.9999248877071222
0.8005038192751504,0.9999248877071222
0.8012351698358524,0.9999248877071222
0.8014789533560864,0.9999248877071222
0.8031041768243133,0.9999248877071222
0.803266699171136,0.9999248877071222
0.8066796684544125,0.9999248877071222
0.8068421908012352,0.9999248877071222
0.8074922801885259,0.9999248877071222
0.8077360637087599,0.9999248877071222
0.8080611084024053,0.9999248877071222
0.808223630749228,0.9999248877071222
0.808467414269462,0.9999248877071222
0.8096863318706322,0.9999248877071222
0.8098488542174549,0.9999248877071222
0.8100926377376889,0.9999248877071222
0.8104176824313343,0.9999248877071222
0.8109865106452138,0.9999248877071222
0.8113115553388591,0.9999248877071222
0.8135056070209654,0.9999248877071222
0.8137493905411994,0.9999248877071222
0.8142369575816675,0.9999248877071222
0.8143994799284902,0.9999248877071222
0.8148057857955469,0.9999248877071222
0.8149683081423695,0.9999248877071222
0.8160247033967171,0.9999248877071222
0.8161872257435397,0.9999248877071222
0.8165122704371851,0.9999248877071222
0.8168373151308305,0.9999248877071222
0.8170810986510645,0.9999248877071222
0.8193564115065821,0.9999248877071222
0.8195189338534048,0.9999248877071222
0.820006500893873,0.9999248877071222
0.8201690232406956,0.9999248877071222
0.8204128067609296,0.9999248877071222
0.8206565902811637,0.9999248877071222
0.8213879408418657,0.9999248877071222
0.8215504631886884,0.9999248877071222
0.8217129855355111,0.9999248877071222
0.8218755078823338,0.9999248877071222
0.8219567690557452,0.9999248877071222
0.8222005525759792,0.9999248877071222
0.8224443360962133,0.9999248877071222
0.8226881196164473,0.9999248877071222
0.8230131643100926,0.9999248877071222
0.8231756866569153,0.9999248877071222
0.8246383877783195,0.9999248877071222
0.8248009101251422,0.9999248877071222
0.8248821712985536,0.9999248877071222
0.8250446936453762,0.9999248877071222
0.826182350073135,0.9999248877071222
0.8265073947667805,0.9999248877071222
0.8274825288477166,0.9999248877071222
0.8276450511945392,0.9999248877071222
0.8278075735413619,0.9999248877071222
0.8279700958881846,0.9999248877071222
0.8284576629286526,0.9999248877071222
0.8286201852754754,0.9999248877071222
0.8304079310905249,0.9999248877071222
0.8305704534373476,0.9999248877071222
0.8314643263448724,0.9999248877071222
0.8316268486916951,0.9999248877071222
0.8328457662928652,0.9999248877071222
0.8330895498130994,0.9999248877071222
0.8343084674142695,0.9999248877071222
0.8344709897610921,0.9999248877071222
0.8347147732813262,0.9999248877071222
0.8349585568015602,0.9999248877071222
0.8351210791483828,0.9999248877071222
0.8352836014952056,0.9999248877071222
0.8354461238420283,0.9999248877071222
0.835608646188851,0.9999248877071222
0.8357711685356737,0.9999248877071222
0.836096213229319,0.9999248877071222
0.8362587355761417,0.9999248877071222
0.8366650414431984,0.9999248877071222
0.8368275637900211,0.9999248877071222
0.8374776531773119,0.9999248877071222
0.8378026978709573,0.9999248877071222
0.8386153096050707,0.9999248877071222
0.8387778319518934,0.9999248877071222
0.8404843165935316,0.9999248877071222
0.8406468389403543,0.9999248877071222
0.8409718836339997,0.9999248877071222
0.8411344059808223,0.9999248877071222
0.8413781895010564,0.9999248877071222
0.841540711847879,0.9999248877071222
0.8417032341947017,0.9999248877071222
0.8419470177149359,0.9999248877071222
0.8420282788883472,0.9999248877071222
0.8423533235819926,0.9999248877071222
0.8449536811311555,0.9999248877071222
0.8451162034779782,0.9999248877071222
0.8456850316918576,0.9999248877071222
0.8458475540386803,0.9999248877071222
0.8462538599057371,0.9999248877071222
0.8464163822525598,0.9999248877071222
0.8471477328132618,0.9999248877071222
0.8473102551600845,0.9999248877071222
0.8482041280676093,0.9999248877071222
0.8483666504144319,0.9999248877071222
0.8494230456687795,0.9999248877071222
0.8495855680156021,0.9999248877071222
0.8499918738826588,0.9999248877071222
0.8504794409231269,0.9999248877071222
0.8506419632699496,0.9999248877071222
0.8522671867381765,0.9999248877071222
0.8524297090849992,0.9999248877071222
0.8528360149520559,0.9999248877071222
0.8529985372988786,0.9999248877071222
0.8532423208191127,0.9999248877071222
0.853567365512758,0.9999248877071222
0.8536486266861694,0.9999248877071222
0.8539736713798147,0.9999248877071222
0.8551113278075736,0.9999248877071222
0.8552738501543963,0.9999248877071222
0.8573053794896799,0.9999248877071222
0.8574679018365026,0.9999248877071222
0.8576304241833252,0.9999248877071222
0.8576304241833252,0.9999399101656977
0.858036730050382,0.9999399101656977
0.8581992523972046,0.9999399101656977
0.8584430359174386,0.9999399101656977
0.858768080611084,0.9999399101656977
0.8588493417844953,0.9999399101656977
0.8590931253047294,0.9999399101656977
0.8595806923451975,0.9999399101656977
0.8597432146920202,0.9999399101656977
0.8599869982122542,0.9999399101656977
0.8601495205590769,0.9999399101656977
0.8602307817324882,0.9999399101656977
0.8606370875995449,0.9999399101656977
0.861612221680481,0.9999399101656977
0.8617747440273038,0.9999399101656977
0.8627498781082399,0.9999399101656977
0.8629124004550626,0.9999399101656977
0.863481228668942,0.9999399101656977
0.863725012189176,0.9999399101656977
0.8640500568828214,0.9999399101656977
0.8651064521371689,0.9999399101656977
0.8652689744839915,0.9999399101656977
0.8653502356574029,0.9999399101656977
0.8655127580042256,0.9999399101656977
0.8656752803510482,0.9999399101656977
0.8658378026978709,0.9999399101656977
0.8665691532585731,0.9999399101656977
0.8668129367788071,0.9999399101656977
0.8674630261660978,0.9999399101656977
0.8677880708597432,0.9999399101656977
0.8702259060620835,0.9999399101656977
0.8706322119291403,0.9999399101656977
0.8713635624898424,0.9999399101656977
0.871526084836665,0.9999399101656977
0.8725824800910125,0.9999399101656977
0.8727450024378351,0.9999399101656977
0.8730700471314806,0.9999399101656977
0.8733138306517146,0.9999399101656977
0.8746140094262961,0.9999399101656977
0.8747765317731188,0.9999399101656977
0.8749390541199414,0.9999399101656977
0.8751015764667642,0.9999399101656977
0.8760767105477003,0.9999399101656977
0.876239232894523,0.9999399101656977
0.8768080611084024,0.9999399101656977
0.876970583455225,0.9999399101656977
0.8772143669754592,0.9999399101656977
0.8773768893222819,0.9999399101656977
0.879327157484154,0.9999399101656977
0.8796522021777995,0.9999399101656977
0.8796522021777995,0.9999549326242733
0.8807898586055583,0.9999549326242733
0.8810336421257923,0.9999549326242733
0.8813586868194376,0.9999549326242733
0.8815212091662603,0.9999549326242733
0.8826588655940192,0.9999549326242733
0.8829026491142532,0.9999549326242733
0.8837152608483666,0.9999549326242733
0.8838777831951894,0.9999549326242733
0.8850967007963595,0.9999549326242733
0.8852592231431822,0.9999549326242733
0.8856655290102389,0.9999549326242733
0.8858280513570616,0.9999549326242733
0.8875345359986998,0.9999549326242733
0.8876970583455225,0.9999549326242733
0.8884284089062247,0.9999549326242733
0.8886721924264587,0.9999549326242733
0.8888347147732814,0.9999549326242733
0.888997237120104,0.9999549326242733
0.889241020640338,0.9999549326242733
0.8894035429871607,0.9999549326242733
0.8894848041605721,0.9999549326242733
0.8896473265073948,0.9999549326242733
0.8903786770680968,0.9999549326242733
0.8905411994149196,0.9999549326242733
0.8923289452299691,0.9999549326242733
0.8924914675767918,0.9999549326242733
0.8928165122704372,0.9999549326242733
0.8929790346172599,0.9999549326242733
0.8935478628311393,0.9999549326242733
0.893710385177962,0.9999549326242733
0.8937916463513733,0.9999549326242733
0.893954168698196,0.9999549326242733
0.8950918251259549,0.9999549326242733
0.8952543474727775,0.9999549326242733
0.8959856980334796,0.9999549326242733
0.8961482203803023,0.9999549326242733
0.896798309767593,0.9999549326242733
0.8969608321144157,0.9999549326242733
0.8974483991548838,0.9999549326242733
0.8976109215017065,0.9999549326242733
0.9014301966520396,0.9999549326242733
0.9015927189988624,0.9999549326242733
0.9019990248659191,0.9999549326242733
0.9022428083861531,0.9999549326242733
0.9043555988948481,0.9999549326242733
0.9045181212416707,0.9999549326242733
0.9048431659353161,0.9999549326242733
0.9050056882821388,0.9999549326242733
0.9051682106289615,0.9999549326242733
0.9054119941491955,0.9999549326242733
0.906224605883309,0.9999549326242733
0.9063871282301317,0.9999549326242733
0.9065496505769544,0.9999549326242733
0.906712172923777,0.9999549326242733
0.9068746952705997,0.9999549326242733
0.9070372176174224,0.9999549326242733
0.9071997399642451,0.9999549326242733
0.9073622623110678,0.9999549326242733
0.9084999187388266,0.9999549326242733
0.9086624410856493,0.9999549326242733
0.9089062246058833,0.9999549326242733
0.9091500081261173,0.9999549326242733
0.90931253047294,0.9999549326242733
0.90931253047294,0.9999699550828488
0.9102064033804648,0.9999699550828488
0.9106939704209329,0.9999699550828488
0.9107752315943443,0.9999699550828488
0.9109377539411669,0.9999699550828488
0.911425320981635,0.9999699550828488
0.911669104501869,0.9999699550828488
0.9128880221030392,0.9999699550828488
0.9130505444498619,0.9999699550828488
0.9141882008776206,0.9999699550828488
0.914513245571266,0.9999699550828488
0.9149195514383228,0.9999699550828488
0.9150820737851455,0.9999699550828488
0.9183325207215992,0.9999699550828488
0.9184950430684219,0.9999699550828488
0.9186575654152446,0.9999699550828488
0.9188200877620673,0.9999699550828488
0.9197139606695921,0.9999699550828488
0.9198764830164148,0.9999699550828488
0.9200390053632375,0.9999699550828488
0.9202015277100601,0.9999699550828488
0.921582967658053,0.9999699550828488
0.9217454900048757,0.9999699550828488
0.9219080123516984,0.9999699550828488
0.9220705346985211,0.9999699550828488
0.9228831464326345,0.9999699550828488
0.9230456687794572,0.9999699550828488
0.9232081911262798,0.9999699550828488
0.9234519746465139,0.9999699550828488
0.9245896310742727,0.9999699550828488
0.9249146757679181,0.9999699550828488
0.9249959369413294,0.9999699550828488
0.9251584592881521,0.9999699550828488
0.9257272875020315,0.9999699550828488
0.9258898098488543,0.9999699550828488
0.9262148545424996,0.9999699550828488
0.9263773768893223,0.9999699550828488
0.9266211604095563,0.9999699550828488
0.927027466276613,0.9999699550828488
0.9271899886234357,0.9999699550828488
0.9274337721436697,0.9999699550828488
0.9275962944904924,0.9999699550828488
0.9282463838777832,0.9999699550828488
0.9284089062246059,0.9999699550828488
0.929140256785308,0.9999699550828488
0.9293027791321307,0.9999699550828488
0.92987160734601,0.9999699550828488
0.9300341296928327,0.9999699550828488
0.931496830814237,0.9999699550828488
0.931740614334471,0.9999699550828488
0.9323907037217617,0.9999699550828488
0.9323907037217617,0.9999849775414245
0.9334470989761092,0.9999849775414245
0.9336096213229319,0.9999849775414245
0.9360474565252722,0.9999849775414245
0.9365350235657403,0.9999849775414245
0.9379977246871445,0.9999849775414245
0.9381602470339672,0.9999849775414245
0.9386478140744352,0.9999849775414245
0.9388103364212579,0.9999849775414245
0.9392166422883147,0.9999849775414245
0.9393791646351374,0.9999849775414245
0.9394604258085487,0.9999849775414245
0.9396229481553714,0.9999849775414245
0.9406793434097188,0.9999849775414245
0.9410043881033642,0.9999849775414245
0.941410693970421,0.9999849775414245
0.9417357386640663,0.9999849775414245
0.9418169998374777,0.9999849775414245
0.9419795221843004,0.9999849775414245
0.9427108727450024,0.9999849775414245
0.9430359174386478,0.9999849775414245
0.9453924914675768,0.9999849775414245
0.9456362749878108,0.9999849775414245
0.946611409068747,0.9999849775414245
0.9467739314155696,0.9999849775414245
0.9487241995774419,0.9999849775414245
0.9489679830976759,0.9999849775414245
0.9491305054444986,0.9999849775414245
0.9491305054444986,1.0
0.949699333658378,1.0
0.949943117178612,1.0
0.9504306842190802,1.0
0.9507557289127255,1.0
0.9539249146757679,1.0
0.9542499593694133,1.0
0.9551438322769381,1.0
0.9553876157971721,1.0
0.9555501381439948,1.0
0.9559564440110515,1.0
0.9561189663578742,1.0
0.9566065333983422,1.0
0.9567690557451649,1.0
0.957012839265399,1.0
0.9575004063058671,1.0
0.9580692345197465,1.0
0.9583942792133918,1.0
0.9605070697220868,1.0
0.9606695920689095,1.0
0.9613196814562003,1.0
0.9615634649764343,1.0
0.962213554363725,1.0
0.9623760767105477,1.0
0.9630261660978384,1.0
0.9631886884446611,1.0
0.9637575166585406,1.0
0.9639200390053633,1.0
0.964082561352186,1.0
0.9642450836990086,1.0
0.965057695433122,1.0
0.9652202177799447,1.0
0.9661140906874696,1.0
0.9662766130342922,1.0
0.9670079635949943,1.0
0.9673330082886397,1.0
0.9674955306354623,1.0
0.967658052982285,1.0
0.9683894035429872,1.0
0.9686331870632212,1.0
0.9693645376239233,1.0
0.969527059970746,1.0
0.9700958881846253,1.0
0.9702584105314481,1.0
0.9707459775719162,1.0
0.9709084999187388,1.0
0.9725337233869658,1.0
0.9727775069071998,1.0
0.9731025516008451,1.0
0.9733463351210792,1.0
0.9748902974158947,1.0
0.9750528197627174,1.0
0.9755403868031854,1.0
0.9757029091500081,1.0
0.9759466926702421,1.0
0.9761092150170648,1.0
0.9761904761904762,1.0
0.9763529985372988,1.0
0.9765967820575329,1.0
0.9767593044043555,1.0
0.9792784007801073,1.0
0.97944092312693,1.0
0.9805785795546887,1.0
0.9808223630749228,1.0
0.9812286689419796,1.0
0.9839915488379652,1.0
0.9843165935316106,1.0
0.9844791158784333,1.0
0.9865106452137169,1.0
0.9866731675605396,1.0
0.987485779294653,1.0
0.9876483016414757,1.0
0.9883796522021778,1.0
0.9885421745490005,1.0
0.9887046968958232,1.0
0.9888672192426459,1.0
0.9889484804160572,1.0
0.9891110027628799,1.0
0.9904924427108728,1.0
0.9907362262311068,1.0
0.9932553226068584,1.0
0.9935803673005038,1.0
0.994799284901674,1.0
0.995043068421908,1.0
0.9964245083699008,1.0
0.9965870307167235,1.0
0.9970745977571916,1.0
0.9972371201040143,1.0
0.9985372988785958,1.0
0.9986998212254184,1.0
0.9988623435722411,1.0
0.9990248659190639,1.0
1.0,1.0
