fpr,tpr
0.0,0.0
0.0,1.5022458575570477e-05
0.0,9.013475145342287e-05
0.0,0.00012017966860456382
0.0,0.00015022458575570478
0.0,0.00018026950290684574
0.0,0.0004506737572671143
0.0,0.0004807186744182553
0.0,0.0005408085087205372
0.0,0.0005708534258716782
0.0,0.0006459657187495306
0.0,0.0006760106359006715
0.0,0.0007361004702029535
0.0,0.0007661453873540944
0.0,0.0007811678459296649
0.0,0.0008112127630808059
0.0,0.0009614373488365106
0.0,0.0009914822659876515
0.0,0.001066594558865504
0.0,0.0010966394760166449
0.0,0.001321976354650202
0.0,0.001352021271801343
0.0,0.001697537819039464
0.0,0.0017275827361906049
0.0,0.001982964531975303
0.0,0.002043054366277585
0.0,0.002328481079213424
0.0,0.002358525996364565
0.0,0.0024035933720912765
0.0,0.0024636832063935584
0.0,0.0024937281235446994
0.0,0.0025538179578469813
0.0,0.0025838628749981223
0.0,0.002673997626451545
0.0,0.002704042543602686
0.0,0.002764132377904968
0.0,0.002794177295056109
0.0,0.002899334505085102
0.0,0.002929379422236243
0.0,0.002959424339387384
0.0,0.002989469256538525
0.0,0.0032298285937476527
0.0,0.0032598735108987937
0.0,0.0036654798924391965
0.0,0.0036955248095903374
0.0,0.003830726936770472
0.0,0.003875794312497183
0.0,0.004010996439677317
0.0,0.004041041356828459
0.0,0.004071086273979599
0.0,0.004131176108281881
0.0,0.004311445611188727
0.0,0.004341490528339868
0.0,0.004356512986915439
0.0,0.0043865579040665795
0.0,0.004521760031246714
0.0,0.004551804948397855
0.0,0.004596872324124566
0.0,0.004626917241275707
0.0,0.0046719846170024185
0.0,0.00470202953415356
0.0,0.005122658374269533
0.0,0.005152703291420674
0.0,0.005287905418600808
0.0,0.005317950335751949
0.0,0.005408085087205372
0.0,0.005468174921507654
0.0,0.0058437363858969155
0.0,0.005873781303048057
0.0,0.006039028347379332
0.0,0.006069073264530473
0.0,0.006144185557408325
0.0,0.0061742304745594665
0.0,0.0066249042318265805
0.0,0.006654949148977722
0.0,0.006730061441855574
0.0,0.006760106359006715
0.0,0.006985443237640272
0.0,0.0070154881547914135
0.0,0.007045533071942554
0.0,0.007075577989093695
0.0,0.0076314089563898025
0.0,0.007661453873540944
0.0,0.007796656000721078
0.0,0.007826700917872218
0.0,0.008217284840837051
0.0,0.008247329757988192
0.0,0.008262352216563762
0.0,0.008292397133714904
0.0,0.008352486968017186
0.0,0.008382531885168326
0.0,0.008547778929499601
0.0,0.008607868763801884
0.0,0.008908317935313293
0.0,0.008938362852464434
0.0,0.009343969234004837
0.0,0.009374014151155978
0.0,0.009479171361184972
0.0,0.009524238736911684
0.0,0.009554283654062823
0.0,0.009854732825574234
0.0,0.009884777742725375
0.0,0.009929845118452086
0.0,0.009959890035603226
0.0,0.010305406582841348
0.0,0.010335451499992489
0.0,0.010350473958568059
0.0,0.010410563792870342
0.0,0.010726035422957322
0.0,0.010786125257259603
0.0,0.010831192632986314
0.0,0.010861237550137456
0.0,0.010966394760166448
0.0,0.01102648459446873
0.0,0.0110415070530443
0.0,0.011071551970195442
0.0,0.011131641804497725
0.0,0.011161686721648864
0.0,0.011206754097375576
0.0,0.011251821473102289
0.0,0.011296888848829
0.0,0.011356978683131281
0.0,0.011387023600282422
0.0,0.011417068517433564
0.0,0.011432090976009134
0.0,0.011462135893160275
0.0,0.011582315561764839
0.0,0.01161236047891598
0.0,0.011702495230369403
0.0,0.011747562606096114
0.0,0.011837697357549536
0.0,0.011867742274700678
0.0,0.012002944401880811
0.0,0.012063034236183094
0.0,0.012078056694758664
0.0,0.012108101611909805
0.0,0.012168191446212086
0.0,0.012213258821938798
0.0,0.01227334865624108
0.0,0.012303393573392222
0.0,0.012483663076299067
0.0,0.012513707993450208
0.0,0.01258882028632806
0.0,0.012618865203479202
0.0,0.012693977496357053
0.0,0.012724022413508194
0.0,0.01285922454068833
0.0,0.012919314374990611
0.0,0.01293433683356618
0.0,0.012964381750717322
0.0,0.013114606336473027
0.0,0.013174696170775308
0.0,0.01320474108792645
0.0,0.013234786005077591
0.0,0.013445100425135578
0.0,0.013475145342286719
0.0,0.013490167800862289
0.0,0.013550257635164572
0.0,0.013595325010891283
0.0,0.013625369928042424
0.0,0.013880751723827122
0.0,0.013910796640978263
0.0,0.013940841558129403
0.0,0.014000931392431686
0.0,0.014226268271065242
0.0,0.014256313188216383
0.0,0.014316403022518666
0.0,0.014346447939669806
0.0,0.014361470398245377
0.0,0.0144516051496988
0.0,0.01446662760827437
0.0,0.01449667252542551
0.0,0.014526717442576652
0.0,0.014556762359727794
0.0,0.014691964486907927
0.0,0.014722009404059069
0.0,0.014932323824117055
0.0,0.014977391199843766
0.0,0.015458109874262022
0.0,0.015488154791413163
0.0,0.015593312001442155
0.0,0.015638379377168866
0.0,0.01571349167004672
0.0,0.015743536587197862
0.0,0.015758559045773432
0.0,0.01578860396292457
0.0,0.015848693797226854
0.0,0.015893761172953564
0.0,0.015968873465831417
0.0,0.01601394084155813
0.0,0.016059008217284843
0.0,0.016089053134435982
0.0,0.016239277720191687
0.0,0.016284345095918397
0.0,0.01631439001306954
0.0,0.01634443493022068
0.0,0.016434569681674102
0.0,0.016464614598825245
0.0,0.0166899514774588
0.0,0.016719996394609943
0.0,0.016840176063214505
0.0,0.016870220980365648
0.0,0.017050490483272493
0.0,0.017080535400423633
0.0,0.017170670151877055
0.0,0.017200715069028198
0.0,0.01729084982048162
0.0,0.01732089473763276
0.0,0.017411029489086183
0.0,0.017441074406237326
0.0,0.017546231616266318
0.0,0.017576276533417458
0.0,0.017696456202022023
0.0,0.017741523577748733
0.0,0.017816635870626586
0.0,0.01784668078777773
0.0,0.017996905373533434
0.0,0.018026950290684574
0.0,0.018132107500713566
0.0,0.01816215241786471
0.0,0.01820721979359142
0.0,0.01823726471074256
0.0,0.018357444379347124
0.0,0.018387489296498263
0.0,0.018417534213649406
0.0,0.018447579130800546
0.0,0.01853771388225397
0.0,0.01858278125798068
0.0,0.01861282617513182
0.0,0.018642871092282964
0.0,0.018793095678038666
0.0,0.01882314059518981
0.0,0.01891327534664323
0.0,0.018958342722369945
0.0,0.019078522390974507
0.0,0.01912358976670122
0.0,0.01927381435245692
0.0,0.019318881728183634
0.0,0.019393994021061487
0.0,0.019424038938212627
0.0,0.01946910631393934
0.0,0.01979960040260189
0.0,0.01982964531975303
0.0,0.019979869905508735
0.0,0.020009914822659878
0.0,0.02047561103850256
0.0,0.020520678414229273
0.0,0.020550723331380413
0.0,0.02097135217149639
0.0,0.02100139708864753
0.0,0.02106148692294981
0.0,0.02110655429867652
0.0,0.02112157675725209
0.0,0.021151621674403234
0.0,0.021211711508705516
0.0,0.021256778884432226
0.0,0.021286823801583366
0.0,0.02130184626015894
0.0,0.02134691363588565
0.0,0.02139198101161236
0.0,0.02143704838733907
0.0,0.02170745264169934
0.0,0.02173749755885048
0.0,0.02175252001742605
0.0,0.021797587393152764
0.0,0.021857677227455047
0.0,0.021917767061757326
0.0,0.02239848573617558
0.0,0.022428530653326725
0.0,0.02262382261480914
0.0,0.02265386753196028
0.0,0.022804092117715984
0.0,0.022834137034867127
0.0,0.023014406537773972
0.0,0.023044451454925112
0.0,0.023059473913500682
0.0,0.023119563747802965
0.0,0.023164631123529678
0.0,0.023179653582105247
0.0,0.023209698499256387
0.0,0.02326978833355867
0.0,0.023314855709285383
0.0,0.023660372256523503
0.0,0.023690417173674642
0.0,0.023720462090825786
0.0,0.023780551925128065
0.0,0.023825619300854778
0.0,0.02387068667658149
0.0,0.02390073159373263
0.0,0.024081001096639475
0.0,0.02412606847236619
0.0,0.02421620322381961
0.0,0.02424624814097075
0.0,0.024291315516697463
0.0,0.024306337975273033
0.0,0.024351405350999746
0.0,0.024501629936755448
0.0,0.02453167485390659
0.0,0.02454669731248216
0.0,0.0245767422296333
0.0,0.02480207910826686
0.0,0.02484714648399357
0.0,0.02486216894256914
0.0,0.024922258776871424
0.0,0.025387954992714106
0.0,0.02541799990986525
0.0,0.02543302236844082
0.0,0.025493112202743102
0.0,0.02552315711989424
0.0,0.025568224495620955
0.0,0.025628314329923234
0.0,0.02571844908137666
0.0,0.026244235131521625
0.0,0.026304324965823907
0.0,0.0264094821758529
0.0,0.02643952709300404
0.0,0.026604774137335318
0.0,0.026634819054486458
0.0,0.02669490888878874
0.0,0.02672495380593988
0.0,0.026995358060300147
0.0,0.02702540297745129
0.0,0.027100515270329143
0.0,0.027130560187480283
0.0,0.027190650021782566
0.0,0.027235717397509275
0.0,0.027431009358991693
0.0,0.027461054276142833
0.0,0.027476076734718403
0.0,0.027506121651869546
0.0,0.02759625640332297
0.0,0.027626301320474108
0.0,0.027836615740532096
0.0,0.027881683116258806
0.0,0.02797181786771223
0.0,0.02800186278486337
0.0,0.02804693016059008
0.0,0.028076975077741224
0.0,0.028152087370619076
0.0,0.028182132287770216
0.0,0.028467559000706057
0.0,0.028497603917857196
0.0,0.02855769375215948
0.0,0.02858773866931062
0.0,0.02866285096218847
0.0,0.02869289587933961
0.0,0.028752985713641894
0.0,0.028798053089368607
0.0,0.028843120465095316
0.0,0.02887316538224646
0.0,0.02897832259227545
0.0,0.02900836750942659
0.0,0.02921868192948458
0.0,0.02924872684663572
0.0,0.029353884056664715
0.0,0.029383928973815854
0.0,0.02953415355957156
0.0,0.0295641984767227
0.0,0.029609265852449412
0.0,0.029639310769600552
0.0,0.029714423062478405
0.0,0.029744467979629548
0.0,0.02986464764823411
0.0,0.02989469256538525
0.0,0.029909715023960823
0.0,0.029969804858263102
0.0,0.030029894692565385
0.0,0.030059939609716525
0.0,0.03015007436116995
0.0,0.03021016419547223
0.0,0.030225186654047803
0.0,0.030255231571198943
0.0,0.030285276488350082
0.0,0.030315321405501226
0.0,0.030405456156954648
0.0,0.03046554599125693
0.0,0.03051061336698364
0.0,0.03054065828413478
0.0,0.030600748118437063
0.0,0.030630793035588206
0.0,0.030690882869890485
0.0,0.030750972704192768
0.0,0.03084110745564619
0.0,0.030901197289948473
0.0,0.03112653416858203
0.0,0.03115657908573317
0.0,0.03126173629576216
0.0,0.03132182613006445
0.0,0.03136689350579116
0.0,0.0313969384229423
0.0,0.031487073174395724
0.0,0.031532140550122434
0.0,0.031847612180209414
0.0,0.031877657097360554
0.0,0.03192272447308726
0.0,0.03196779184881398
0.0,0.032118016434569685
0.0,0.032163083810296395
0.0,0.032223173644598674
0.0,0.032253218561749813
0.0,0.03226824102032538
0.0,0.03229828593747653
0.0,0.03234335331320324
0.0,0.03238842068892995
0.0,0.03259873510898794
0.0,0.03264380248471465
0.0,0.03268886986044136
0.0,0.03273393723616807
0.0,0.032794027070470355
0.0,0.032824071987621495
0.0,0.032854116904772634
0.0,0.032884161821923774
0.0,0.03303438640767948
0.0,0.03307945378340619
0.0,0.033139543617708475
0.0,0.033169588534859615
0.0,0.03328976820346418
0.0,0.03331981312061532
0.0,0.0333799029549176
0.0,0.033409947872068746
0.0,0.033515105082097735
0.0,0.033545149999248874
0.0,0.03362026229212673
0.0,0.03368035212642901
0.0,0.033770486877882436
0.0,0.033800531795033575
0.0,0.034116003425120556
0.0,0.034146048342271695
0.0,0.034176093259422835
0.0,0.034206138176573975
0.0,0.03422116063514955
0.0,0.03425120555230069
0.0,0.034461519972358676
0.0,0.034506587348085385
0.0,0.03453663226523653
0.0,0.03488214881247465
0.0,0.03494223864677693
0.0,0.035167575525410485
0.0,0.03519762044256163
0.0,0.03530277765259062
0.0,0.03533282256974176
0.0,0.03540793486261962
0.0,0.035453002238346326
0.0,0.03575345140985774
0.0,0.035783496327008876
0.0,0.0358736310784623
0.0,0.03590367599561344
0.0,0.03596376582991572
0.0,0.03600883320564244
0.0,0.03606892303994472
0.0,0.03609896795709586
0.0,0.03620412516712485
0.0,0.03623417008427599
0.0,0.0362792374600027
0.0,0.03630928237715385
0.0,0.03636937221145613
0.0,0.03639941712860727
0.0,0.03648955188006069
0.0,0.03651959679721183
0.0,0.03689515826160109
0.0,0.03692520317875223
0.0,0.03701533793020566
0.0,0.03707542776450794
0.0,0.03709045022308351
0.0,0.037120495140234654
0.0,0.03713551759881022
0.0,0.03716556251596136
0.0,0.03742094431174606
0.0,0.037450989228897204
0.0,0.03752610152177505
0.0,0.03755614643892619
0.0,0.03758619135607733
0.0,0.03761623627322848
0.0,0.03784157315186203
0.0,0.03787161806901317
0.0,0.03791668544473989
0.0,0.03794673036189103
0.0,0.03797677527904217
0.0,0.03803686511334445
0.0,0.038442471494884854
0.0,0.038472516412035994
0.0,0.038487538870611564
0.0,0.03854762870491384
0.0,0.0386227409977917
0.0,0.03866780837351841
0.0,0.03868283083209398
0.0,0.038742920666396265
0.0,0.03886310033500082
0.0,0.03889314525215197
0.0,0.039193594423663373
0.0,0.03922363934081452
0.0,0.0392837291751168
0.0,0.03932879655084351
0.0,0.039509066053750354
0.0,0.03955413342947707
0.0,0.03962924572235492
0.0,0.039689335556657206
0.0,0.03995973981101747
0.0,0.03998978472816861
0.0,0.040049874562470895
0.0,0.040079919479622035
0.0,0.040109964396773175
0.0,0.040140009313924314
0.0,0.04018507668965103
0.0,0.04021512160680217
0.0,0.04030525635825559
0.0,0.040380368651133446
0.0,0.040410413568284585
0.0,0.04050054831973801
0.0,0.04053059323688915
0.0,0.04057566061261586
0.0,0.040650772905493716
0.0,0.040695840281220426
0.0,0.040800997491249415
0.0,0.04083104240840056
0.0,0.04087610978412727
0.0,0.04093619961842955
0.0,0.04096624453558069
0.0,0.040996289452731836
0.0,0.041041356828458546
0.0,0.041071401745609686
0.0,0.041086424204185255
0.0,0.04114651403848754
0.0,0.04149203058572566
0.0,0.0415220755028768
0.0,0.04153709796145237
0.0,0.04165727763005694
0.0,0.041747412381510356
0.0,0.0417774572986615
0.0,0.04191265942584163
0.0,0.04197274926014392
0.0,0.04198777171871949
0.0,0.042017816635870626
0.0,0.04213799630447519
0.0,0.04222813105592861
0.0,0.04230324334880647
0.0,0.04233328826595761
0.0,0.042378355641684316
0.0,0.04267880481319573
0.0,0.042723872188922436
0.0,0.04287409677467814
0.0,0.04290414169182929
0.0,0.042949209067556
0.0,0.04297925398470714
0.0,0.04300929890185828
0.0,0.04303934381900942
0.0,0.04318956840476512
0.0,0.04323463578049184
0.0,0.04326468069764298
0.0,0.04356512986915439
0.0,0.04359517478630553
0.0,0.04412096083645049
0.0,0.04415100575360163
0.0,0.0442711854222062
8.126117341134406e-05,0.0442711854222062
8.126117341134406e-05,0.044391365090810764
8.126117341134406e-05,0.0444214100079619
8.126117341134406e-05,0.04448149984226418
8.126117341134406e-05,0.04451154475941533
8.126117341134406e-05,0.04458665705229318
8.126117341134406e-05,0.04461670196944432
8.126117341134406e-05,0.04464674688659546
8.126117341134406e-05,0.044691814262322174
8.126117341134406e-05,0.04488710622380459
8.126117341134406e-05,0.04491715114095573
8.126117341134406e-05,0.04496221851668244
8.126117341134406e-05,0.04499226343383358
8.126117341134406e-05,0.045037330809560294
8.126117341134406e-05,0.045067375726711434
8.126117341134406e-05,0.045082398185287004
8.126117341134406e-05,0.04512746556101371
8.126117341134406e-05,0.04520257785389157
8.126117341134406e-05,0.04523262277104271
8.126117341134406e-05,0.045367824898222844
8.126117341134406e-05,0.045397869815373984
8.126117341134406e-05,0.045427914732525124
8.126117341134406e-05,0.04545795964967626
8.126117341134406e-05,0.04553307194255412
8.126117341134406e-05,0.04557813931828083
8.126117341134406e-05,0.0455931617768564
8.126117341134406e-05,0.045638229152583115
8.126117341134406e-05,0.045758408821187674
8.126117341134406e-05,0.04580347619691439
8.126117341134406e-05,0.04581849865548996
8.126117341134406e-05,0.0458485435726411
8.126117341134406e-05,0.04589361094836781
8.126117341134406e-05,0.04593867832409452
8.126117341134406e-05,0.046088902909850224
8.126117341134406e-05,0.046118947827001364
8.126117341134406e-05,0.04620908257845479
8.126117341134406e-05,0.04626917241275707
8.126117341134406e-05,0.04646446437423949
8.126117341134406e-05,0.0465095317499662
8.126117341134406e-05,0.04659966650141962
8.126117341134406e-05,0.046644733877146335
8.126117341134406e-05,0.04688509321435546
8.126117341134406e-05,0.0469151381315066
8.126117341134406e-05,0.047035317800111165
8.126117341134406e-05,0.047065362717262305
8.126117341134406e-05,0.04712545255156459
8.126117341134406e-05,0.04715549746871573
8.126117341134406e-05,0.047275677137320296
8.126117341134406e-05,0.047320744513047006
8.126117341134406e-05,0.04747096909880271
8.126117341134406e-05,0.04750101401595385
8.126117341134406e-05,0.04754608139168056
8.126117341134406e-05,0.047591148767407276
8.126117341134406e-05,0.047606171225982846
8.126117341134406e-05,0.047696305977436265
8.126117341134406e-05,0.04775639581173855
8.126117341134406e-05,0.04778644072888969
8.126117341134406e-05,0.0478315081046164
8.126117341134406e-05,0.04789159793891869
8.126117341134406e-05,0.048011777607523246
8.126117341134406e-05,0.048041822524674385
8.126117341134406e-05,0.04813195727612781
8.126117341134406e-05,0.04816200219327895
8.126117341134406e-05,0.04817702465185452
8.126117341134406e-05,0.04820706956900566
8.126117341134406e-05,0.048372316613336935
8.126117341134406e-05,0.04840236153048808
8.126117341134406e-05,0.04843240644763922
8.126117341134406e-05,0.0484924962819415
8.126117341134406e-05,0.04852254119909264
8.126117341134406e-05,0.04855258611624379
8.126117341134406e-05,0.04871783316057506
8.126117341134406e-05,0.0487478780777262
8.126117341134406e-05,0.04880796791202848
8.126117341134406e-05,0.04883801282917962
8.126117341134406e-05,0.04888308020490634
8.126117341134406e-05,0.04892814758063305
8.126117341134406e-05,0.048958192497784186
8.126117341134406e-05,0.04901828233208647
8.126117341134406e-05,0.04903330479066204
8.126117341134406e-05,0.04909339462496432
8.126117341134406e-05,0.04910841708353989
8.126117341134406e-05,0.04913846200069103
8.126117341134406e-05,0.04919855183499332
8.126117341134406e-05,0.04922859675214446
8.126117341134406e-05,0.04934877642074902
8.126117341134406e-05,0.04937882133790016
8.126117341134406e-05,0.0494088662550513
8.126117341134406e-05,0.04943891117220244
8.126117341134406e-05,0.04946895608935358
8.126117341134406e-05,0.04949900100650472
8.126117341134406e-05,0.04954406838223144
8.126117341134406e-05,0.04958913575795815
8.126117341134406e-05,0.04961918067510929
8.126117341134406e-05,0.04972433788513828
8.126117341134406e-05,0.04975438280228942
8.126117341134406e-05,0.04996469722234741
8.126117341134406e-05,0.04999474213949855
8.126117341134406e-05,0.05005483197380083
8.126117341134406e-05,0.05009989934952754
8.126117341134406e-05,0.05028016885243439
8.126117341134406e-05,0.050325236228161103
8.126117341134406e-05,0.05035528114531224
8.126117341134406e-05,0.05037030360388781
8.126117341134406e-05,0.05040034852103895
8.126117341134406e-05,0.05053555064821909
8.126117341134406e-05,0.05056559556537023
8.126117341134406e-05,0.0507308426097015
8.126117341134406e-05,0.05076088752685264
8.126117341134406e-05,0.05088106719545721
8.126117341134406e-05,0.05091111211260835
8.126117341134406e-05,0.050986224405486204
8.126117341134406e-05,0.05101626932263734
8.126117341134406e-05,0.05103129178121291
8.126117341134406e-05,0.05107635915693962
8.126117341134406e-05,0.05121156128411976
8.126117341134406e-05,0.05125662865984647
8.126117341134406e-05,0.051331740952724324
8.126117341134406e-05,0.05136178586987546
8.126117341134406e-05,0.0513918307870266
8.126117341134406e-05,0.05142187570417774
8.126117341134406e-05,0.05152703291420674
8.126117341134406e-05,0.05155707783135788
8.126117341134406e-05,0.051647212582811304
8.126117341134406e-05,0.051677257499962444
8.126117341134406e-05,0.05170730241711358
8.126117341134406e-05,0.05173734733426472
8.126117341134406e-05,0.05181245962714258
8.126117341134406e-05,0.05184250454429372
8.126117341134406e-05,0.051902594378596
8.126117341134406e-05,0.051947661754322715
8.126117341134406e-05,0.0520528189643517
8.126117341134406e-05,0.05214295371580513
8.126117341134406e-05,0.05220304355010741
8.126117341134406e-05,0.05223308846725855
8.126117341134406e-05,0.052263133384409695
8.126117341134406e-05,0.052293178301560835
8.126117341134406e-05,0.052338245677287544
8.126117341134406e-05,0.052368290594438684
8.126117341134406e-05,0.05248847026304325
8.126117341134406e-05,0.05251851518019439
8.126117341134406e-05,0.052608649931647815
8.126117341134406e-05,0.052668739765950094
8.126117341134406e-05,0.05283398681028137
8.126117341134406e-05,0.05286403172743251
8.126117341134406e-05,0.052954166478885935
8.126117341134406e-05,0.052984211396037074
8.126117341134406e-05,0.05304430123033936
8.126117341134406e-05,0.0530743461474905
8.126117341134406e-05,0.05314945844036835
8.126117341134406e-05,0.05317950335751949
8.126117341134406e-05,0.053359772860426334
8.126117341134406e-05,0.05340484023615305
8.126117341134406e-05,0.05350999744618204
8.126117341134406e-05,0.053570087280484326
8.126117341134406e-05,0.0537353343248156
8.126117341134406e-05,0.05378040170054231
8.126117341134406e-05,0.053870536451995736
8.126117341134406e-05,0.053945648744873585
8.126117341134406e-05,0.05411089578920486
8.126117341134406e-05,0.054140940706356
8.126117341134406e-05,0.054186008082082716
8.126117341134406e-05,0.054201030540658286
8.126117341134406e-05,0.054246097916384996
8.126117341134406e-05,0.054321210209262845
8.126117341134406e-05,0.05435125512641399
8.126117341134406e-05,0.05442636741929184
8.126117341134406e-05,0.05445641233644298
8.126117341134406e-05,0.054606636922198686
8.126117341134406e-05,0.054636681839349825
8.126117341134406e-05,0.05466672675650097
8.126117341134406e-05,0.05469677167365211
8.126117341134406e-05,0.05481695134225668
8.126117341134406e-05,0.054877041176558956
8.126117341134406e-05,0.05498219838658795
8.126117341134406e-05,0.05501224330373909
8.126117341134406e-05,0.05502726576231466
8.126117341134406e-05,0.0550573106794658
8.126117341134406e-05,0.05511740051376808
8.126117341134406e-05,0.0551624678894948
8.126117341134406e-05,0.055282647558099356
8.126117341134406e-05,0.05532771493382607
8.126117341134406e-05,0.05546291706100621
8.126117341134406e-05,0.05550798443673292
8.126117341134406e-05,0.05564318656391305
8.126117341134406e-05,0.05567323148106419
8.126117341134406e-05,0.05568825393963976
8.126117341134406e-05,0.0557182988567909
8.126117341134406e-05,0.0558234560668199
8.126117341134406e-05,0.05585350098397104
8.126117341134406e-05,0.055898568359697746
8.126117341134406e-05,0.05594363573542446
8.126117341134406e-05,0.0559736806525756
8.126117341134406e-05,0.05601874802830231
8.126117341134406e-05,0.05604879294545345
8.126117341134406e-05,0.05609386032118016
8.126117341134406e-05,0.05615395015548245
8.126117341134406e-05,0.05619901753120916
8.126117341134406e-05,0.056259107365511436
8.126117341134406e-05,0.05636426457554043
8.126117341134406e-05,0.05640933195126714
8.126117341134406e-05,0.05642435440984272
8.126117341134406e-05,0.056484444244145
8.126117341134406e-05,0.05652951161987171
8.126117341134406e-05,0.05655955653702285
8.126117341134406e-05,0.05657457899559842
8.126117341134406e-05,0.05660462391274956
8.126117341134406e-05,0.05698018537713882
8.126117341134406e-05,0.05701023029428996
8.126117341134406e-05,0.05705529767001667
8.126117341134406e-05,0.05708534258716782
8.126117341134406e-05,0.0571454324214701
8.126117341134406e-05,0.05717547733862124
8.126117341134406e-05,0.05749094896870822
8.126117341134406e-05,0.05752099388585936
8.126117341134406e-05,0.057551038803010504
8.126117341134406e-05,0.057581083720161644
8.126117341134406e-05,0.05762615109588835
8.126117341134406e-05,0.05771628584734178
8.126117341134406e-05,0.057896555350248624
8.126117341134406e-05,0.057926600267399764
8.126117341134406e-05,0.0579566451845509
8.126117341134406e-05,0.05798669010170204
8.126117341134406e-05,0.05800171256027761
8.126117341134406e-05,0.05803175747742875
8.126117341134406e-05,0.0580618023945799
8.126117341134406e-05,0.05809184731173104
8.126117341134406e-05,0.05810686977030661
8.126117341134406e-05,0.05815193714603332
8.126117341134406e-05,0.058197004521760035
8.126117341134406e-05,0.058227049438911174
8.126117341134406e-05,0.05839229648324245
8.126117341134406e-05,0.05842234140039359
8.126117341134406e-05,0.05843736385896916
8.126117341134406e-05,0.05849745369327144
8.126117341134406e-05,0.05851247615184701
8.126117341134406e-05,0.058542521068998155
8.126117341134406e-05,0.058617633361876004
8.126117341134406e-05,0.05864767827902714
8.126117341134406e-05,0.05869274565475386
8.126117341134406e-05,0.058722790571905
8.126117341134406e-05,0.058857992699085135
8.126117341134406e-05,0.058888037616236275
8.126117341134406e-05,0.05902323974341641
8.126117341134406e-05,0.05905328466056755
8.126117341134406e-05,0.05909835203629426
8.126117341134406e-05,0.0591283969534454
8.126117341134406e-05,0.059203509246323255
8.126117341134406e-05,0.059233554163474395
8.126117341134406e-05,0.05942884612495681
8.126117341134406e-05,0.05945889104210795
8.126117341134406e-05,0.059534003334985805
8.126117341134406e-05,0.059564048252136945
8.126117341134406e-05,0.059609115627863654
8.126117341134406e-05,0.059639160545014794
8.126117341134406e-05,0.05974431775504379
8.126117341134406e-05,0.05977436267219493
8.126117341134406e-05,0.059879519882223925
8.126117341134406e-05,0.05996965463367735
8.126117341134406e-05,0.05999969955082849
8.126117341134406e-05,0.06002974446797963
8.126117341134406e-05,0.060270103805188754
8.126117341134406e-05,0.0603001487223399
8.126117341134406e-05,0.06039028347379332
8.126117341134406e-05,0.06043535084952003
8.126117341134406e-05,0.060465395766671176
8.126117341134406e-05,0.060510463142397886
8.126117341134406e-05,0.060555530518124595
8.126117341134406e-05,0.060585575435275735
8.126117341134406e-05,0.06076584493818258
8.126117341134406e-05,0.060825934772484866
8.126117341134406e-05,0.06094611444108943
8.126117341134406e-05,0.06099118181681614
8.126117341134406e-05,0.06105127165111842
8.126117341134406e-05,0.06109633902684514
8.126117341134406e-05,0.061231541154025265
8.126117341134406e-05,0.06126158607117641
8.126117341134406e-05,0.06129163098832755
8.126117341134406e-05,0.06132167590547869
8.126117341134406e-05,0.06145687803265883
8.126117341134406e-05,0.061516967866961106
8.126117341134406e-05,0.061562035242687815
8.126117341134406e-05,0.06159208015983896
8.126117341134406e-05,0.06168221491129238
8.126117341134406e-05,0.06171225982844352
8.126117341134406e-05,0.06177234966274581
8.126117341134406e-05,0.061817417038472516
8.126117341134406e-05,0.06195261916565265
8.126117341134406e-05,0.06198266408280379
8.126117341134406e-05,0.06199768654137936
8.126117341134406e-05,0.0620277314585305
8.126117341134406e-05,0.062147911127135066
8.126117341134406e-05,0.062177956044286206
8.126117341134406e-05,0.06237324800576862
8.126117341134406e-05,0.06240329292291977
8.126117341134406e-05,0.0625835624258266
8.126117341134406e-05,0.06261360734297775
8.126117341134406e-05,0.0626436522601289
8.126117341134406e-05,0.06267369717728004
8.126117341134406e-05,0.06303423618309373
8.126117341134406e-05,0.06306428110024487
8.126117341134406e-05,0.06307930355882044
8.126117341134406e-05,0.06312437093454715
8.126117341134406e-05,0.06318446076884943
8.126117341134406e-05,0.06321450568600057
8.126117341134406e-05,0.0632445506031517
8.126117341134406e-05,0.06327459552030286
8.126117341134406e-05,0.06333468535460514
8.126117341134406e-05,0.06336473027175628
8.126117341134406e-05,0.06342482010605856
8.126117341134406e-05,0.0634548650232097
8.126117341134406e-05,0.06346988748178527
8.126117341134406e-05,0.06351495485751198
8.126117341134406e-05,0.06354499977466312
8.126117341134406e-05,0.06360508960896541
8.126117341134406e-05,0.06365015698469212
8.126117341134406e-05,0.06369522436041883
8.126117341134406e-05,0.06372526927756997
8.126117341134406e-05,0.0638604714047501
8.126117341134406e-05,0.06389051632190124
8.126117341134406e-05,0.06392056123905239
8.126117341134406e-05,0.06395060615620353
8.126117341134406e-05,0.06401069599050581
8.126117341134406e-05,0.06407078582480809
8.126117341134406e-05,0.06413087565911037
8.126117341134406e-05,0.06416092057626151
8.126117341134406e-05,0.06417594303483708
8.126117341134406e-05,0.06420598795198822
8.126117341134406e-05,0.06426607778629051
8.126117341134406e-05,0.06429612270344165
8.126117341134406e-05,0.06447639220634849
8.126117341134406e-05,0.06450643712349963
8.126117341134406e-05,0.06456652695780192
8.126117341134406e-05,0.06459657187495306
8.126117341134406e-05,0.06467168416783091
8.126117341134406e-05,0.06470172908498205
8.126117341134406e-05,0.06474679646070876
8.126117341134406e-05,0.0647768413778599
8.126117341134406e-05,0.0650322231736446
8.126117341134406e-05,0.06506226809079574
8.126117341134406e-05,0.06521249267655145
8.126117341134406e-05,0.06524253759370259
8.126117341134406e-05,0.0652876049694293
8.126117341134406e-05,0.06531764988658044
8.126117341134406e-05,0.06536271726230715
8.126117341134406e-05,0.06539276217945829
8.126117341134406e-05,0.06542280709660943
8.126117341134406e-05,0.06545285201376057
8.126117341134406e-05,0.06548289693091171
8.126117341134406e-05,0.06551294184806285
8.126117341134406e-05,0.06558805414094071
8.126117341134406e-05,0.06561809905809185
8.126117341134406e-05,0.06566316643381856
8.126117341134406e-05,0.06570823380954527
8.126117341134406e-05,0.06573827872669641
8.126117341134406e-05,0.06575330118527198
8.126117341134406e-05,0.06579836856099869
8.126117341134406e-05,0.06582841347814983
8.126117341134406e-05,0.06585845839530098
8.126117341134406e-05,0.06587348085387655
8.126117341134406e-05,0.06590352577102769
8.126117341134406e-05,0.06591854822960326
8.126117341134406e-05,0.0659485931467544
8.126117341134406e-05,0.06603872789820782
8.126117341134406e-05,0.06608379527393453
8.126117341134406e-05,0.06614388510823681
8.126117341134406e-05,0.06617393002538796
8.126117341134406e-05,0.06638424444544594
8.126117341134406e-05,0.06641428936259708
8.126117341134406e-05,0.06653446903120165
8.126117341134406e-05,0.06656451394835279
8.126117341134406e-05,0.06659455886550393
8.126117341134406e-05,0.06662460378265507
8.126117341134406e-05,0.06668469361695735
8.126117341134406e-05,0.06671473853410849
8.126117341134406e-05,0.06680487328556191
8.126117341134406e-05,0.0668649631198642
8.126117341134406e-05,0.06695509787131762
8.126117341134406e-05,0.06698514278846876
8.126117341134406e-05,0.06703021016419547
8.126117341134406e-05,0.06706025508134661
8.126117341134406e-05,0.06707527753992218
8.126117341134406e-05,0.06710532245707332
8.126117341134406e-05,0.06712034491564889
8.126117341134406e-05,0.06718043474995118
8.126117341134406e-05,0.06721047966710232
8.126117341134406e-05,0.06724052458425346
8.126117341134406e-05,0.06736070425285802
8.126117341134406e-05,0.06739074917000916
8.126117341134406e-05,0.06743581654573587
8.126117341134406e-05,0.06751092883861373
8.126117341134406e-05,0.06754097375576487
8.126117341134406e-05,0.06757101867291601
8.126117341134406e-05,0.06761608604864272
8.126117341134406e-05,0.06763110850721829
8.126117341134406e-05,0.06766115342436943
8.126117341134406e-05,0.067676175882945
8.126117341134406e-05,0.06772124325867171
8.126117341134406e-05,0.06790151276157856
8.126117341134406e-05,0.06794658013730527
8.126117341134406e-05,0.06805173734733426
8.126117341134406e-05,0.0680817822644854
8.126117341134406e-05,0.06817191701593883
8.126117341134406e-05,0.06821698439166554
8.126117341134406e-05,0.06823200685024111
8.126117341134406e-05,0.06826205176739225
8.126117341134406e-05,0.06832214160169453
8.126117341134406e-05,0.06835218651884567
8.126117341134406e-05,0.06836720897742124
8.126117341134406e-05,0.06839725389457238
8.126117341134406e-05,0.0684423212702991
8.126117341134406e-05,0.06847236618745024
8.126117341134406e-05,0.06851743356317695
8.126117341134406e-05,0.06854747848032809
8.126117341134406e-05,0.06857752339747923
8.126117341134406e-05,0.06863761323178151
8.126117341134406e-05,0.06868268060750822
8.126117341134406e-05,0.06871272552465936
8.126117341134406e-05,0.06875779290038608
8.126117341134406e-05,0.06880286027611279
8.126117341134406e-05,0.06914837682335091
8.126117341134406e-05,0.06917842174050205
8.126117341134406e-05,0.06920846665765319
8.126117341134406e-05,0.0692535340333799
8.126117341134406e-05,0.06940375861913561
8.126117341134406e-05,0.06943380353628675
8.126117341134406e-05,0.06949389337058903
8.126117341134406e-05,0.06958402812204245
8.126117341134406e-05,0.06961407303919359
8.126117341134406e-05,0.0696591404149203
8.126117341134406e-05,0.06968918533207144
8.126117341134406e-05,0.06977932008352487
8.126117341134406e-05,0.06980936500067601
8.126117341134406e-05,0.06983940991782715
8.126117341134406e-05,0.06986945483497829
8.126117341134406e-05,0.06994456712785614
8.126117341134406e-05,0.06997461204500728
8.126117341134406e-05,0.07004972433788514
8.126117341134406e-05,0.07009479171361185
8.126117341134406e-05,0.07018492646506527
8.126117341134406e-05,0.07022999384079198
8.126117341134406e-05,0.07030510613366983
8.126117341134406e-05,0.07033515105082097
8.126117341134406e-05,0.0703802184265477
8.126117341134406e-05,0.0704252858022744
8.126117341134406e-05,0.07048537563657668
8.126117341134406e-05,0.07053044301230339
8.126117341134406e-05,0.07054546547087896
8.126117341134406e-05,0.0705755103880301
8.126117341134406e-05,0.07075577989093695
8.126117341134406e-05,0.07081586972523923
8.126117341134406e-05,0.07113134135532621
8.126117341134406e-05,0.07116138627247735
8.126117341134406e-05,0.07117640873105292
8.126117341134406e-05,0.07120645364820406
8.126117341134406e-05,0.07128156594108191
8.126117341134406e-05,0.0713416557753842
8.126117341134406e-05,0.07138672315111091
8.126117341134406e-05,0.07143179052683762
8.126117341134406e-05,0.0714918803611399
8.126117341134406e-05,0.07152192527829104
8.126117341134406e-05,0.07156699265401775
8.126117341134406e-05,0.07159703757116889
8.126117341134406e-05,0.07167214986404676
8.126117341134406e-05,0.0717021947811979
8.126117341134406e-05,0.07173223969834903
8.126117341134406e-05,0.07176228461550017
8.126117341134406e-05,0.07179232953265131
8.126117341134406e-05,0.07183739690837802
8.126117341134406e-05,0.0719575765769826
8.126117341134406e-05,0.07198762149413374
8.126117341134406e-05,0.07209277870416272
8.126117341134406e-05,0.07212282362131386
8.126117341134406e-05,0.07225802574849399
8.126117341134406e-05,0.07228807066564515
8.126117341134406e-05,0.07231811558279629
8.126117341134406e-05,0.0724082503342497
8.126117341134406e-05,0.07242327279282527
8.126117341134406e-05,0.07246834016855198
8.126117341134406e-05,0.0725584749200054
8.126117341134406e-05,0.07258851983715654
8.126117341134406e-05,0.07260354229573213
8.126117341134406e-05,0.07263358721288327
8.126117341134406e-05,0.07297910376012139
8.126117341134406e-05,0.07300914867727253
8.126117341134406e-05,0.0732194630973305
0.00016252234682268812,0.0732194630973305
0.00016252234682268812,0.07323448555590607
0.00016252234682268812,0.07326453047305723
0.00016252234682268812,0.07329457539020837
0.00016252234682268812,0.0733246203073595
0.00016252234682268812,0.07335466522451065
0.00016252234682268812,0.07338471014166179
0.00016252234682268812,0.07348986735169077
0.00016252234682268812,0.07354995718599305
0.00016252234682268812,0.07362506947887092
0.00016252234682268812,0.07365511439602206
0.00016252234682268812,0.07401565340183575
0.00016252234682268812,0.07404569831898689
0.00016252234682268812,0.07412081061186473
0.00016252234682268812,0.07415085552901587
0.00016252234682268812,0.07427103519762045
0.00016252234682268812,0.07431610257334716
0.00016252234682268812,0.07437619240764944
0.00016252234682268812,0.07440623732480058
0.00016252234682268812,0.07461655174485857
0.00016252234682268812,0.0746465966620097
0.00016252234682268812,0.07491700091636998
0.00016252234682268812,0.07494704583352112
0.00016252234682268812,0.07496206829209669
0.00016252234682268812,0.07499211320924783
0.00016252234682268812,0.07503718058497454
0.00016252234682268812,0.07506722550212568
0.00016252234682268812,0.07509727041927682
0.00016252234682268812,0.07539771959078823
0.00016252234682268812,0.07542776450793937
0.00016252234682268812,0.07560803401084622
0.00016252234682268812,0.0756681238451485
0.00016252234682268812,0.07572821367945078
0.00016252234682268812,0.07575825859660192
0.00016252234682268812,0.07583337088947978
0.00016252234682268812,0.07586341580663092
0.00016252234682268812,0.07604368530953776
0.00016252234682268812,0.0760737302266889
0.00016252234682268812,0.07610377514384004
0.00016252234682268812,0.07613382006099118
0.00016252234682268812,0.0761788874367179
0.00016252234682268812,0.0763291120224736
0.00016252234682268812,0.07635915693962474
0.00016252234682268812,0.07638920185677588
0.00016252234682268812,0.07641924677392702
0.00016252234682268812,0.07644929169107816
0.00016252234682268812,0.07647933660822931
0.00016252234682268812,0.07659951627683387
0.00016252234682268812,0.07662956119398501
0.00016252234682268812,0.07668965102828729
0.00016252234682268812,0.07671969594543843
0.00016252234682268812,0.076839875614043
0.00016252234682268812,0.07686992053119414
0.00016252234682268812,0.0769901001997987
0.00016252234682268812,0.0770351675755254
0.00016252234682268812,0.07711027986840327
0.00016252234682268812,0.07714032478555441
0.00016252234682268812,0.07723045953700783
0.00016252234682268812,0.07726050445415897
0.00016252234682268812,0.07729054937131011
0.00016252234682268812,0.07732059428846125
0.00016252234682268812,0.07741072903991467
0.00016252234682268812,0.07744077395706582
0.00016252234682268812,0.07748584133279253
0.00016252234682268812,0.07751588624994367
0.00016252234682268812,0.07772620067000165
0.00016252234682268812,0.07777126804572837
0.00016252234682268812,0.07783135788003065
0.00016252234682268812,0.07786140279718179
0.00016252234682268812,0.07792149263148407
0.00016252234682268812,0.07796656000721078
0.00016252234682268812,0.07799660492436192
0.00016252234682268812,0.0780566947586642
0.00016252234682268812,0.07837216638875118
0.00016252234682268812,0.07840221130590233
0.00016252234682268812,0.07849234605735575
0.00016252234682268812,0.07852239097450689
0.00016252234682268812,0.07870266047741373
0.00016252234682268812,0.07873270539456488
0.00016252234682268812,0.07883786260459387
0.00016252234682268812,0.07886790752174501
0.00016252234682268812,0.07889795243889615
0.00016252234682268812,0.07892799735604729
0.00016252234682268812,0.07898808719034957
0.00016252234682268812,0.07901813210750071
0.00016252234682268812,0.07906319948322743
0.00016252234682268812,0.07910826685895414
0.00016252234682268812,0.07915333423468085
0.00016252234682268812,0.07918337915183199
0.00016252234682268812,0.07919840161040756
0.00016252234682268812,0.0792284465275587
0.00016252234682268812,0.07942373848904112
0.00016252234682268812,0.07946880586476783
0.00016252234682268812,0.07964907536767467
0.00016252234682268812,0.07967912028482581
0.00016252234682268812,0.08034010846215092
0.00016252234682268812,0.08038517583787763
0.00016252234682268812,0.08041522075502877
0.00016252234682268812,0.08043024321360434
0.00016252234682268812,0.08046028813075548
0.00016252234682268812,0.08047531058933105
0.00016252234682268812,0.08052037796505776
0.00016252234682268812,0.0805504228822089
0.00016252234682268812,0.08058046779936004
0.00016252234682268812,0.08071566992654018
0.00016252234682268812,0.08074571484369132
0.00016252234682268812,0.08079078221941803
0.00016252234682268812,0.08082082713656917
0.00016252234682268812,0.08089593942944702
0.00016252234682268812,0.08092598434659816
0.00016252234682268812,0.08103114155662716
0.00016252234682268812,0.0810611864737783
0.00016252234682268812,0.08109123139092944
0.00016252234682268812,0.08112127630808058
0.00016252234682268812,0.081211411059534
0.00016252234682268812,0.08125647843526071
0.00016252234682268812,0.08137665810386528
0.00016252234682268812,0.08142172547959199
0.00016252234682268812,0.08157195006534769
0.00016252234682268812,0.08160199498249883
0.00016252234682268812,0.08161701744107441
0.00016252234682268812,0.08166208481680112
0.00016252234682268812,0.08191746661258581
0.00016252234682268812,0.08194751152973696
0.00016252234682268812,0.08196253398831253
0.00016252234682268812,0.08199257890546367
0.00016252234682268812,0.08206769119834152
0.00016252234682268812,0.08211275857406823
0.00016252234682268812,0.0821277810326438
0.00016252234682268812,0.08215782594979494
0.00016252234682268812,0.08223293824267279
0.00016252234682268812,0.08226298315982394
0.00016252234682268812,0.08235311791127736
0.00016252234682268812,0.0823831628284285
0.00016252234682268812,0.08247329757988192
0.00016252234682268812,0.08250334249703306
0.00016252234682268812,0.08274370183424219
0.00016252234682268812,0.0827887692099689
0.00016252234682268812,0.08308921838148031
0.00016252234682268812,0.08311926329863145
0.00016252234682268812,0.08317935313293373
0.00016252234682268812,0.08320939805008487
0.00016252234682268812,0.08334460017726501
0.00016252234682268812,0.08337464509441615
0.00016252234682268812,0.08346477984586957
0.00016252234682268812,0.08349482476302071
0.00016252234682268812,0.083554914597323
0.00016252234682268812,0.08361500443162528
0.00016252234682268812,0.08364504934877642
0.00016252234682268812,0.083660071807352
0.00016252234682268812,0.08369011672450313
0.00016252234682268812,0.08376522901738098
0.00016252234682268812,0.08379527393453212
0.00016252234682268812,0.0839605209788634
0.00016252234682268812,0.08399056589601454
0.00016252234682268812,0.08420088031607253
0.00016252234682268812,0.08423092523322367
0.00016252234682268812,0.0843661273604038
0.00016252234682268812,0.08441119473613051
0.00016252234682268812,0.08444123965328165
0.00016252234682268812,0.08448630702900836
0.00016252234682268812,0.08481680111767091
0.00016252234682268812,0.08484684603482207
0.00016252234682268812,0.08490693586912434
0.00016252234682268812,0.08493698078627548
0.00016252234682268812,0.0849820481620022
0.00016252234682268812,0.0850271155377289
0.00016252234682268812,0.08520738504063576
0.00016252234682268812,0.0852374299577869
0.00016252234682268812,0.08561299142217615
0.00016252234682268812,0.08565805879790286
0.00016252234682268812,0.08571814863220514
0.00016252234682268812,0.08574819354935628
0.00016252234682268812,0.08582330584223415
0.00016252234682268812,0.08585335075938529
0.00016252234682268812,0.08592846305226313
0.00016252234682268812,0.08595850796941427
0.00016252234682268812,0.08603362026229212
0.00016252234682268812,0.08607868763801883
0.00016252234682268812,0.08613877747232113
0.00016252234682268812,0.08616882238947227
0.00016252234682268812,0.08624393468235012
0.00016252234682268812,0.08627397959950125
0.00016252234682268812,0.08633406943380353
0.00016252234682268812,0.08636411435095467
0.00016252234682268812,0.08643922664383252
0.00016252234682268812,0.08651433893671039
0.00016252234682268812,0.08654438385386153
0.00016252234682268812,0.08657442877101267
0.00016252234682268812,0.0867546982739195
0.00016252234682268812,0.08678474319107066
0.00016252234682268812,0.08688990040109965
0.00016252234682268812,0.08693496777682636
0.00016252234682268812,0.0869650126939775
0.00016252234682268812,0.08723541694833777
0.00016252234682268812,0.08728048432406448
0.00016252234682268812,0.0875208436612736
0.00016252234682268812,0.08758093349557589
0.00016252234682268812,0.08759595595415146
0.00016252234682268812,0.0876260008713026
0.00016252234682268812,0.08782129283278502
0.00016252234682268812,0.08785133774993616
0.00016252234682268812,0.08807667462856972
0.00016252234682268812,0.08816680938002314
0.00016252234682268812,0.08888788739165052
0.00016252234682268812,0.0889479772259528
0.00016252234682268812,0.08921838148031307
0.00016252234682268812,0.08926344885603978
0.00016252234682268812,0.08929349377319092
0.00016252234682268812,0.08939865098321992
0.00016252234682268812,0.08942869590037106
0.00016252234682268812,0.08957892048612676
0.00016252234682268812,0.0896089654032779
0.00016252234682268812,0.08983430228191146
0.00016252234682268812,0.08987936965763817
0.00016252234682268812,0.08989439211621374
0.00016252234682268812,0.08992443703336488
0.00016252234682268812,0.08996950440909159
0.00016252234682268812,0.09020986374630072
0.00016252234682268812,0.090269953580603
0.00016252234682268812,0.09036008833205643
0.00016252234682268812,0.09042017816635871
0.00016252234682268812,0.09045022308350985
0.00016252234682268812,0.09048026800066099
0.00016252234682268812,0.09051031291781213
0.00016252234682268812,0.09054035783496327
0.00016252234682268812,0.09060044766926555
0.00016252234682268812,0.09063049258641669
0.00016252234682268812,0.09102107650938153
0.00016252234682268812,0.09108116634368381
0.00016252234682268812,0.0911863235537128
0.00016252234682268812,0.09124641338801508
0.00016252234682268812,0.09133654813946851
0.00016252234682268812,0.09136659305661965
0.00016252234682268812,0.09165201976955549
0.00016252234682268812,0.0916970871452822
0.00016252234682268812,0.09178722189673562
0.00016252234682268812,0.09181726681388676
0.00016252234682268812,0.09207264860967146
0.00016252234682268812,0.0921026935268226
0.00016252234682268812,0.09222287319542716
0.00016252234682268812,0.09225291811257831
0.00016252234682268812,0.09232803040545616
0.00016252234682268812,0.09241816515690958
0.00016252234682268812,0.09244821007406072
0.00016252234682268812,0.09247825499121186
0.00016252234682268812,0.09253834482551414
0.00016252234682268812,0.09259843465981643
0.00016252234682268812,0.09262847957696757
0.00016252234682268812,0.09291390628990341
0.00016252234682268812,0.09294395120705455
0.00016252234682268812,0.09313924316853696
0.00016252234682268812,0.0931692880856881
0.00016252234682268812,0.09343969234004837
0.00016252234682268812,0.09346973725719951
0.00016252234682268812,0.09349978217435065
0.00016252234682268812,0.09357489446722851
0.00016252234682268812,0.0940856580587979
0.00016252234682268812,0.09411570297594904
0.00016252234682268812,0.09413072543452461
0.00016252234682268812,0.09416077035167575
0.00016252234682268812,0.09431099493743146
0.00016252234682268812,0.09435606231315817
0.00016252234682268812,0.09438610723030931
0.00016252234682268812,0.09443117460603602
0.00016252234682268812,0.09465651148466958
0.00016252234682268812,0.09468655640182072
0.00016252234682268812,0.09483678098757643
0.00016252234682268812,0.09488184836330314
0.00016252234682268812,0.0950020280319077
0.00016252234682268812,0.09503207294905884
0.00016252234682268812,0.09507714032478555
0.00016252234682268812,0.09513723015908783
0.00016252234682268812,0.09516727507623898
0.00016252234682268812,0.09519731999339012
0.00016252234682268812,0.09521234245196569
0.00016252234682268812,0.09524238736911683
0.00016252234682268812,0.09530247720341911
0.00016252234682268812,0.09542265687202367
0.00016252234682268812,0.09545270178917481
0.00016252234682268812,0.0955127916234771
0.00016252234682268812,0.09554283654062824
0.00016252234682268812,0.09558790391635495
0.00016252234682268812,0.09561794883350609
0.00016252234682268812,0.09575315096068622
0.00016252234682268812,0.09582826325356408
0.00016252234682268812,0.0959183980050175
0.00016252234682268812,0.09594844292216864
0.00016252234682268812,0.09602355521504649
0.00016252234682268812,0.09605360013219763
0.00016252234682268812,0.09618880225937777
0.00016252234682268812,0.09621884717652891
0.00016252234682268812,0.09644418405516247
0.00016252234682268812,0.09647422897231361
0.00016252234682268812,0.09653431880661589
0.00016252234682268812,0.09656436372376703
0.00016252234682268812,0.09659440864091817
0.00016252234682268812,0.09662445355806931
0.00016252234682268812,0.09684979043670287
0.00016252234682268812,0.09687983535385401
0.00016252234682268812,0.09692490272958072
0.00016252234682268812,0.09695494764673186
0.00016252234682268812,0.097090149773912
0.00016252234682268812,0.09715023960821428
0.00016252234682268812,0.09769104811693481
0.00016252234682268812,0.09772109303408597
0.00016252234682268812,0.09782625024411495
0.00016252234682268812,0.09787131761984166
0.00016252234682268812,0.09797647482987065
0.00016252234682268812,0.09802154220559736
0.00016252234682268812,0.09808163203989965
0.00016252234682268812,0.0981116769570508
0.00016252234682268812,0.09821683416707978
0.00016252234682268812,0.09826190154280649
0.00016252234682268812,0.09842714858713777
0.00016252234682268812,0.09847221596286448
0.00016252234682268812,0.09848723842144005
0.00016252234682268812,0.09853230579716676
0.00016252234682268812,0.09863746300719575
0.00016252234682268812,0.09868253038292248
0.00016252234682268812,0.09871257530007362
0.00016252234682268812,0.09874262021722476
0.00016252234682268812,0.09878768759295146
0.00016252234682268812,0.09905809184731174
0.00016252234682268812,0.09908813676446288
0.00016252234682268812,0.09913320414018958
0.00016252234682268812,0.09916324905734072
0.00016252234682268812,0.0991782715159163
0.00016252234682268812,0.09920831643306743
0.00016252234682268812,0.09929845118452085
0.00016252234682268812,0.099328496101672
0.00016252234682268812,0.09935854101882315
0.00016252234682268812,0.09938858593597429
0.00016252234682268812,0.09949374314600327
0.00016252234682268812,0.09952378806315441
0.00016252234682268812,0.09956885543888112
0.00016252234682268812,0.09959890035603226
0.00016252234682268812,0.0996289452731834
0.00016252234682268812,0.09965899019033456
0.00016252234682268812,0.0998843270689681
0.00016252234682268812,0.09991437198611924
0.00016252234682268812,0.09992939444469481
0.00016252234682268812,0.09995943936184595
0.00016252234682268812,0.10004957411329939
0.00016252234682268812,0.10007961903045053
0.00016252234682268812,0.10019979869905508
0.00016252234682268812,0.10022984361620622
0.00016252234682268812,0.10041011311911308
0.00016252234682268812,0.10044015803626422
0.00016252234682268812,0.10056033770486877
0.00016252234682268812,0.10059038262201991
0.00016252234682268812,0.10069553983204892
0.00016252234682268812,0.1007556296663512
0.00016252234682268812,0.10078567458350234
0.00016252234682268812,0.10081571950065348
0.00016252234682268812,0.10083074195922904
0.00016252234682268812,0.10086078687638018
0.00016252234682268812,0.10099598900356033
0.00016252234682268812,0.10102603392071147
0.00016252234682268812,0.1010560788378626
0.00016252234682268812,0.10111616867216489
0.00016252234682268812,0.1011612360478916
0.00016252234682268812,0.10117625850646716
0.00016252234682268812,0.1012063034236183
0.00016252234682268812,0.10128141571649617
0.00016252234682268812,0.10131146063364731
0.00016252234682268812,0.10137155046794959
0.00016252234682268812,0.1014166178436763
0.00016252234682268812,0.10143164030225187
0.00016252234682268812,0.101461685219403
0.00016252234682268812,0.10150675259512972
0.00016252234682268812,0.10153679751228085
0.00016252234682268812,0.10155181997085642
0.00016252234682268812,0.10158186488800758
0.00016252234682268812,0.10164195472230986
0.00016252234682268812,0.10170204455661214
0.00016252234682268812,0.10174711193233885
0.00016252234682268812,0.10177715684948999
0.00016252234682268812,0.10206258356242583
0.00016252234682268812,0.10210765093815254
0.00016252234682268812,0.1021226733967281
0.00016252234682268812,0.10215271831387925
0.00016252234682268812,0.10221280814818152
0.00016252234682268812,0.10225787552390825
0.00016252234682268812,0.10228792044105939
0.00016252234682268812,0.10231796535821053
0.00016252234682268812,0.10234801027536167
0.00016252234682268812,0.10254330223684407
0.00024378352023403217,0.10254330223684407
0.00024378352023403217,0.10287379632550664
0.00024378352023403217,0.10291886370123335
0.00024378352023403217,0.10293388615980892
0.00024378352023403217,0.10296393107696006
0.00024378352023403217,0.10297895353553563
0.00024378352023403217,0.10303904336983791
0.00024378352023403217,0.10306908828698905
0.00024378352023403217,0.10309913320414019
0.00024378352023403217,0.10326438024847147
0.00024378352023403217,0.10332447008277375
0.00024378352023403217,0.1033995823756516
0.00032504469364537625,0.1033995823756516
0.00032504469364537625,0.10341460483422717
0.00032504469364537625,0.1034446497513783
0.00032504469364537625,0.10348971712710502
0.00032504469364537625,0.10351976204425617
0.00032504469364537625,0.10368500908858744
0.00032504469364537625,0.10382021121576757
0.00032504469364537625,0.10386527859149429
0.00032504469364537625,0.10389532350864543
0.00032504469364537625,0.10415070530443012
0.00032504469364537625,0.10418075022158127
0.00032504469364537625,0.10422581759730798
0.00032504469364537625,0.10425586251445912
0.00032504469364537625,0.1044661769345171
0.00032504469364537625,0.10449622185166825
0.00032504469364537625,0.10469151381315066
0.00032504469364537625,0.1047215587303018
0.00032504469364537625,0.10478164856460408
0.00032504469364537625,0.10499196298466207
0.00032504469364537625,0.10502200790181321
0.00032504469364537625,0.10515721002899335
0.00032504469364537625,0.10518725494614449
0.00032504469364537625,0.10521729986329563
0.00032504469364537625,0.10524734478044677
0.00032504469364537625,0.1053825469076269
0.00032504469364537625,0.10542761428335361
0.00032504469364537625,0.10545765920050476
0.00032504469364537625,0.10556281641053375
0.00032504469364537625,0.10562290624483603
0.00032504469364537625,0.10577313083059174
0.00032504469364537625,0.10580317574774288
0.00032504469364537625,0.10581819820631845
0.00032504469364537625,0.10584824312346959
0.00032504469364537625,0.10593837787492301
0.00032504469364537625,0.10599846770922529
0.00032504469364537625,0.10602851262637643
0.00032504469364537625,0.10607358000210314
0.00032504469364537625,0.10613366983640543
0.00032504469364537625,0.10616371475355657
0.00032504469364537625,0.10619375967070771
0.00032504469364537625,0.10623882704643442
0.00032504469364537625,0.1062989168807367
0.00032504469364537625,0.10632896179788784
0.00032504469364537625,0.10634398425646341
0.00032504469364537625,0.10637402917361455
0.00032504469364537625,0.1065542986765214
0.00032504469364537625,0.10658434359367254
0.00032504469364537625,0.10661438851082368
0.00032504469364537625,0.10665945588655039
0.00032504469364537625,0.10668950080370153
0.00032504469364537625,0.10673456817942825
0.00032504469364537625,0.10676461309657939
0.00032504469364537625,0.1068096804723061
0.00032504469364537625,0.10685474784803281
0.00032504469364537625,0.10688479276518395
0.00032504469364537625,0.10708008472666637
0.00032504469364537625,0.10711012964381751
0.00032504469364537625,0.10723030931242207
0.00032504469364537625,0.10726035422957321
0.00032504469364537625,0.10727537668814878
0.00032504469364537625,0.10730542160529992
0.00032504469364537625,0.10744062373248006
0.00032504469364537625,0.1074706686496312
0.00032504469364537625,0.10748569110820677
0.00032504469364537625,0.10751573602535791
0.00032504469364537625,0.10768098306968918
0.00032504469364537625,0.10771102798684033
0.00032504469364537625,0.10786125257259603
0.00032504469364537625,0.10789129748974717
0.00032504469364537625,0.10796640978262502
0.00032504469364537625,0.10802649961692731
0.00032504469364537625,0.10804152207550288
0.00032504469364537625,0.10807156699265402
0.00032504469364537625,0.10808658945122959
0.00032504469364537625,0.1081316568269563
0.00032504469364537625,0.10831192632986314
0.00032504469364537625,0.1083419712470143
0.00032504469364537625,0.10867246533567684
0.00032504469364537625,0.10870251025282798
0.00032504469364537625,0.1089428695900371
0.00032504469364537625,0.10897291450718824
0.00032504469364537625,0.10916820646867066
0.00032504469364537625,0.1091982513858218
0.00032504469364537625,0.10948367809875764
0.00032504469364537625,0.10952874547448435
0.00032504469364537625,0.10954376793305992
0.00032504469364537625,0.10957381285021106
0.00032504469364537625,0.10969399251881563
0.00032504469364537625,0.10972403743596677
0.00032504469364537625,0.10975408235311791
0.00032504469364537625,0.10981417218742019
0.00032504469364537625,0.10982919464599576
0.00032504469364537625,0.1098592395631469
0.00032504469364537625,0.10993435185602475
0.00032504469364537625,0.10999444169032704
0.00032504469364537625,0.11000946414890261
0.00032504469364537625,0.11003950906605375
0.00032504469364537625,0.11006955398320489
0.00032504469364537625,0.11009959890035603
0.00032504469364537625,0.11012964381750717
0.00032504469364537625,0.11015968873465831
0.00032504469364537625,0.11018973365180945
0.00032504469364537625,0.11021977856896059
0.00032504469364537625,0.11047516036474529
0.00032504469364537625,0.11050520528189643
0.00032504469364537625,0.110520227740472
0.00032504469364537625,0.11055027265762314
0.00032504469364537625,0.11065542986765214
0.00032504469364537625,0.11068547478480328
0.00032504469364537625,0.11071551970195442
0.00032504469364537625,0.11074556461910556
0.00032504469364537625,0.11104601379061697
0.00032504469364537625,0.11107605870776811
0.00032504469364537625,0.11115117100064596
0.00032504469364537625,0.1111812159177971
0.00032504469364537625,0.11121126083494824
0.00032504469364537625,0.1112413057520994
0.00032504469364537625,0.11154175492361079
0.00032504469364537625,0.11157179984076195
0.00032504469364537625,0.11161686721648865
0.00032504469364537625,0.1116469121336398
0.00032504469364537625,0.11172202442651764
0.00032504469364537625,0.11175206934366878
0.00032504469364537625,0.11178211426081992
0.00032504469364537625,0.1118422040951222
0.00032504469364537625,0.11191731638800007
0.00032504469364537625,0.1119473613051512
0.00032504469364537625,0.11206754097375576
0.00032504469364537625,0.11214265326663361
0.00032504469364537625,0.11226283293523819
0.00032504469364537625,0.11229287785238933
0.00032504469364537625,0.1123079003109649
0.00032504469364537625,0.11233794522811603
0.00032504469364537625,0.1123529676866916
0.00032504469364537625,0.11238301260384274
0.00032504469364537625,0.11244310243814502
0.00032504469364537625,0.1125031922724473
0.00032504469364537625,0.11254825964817403
0.00032504469364537625,0.11257830456532517
0.00032504469364537625,0.11262337194105188
0.00032504469364537625,0.11268346177535415
0.00032504469364537625,0.11277359652680757
0.00032504469364537625,0.11280364144395871
0.00032504469364537625,0.11287875373683658
0.00032504469364537625,0.11292382111256329
0.00032504469364537625,0.11295386602971443
0.00032504469364537625,0.11298391094686557
0.00032504469364537625,0.11299893340544113
0.00032504469364537625,0.11305902323974341
0.00032504469364537625,0.1131191130740457
0.00032504469364537625,0.1131641804497724
0.00032504469364537625,0.11320924782549913
0.00032504469364537625,0.1132693376598014
0.00032504469364537625,0.11343458470413267
0.00032504469364537625,0.11346462962128381
0.00032504469364537625,0.11350969699701054
0.00032504469364537625,0.11353974191416168
0.00032504469364537625,0.11355476437273725
0.00032504469364537625,0.1136298766656151
0.00032504469364537625,0.11364489912419067
0.00032504469364537625,0.11370498895849294
0.00032504469364537625,0.11372001141706851
0.00032504469364537625,0.11376507879279522
0.00032504469364537625,0.11379512370994636
0.00032504469364537625,0.11391530337855094
0.00032504469364537625,0.11394534829570208
0.00032504469364537625,0.11397539321285322
0.00032504469364537625,0.11400543813000436
0.00032504469364537625,0.1140805504228822
0.00032504469364537625,0.11411059534003334
0.00032504469364537625,0.11418570763291121
0.00032504469364537625,0.11424579746721349
0.00032504469364537625,0.11427584238436463
0.00032504469364537625,0.11430588730151577
0.00032504469364537625,0.11445611188727148
0.00032504469364537625,0.11448615680442262
0.00032504469364537625,0.11466642630732946
0.00032504469364537625,0.1146964712244806
0.00032504469364537625,0.11508705514744542
0.00032504469364537625,0.11511710006459658
0.00032504469364537625,0.1154626166118347
0.00032504469364537625,0.11549266152898584
0.00032504469364537625,0.11553772890471255
0.00032504469364537625,0.11556777382186369
0.00032504469364537625,0.1156128411975904
0.00032504469364537625,0.11564288611474154
0.00032504469364537625,0.11589826791052624
0.00032504469364537625,0.11592831282767738
0.00032504469364537625,0.1160635149548575
0.00032504469364537625,0.11610858233058423
0.00032504469364537625,0.11622876199918879
0.00032504469364537625,0.11625880691633993
0.00032504469364537625,0.1165292111707002
0.00032504469364537625,0.11655925608785134
0.00032504469364537625,0.11669445821503147
0.00032504469364537625,0.11672450313218262
0.00032504469364537625,0.11681463788363604
0.00032504469364537625,0.11687472771793832
0.00032504469364537625,0.11691979509366503
0.00032504469364537625,0.11694984001081617
0.00032504469364537625,0.11707001967942074
0.00032504469364537625,0.11710006459657188
0.00032504469364537625,0.11725028918232758
0.00032504469364537625,0.11728033409947872
0.00032504469364537625,0.11732540147520543
0.00032504469364537625,0.117340423933781
0.00032504469364537625,0.11738549130950772
0.00032504469364537625,0.11741553622665886
0.00032504469364537625,0.11752069343668785
0.00032504469364537625,0.11755073835383899
0.00032504469364537625,0.1175958057295657
0.00032504469364537625,0.11762585064671684
0.00032504469364537625,0.1176408731052924
0.00032504469364537625,0.11773100785674584
0.00032504469364537625,0.11779109769104812
0.00032504469364537625,0.11782114260819926
0.00032504469364537625,0.11792629981822825
0.00032504469364537625,0.11797136719395496
0.00032504469364537625,0.11800141211110611
0.00032504469364537625,0.11804647948683282
0.00032504469364537625,0.11807652440398396
0.00032504469364537625,0.11812159177971067
0.00032504469364537625,0.11834692865834423
0.00032504469364537625,0.11837697357549537
0.00032504469364537625,0.11842204095122208
0.00032504469364537625,0.11845208586837322
0.00032504469364537625,0.11848213078552436
0.00032504469364537625,0.1185121757026755
0.00032504469364537625,0.11875253503988463
0.00032504469364537625,0.11878257995703577
0.00032504469364537625,0.11884266979133805
0.00032504469364537625,0.11888773716706476
0.00032504469364537625,0.1189177820842159
0.00032504469364537625,0.11912809650427389
0.00032504469364537625,0.11915814142142503
0.00032504469364537625,0.11923325371430288
0.00032504469364537625,0.11929334354860517
0.00032504469364537625,0.11936845584148302
0.00032504469364537625,0.11939850075863416
0.00032504469364537625,0.11951868042723872
0.00032504469364537625,0.11954872534438986
0.00032504469364537625,0.11959379272011657
0.00032504469364537625,0.11962383763726772
0.00032504469364537625,0.11972899484729671
0.00032504469364537625,0.11977406222302342
0.00032504469364537625,0.11989424189162798
0.00032504469364537625,0.11996935418450584
0.00032504469364537625,0.11999939910165698
0.00032504469364537625,0.12001442156023255
0.00032504469364537625,0.12004446647738369
0.00032504469364537625,0.1200895338531104
0.00032504469364537625,0.12010455631168597
0.00032504469364537625,0.12014962368741268
0.00032504469364537625,0.12022473598029053
0.00032504469364537625,0.12026980335601725
0.00032504469364537625,0.12028482581459282
0.00032504469364537625,0.12031487073174396
0.00032504469364537625,0.12046509531749966
0.00032504469364537625,0.12055523006895308
0.00032504469364537625,0.12057025252752865
0.00032504469364537625,0.12061531990325537
0.00032504469364537625,0.12063034236183094
0.00032504469364537625,0.12072047711328436
0.00032504469364537625,0.1207505220304355
0.00032504469364537625,0.12076554448901107
0.00032504469364537625,0.12079558940616221
0.00032504469364537625,0.12111106103624919
0.00032504469364537625,0.12114110595340033
0.00032504469364537625,0.12127630808058047
0.00032504469364537625,0.12130635299773161
0.00032504469364537625,0.12162182462781859
0.00032504469364537625,0.12165186954496973
0.00032504469364537625,0.12175702675499872
0.00032504469364537625,0.12178707167214986
0.00032504469364537625,0.12198236363363228
0.00032504469364537625,0.12204245346793456
0.00032504469364537625,0.12244805984947496
0.00032504469364537625,0.12249312722520167
0.00032504469364537625,0.12264335181095738
0.00032504469364537625,0.12270344164525966
0.00032504469364537625,0.1227334865624108
0.00032504469364537625,0.12276353147956194
0.00032504469364537625,0.12277855393813751
0.00032504469364537625,0.12282362131386422
0.00032504469364537625,0.1229888683581955
0.00032504469364537625,0.12301891327534664
0.00032504469364537625,0.1231991827782535
0.00032504469364537625,0.12322922769540463
0.00032504469364537625,0.12327429507113134
0.00032504469364537625,0.12331936244685805
0.00032504469364537625,0.12334940736400919
0.00032504469364537625,0.12348460949118933
0.00032504469364537625,0.12354469932549161
0.00032504469364537625,0.12355972178406718
0.00032504469364537625,0.12360478915979389
0.00032504469364537625,0.12381510357985188
0.00032504469364537625,0.1238601709555786
0.00032504469364537625,0.12387519341415416
0.00032504469364537625,0.1239052383313053
0.00032504469364537625,0.12407048537563657
0.00032504469364537625,0.1241155527513633
0.00032504469364537625,0.12413057520993886
0.00032504469364537625,0.12416062012709
0.00032504469364537625,0.12417564258566557
0.00032504469364537625,0.12420568750281671
0.00032504469364537625,0.12432586717142127
0.00032504469364537625,0.12435591208857241
0.00032504469364537625,0.12443102438145026
0.00032504469364537625,0.12447609175717698
0.00032504469364537625,0.12449111421575255
0.00032504469364537625,0.12455120405005483
0.00032504469364537625,0.12459627142578154
0.00032504469364537625,0.12462631634293268
0.00032504469364537625,0.12500187780732194
0.00032504469364537625,0.12503192272447308
0.00032504469364537625,0.12530232697883337
0.00032504469364537625,0.1253323718959845
0.00032504469364537625,0.12554268631604248
0.00032504469364537625,0.12557273123319362
0.00032504469364537625,0.12570793336037375
0.00032504469364537625,0.12575300073610046
0.00032504469364537625,0.12576802319467603
0.00032504469364537625,0.12579806811182717
0.00032504469364537625,0.1259482926975829
0.00032504469364537625,0.12597833761473404
0.00032504469364537625,0.12623371941051872
0.00032504469364537625,0.12626376432766986
0.00032504469364537625,0.12630883170339657
0.00032504469364537625,0.12639896645485
0.00032504469364537625,0.12642901137200113
0.00032504469364537625,0.12651914612345455
0.00032504469364537625,0.12654919104060572
0.00032504469364537625,0.12659425841633243
0.00032504469364537625,0.12662430333348357
0.00032504469364537625,0.12663932579205914
0.00032504469364537625,0.12669941562636142
0.00032504469364537625,0.1269998647978728
0.00032504469364537625,0.12704493217359952
0.00032504469364537625,0.1272702690522331
0.00032504469364537625,0.12730031396938424
0.00032504469364537625,0.12733035888653538
0.00032504469364537625,0.12736040380368652
0.00032504469364537625,0.12748058347229108
0.00032504469364537625,0.12754067330659336
0.00032504469364537625,0.1277209428095002
0.00032504469364537625,0.12775098772665133
0.00032504469364537625,0.1278110775609536
0.00032504469364537625,0.12784112247810478
0.00032504469364537625,0.1279763246052849
0.00032504469364537625,0.12800636952243605
0.00032504469364537625,0.12811152673246504
0.00032504469364537625,0.12817161656676732
0.00032504469364537625,0.12829179623537187
0.00032504469364537625,0.12835188606967415
0.00032504469364537625,0.12844202082112757
0.00032504469364537625,0.12847206573827874
0.00032504469364537625,0.12863731278261
0.00032504469364537625,0.12866735769976115
0.00032504469364537625,0.1286974026169123
0.00032504469364537625,0.12872744753406343
0.00032504469364537625,0.1287875373683657
0.00032504469364537625,0.12881758228551685
0.00032504469364537625,0.12884762720266799
0.00032504469364537625,0.12890771703697027
0.00032504469364537625,0.12907296408130153
0.00032504469364537625,0.12913305391560384
0.00032504469364537625,0.12919314374990612
0.00032504469364537625,0.12922318866705726
0.00032504469364537625,0.1294485255456908
0.00032504469364537625,0.12947857046284195
0.00032504469364537625,0.12953866029714423
0.00032504469364537625,0.12956870521429537
0.00032504469364537625,0.12974897471720223
0.00032504469364537625,0.1298090645515045
0.00032504469364537625,0.1299142217615335
0.00032504469364537625,0.12994426667868464
0.00032504469364537625,0.13000435651298692
0.00032504469364537625,0.13003440143013806
0.00032504469364537625,0.13009449126444034
0.00032504469364537625,0.13013955864016705
0.00032504469364537625,0.13022969339162047
0.00032504469364537625,0.1302597383087716
0.00032504469364537625,0.13033485060164945
0.00032504469364537625,0.13039494043595176
0.00032504469364537625,0.13045503027025404
0.00032504469364537625,0.13050009764598075
0.00032504469364537625,0.1305301425631319
0.00032504469364537625,0.13087565911037
0.00032504469364537625,0.13090570402752114
0.00032504469364537625,0.1310409061547013
0.00032504469364537625,0.13111601844757914
0.00032504469364537625,0.13126624303333484
0.00032504469364537625,0.13131131040906155
0.00032504469364537625,0.13132633286763712
0.00032504469364537625,0.13135637778478826
0.00032504469364537625,0.13141646761909054
0.00032504469364537625,0.13144651253624168
0.00032504469364537625,0.13150660237054396
0.00032504469364537625,0.13156669220484624
0.00032504469364537625,0.13162678203914852
0.00032504469364537625,0.13165682695629966
0.00032504469364537625,0.13171691679060196
0.00032504469364537625,0.1317469617077531
0.00032504469364537625,0.13180705154205538
0.00032504469364537625,0.13183709645920652
0.00032504469364537625,0.1318521189177821
0.00032504469364537625,0.13188216383493323
0.00032504469364537625,0.1318971862935088
0.00032504469364537625,0.13195727612781108
0.00032504469364537625,0.1320474108792645
0.00032504469364537625,0.13207745579641564
0.00032504469364537625,0.13213754563071792
0.00032504469364537625,0.13216759054786906
0.00032504469364537625,0.13222768038217134
0.00032504469364537625,0.13230279267504919
0.00032504469364537625,0.1323628825093515
0.00032504469364537625,0.1324079498850782
0.00032504469364537625,0.13243799480222934
0.00032504469364537625,0.13272342151516517
0.00032504469364537625,0.1327534664323163
0.00032504469364537625,0.1328586236423453
0.00032504469364537625,0.13288866855949644
0.00032504469364537625,0.132903691018072
0.00032504469364537625,0.13293373593522315
0.00032504469364537625,0.13294875839379872
0.00032504469364537625,0.13297880331094988
0.00032504469364537625,0.13309898297955444
0.00032504469364537625,0.13312902789670558
0.00032504469364537625,0.13353463427824597
0.00032504469364537625,0.1335646791953971
0.00032504469364537625,0.13362476902969941
0.00032504469364537625,0.13366983640542612
0.00032504469364537625,0.13369988132257726
0.00032504469364537625,0.1337299262397284
0.00032504469364537625,0.13431580212417565
0.00032504469364537625,0.1343458470413268
0.00032504469364537625,0.13436086949990236
0.00032504469364537625,0.1343909144170535
0.00032504469364537625,0.13448104916850692
0.00032504469364537625,0.1345411390028092
0.00032504469364537625,0.13460122883711148
0.00032504469364537625,0.13463127375426262
0.00032504469364537625,0.1347364309642916
0.00032504469364537625,0.13478149834001832
0.00032504469364537625,0.13482656571574503
0.00032504469364537625,0.13487163309147174
0.00032504469364537625,0.13496176784292518
0.00032504469364537625,0.13499181276007632
0.00032504469364537625,0.1350068352186519
0.00032504469364537625,0.13506692505295417
0.00032504469364537625,0.1352021271801343
0.00032504469364537625,0.13523217209728544
0.00032504469364537625,0.135247194555861
0.00032504469364537625,0.13527723947301215
0.00032504469364537625,0.13535235176589
0.00032504469364537625,0.13538239668304114
0.00032504469364537625,0.1353974191416167
0.00032504469364537625,0.13544248651734342
0.00032504469364537625,0.1357579581474304
0.00032504469364537625,0.13578800306458155
0.00032504469364537625,0.13580302552315712
0.00032504469364537625,0.13583307044030826
0.00032504469364537625,0.13598329502606396
0.00032504469364537625,0.13604338486036624
0.00032504469364537625,0.13661423828623792
0.00032504469364537625,0.13664428320338906
0.00032504469364537625,0.13665930566196463
0.00032504469364537625,0.13670437303769134
0.00032504469364537625,0.13673441795484248
0.00032504469364537625,0.13676446287199362
0.00032504469364537625,0.13680953024772033
0.00032504469364537625,0.1368395751648715
0.00032504469364537625,0.13691468745774935
0.00032504469364537625,0.13694473237490049
0.00032504469364537625,0.1371400243363829
0.00032504469364537625,0.13717006925353403
0.00032504469364537625,0.1371850917121096
0.00032504469364537625,0.13721513662926074
0.00032504469364537625,0.13727522646356302
0.00032504469364537625,0.13732029383928973
0.00032504469364537625,0.137380383673592
0.00032504469364537625,0.13756065317649888
0.00032504469364537625,0.13759069809365002
0.00032504469364537625,0.13762074301080116
0.00032504469364537625,0.1376507879279523
0.00032504469364537625,0.13768083284510343
0.00032504469364537625,0.13772590022083014
0.00032504469364537625,0.13778599005513242
0.00032504469364537625,0.13781603497228356
0.00032504469364537625,0.1378911472651614
0.00032504469364537625,0.13792119218231255
0.00032504469364537625,0.13808643922664382
0.00032504469364537625,0.13811648414379496
0.00032504469364537625,0.13814652906094613
0.00032504469364537625,0.1382066188952484
0.00032504469364537625,0.13825168627097512
0.00032504469364537625,0.13828173118812626
0.00032504469364537625,0.13834182102242853
0.00032504469364537625,0.13837186593957967
0.00032504469364537625,0.1384620006910331
0.00032504469364537625,0.1385070680667598
0.00032504469364537625,0.13856715790106208
0.00032504469364537625,0.13859720281821322
0.00032504469364537625,0.1386572926525155
0.00032504469364537625,0.13868733756966664
0.00032504469364537625,0.13880751723827123
0.00032504469364537625,0.1388676070725735
0.00032504469364537625,0.13900280919975364
0.00032504469364537625,0.13904787657548034
0.00032504469364537625,0.13918307870266047
0.00032504469364537625,0.1392131236198116
0.00032504469364537625,0.13933330328841617
0.00032504469364537625,0.1393633482055673
0.00032504469364537625,0.1394835278741719
0.00032504469364537625,0.13951357279132304
0.00032504469364537625,0.13960370754277646
0.00032504469364537625,0.1396337524599276
0.00032504469364537625,0.13976895458710772
0.00032504469364537625,0.13981402196283443
0.00032504469364537625,0.14006940375861915
0.00032504469364537625,0.1400994486757703
0.00032504469364537625,0.14012949359292143
0.00032504469364537625,0.14015953851007257
0.00032504469364537625,0.14021962834437485
0.00032504469364537625,0.140249673261526
0.00032504469364537625,0.1402947406372527
0.00032504469364537625,0.14032478555440384
0.00032504469364537625,0.14042994276443282
0.00032504469364537625,0.14045998768158396
0.00032504469364537625,0.1407003470187931
0.00032504469364537625,0.14074541439451982
0.00032504469364537625,0.14088061652169995
0.00032504469364537625,0.1409106614388511
0.00032504469364537625,0.14098577373172894
0.00032504469364537625,0.14101581864888008
0.00032504469364537625,0.1412561779860892
0.00032504469364537625,0.14128622290324033
0.00032504469364537625,0.1413012453618159
0.00032504469364537625,0.1413613351961182
0.00032504469364537625,0.14143644748899606
0.00032504469364537625,0.1414664924061472
0.00032504469364537625,0.14169182928478075
0.00032504469364537625,0.14173689666050746
0.00032504469364537625,0.1417669415776586
0.00032504469364537625,0.14184205387053644
0.00032504469364537625,0.14190214370483872
0.00032504469364537625,0.14197725599771657
0.00032504469364537625,0.14200730091486774
0.00032504469364537625,0.14203734583201888
0.00032504469364537625,0.14209743566632116
0.00032504469364537625,0.142172547959199
0.00032504469364537625,0.14220259287635015
0.00032504469364537625,0.14253308696501268
0.00032504469364537625,0.1425781543407394
0.00032504469364537625,0.1426382441750417
0.00032504469364537625,0.14286358105367525
0.00032504469364537625,0.1428936259708264
0.00032504469364537625,0.14295371580512867
0.00032504469364537625,0.1429837607222798
0.00032504469364537625,0.14299878318085538
0.00032504469364537625,0.14302882809800652
0.00032504469364537625,0.1430438505565821
0.00032504469364537625,0.14307389547373323
0.00032504469364537625,0.14311896284945994
0.00032504469364537625,0.14314900776661107
0.00032504469364537625,0.14320909760091335
0.00032504469364537625,0.1432391425180645
0.00032504469364537625,0.1432992323523668
0.00032504469364537625,0.14332927726951794
0.00032504469364537625,0.14337434464524465
0.00032504469364537625,0.14343443447954693
0.00032504469364537625,0.14367479381675605
0.00032504469364537625,0.1437048387339072
0.00032504469364537625,0.1437499061096339
0.00032504469364537625,0.14376492856820947
0.00032504469364537625,0.1437949734853606
0.00032504469364537625,0.14384004086108731
0.00032504469364537625,0.14388510823681402
0.00032504469364537625,0.14393017561254076
0.00032504469364537625,0.14414049003259874
0.00032504469364537625,0.14417053494974988
0.00032504469364537625,0.14429071461835444
0.00032504469364537625,0.14433578199408115
0.00032504469364537625,0.14435080445265672
0.00032504469364537625,0.144410894286959
0.00032504469364537625,0.14444093920411014
0.00032504469364537625,0.14451605149698799
0.00032504469364537625,0.14456111887271472
0.00032504469364537625,0.14459116378986586
0.00032504469364537625,0.144621208707017
0.00032504469364537625,0.14463623116559257
0.00032504469364537625,0.14468129854131928
0.00032504469364537625,0.14490663541995283
0.00032504469364537625,0.14493668033710397
0.00032504469364537625,0.1449667252542551
0.00032504469364537625,0.14501179262998182
0.00032504469364537625,0.14504183754713296
0.00032504469364537625,0.1450718824642841
0.00032504469364537625,0.14510192738143524
0.00032504469364537625,0.14513197229858638
0.00032504469364537625,0.14537233163579552
0.00032504469364537625,0.14540237655294666
0.00032504469364537625,0.14555260113870236
0.00032504469364537625,0.14561269097300464
0.00032504469364537625,0.14565775834873135
0.0004063058670567203,0.14565775834873135
0.0004063058670567203,0.14567278080730692
0.0004063058670567203,0.14570282572445806
0.0004063058670567203,0.14576291555876034
0.0004063058670567203,0.14579296047591148
0.0004063058670567203,0.14580798293448705
0.0004063058670567203,0.14583802785163819
0.0004063058670567203,0.1459431850616672
0.0004063058670567203,0.1459882524373939
0.0004063058670567203,0.1460483422716962
0.0004063058670567203,0.14607838718884733
0.0004063058670567203,0.14615349948172518
0.0004063058670567203,0.14618354439887632
0.0004063058670567203,0.14627367915032974
0.0004063058670567203,0.14631874652605645
0.0004063058670567203,0.14642390373608544
0.0004063058670567203,0.14651403848753888
0.0004063058670567203,0.14652906094611445
0.0004063058670567203,0.14658915078041673
0.0004063058670567203,0.1466041732389923
0.0004063058670567203,0.14666426307329458
0.0004063058670567203,0.146754397824748
0.0004063058670567203,0.14681448765905028
0.0004063058670567203,0.14682951011762585
0.0004063058670567203,0.146859555034777
0.0004063058670567203,0.14691964486907927
0.0004063058670567203,0.1469496897862304
0.0004063058670567203,0.14702480207910826
0.0004063058670567203,0.1470548469962594
0.0004063058670567203,0.1472200940405907
0.0004063058670567203,0.1472651614163174
0.0004063058670567203,0.1474153860020731
0.0004063058670567203,0.14744543091922424
0.0004063058670567203,0.1476106779635555
0.0004063058670567203,0.14764072288070665
0.0004063058670567203,0.14777592500788678
0.0004063058670567203,0.14783601484218908
0.0004063058670567203,0.14785103730076465
0.0004063058670567203,0.1478810822179158
0.0004063058670567203,0.14789610467649136
0.0004063058670567203,0.1479261495936425
0.0004063058670567203,0.14810641909654934
0.0004063058670567203,0.14813646401370048
0.0004063058670567203,0.14821157630657833
0.0004063058670567203,0.14824162122372947
0.0004063058670567203,0.14836180089233403
0.0004063058670567203,0.14839184580948517
0.0004063058670567203,0.1484369131852119
0.0004063058670567203,0.14848198056093861
0.0004063058670567203,0.1486922949809966
0.0004063058670567203,0.1487373623567233
0.0004063058670567203,0.14875238481529887
0.0004063058670567203,0.14878242973245
0.0004063058670567203,0.14897772169393242
0.0004063058670567203,0.1490378115282347
0.0004063058670567203,0.14912794627968814
0.0004063058670567203,0.14915799119683928
0.0004063058670567203,0.14936830561689726
0.0004063058670567203,0.1493983505340484
0.0004063058670567203,0.14941337299262397
0.0004063058670567203,0.1494434179097751
0.0004063058670567203,0.14962368741268195
0.0004063058670567203,0.14966875478840866
0.0004063058670567203,0.1496987997055598
0.0004063058670567203,0.14980395691558882
0.0004063058670567203,0.1498640467498911
0.0004063058670567203,0.14993915904276894
0.0004063058670567203,0.14996920395992008
0.0004063058670567203,0.14998422641849565
0.0004063058670567203,0.1500142713356468
0.0004063058670567203,0.15007436116994907
0.0004063058670567203,0.15011942854567578
0.0004063058670567203,0.15013445100425135
0.0004063058670567203,0.1501644959214025
0.0004063058670567203,0.1502546306728559
0.0004063058670567203,0.15028467559000705
0.0004063058670567203,0.15043490017576278
0.0004063058670567203,0.15046494509291392
0.0004063058670567203,0.15047996755148949
0.0004063058670567203,0.15051001246864062
0.0004063058670567203,0.15063019213724518
0.0004063058670567203,0.15066023705439632
0.0004063058670567203,0.15069028197154746
0.0004063058670567203,0.1507203268886986
0.0004063058670567203,0.1507653942644253
0.0004063058670567203,0.1508254840987276
0.0004063058670567203,0.15090059639160544
0.0004063058670567203,0.15120104556311686
0.0004063058670567203,0.151231090480268
0.0004063058670567203,0.15129118031457028
0.0004063058670567203,0.151336247690297
0.0004063058670567203,0.15135127014887256
0.0004063058670567203,0.15141135998317484
0.0004063058670567203,0.15144140490032598
0.0004063058670567203,0.1514864722760527
0.0004063058670567203,0.15150149473462826
0.0004063058670567203,0.1515315396517794
0.0004063058670567203,0.15162167440323282
0.0004063058670567203,0.151651719320384
0.0004063058670567203,0.15181696636471526
0.0004063058670567203,0.1518470112818664
0.0004063058670567203,0.1520873706190755
0.0004063058670567203,0.15211741553622665
0.0004063058670567203,0.15222257274625564
0.0004063058670567203,0.15228266258055792
0.0004063058670567203,0.1523127074977091
0.0004063058670567203,0.1523577748734358
0.0004063058670567203,0.15244790962488922
0.0004063058670567203,0.15247795454204036
0.0004063058670567203,0.1525530668349182
0.0004063058670567203,0.15261315666922048
0.0004063058670567203,0.15276338125497618
0.0004063058670567203,0.15279342617212732
0.0004063058670567203,0.15283849354785403
0.0004063058670567203,0.15286853846500517
0.0004063058670567203,0.15330418976369672
0.0004063058670567203,0.153364279597999
0.0004063058670567203,0.15342436943230128
0.0004063058670567203,0.15345441434945242
0.0004063058670567203,0.153469436808028
0.0004063058670567203,0.15349948172517913
0.0004063058670567203,0.1535145041837547
0.00048756704046806434,0.1535145041837547
0.00048756704046806434,0.15354454910090584
0.00048756704046806434,0.15358961647663258
0.00048756704046806434,0.15386002073099284
0.00048756704046806434,0.15389006564814398
0.00048756704046806434,0.15390508810671955
0.00048756704046806434,0.15393513302387068
0.00048756704046806434,0.15401024531674853
0.00048756704046806434,0.15404029023389967
0.00048756704046806434,0.15416046990250423
0.00048756704046806434,0.15419051481965537
0.00048756704046806434,0.1542355821953821
0.00048756704046806434,0.15426562711253325
0.00048756704046806434,0.15443087415686452
0.0005688282138794084,0.15443087415686452
0.0005688282138794084,0.15462616611834692
0.0005688282138794084,0.15465621103549806
0.0005688282138794084,0.15494163774843392
0.0005688282138794084,0.15497168266558506
0.0005688282138794084,0.15528715429567203
0.0005688282138794084,0.15531719921282316
0.0005688282138794084,0.15549746871573
0.0005688282138794084,0.15552751363288117
0.0005688282138794084,0.15569276067721244
0.0005688282138794084,0.15572280559436358
0.0005688282138794084,0.15582796280439257
0.0005688282138794084,0.1558580077215437
0.0005688282138794084,0.15587303018011928
0.0005688282138794084,0.15590307509727042
0.0005688282138794084,0.15594814247299713
0.0005688282138794084,0.15599320984872383
0.0005688282138794084,0.15605329968302611
0.0005688282138794084,0.15608334460017725
0.0005688282138794084,0.1561133895173284
0.0005688282138794084,0.15615845689305513
0.0005688282138794084,0.1562185467273574
0.0005688282138794084,0.15623356918593298
0.0005688282138794084,0.1562786365616597
0.0005688282138794084,0.15641383868883982
0.0005688282138794084,0.15644388360599096
0.0005688282138794084,0.15645890606456653
0.0005688282138794084,0.15648895098171767
0.0005688282138794084,0.15650397344029324
0.0005688282138794084,0.15656406327459552
0.0005688282138794084,0.15674433277750235
0.0005688282138794084,0.1567743776946535
0.0005688282138794084,0.15681944507038023
0.0005688282138794084,0.15689455736325808
0.0005688282138794084,0.15695464719756036
0.0005688282138794084,0.1569846921147115
0.0005688282138794084,0.15705980440758935
0.0005688282138794084,0.15710487178331606
0.0005688282138794084,0.15737527603767631
0.0005688282138794084,0.15740532095482745
0.0005688282138794084,0.15742034341340302
0.0005688282138794084,0.15748043324770533
0.0005688282138794084,0.1574954557062809
0.0005688282138794084,0.15752550062343204
0.0005688282138794084,0.1576006129163099
0.0005688282138794084,0.15763065783346103
0.0005688282138794084,0.157946129463548
0.0005688282138794084,0.15797617438069914
0.0005688282138794084,0.15800621929785028
0.0005688282138794084,0.15806630913215255
0.0005688282138794084,0.15809635404930372
0.0005688282138794084,0.15818648880075714
0.0005688282138794084,0.15827662355221056
0.0005688282138794084,0.15832169092793727
0.0005688282138794084,0.15851698288941968
0.0005688282138794084,0.15857707272372196
0.0005688282138794084,0.15871227485090209
0.0005688282138794084,0.15878738714377996
0.0005688282138794084,0.1589225892709601
0.0005688282138794084,0.1589676566466868
0.0005688282138794084,0.15899770156383794
0.0005688282138794084,0.15902774648098908
0.0005688282138794084,0.15905779139814022
0.0005688282138794084,0.15923806090104706
0.0005688282138794084,0.15928312827677377
0.0005688282138794084,0.15935824056965162
0.0005688282138794084,0.15940330794537835
0.0005688282138794084,0.15946339777968063
0.0005688282138794084,0.1595234876139829
0.0005688282138794084,0.1596286448240119
0.0005688282138794084,0.15965868974116304
0.0005688282138794084,0.1596737121997386
0.0005688282138794084,0.15971877957546532
0.0005688282138794084,0.1598239367854943
0.0005688282138794084,0.1598840266197966
0.0005688282138794084,0.15995913891267444
0.0005688282138794084,0.15998918382982558
0.0005688282138794084,0.16000420628840115
0.0005688282138794084,0.1600342512055523
0.0005688282138794084,0.160184475791308
0.0005688282138794084,0.16021452070845915
0.0005688282138794084,0.16052999233854612
0.0005688282138794084,0.1605900821728484
0.0005688282138794084,0.1606351495485751
0.0005688282138794084,0.16066519446572627
0.0005688282138794084,0.16069523938287741
0.0005688282138794084,0.16072528430002855
0.0005688282138794084,0.16083044151005754
0.0005688282138794084,0.16086048642720868
0.0005688282138794084,0.16089053134435982
0.0005688282138794084,0.16092057626151096
0.0005688282138794084,0.16096564363723767
0.0005688282138794084,0.16101071101296438
0.0005688282138794084,0.16104075593011552
0.0005688282138794084,0.16108582330584223
0.0005688282138794084,0.16111586822299337
0.0005688282138794084,0.1611459131401445
0.0005688282138794084,0.1612060029744468
0.0005688282138794084,0.16123604789159793
0.0005688282138794084,0.16128111526732464
0.0005688282138794084,0.1613111601844758
0.0005688282138794084,0.1614613847702315
0.0005688282138794084,0.16149142968738264
0.0005688282138794084,0.1616566767317139
0.0005688282138794084,0.1617167665660162
0.0005688282138794084,0.16177685640031847
0.0005688282138794084,0.1618069013174696
0.0005688282138794084,0.16194210344464974
0.0005688282138794084,0.1619721483618009
0.0005688282138794084,0.16233268736761458
0.0005688282138794084,0.16236273228476572
0.0005688282138794084,0.16239277720191686
0.0006500893872907525,0.16239277720191686
0.0006500893872907525,0.16249793441194585
0.0006500893872907525,0.162527979329097
0.0006500893872907525,0.16255802424624813
0.0006500893872907525,0.16264815899770158
0.0006500893872907525,0.16267820391485271
0.0006500893872907525,0.16270824883200385
0.0006500893872907525,0.16275331620773056
0.0006500893872907525,0.1627833611248817
0.0006500893872907525,0.1628885183349107
0.0006500893872907525,0.16291856325206183
0.0006500893872907525,0.16320398996499766
0.0006500893872907525,0.16323403488214883
0.0006500893872907525,0.1632941247164511
0.0006500893872907525,0.16332416963360225
0.0006500893872907525,0.16342932684363123
0.0006500893872907525,0.16345937176078237
0.0006500893872907525,0.16347439421935794
0.0006500893872907525,0.16350443913650908
0.0006500893872907525,0.16362461880511364
0.0006500893872907525,0.16371475355656706
0.0006500893872907525,0.16389502305947393
0.0006500893872907525,0.16392506797662507
0.0006500893872907525,0.16403022518665406
0.0006500893872907525,0.1640602701038052
0.0006500893872907525,0.16412035993810747
0.0006500893872907525,0.1641504048552586
0.0006500893872907525,0.16416542731383418
0.0006500893872907525,0.16419547223098532
0.0006500893872907525,0.16424053960671203
0.0006500893872907525,0.16427058452386317
0.0006500893872907525,0.16445085402677
0.0006500893872907525,0.16449592140249672
0.0006500893872907525,0.1645109438610723
0.0006500893872907525,0.16454098877822346
0.0006500893872907525,0.16460107861252574
0.0006500893872907525,0.16463112352967688
0.0006500893872907525,0.16473628073970586
0.0006500893872907525,0.164766325656857
0.0006500893872907525,0.16499166253549055
0.0006500893872907525,0.1650217074526417
0.0006500893872907525,0.16515690957982182
0.0006500893872907525,0.165186954496973
0.0006500893872907525,0.16532215662415312
0.0006500893872907525,0.16535220154130426
0.0006500893872907525,0.16550242612705995
0.0006500893872907525,0.1655324710442111
0.0006500893872907525,0.16554749350278666
0.0006500893872907525,0.16559256087851337
0.0006500893872907525,0.1656226057956645
0.0007313505607020966,0.1656226057956645
0.0007313505607020966,0.1658930100500248
0.0007313505607020966,0.16592305496717594
0.0007313505607020966,0.16605825709435607
0.0007313505607020966,0.1660883020115072
0.0007313505607020966,0.1661934592215362
0.0007313505607020966,0.1662385265972629
0.0007313505607020966,0.16625354905583847
0.0007313505607020966,0.1662835939729896
0.0007313505607020966,0.16631363889014075
0.0007313505607020966,0.1663436838072919
0.0007313505607020966,0.16640377364159417
0.0007313505607020966,0.16646386347589648
0.0007313505607020966,0.16668920035453003
0.0007313505607020966,0.16671924527168117
0.0007313505607020966,0.1669445821503147
0.0007313505607020966,0.16697462706746585
0.0007313505607020966,0.16729009869755285
0.0007313505607020966,0.167320143614704
0.0007313505607020966,0.16733516607327956
0.0007313505607020966,0.1673652109904307
0.0007313505607020966,0.16754548049333753
0.0007313505607020966,0.16757552541048867
0.0007313505607020966,0.16784592966484896
0.0007313505607020966,0.1678759745820001
0.0007313505607020966,0.1679811317920291
0.0007313505607020966,0.16801117670918023
0.0007313505607020966,0.16813135637778479
0.0007313505607020966,0.16819144621208706
0.0007313505607020966,0.1684918953835985
0.0007313505607020966,0.16852194030074963
0.0007313505607020966,0.1686871873450809
0.0007313505607020966,0.1687322547208076
0.0007313505607020966,0.16895759159944115
0.0007313505607020966,0.16903270389231903
0.0007313505607020966,0.16907777126804574
0.0007313505607020966,0.16910781618519688
0.0007313505607020966,0.1691528835609236
0.0007313505607020966,0.16918292847807473
0.0007313505607020966,0.16936319798098157
0.0007313505607020966,0.16945333273243499
0.0007313505607020966,0.1698138717382487
0.0007313505607020966,0.1698589391139754
0.0007313505607020966,0.16994907386542882
0.0007313505607020966,0.1700091636997311
0.0007313505607020966,0.17003920861688224
0.0007313505607020966,0.1701143209097601
0.0007313505607020966,0.17014436582691123
0.0007313505607020966,0.17021947811978907
0.0007313505607020966,0.17024952303694021
0.0007313505607020966,0.17027956795409135
0.0007313505607020966,0.17035468024696923
0.0007313505607020966,0.1703697027055448
0.0007313505607020966,0.17039974762269594
0.0007313505607020966,0.17048988237414936
0.0007313505607020966,0.1705199272913005
0.0007313505607020966,0.17054997220845164
0.0007313505607020966,0.17059503958417835
0.0007313505607020966,0.17070019679420734
0.0007313505607020966,0.17073024171135848
0.0007313505607020966,0.1708203764628119
0.0007313505607020966,0.1708654438385386
0.0007313505607020966,0.17092553367284088
0.0007313505607020966,0.1709856235071432
0.0007313505607020966,0.17104571334144547
0.0007313505607020966,0.1710757582585966
0.0007313505607020966,0.1713311400543813
0.0007313505607020966,0.17139122988868358
0.0007313505607020966,0.1714362972644103
0.0007313505607020966,0.17157149939159042
0.0007313505607020966,0.17160154430874155
0.0007313505607020966,0.1717367464359217
0.0007313505607020966,0.17182688118737513
0.0007313505607020966,0.17187194856310184
0.0007313505607020966,0.17191701593882855
0.0007313505607020966,0.17206724052458425
0.0007313505607020966,0.17211230790031096
0.0007313505607020966,0.1721423528174621
0.0007313505607020966,0.17217239773461324
0.0007313505607020966,0.17223248756891552
0.0007313505607020966,0.17226253248606668
0.0007313505607020966,0.1723075998617934
0.0007313505607020966,0.17233764477894453
0.0007313505607020966,0.1723526672375201
0.0007313505607020966,0.17241275707182238
0.0007313505607020966,0.1724578244475491
0.0007313505607020966,0.17248786936470023
0.0007313505607020966,0.17253293674042694
0.0007313505607020966,0.17257800411615365
0.0007313505607020966,0.1726531164090315
0.0007313505607020966,0.17268316132618264
0.0007313505607020966,0.17278831853621163
0.0007313505607020966,0.17281836345336277
0.0007313505607020966,0.1730136554148452
0.0007313505607020966,0.17304370033199634
0.0007313505607020966,0.17329908212778103
0.0007313505607020966,0.17334414950350774
0.0007313505607020966,0.17340423933781002
0.0007313505607020966,0.17343428425496116
0.0007313505607020966,0.1734643291721123
0.0007313505607020966,0.17349437408926344
0.0007313505607020966,0.17359953129929245
0.0007313505607020966,0.1736295762164436
0.0007313505607020966,0.1736746435921703
0.0007313505607020966,0.17370468850932144
0.0007313505607020966,0.17374975588504815
0.0007313505607020966,0.1737798008021993
0.0007313505607020966,0.17394504784653056
0.0007313505607020966,0.17399011522225727
0.0007313505607020966,0.1741253173494374
0.0007313505607020966,0.17415536226658854
0.0007313505607020966,0.1741703847251641
0.0007313505607020966,0.17420042964231527
0.0007313505607020966,0.1744407889795244
0.0007313505607020966,0.17447083389667553
0.0007313505607020966,0.17457599110670452
0.0007313505607020966,0.1746360809410068
0.0007313505607020966,0.17508675469827392
0.0007313505607020966,0.17511679961542506
0.0007313505607020966,0.17516186699115177
0.0007313505607020966,0.1751919119083029
0.0007313505607020966,0.17523697928402962
0.0007313505607020966,0.17526702420118076
0.0007313505607020966,0.17535715895263418
0.0007313505607020966,0.17538720386978532
0.0007313505607020966,0.17541724878693646
0.0007313505607020966,0.1754472937040876
0.0007313505607020966,0.17552240599696547
0.0007313505607020966,0.17555245091411661
0.0007313505607020966,0.17559751828984332
0.0007313505607020966,0.1757627653341746
0.0007313505607020966,0.17579281025132573
0.0007313505607020966,0.175852900085628
0.0007313505607020966,0.17588294500277915
0.0007313505607020966,0.1759129899199303
0.0007313505607020966,0.175958057295657
0.0007313505607020966,0.1760031246713837
0.0007313505607020966,0.17603316958853485
0.0007313505607020966,0.17609325942283713
0.0007313505607020966,0.17613832679856387
0.0007313505607020966,0.17634864121862184
0.0007313505607020966,0.17637868613577298
0.0007313505607020966,0.17645379842865083
0.0007313505607020966,0.17648384334580197
0.0007313505607020966,0.1766190454729821
0.0007313505607020966,0.1766641128487088
0.0007313505607020966,0.17667913530728438
0.0007313505607020966,0.17670918022443552
0.0007313505607020966,0.17688944972734238
0.0007313505607020966,0.1769345171030691
0.0007313505607020966,0.1772349662745805
0.0008126117341134406,0.1772349662745805
0.0008126117341134406,0.17753541544609192
0.0008126117341134406,0.17756546036324306
0.0008126117341134406,0.17758048282181862
0.0008126117341134406,0.17761052773896976
0.0008126117341134406,0.1776405726561209
0.0008126117341134406,0.1776856400318476
0.0008126117341134406,0.17824147099914373
0.0008126117341134406,0.17827151591629486
0.0008126117341134406,0.17882734688359098
0.0008126117341134406,0.17887241425931769
0.0008126117341134406,0.17890245917646883
0.0008126117341134406,0.17897757146934667
0.0008126117341134406,0.17903766130364895
0.0008126117341134406,0.17909775113795123
0.0008126117341134406,0.17912779605510237
0.0008126117341134406,0.1792629981822825
0.0008126117341134406,0.17929304309943364
0.0008126117341134406,0.17932308801658478
0.0008126117341134406,0.17935313293373595
0.0008126117341134406,0.17936815539231152
0.0008126117341134406,0.17939820030946266
0.0008126117341134406,0.17960851472952064
0.0008126117341134406,0.17965358210524734
0.0008126117341134406,0.17969864948097405
0.0008126117341134406,0.1797286943981252
0.0008126117341134406,0.18002914356963662
0.0008126117341134406,0.18005918848678776
0.0008126117341134406,0.18014932323824118
0.0008126117341134406,0.18017936815539232
0.0008126117341134406,0.18031457028257245
0.0008126117341134406,0.18034461519972358
0.0008126117341134406,0.18052488470263042
0.0008126117341134406,0.1805849745369327
0.0008126117341134406,0.18059999699550827
0.0008126117341134406,0.18063004191265944
0.0008126117341134406,0.180645064371235
0.0008126117341134406,0.18069013174696172
0.0008126117341134406,0.18072017666411286
0.0008126117341134406,0.18096053600132198
0.0008126117341134406,0.18103564829419982
0.0008126117341134406,0.18106569321135096
0.0008126117341134406,0.1810957381285021
0.0008126117341134406,0.1812008953385311
0.0008126117341134406,0.18123094025568223
0.0008126117341134406,0.18126098517283337
0.0008126117341134406,0.18132107500713568
0.0008126117341134406,0.18139618730001353
0.0008126117341134406,0.18144125467574024
0.0008126117341134406,0.18147129959289138
0.0008126117341134406,0.1818017936815539
0.0008126117341134406,0.18183183859870505
0.0008126117341134406,0.1818618835158562
0.0008126117341134406,0.18189192843300733
0.0008126117341134406,0.18193699580873407
0.0008126117341134406,0.18198206318446078
0.0008126117341134406,0.18219237760451876
0.0008126117341134406,0.18223744498024547
0.0008126117341134406,0.1823726471074256
0.0008126117341134406,0.18240269202457673
0.0008126117341134406,0.18249282677603015
0.0008126117341134406,0.1825228716931813
0.0008126117341134406,0.18279327594754158
0.0008126117341134406,0.18282332086469272
0.0008126117341134406,0.182883410698995
0.0008126117341134406,0.18291345561614614
0.0008126117341134406,0.1831838598705064
0.0008126117341134406,0.18321390478765756
0.0008126117341134406,0.1833941742905644
0.0008126117341134406,0.18345426412486668
0.0008126117341134406,0.18352937641774453
0.0008126117341134406,0.18355942133489567
0.0008126117341134406,0.18367960100350023
0.0008126117341134406,0.18370964592065137
0.0008126117341134406,0.18378475821352921
0.0008126117341134406,0.1838598705064071
0.0008126117341134406,0.18388991542355823
0.0008126117341134406,0.1840551624678895
0.0008126117341134406,0.1841002298436162
0.0008126117341134406,0.18423543197079634
0.0008126117341134406,0.18426547688794748
0.0008126117341134406,0.1843556116394009
0.0008126117341134406,0.18438565655655204
0.0008126117341134406,0.18465606081091232
0.0008126117341134406,0.18470112818663903
0.0008126117341134406,0.18480628539666802
0.0008126117341134406,0.18483633031381916
0.0008126117341134406,0.18488139768954587
0.0008126117341134406,0.18489642014812144
0.0008126117341134406,0.18492646506527258
0.0008126117341134406,0.18495650998242372
0.0008126117341134406,0.18498655489957486
0.0008126117341134406,0.18503162227530157
0.0008126117341134406,0.1850616671924527
0.0008126117341134406,0.1854222061982664
0.0008126117341134406,0.18545225111541755
0.0008126117341134406,0.1856325206183244
0.0008126117341134406,0.18566256553547553
0.0008126117341134406,0.18594799224841138
0.0008126117341134406,0.18597803716556252
0.0008126117341134406,0.18602310454128923
0.0008126117341134406,0.18605314945844037
0.0008126117341134406,0.1860831943755915
0.0008126117341134406,0.18609821683416708
0.0008126117341134406,0.18615830666846936
0.0008126117341134406,0.18621839650277164
0.0008126117341134406,0.18626346387849835
0.0008126117341134406,0.18635359862995177
0.0008126117341134406,0.1863836435471029
0.0008126117341134406,0.18639866600567848
0.0008126117341134406,0.18642871092282964
0.0008126117341134406,0.18671413763576547
0.0008126117341134406,0.1867441825529166
0.0008126117341134406,0.1868042723872189
0.0008126117341134406,0.18683431730437003
0.0008126117341134406,0.1868493397629456
0.0008126117341134406,0.18687938468009674
0.0008126117341134406,0.18698454189012573
0.0008126117341134406,0.18701458680727687
0.0008126117341134406,0.1870596541830036
0.0008126117341134406,0.18708969910015474
0.0008126117341134406,0.18717983385160816
0.0008126117341134406,0.1872098787687593
0.0008126117341134406,0.18723992368591044
0.0008126117341134406,0.18730001352021272
0.0008126117341134406,0.18733005843736386
0.0008126117341134406,0.187465260564544
0.0008126117341134406,0.1875103279402707
0.0008126117341134406,0.18757041777457298
0.0008126117341134406,0.18760046269172412
0.0008126117341134406,0.1876605525260264
0.0008126117341134406,0.18770561990175313
0.0008126117341134406,0.18781077711178212
0.0008126117341134406,0.18784082202893326
0.0008126117341134406,0.18823140595189808
0.0008126117341134406,0.1882764733276248
0.0008126117341134406,0.18830651824477593
0.0008126117341134406,0.18833656316192707
0.0008126117341134406,0.18845674283053165
0.0008126117341134406,0.18854687758198507
0.0008126117341134406,0.1885769224991362
0.0008126117341134406,0.18859194495771178
0.0008126117341134406,0.18865203479201406
0.0008126117341134406,0.18869710216774077
0.0008126117341134406,0.1887271470848919
0.0008126117341134406,0.1888323042949209
0.0008126117341134406,0.18886234921207204
0.0008126117341134406,0.18889239412922318
0.0008126117341134406,0.1889374615049499
0.0008126117341134406,0.18905764117355447
0.0008126117341134406,0.18908768609070561
0.0008126117341134406,0.1891477759250079
0.0008126117341134406,0.1891928433007346
0.0008126117341134406,0.18931302296933916
0.0008126117341134406,0.18935809034506587
0.0008126117341134406,0.18937311280364144
0.0008126117341134406,0.18940315772079258
0.0008126117341134406,0.1894482250965193
0.0008126117341134406,0.18947827001367043
0.0008126117341134406,0.18962849459942613
0.0008126117341134406,0.1896585395165773
0.0008126117341134406,0.18976369672660628
0.0008126117341134406,0.18979374164375742
0.0008126117341134406,0.1898538314780597
0.0008126117341134406,0.18988387639521084
0.0008126117341134406,0.1901092132738444
0.0008126117341134406,0.19013925819099553
0.0008126117341134406,0.19022939294244895
0.0008126117341134406,0.1902594378596001
0.0008126117341134406,0.19028948277675126
0.0008126117341134406,0.1903195276939024
0.0008126117341134406,0.19033455015247797
0.0008126117341134406,0.1903645950696291
0.0008126117341134406,0.19042468490393138
0.0008126117341134406,0.19049979719680923
0.0008126117341134406,0.19052984211396037
0.0008126117341134406,0.19054486457253594
0.0008126117341134406,0.19057490948968708
0.0008126117341134406,0.19068006669971607
0.0008126117341134406,0.1907101116168672
0.0008126117341134406,0.19072513407544278
0.0008126117341134406,0.19080024636832063
0.0008126117341134406,0.19089038111977405
0.0008126117341134406,0.1909805158712275
0.0008126117341134406,0.19099553832980307
0.0008126117341134406,0.1910255832469542
0.0008126117341134406,0.19141616716991902
0.0008126117341134406,0.19144621208707016
0.0008126117341134406,0.19173163880000602
0.0008126117341134406,0.19177670617573273
0.0008126117341134406,0.1919870205957907
0.0008126117341134406,0.1920320879715174
0.0008126117341134406,0.19228746976730213
0.0008126117341134406,0.19237760451875555
0.0008126117341134406,0.19243769435305783
0.0008126117341134406,0.19246773927020897
0.0008126117341134406,0.1926480087731158
0.0008126117341134406,0.19267805369026694
0.0008126117341134406,0.19281325581744707
0.0008126117341134406,0.1928433007345982
0.0008126117341134406,0.19299352532035394
0.0008126117341134406,0.19303859269608065
0.0008126117341134406,0.19305361515465622
0.0008126117341134406,0.19308366007180736
0.0008126117341134406,0.19324890711613862
0.0008126117341134406,0.19327895203328976
0.0008126117341134406,0.19344419907762103
0.0008126117341134406,0.19348926645334774
0.0008126117341134406,0.1935193113704989
0.0008126117341134406,0.19354935628765005
0.0008126117341134406,0.1936244685805279
0.0008126117341134406,0.1936695359562546
0.0008126117341134406,0.19375967070770803
0.0008126117341134406,0.19378971562485917
0.0008126117341134406,0.1938197605420103
0.0008126117341134406,0.19410518725494613
0.0008126117341134406,0.19413523217209727
0.0008126117341134406,0.194285456757853
0.0008126117341134406,0.1943305241335797
0.0008126117341134406,0.194390613967882
0.0008126117341134406,0.19442065888503313
0.0008126117341134406,0.19466101822224224
0.0008126117341134406,0.19469106313939338
0.0008126117341134406,0.19470608559796895
0.0008126117341134406,0.1947361305151201
0.0008126117341134406,0.1948412877251491
0.0008126117341134406,0.1949013775594514
0.0008126117341134406,0.19493142247660253
0.0008126117341134406,0.19496146739375367
0.0008126117341134406,0.19517178181381165
0.0008126117341134406,0.19521684918953836
0.0008126117341134406,0.19527693902384063
0.0008126117341134406,0.19530698394099177
0.0008126117341134406,0.19535205131671848
0.0008126117341134406,0.19538209623386962
0.0008126117341134406,0.19541214115102076
0.0008126117341134406,0.19544218606817193
0.0008126117341134406,0.19547223098532307
0.0008126117341134406,0.19551729836104978
0.0008126117341134406,0.19554734327820092
0.0008126117341134406,0.19563747802965434
0.0008126117341134406,0.19566752294680548
0.0008126117341134406,0.19574263523968333
0.0008126117341134406,0.19577268015683447
0.0008126117341134406,0.19602806195261915
0.0008126117341134406,0.1960731293283459
0.0008126117341134406,0.196313488665555
0.0008126117341134406,0.19634353358270615
0.0008126117341134406,0.19640362341700843
0.0008126117341134406,0.19643366833415957
0.0008126117341134406,0.1964637132513107
0.0008126117341134406,0.19649375816846185
0.0008126117341134406,0.1965688704613397
0.0008126117341134406,0.19662896029564197
0.0008126117341134406,0.19667402767136868
0.0008126117341134406,0.19671909504709542
0.0008126117341134406,0.19674913996424656
0.0008126117341134406,0.19679420733997327
0.0008126117341134406,0.1968242522571244
0.0008126117341134406,0.19686931963285112
0.0008126117341134406,0.19706461159433353
0.0008126117341134406,0.19709465651148467
0.0008126117341134406,0.1972749260143915
0.0008126117341134406,0.19730497093154264
0.0008126117341134406,0.19735003830726935
0.0008126117341134406,0.19760542010305407
0.0008126117341134406,0.1976354650202052
0.0008126117341134406,0.19780071206453648
0.0008126117341134406,0.19783075698168762
0.0008126117341134406,0.19808613877747233
0.0008126117341134406,0.19811618369462347
0.0008126117341134406,0.19813120615319904
0.0008126117341134406,0.19817627352892575
0.0008126117341134406,0.19826640828037917
0.0008126117341134406,0.1982964531975303
0.0008126117341134406,0.19834152057325702
0.0008126117341134406,0.19837156549040816
0.0008126117341134406,0.1984016104075593
0.0008126117341134406,0.19843165532471044
0.0008126117341134406,0.198656992203344
0.0008126117341134406,0.19870205957907072
0.0008126117341134406,0.19882223924767528
0.0008126117341134406,0.198867306623402
0.0008126117341134406,0.19888232908197756
0.0008126117341134406,0.19892739645770427
0.0008126117341134406,0.19894241891627984
0.0008126117341134406,0.19897246383343098
0.0008126117341134406,0.19904757612630883
0.0008126117341134406,0.1991076659606111
0.0008126117341134406,0.19922784562921567
0.0008126117341134406,0.1992578905463668
0.0008126117341134406,0.19949824988357595
0.0008126117341134406,0.1995282948007271
0.0008126117341134406,0.1996184295521805
0.0008126117341134406,0.19964847446933165
0.0008126117341134406,0.19966349692790722
0.0008126117341134406,0.19969354184505836
0.0008126117341134406,0.19973860922078507
0.0008126117341134406,0.19978367659651178
0.0008126117341134406,0.1998287439722385
0.0008126117341134406,0.1998738113479652
0.0008126117341134406,0.19990385626511634
0.0008126117341134406,0.20000901347514535
0.0008126117341134406,0.2000390583922965
0.0008126117341134406,0.20011417068517434
0.0008126117341134406,0.20014421560232548
0.0008126117341134406,0.2002794177295056
0.0008126117341134406,0.20030946264665675
0.0008126117341134406,0.2003395075638079
0.0008126117341134406,0.2003845749395346
0.0008126117341134406,0.20044466477383688
0.0008126117341134406,0.20047470969098802
0.0008126117341134406,0.20054982198386587
0.0008126117341134406,0.20060991181816817
0.0008126117341134406,0.20068502411104602
0.0008126117341134406,0.20073009148677273
0.0008126117341134406,0.200790181321075
0.0008126117341134406,0.20082022623822615
0.0008126117341134406,0.2008502711553773
0.0008126117341134406,0.20088031607252843
0.0008126117341134406,0.20103054065828413
0.0008126117341134406,0.20106058557543527
0.0008126117341134406,0.20107560803401084
0.0008126117341134406,0.20110565295116198
0.0008126117341134406,0.2011507203268887
0.0008126117341134406,0.2011957877026154
0.0008126117341134406,0.20127089999549327
0.0008126117341134406,0.20130094491264441
0.0008126117341134406,0.2014511694984001
0.0008126117341134406,0.20148121441555125
0.0008126117341134406,0.20149623687412682
0.0008126117341134406,0.20152628179127796
0.0008126117341134406,0.20158637162558024
0.0008126117341134406,0.20161641654273138
0.0008126117341134406,0.20164646145988252
0.0008126117341134406,0.20169152883560923
0.0008126117341134406,0.2017065512941848
0.0008126117341134406,0.20173659621133594
0.0008126117341134406,0.20182673096278936
0.0008126117341134406,0.2018567758799405
0.0008126117341134406,0.20197695554854508
0.0008126117341134406,0.2020220229242718
0.0008126117341134406,0.20208211275857407
0.0008126117341134406,0.20215722505145192
0.0008126117341134406,0.20220229242717863
0.0008126117341134406,0.20259287635014347
0.0008126117341134406,0.20265296618444575
0.0008126117341134406,0.2028783030630793
0.0008126117341134406,0.20290834798023044
0.0008126117341134406,0.2030735950245617
0.0008126117341134406,0.20310363994171285
0.0008126117341134406,0.20311866240028842
0.0008126117341134406,0.20314870731743956
0.0008126117341134406,0.20326888698604414
0.0008126117341134406,0.20329893190319528
0.0008126117341134406,0.20346417894752655
0.0008126117341134406,0.2034942238646777
0.0008126117341134406,0.2036444484504334
0.0008126117341134406,0.2036895158261601
0.0008126117341134406,0.2038547628704914
0.0008126117341134406,0.20394489762194482
0.0008126117341134406,0.20395992008052038
0.0008126117341134406,0.2040049874562471
0.0008126117341134406,0.20426036925203178
0.0008126117341134406,0.20429041416918292
0.0008126117341134406,0.2043054366277585
0.0008126117341134406,0.20433548154490963
0.0008126117341134406,0.20454579596496764
0.0008938729075247847,0.20454579596496764
0.0008938729075247847,0.20465095317499662
0.0008938729075247847,0.20468099809214776
0.0008938729075247847,0.20474108792645004
0.0008938729075247847,0.20477113284360118
0.0008938729075247847,0.20478615530217675
0.0008938729075247847,0.20484624513647903
0.0008938729075247847,0.20487629005363017
0.0008938729075247847,0.2049063349707813
0.0008938729075247847,0.20498144726365916
0.0008938729075247847,0.2050114921808103
0.0008938729075247847,0.20504153709796144
0.0008938729075247847,0.20507158201511258
0.0008938729075247847,0.20523682905944388
0.0008938729075247847,0.20528189643517059
0.0008938729075247847,0.20535700872804843
0.0008938729075247847,0.20538705364519957
0.0008938729075247847,0.20543212102092628
0.0008938729075247847,0.20546216593807742
0.0008938729075247847,0.20549221085522856
0.0008938729075247847,0.2055222557723797
0.0008938729075247847,0.20553727823095527
0.0008938729075247847,0.20558234560668198
0.0008938729075247847,0.2057175477338621
0.0008938729075247847,0.20574759265101328
0.0008938729075247847,0.20577763756816442
0.0008938729075247847,0.20580768248531556
0.0008938729075247847,0.20601799690537353
0.0008938729075247847,0.20604804182252467
0.0008938729075247847,0.20612315411540252
0.0008938729075247847,0.20615319903255366
0.0008938729075247847,0.20624333378400708
0.0008938729075247847,0.20627337870115822
0.0008938729075247847,0.20631844607688493
0.0008938729075247847,0.2063935583697628
0.0008938729075247847,0.2064536482040651
0.0008938729075247847,0.20651373803836737
0.0008938729075247847,0.2066489401655475
0.0008938729075247847,0.20673907491700091
0.0008938729075247847,0.20676911983415205
0.0008938729075247847,0.20687427704418104
0.0008938729075247847,0.20693436687848332
0.0008938729075247847,0.20697943425421003
0.0008938729075247847,0.20702450162993677
0.0008938729075247847,0.20706956900566348
0.0008938729075247847,0.20729490588429703
0.0008938729075247847,0.20732495080144817
0.0008938729075247847,0.20753526522150614
0.0008938729075247847,0.20759535505580842
0.0008938729075247847,0.207610377514384
0.0008938729075247847,0.20764042243153513
0.0008938729075247847,0.207820691934442
0.0008938729075247847,0.20785073685159314
0.0008938729075247847,0.20789580422731985
0.0008938729075247847,0.207925849144471
0.0008938729075247847,0.20795589406162213
0.0008938729075247847,0.20798593897877327
0.0008938729075247847,0.2080159838959244
0.0008938729075247847,0.20830141060886023
0.0008938729075247847,0.20834647798458697
0.0008938729075247847,0.20851172502891824
0.0008938729075247847,0.20854176994606938
0.0008938729075247847,0.20855679240464495
0.0008938729075247847,0.2085868373217961
0.0008938729075247847,0.20866194961467394
0.0009751340809361287,0.20866194961467394
0.0009751340809361287,0.20885724157615634
0.0009751340809361287,0.20888728649330748
0.0009751340809361287,0.20890230895188305
0.0009751340809361287,0.2089323538690342
0.0009751340809361287,0.20902248862048764
0.0009751340809361287,0.20905253353763878
0.0009751340809361287,0.20917271320624334
0.0009751340809361287,0.20921778058197005
0.0009751340809361287,0.20935298270915018
0.0009751340809361287,0.20938302762630132
0.0009751340809361287,0.20942809500202803
0.0009751340809361287,0.20954827467063258
0.0009751340809361287,0.20962338696351046
0.0009751340809361287,0.2098036564664173
0.0009751340809361287,0.209848723842144
0.0009751340809361287,0.20989379121787072
0.0009751340809361287,0.20992383613502186
0.0009751340809361287,0.21001397088647528
0.0009751340809361287,0.21007406072077756
0.0009751340809361287,0.21013415055507983
0.0009751340809361287,0.21019424038938211
0.0009751340809361287,0.21029939759941113
0.0009751340809361287,0.21032944251656227
0.0009751340809361287,0.2104195772680157
0.0009751340809361287,0.21044962218516683
0.0009751340809361287,0.21059984677092253
0.0009751340809361287,0.2106599366052248
0.0009751340809361287,0.21067495906380038
0.0009751340809361287,0.21070500398095152
0.0009751340809361287,0.21091531840100952
0.0009751340809361287,0.21094536331816066
0.0009751340809361287,0.21096038577673623
0.0009751340809361287,0.21099043069388737
0.0009751340809361287,0.21109558790391636
0.0009751340809361287,0.21114065527964307
0.0009751340809361287,0.2111707001967942
0.0009751340809361287,0.21121576757252092
0.0009751340809361287,0.21135096969970105
0.0009751340809361287,0.2113810146168522
0.0009751340809361287,0.21145612690973004
0.0009751340809361287,0.21157630657833462
0.0009751340809361287,0.2116363964126369
0.0009751340809361287,0.21181666591554374
0.0009751340809361287,0.21184671083269488
0.0009751340809361287,0.21186173329127045
0.0009751340809361287,0.21192182312557273
0.0009751340809361287,0.2119368455841483
0.0009751340809361287,0.21196689050129944
0.0009751340809361287,0.21199693541845058
0.0009751340809361287,0.21202698033560172
0.0009751340809361287,0.21205702525275286
0.0009751340809361287,0.212087070169904
0.0009751340809361287,0.21228236213138643
0.0009751340809361287,0.2123424519656887
0.0009751340809361287,0.21241756425856656
0.0009751340809361287,0.2124476091757177
0.0009751340809361287,0.21250769901001998
0.0009751340809361287,0.2125527663857467
0.0009751340809361287,0.21256778884432226
0.0009751340809361287,0.2125978337614734
0.0009751340809361287,0.2127931257229558
0.0009751340809361287,0.21282317064010697
0.0009751340809361287,0.2129133053915604
0.0009751340809361287,0.21294335030871153
0.0009751340809361287,0.21307855243589166
0.0009751340809361287,0.2131085973530428
0.0009751340809361287,0.21313864227019394
0.0009751340809361287,0.21316868718734508
0.0009751340809361287,0.21318370964592065
0.0009751340809361287,0.2132137545630718
0.0009751340809361287,0.21363438340318777
0.0009751340809361287,0.2136644283203389
0.0009751340809361287,0.21375456307179233
0.0009751340809361287,0.21378460798894347
0.0009751340809361287,0.21382967536467018
0.0009751340809361287,0.21384469782324575
0.0009751340809361287,0.2138747427403969
0.0009751340809361287,0.2139198101161236
0.0009751340809361287,0.2139648774918503
0.0009751340809361287,0.21397989995042588
0.0010563952543474727,0.21400994486757702
0.0010563952543474727,0.21403998978472816
0.0010563952543474727,0.2141301245361816
0.0010563952543474727,0.21431039403908844
0.0010563952543474727,0.21434043895623958
0.0010563952543474727,0.21446061862484414
0.0010563952543474727,0.21449066354199528
0.0010563952543474727,0.21471600042062883
0.0010563952543474727,0.21477609025493113
0.0010563952543474727,0.21485120254780898
0.0010563952543474727,0.21488124746496012
0.0010563952543474727,0.21522676401219823
0.0010563952543474727,0.21525680892934937
0.0010563952543474727,0.21537698859795393
0.0010563952543474727,0.2154521008908318
0.0010563952543474727,0.21548214580798294
0.0010563952543474727,0.21588775218952333
0.0010563952543474727,0.21591779710667447
0.0010563952543474727,0.2160680216924302
0.0010563952543474727,0.21612811152673247
0.0010563952543474727,0.21627833611248817
0.0010563952543474727,0.2163083810296393
0.0010563952543474727,0.21633842594679045
0.0010563952543474727,0.2163684708639416
0.0010563952543474727,0.21644358315681944
0.0010563952543474727,0.21648865053254615
0.0010563952543474727,0.21650367299112172
0.0010563952543474727,0.216563762825424
0.0010563952543474727,0.21657878528399957
0.0010563952543474727,0.2166088302011507
0.0010563952543474727,0.21665389757687742
0.0010563952543474727,0.21669896495260416
0.0010563952543474727,0.21675905478690644
0.0010563952543474727,0.21678909970405758
0.0010563952543474727,0.21683416707978428
0.0010563952543474727,0.216879234455511
0.0010563952543474727,0.21689425691408656
0.0010563952543474727,0.2169243018312377
0.0010563952543474727,0.2169693692069644
0.0010563952543474727,0.21699941412411555
0.0010563952543474727,0.2173449306713537
0.0010563952543474727,0.21737497558850483
0.0010563952543474727,0.21746511033995825
0.0010563952543474727,0.21749515525710938
0.0010563952543474727,0.21751017771568495
0.0010563952543474727,0.2175402226328361
0.0010563952543474727,0.2175852900085628
0.0010563952543474727,0.21761533492571394
0.0010563952543474727,0.2176303573842895
0.0010563952543474727,0.2176904472185918
0.0010563952543474727,0.2178857391800742
0.0010563952543474727,0.21791578409722534
0.0010563952543474727,0.21799089639010322
0.0010563952543474727,0.2180509862244055
0.0010563952543474727,0.21865188456742832
0.0010563952543474727,0.21869695194315503
0.0010563952543474727,0.21895233373893971
0.0010563952543474727,0.219012423573242
0.0010563952543474727,0.21907251340754427
0.0010563952543474727,0.21911758078327098
0.0010563952543474727,0.21914762570042212
0.0010563952543474727,0.2192077155347244
0.0010563952543474727,0.21922273799329997
0.0011376564277588168,0.21922273799329997
0.0011376564277588168,0.219327895203329
0.0011376564277588168,0.21935794012048013
0.0011376564277588168,0.21944807487193355
0.0011376564277588168,0.21947811978908469
0.0011376564277588168,0.2195682545405381
0.0011376564277588168,0.21959829945768924
0.0011376564277588168,0.21962834437484038
0.0011376564277588168,0.21965838929199152
0.0011376564277588168,0.2197184791262938
0.0011376564277588168,0.21974852404344494
0.0011376564277588168,0.2198236363363228
0.0011376564277588168,0.2198687037120495
0.0011376564277588168,0.21989874862920067
0.0011376564277588168,0.2199287935463518
0.0011376564277588168,0.21995883846350295
0.0011376564277588168,0.2199888833806541
0.0011376564277588168,0.22004897321495637
0.0011376564277588168,0.22006399567353194
0.0011376564277588168,0.22009404059068308
0.0011376564277588168,0.22019919780071207
0.0011376564277588168,0.22024426517643877
0.0011376564277588168,0.22030435501074105
0.0011376564277588168,0.22036444484504333
0.0011376564277588168,0.22039448976219447
0.0011376564277588168,0.22040951222077004
0.0011376564277588168,0.22043955713792118
0.0011376564277588168,0.22049964697222346
0.0011376564277588168,0.2205296918893746
0.0011376564277588168,0.22063484909940362
0.0011376564277588168,0.22066489401655476
0.0011376564277588168,0.22075502876800818
0.0011376564277588168,0.2208451635194616
0.0011376564277588168,0.2208902308951883
0.0011376564277588168,0.22092027581233944
0.0011376564277588168,0.22098036564664172
0.0011376564277588168,0.22101041056379286
0.0011376564277588168,0.22105547793951957
0.0011376564277588168,0.2210855228566707
0.0011376564277588168,0.22128081481815315
0.0011376564277588168,0.22134090465245543
0.0011376564277588168,0.2215512190725134
0.0011376564277588168,0.22158126398966455
0.0011376564277588168,0.22159628644824012
0.0011376564277588168,0.22162633136539125
0.0011376564277588168,0.22167139874111796
0.0011376564277588168,0.2217014436582691
0.0011376564277588168,0.2217465110339958
0.0011376564277588168,0.22203193774693167
0.0011376564277588168,0.2220619826640828
0.0011376564277588168,0.22209202758123395
0.0011376564277588168,0.2221220724983851
0.0011376564277588168,0.22218216233268737
0.0011376564277588168,0.2222122072498385
0.0011376564277588168,0.2225727462556522
0.0011376564277588168,0.22260279117280335
0.0011376564277588168,0.22261781363137892
0.0011376564277588168,0.22264785854853006
0.0011376564277588168,0.22281310559286133
0.0011376564277588168,0.22284315051001247
0.0011376564277588168,0.22290324034431475
0.0011376564277588168,0.22293328526146589
0.0011376564277588168,0.22294830772004146
0.0011376564277588168,0.2229783526371926
0.0011376564277588168,0.22300839755434373
0.0011376564277588168,0.22303844247149487
0.0011376564277588168,0.22309853230579715
0.0011376564277588168,0.22312857722294832
0.0011376564277588168,0.2231435996815239
0.0011376564277588168,0.22317364459867503
0.0011376564277588168,0.22336893656015744
0.0011376564277588168,0.22341400393588415
0.0011376564277588168,0.2234440488530353
0.0011376564277588168,0.22347409377018643
0.0011376564277588168,0.22351916114591314
0.0011376564277588168,0.22356422852163985
0.0011376564277588168,0.22357925098021542
0.0011376564277588168,0.22360929589736656
0.0011376564277588168,0.2239548124446047
0.0011376564277588168,0.2239998798203314
0.0011376564277588168,0.22409001457178482
0.0011376564277588168,0.22412005948893596
0.0011376564277588168,0.22416512686466267
0.0011376564277588168,0.22421019424038938
0.0011376564277588168,0.22428530653326723
0.0011376564277588168,0.22431535145041837
0.0011376564277588168,0.22436041882614507
0.0011376564277588168,0.22437544128472064
0.0011376564277588168,0.2244054862018718
0.0011376564277588168,0.22463082308050536
0.0011376564277588168,0.2246608679976565
0.0011376564277588168,0.22487118241771448
0.0011376564277588168,0.22490122733486562
0.0011376564277588168,0.2249162497934412
0.0011376564277588168,0.22494629471059233
0.0011376564277588168,0.22503642946204575
0.0011376564277588168,0.22508149683777248
0.0011376564277588168,0.2252767887992549
0.0011376564277588168,0.22530683371640603
0.0011376564277588168,0.2255772379707663
0.0011376564277588168,0.22560728288791743
0.0011376564277588168,0.22589270960085328
0.0011376564277588168,0.22592275451800442
0.0011376564277588168,0.22620818123094025
0.0011376564277588168,0.2262382261480914
0.0011376564277588168,0.22625324860666696
0.0011376564277588168,0.22629831598239367
0.0011376564277588168,0.2263283608995448
0.0011376564277588168,0.2263433833581204
0.0011376564277588168,0.22637342827527154
0.0011376564277588168,0.22643351810957382
0.0011376564277588168,0.22646356302672496
0.0011376564277588168,0.22650863040245167
0.0011376564277588168,0.2265386753196028
0.0011376564277588168,0.22667387744678294
0.0011376564277588168,0.22670392236393408
0.0011376564277588168,0.2267489897396608
0.0011376564277588168,0.22682410203253864
0.0011376564277588168,0.22685414694968978
0.0011376564277588168,0.22698934907686993
0.0011376564277588168,0.22701939399402107
0.0011376564277588168,0.22703441645259664
0.0011376564277588168,0.22707948382832335
0.0011376564277588168,0.22713957366262563
0.0011376564277588168,0.22716961857977677
0.0011376564277588168,0.22744002283413703
0.0011376564277588168,0.22747006775128817
0.0011376564277588168,0.22762029233704387
0.0011376564277588168,0.22769540462992174
0.0011376564277588168,0.22784562921567744
0.0011376564277588168,0.22789069659140415
0.0011376564277588168,0.22793576396713086
0.0011376564277588168,0.22798083134285757
0.0011376564277588168,0.22799585380143314
0.0011376564277588168,0.22804092117715985
0.0011376564277588168,0.22813105592861327
0.0011376564277588168,0.2281611008457644
0.0011376564277588168,0.22829630297294456
0.0011376564277588168,0.2283263478900957
0.0011376564277588168,0.22841648264154912
0.0011376564277588168,0.22846155001727583
0.0011376564277588168,0.22861177460303153
0.0011376564277588168,0.22864181952018267
0.0011376564277588168,0.2287770216473628
0.0011376564277588168,0.22883711148166508
0.0011376564277588168,0.22901738098457194
0.0011376564277588168,0.22904742590172308
0.0011376564277588168,0.22906244836029865
0.0011376564277588168,0.22910751573602536
0.0011376564277588168,0.2292427178632055
0.0011376564277588168,0.22930280769750777
0.0011376564277588168,0.22957321195186806
0.0011376564277588168,0.2296032568690192
0.0011376564277588168,0.22972343653762375
0.0011376564277588168,0.2297534814547749
0.0011376564277588168,0.230309312422071
0.0011376564277588168,0.23035437979779771
0.0011376564277588168,0.2304595370078267
0.0011376564277588168,0.23048958192497784
0.0011376564277588168,0.2306097615935824
0.0011376564277588168,0.23063980651073354
0.0011376564277588168,0.2307149188036114
0.0011376564277588168,0.23074496372076253
0.0011376564277588168,0.23079003109648924
0.0011376564277588168,0.23082007601364038
0.0011376564277588168,0.23085012093079155
0.0011376564277588168,0.2308801658479427
0.0011376564277588168,0.2309252332236694
0.0011376564277588168,0.23095527814082054
0.0011376564277588168,0.23101536797512282
0.0011376564277588168,0.2310754578094251
0.0011376564277588168,0.23134586206378535
0.0011376564277588168,0.2313759069809365
0.0011376564277588168,0.23148106419096548
0.0011376564277588168,0.23151110910811665
0.0011376564277588168,0.2318866705725059
0.0011376564277588168,0.23191671548965703
0.0011376564277588168,0.2320819625339883
0.0011376564277588168,0.23211200745113944
0.0011376564277588168,0.2321420523682906
0.0011376564277588168,0.2322021422025929
0.0011376564277588168,0.23223218711974403
0.0011376564277588168,0.23226223203689517
0.0011376564277588168,0.23230729941262188
0.0011376564277588168,0.23235236678834859
0.0011376564277588168,0.23253263629125542
0.0011376564277588168,0.23256268120840656
0.0011376564277588168,0.23268286087701112
0.0011376564277588168,0.2327429507113134
0.0011376564277588168,0.23277299562846454
0.0011376564277588168,0.2328030405456157
0.0011376564277588168,0.23287815283849356
0.0011376564277588168,0.2329081977556447
0.0011376564277588168,0.23292322021422027
0.0011376564277588168,0.2329532651313714
0.0011376564277588168,0.23298331004852255
0.0011376564277588168,0.23301335496567369
0.0011376564277588168,0.23314855709285381
0.0011376564277588168,0.23319362446858052
0.0011376564277588168,0.23322366938573166
0.0011376564277588168,0.23334384905433622
0.0011376564277588168,0.23338891643006293
0.0011376564277588168,0.23347905118151638
0.0011376564277588168,0.23350909609866752
0.0011376564277588168,0.2337194105187255
0.0011376564277588168,0.23374945543587664
0.0011376564277588168,0.2337644778944522
0.0011376564277588168,0.23382456772875448
0.0011376564277588168,0.23383959018733005
0.0011376564277588168,0.2338696351044812
0.0011376564277588168,0.23398981477308575
0.0011376564277588168,0.2340198596902369
0.0011376564277588168,0.23403488214881246
0.0011376564277588168,0.23406492706596363
0.0011376564277588168,0.23420012919314376
0.0011376564277588168,0.2342301741102949
0.0011376564277588168,0.23424519656887047
0.0012189176011701609,0.23424519656887047
0.0012189176011701609,0.23426021902744604
0.0012189176011701609,0.23432030886174832
0.0012189176011701609,0.23436537623747503
0.0012189176011701609,0.23441044361320174
0.0012189176011701609,0.23447053344750401
0.0012189176011701609,0.23450057836465515
0.0012189176011701609,0.23451560082323072
0.0012189176011701609,0.23454564574038186
0.0012189176011701609,0.2346207580332597
0.0012189176011701609,0.23465080295041085
0.0012189176011701609,0.23477098261901544
0.0012189176011701609,0.23481604999474215
0.0012189176011701609,0.2348460949118933
0.0012189176011701609,0.23487613982904443
0.0012189176011701609,0.23514654408340468
0.0012189176011701609,0.23520663391770696
0.0012189176011701609,0.23525170129343367
0.0012189176011701609,0.2352817462105848
0.0012189176011701609,0.23531179112773595
0.0012189176011701609,0.2353418360448871
0.0012189176011701609,0.23552210554779396
0.0012189176011701609,0.2355521504649451
0.0012189176011701609,0.23576246488500308
0.0012189176011701609,0.23582255471930536
0.0012189176011701609,0.23591268947075877
0.0012189176011701609,0.2359427343879099
0.0012189176011701609,0.23600282422221222
0.0012189176011701609,0.2360629140565145
0.0012189176011701609,0.23615304880796792
0.0012189176011701609,0.2362131386422702
0.0012189176011701609,0.23624318355942134
0.0012189176011701609,0.23628825093514805
0.0012189176011701609,0.2363182958522992
0.0012189176011701609,0.23642345306232818
0.0012189176011701609,0.23645349797947932
0.0012189176011701609,0.23673892469241517
0.0012189176011701609,0.2367689696095663
0.0012189176011701609,0.23681403698529302
0.0012189176011701609,0.2369792840296243
0.001300178774581505,0.2369792840296243
0.001300178774581505,0.237024351405351
0.001300178774581505,0.2370694187810777
0.001300178774581505,0.23709946369822885
0.001300178774581505,0.2371745759911067
0.001300178774581505,0.2372196433668334
0.001300178774581505,0.23724968828398454
0.001300178774581505,0.23726471074256011
0.001300178774581505,0.23730977811828685
0.001300178774581505,0.23736986795258913
0.001300178774581505,0.23739991286974027
0.001300178774581505,0.2377304069584028
0.001300178774581505,0.23776045187555395
0.001300178774581505,0.23777547433412952
0.001300178774581505,0.23780551925128066
0.001300178774581505,0.2378806315441585
0.001300178774581505,0.23792569891988521
0.001300178774581505,0.23795574383703638
0.001300178774581505,0.23797076629561195
0.001300178774581505,0.2380008112127631
0.001300178774581505,0.23803085612991423
0.001300178774581505,0.23807592350564094
0.001300178774581505,0.2383012603842745
0.001300178774581505,0.23833130530142563
0.001300178774581505,0.23836135021857677
0.001300178774581505,0.2383913951357279
0.001300178774581505,0.23840641759430348
0.001300178774581505,0.23843646251145462
0.001300178774581505,0.23867682184866376
0.001300178774581505,0.2387068667658149
0.001300178774581505,0.23872188922439047
0.001300178774581505,0.23876695660011718
0.001300178774581505,0.2388120239758439
0.001300178774581505,0.23884206889299503
0.001300178774581505,0.23906740577162858
0.001300178774581505,0.23912749560593086
0.001300178774581505,0.239262697733111
0.001300178774581505,0.23933781002598886
0.001300178774581505,0.23936785494314
0.001300178774581505,0.23959319182177355
0.001300178774581505,0.2396232367389247
0.001300178774581505,0.23969834903180254
0.001300178774581505,0.23972839394895368
0.001300178774581505,0.23989364099328497
0.001300178774581505,0.2399236859104361
0.001300178774581505,0.24014902278906966
0.001300178774581505,0.2401790677062208
0.001300178774581505,0.2402241350819475
0.001300178774581505,0.24025417999909865
0.001300178774581505,0.2404795168777322
0.001300178774581505,0.24055462917061007
0.001300178774581505,0.24056965162918564
0.001300178774581505,0.24059969654633678
0.001300178774581505,0.24070485375636577
0.001300178774581505,0.2407348986735169
0.001300178774581505,0.24077996604924362
0.001300178774581505,0.24085507834212147
0.001300178774581505,0.24096023555215046
0.001300178774581505,0.24106539276217945
0.001300178774581505,0.24151606651944657
0.001300178774581505,0.24157615635374885
0.001300178774581505,0.24159117881232442
0.001300178774581505,0.24162122372947556
0.001300178774581505,0.2416512686466267
0.001300178774581505,0.24168131356377784
0.001300178774581505,0.24177144831523126
0.001300178774581505,0.24184656060810913
0.001300178774581505,0.24187660552526027
0.001300178774581505,0.24190665044241141
0.001300178774581505,0.24195171781813812
0.001300178774581505,0.24198176273528926
0.001300178774581505,0.24207189748674268
0.001300178774581505,0.24210194240389382
0.001300178774581505,0.2421169648624694
0.001300178774581505,0.24214700977962053
0.001300178774581505,0.24232727928252737
0.001300178774581505,0.2423573241996785
0.001300178774581505,0.24249252632685867
0.001300178774581505,0.2425225712440098
0.001300178774581505,0.24273288566406778
0.001300178774581505,0.24276293058121892
0.001300178774581505,0.2427779530397945
0.001300178774581505,0.24280799795694563
0.001300178774581505,0.24289813270839905
0.001300178774581505,0.2429281776255502
0.001300178774581505,0.24295822254270133
0.001300178774581505,0.24298826745985247
0.001300178774581505,0.24304835729415475
0.001300178774581505,0.24307840221130592
0.001300178774581505,0.24319858187991047
0.001300178774581505,0.24324364925563718
0.001300178774581505,0.2433337840070906
0.001300178774581505,0.24336382892424174
0.001300178774581505,0.24361921072002643
0.001300178774581505,0.24364925563717757
0.001300178774581505,0.24373939038863102
0.001300178774581505,0.24376943530578216
0.001300178774581505,0.2437994802229333
0.001300178774581505,0.24385957005723558
0.001300178774581505,0.24393468235011342
0.001300178774581505,0.2439947721844157
0.001300178774581505,0.24423513152162482
0.001300178774581505,0.24426517643877596
0.001300178774581505,0.24428019889735153
0.001300178774581505,0.24431024381450267
0.001300178774581505,0.24438535610738055
0.001300178774581505,0.24443042348310726
0.001300178774581505,0.2445055357759851
0.001300178774581505,0.24453558069313625
0.001300178774581505,0.2446557603617408
0.001300178774581505,0.24468580527889194
0.001300178774581505,0.24477594003034536
0.001300178774581505,0.2448059849474965
0.001300178774581505,0.24489611969894992
0.001300178774581505,0.24492616461610106
0.001300178774581505,0.2450012769089789
0.001300178774581505,0.24503132182613008
0.001300178774581505,0.2451665239533102
0.001300178774581505,0.24519656887046135
0.001300178774581505,0.24539186083194375
0.001300178774581505,0.24543692820767046
0.001300178774581505,0.2455120405005483
0.001300178774581505,0.24555710787627502
0.001300178774581505,0.2455721303348506
0.001300178774581505,0.24560217525200173
0.001300178774581505,0.24572235492060632
0.001381439947992849,0.24572235492060632
0.001381439947992849,0.2457824447549086
0.001381439947992849,0.2458275121306353
0.001381439947992849,0.24590262442351316
0.001381439947992849,0.2459326693406643
0.001381439947992849,0.245977736716391
0.001381439947992849,0.24600778163354214
0.001381439947992849,0.24608289392642
0.001381439947992849,0.24614298376072227
0.001381439947992849,0.2464885003079604
0.001381439947992849,0.24651854522511155
0.001381439947992849,0.24657863505941383
0.001381439947992849,0.24660867997656497
0.001381439947992849,0.2467438821037451
0.001381439947992849,0.2467889494794718
0.001381439947992849,0.2468340168551985
0.001381439947992849,0.24690912914807636
0.001381439947992849,0.2469992638995298
0.001381439947992849,0.24702930881668095
0.001381439947992849,0.24717953340243665
0.001381439947992849,0.24722460077816336
0.001381439947992849,0.2474048702810702
0.001381439947992849,0.2474499376567969
0.001381439947992849,0.24747998257394804
0.001381439947992849,0.24751002749109918
0.001381439947992849,0.2475550948668259
0.001381439947992849,0.24760016224255263
0.001381439947992849,0.2476602520768549
0.001381439947992849,0.24769029699400605
0.001381439947992849,0.2478104766626106
0.001381439947992849,0.24784052157976175
0.001381439947992849,0.2478705664969129
0.001381439947992849,0.24790061141406403
0.001381439947992849,0.2479607012483663
0.001381439947992849,0.24799074616551744
0.001381439947992849,0.24800576862409301
0.001381439947992849,0.24803581354124415
0.001381439947992849,0.2480658584583953
0.001381439947992849,0.24809590337554643
0.001381439947992849,0.24814097075127314
0.001381439947992849,0.24818603812699985
0.001381439947992849,0.24833626271275558
0.001381439947992849,0.24836630762990672
0.001381439947992849,0.24851653221566242
0.001381439947992849,0.24854657713281356
0.001381439947992849,0.24863671188426698
0.001381439947992849,0.24866675680141812
0.001381439947992849,0.2489371610557784
0.001381439947992849,0.24899725089008068
0.001381439947992849,0.24920756531013866
0.001381439947992849,0.24925263268586537
0.001381439947992849,0.24931272252016765
0.001381439947992849,0.24935778989589436
0.001381439947992849,0.24940285727162106
0.001381439947992849,0.2494329021887722
0.001381439947992849,0.24962819415025464
0.001381439947992849,0.24965823906740578
0.001381439947992849,0.24968828398455692
0.001381439947992849,0.24973335136028363
0.001381439947992849,0.2497934411945859
0.001381439947992849,0.2499436657803416
0.001381439947992849,0.24997371069749275
0.001381439947992849,0.250033800531795
0.0014627011214041932,0.250033800531795
0.0014627011214041932,0.2501089128246729
0.0014627011214041932,0.2501690026589752
0.0014627011214041932,0.2502591374104286
0.0014627011214041932,0.25028918232757974
0.0014627011214041932,0.2503192272447309
0.0014627011214041932,0.250349272161882
0.0014627011214041932,0.25052954166478886
0.0014627011214041932,0.25055958658194
0.0014627011214041932,0.25058963149909114
0.0014627011214041932,0.2506196764162423
0.0014627011214041932,0.25069478870912015
0.0014627011214041932,0.2507248336262713
0.0014627011214041932,0.250769901001998
0.0014627011214041932,0.2508149683777247
0.0014627011214041932,0.25082999083630025
0.0014627011214041932,0.2508600357534514
0.0014627011214041932,0.25089008067060253
0.0014627011214041932,0.2509201255877537
0.0014627011214041932,0.2510102603392071
0.0014627011214041932,0.25104030525635823
0.0014627011214041932,0.25107035017350937
0.0014627011214041932,0.2511003950906605
0.0014627011214041932,0.2511304400078117
0.0014627011214041932,0.25116048492496285
0.0014627011214041932,0.25186654047801466
0.0014627011214041932,0.2518965853951658
0.0014627011214041932,0.25201676506377035
0.0014627011214041932,0.2520468099809215
0.0014627011214041932,0.2520918773566482
0.0014627011214041932,0.2521820121081016
0.0014627011214041932,0.25221205702525273
0.0014627011214041932,0.2524373939038863
0.0014627011214041932,0.25246743882103745
0.0014627011214041932,0.25248246127961305
0.0014627011214041932,0.2525125061967642
0.0014627011214041932,0.25255757357249087
0.0014627011214041932,0.252587618489642
0.0014627011214041932,0.2526026409482176
0.0014627011214041932,0.25263268586536874
0.0014627011214041932,0.25270779815824657
0.0014627011214041932,0.2527378430753977
0.0014627011214041932,0.25285802274400226
0.0014627011214041932,0.2528880676611534
0.0014627011214041932,0.2529782024126068
0.0014627011214041932,0.2530382922469091
0.0014627011214041932,0.25317349437408926
0.0014627011214041932,0.2532035392912404
0.0014627011214041932,0.2536091456727808
0.0014627011214041932,0.25363919058993195
0.0014627011214041932,0.25395466222001895
0.0014627011214041932,0.2540147520543212
0.0014627011214041932,0.2541349317229258
0.0014627011214041932,0.2541649766400769
0.0014627011214041932,0.2542100440158036
0.0014627011214041932,0.25424008893295474
0.0014627011214041932,0.2543903135187105
0.0014627011214041932,0.25442035843586164
0.0014627011214041932,0.2544353808944372
0.0014627011214041932,0.25451049318731506
0.0014627011214041932,0.25455556056304174
0.0014627011214041932,0.2545856054801929
0.0014627011214041932,0.25466071777307075
0.0014627011214041932,0.25470578514879744
0.0014627011214041932,0.2548409872759776
0.0014627011214041932,0.25487103219312873
0.0014627011214041932,0.25517148136464013
0.001543962294815537,0.25517148136464013
0.001543962294815537,0.25521654874036687
0.001543962294815537,0.255246593657518
0.001543962294815537,0.25566722249763396
0.001543962294815537,0.2556972674147851
0.001543962294815537,0.25589255937626754
0.0016252234682268812,0.25589255937626754
0.0016252234682268812,0.25619300854777893
0.0016252234682268812,0.2562230534649301
0.0016252234682268812,0.25653852509501707
0.0016252234682268812,0.2565685700121682
0.0016252234682268812,0.2568089293493773
0.0016252234682268812,0.25683897426652846
0.0016252234682268812,0.25727462556522
0.0016252234682268812,0.25730467048237116
0.0016252234682268812,0.2574098276924001
0.0016252234682268812,0.25743987260955126
0.0016252234682268812,0.2574699175267024
0.0016252234682268812,0.25751498490242913
0.0016252234682268812,0.2575600522781558
0.0016252234682268812,0.257590097195307
0.0016252234682268812,0.2576501870296093
0.0016252234682268812,0.25768023194676043
0.0016252234682268812,0.2577252993224871
0.0016252234682268812,0.25775534423963825
0.0016252234682268812,0.2579356137425451
0.0016252234682268812,0.25796565865969623
0.0016252234682268812,0.25799570357684737
0.0016252234682268812,0.2580257484939985
0.0016252234682268812,0.25814592816260307
0.0016252234682268812,0.2581759730797542
0.0016252234682268812,0.2583412201240855
0.0016252234682268812,0.25837126504123664
0.0016252234682268812,0.25847642225126566
0.0016252234682268812,0.2585064671684168
0.0016252234682268812,0.2585665570027191
0.0016252234682268812,0.2585966019198702
0.0016252234682268812,0.2587017591298992
0.0016252234682268812,0.2587918938813526
0.0016252234682268812,0.2588670061742305
0.0016252234682268812,0.2588970510913816
0.0016252234682268812,0.2589571409256839
0.0016252234682268812,0.25900220830141063
0.0016252234682268812,0.2590172307599862
0.0016252234682268812,0.2590472756771373
0.0016252234682268812,0.2590622981357129
0.0016252234682268812,0.25909234305286405
0.0016252234682268812,0.25928763501434643
0.0016252234682268812,0.25931767993149757
0.0016252234682268812,0.2594528820586777
0.0016252234682268812,0.25948292697582886
0.0016252234682268812,0.25949794943440446
0.0016252234682268812,0.25954301681013114
0.0016252234682268812,0.25955803926870674
0.0016252234682268812,0.2595880841858579
0.0016252234682268812,0.25963315156158456
0.0016252234682268812,0.2596631964787357
0.0016252234682268812,0.25970826385446244
0.0016252234682268812,0.2597383087716136
0.0016252234682268812,0.25979839860591586
0.0016252234682268812,0.259828443523067
0.0016252234682268812,0.25993360073309596
0.0016252234682268812,0.2599636456502471
0.0016252234682268812,0.2602190274460318
0.0016252234682268812,0.26024907236318295
0.0016252234682268812,0.26032418465606083
0.0016252234682268812,0.26035422957321197
0.0016252234682268812,0.2606697012032989
0.0016252234682268812,0.26069974612045005
0.0016252234682268812,0.2607448134961768
0.0016252234682268812,0.2607748584133279
0.0016252234682268812,0.26088001562335694
0.0016252234682268812,0.2609100605405081
0.0016252234682268812,0.26118046479486834
0.0017064846416382253,0.26118046479486834
0.0017064846416382253,0.261225532170595
0.0017064846416382253,0.26142082413207746
0.0017064846416382253,0.2614508690492286
0.0017064846416382253,0.26158607117640875
0.0017064846416382253,0.2616161160935599
0.0017064846416382253,0.26164616101071103
0.0017064846416382253,0.26167620592786217
0.0017064846416382253,0.26181140805504227
0.0017064846416382253,0.2618414529721934
0.0017064846416382253,0.26202172247510025
0.0017064846416382253,0.2620517673922514
0.0017064846416382253,0.2620818123094026
0.0017064846416382253,0.26212687968512927
0.0017064846416382253,0.26220199197800714
0.0017064846416382253,0.2622470593537338
0.0017064846416382253,0.2622620818123094
0.0017064846416382253,0.26229212672946056
0.0017064846416382253,0.2624123063980651
0.0017064846416382253,0.2624573737737918
0.0017064846416382253,0.2626075983595475
0.0017064846416382253,0.26265266573527424
0.0017064846416382253,0.2627127555695765
0.0017064846416382253,0.26274280048672766
0.0017064846416382253,0.2628629801553322
0.0017064846416382253,0.26290804753105895
0.0017064846416382253,0.2629380924482101
0.0017064846416382253,0.26299818228251237
0.0017064846416382253,0.26311836195111693
0.0017064846416382253,0.26314840686826807
0.0017064846416382253,0.26320849670257035
0.0017064846416382253,0.2632385416197215
0.0017064846416382253,0.26326858653687263
0.0017064846416382253,0.26329863145402377
0.0017064846416382253,0.2634188111226283
0.0017064846416382253,0.26344885603977947
0.0017064846416382253,0.2634939234155062
0.0017064846416382253,0.26352396833265734
0.0017064846416382253,0.2635540132498085
0.0017064846416382253,0.2635840581669596
0.0017064846416382253,0.2636441480012619
0.0017064846416382253,0.26367419291841304
0.0017064846416382253,0.2637042378355642
0.0017064846416382253,0.2637342827527153
0.0017064846416382253,0.26380939504559314
0.0017064846416382253,0.2638394399627443
0.0017064846416382253,0.26407979929995345
0.0017064846416382253,0.26412486667568014
0.0017064846416382253,0.2641699340514069
0.0017064846416382253,0.264199978968558
0.0017064846416382253,0.2642600688028603
0.0017064846416382253,0.26432015863716257
0.0017064846416382253,0.26438024847146485
0.0017064846416382253,0.264410293388616
0.0017064846416382253,0.26444033830576713
0.0017064846416382253,0.26447038322291827
0.0017064846416382253,0.2645004281400694
0.0017064846416382253,0.2645605179743717
0.0017064846416382253,0.2648910120630342
0.0017064846416382253,0.26493607943876096
0.0017064846416382253,0.2650111917316388
0.0017064846416382253,0.2650412366487899
0.0017064846416382253,0.26514639385881894
0.0017064846416382253,0.2651764387759701
0.0017064846416382253,0.26529661844457464
0.0017064846416382253,0.2653266633617258
0.0017064846416382253,0.2653416858203014
0.0017064846416382253,0.26540177565460366
0.0017064846416382253,0.26561209007466163
0.0017064846416382253,0.2656571574503883
0.0017064846416382253,0.2659726290804753
0.0017064846416382253,0.26601769645620205
0.0017064846416382253,0.2660777862905043
0.0017064846416382253,0.2661378761248066
0.0017064846416382253,0.26616792104195774
0.0017064846416382253,0.2661829435005333
0.0017064846416382253,0.2662129884176844
0.0017064846416382253,0.26646837021346914
0.0017064846416382253,0.26655850496492256
0.0017064846416382253,0.2666035723406493
0.0017064846416382253,0.2666636621749516
0.0017064846416382253,0.26672375200925386
0.0017064846416382253,0.2668289092192828
0.0017064846416382253,0.26685895413643396
0.0017064846416382253,0.2669791338050385
0.0017064846416382253,0.26700917872218966
0.0017064846416382253,0.2670392236393408
0.0017064846416382253,0.26706926855649193
0.0017064846416382253,0.26727958297654997
0.0017064846416382253,0.2673096278937011
0.0017064846416382253,0.26738474018657893
0.0017064846416382253,0.26741478510373007
0.0017064846416382253,0.2675499872309102
0.0017064846416382253,0.26758003214806136
0.0017877458150495694,0.26758003214806136
0.0017877458150495694,0.26764012198236364
0.0017877458150495694,0.2676701668995148
0.0017877458150495694,0.2679255486952995
0.0017877458150495694,0.26795559361245064
0.0017877458150495694,0.2679706160710262
0.0017877458150495694,0.2680156834467529
0.0017877458150495694,0.26825604278396203
0.0017877458150495694,0.2683011101596887
0.0017877458150495694,0.26834617753541545
0.0017877458150495694,0.2683762224525666
0.0017877458150495694,0.26839124491114213
0.0017877458150495694,0.2684212898282933
0.0017877458150495694,0.2685264470383223
0.0017877458150495694,0.26855649195547343
0.0017877458150495694,0.26866164916550245
0.0017877458150495694,0.2686916940826536
0.0017877458150495694,0.26875178391695587
0.0017877458150495694,0.268781828834107
0.0017877458150495694,0.2688719635855604
0.0017877458150495694,0.26890200850271156
0.0017877458150495694,0.268992143254165
0.0017877458150495694,0.2690221881713161
0.0017877458150495694,0.2692475250499497
0.0017877458150495694,0.26927756996710084
0.0017877458150495694,0.2693376598014031
0.0017877458150495694,0.26936770471855426
0.0017877458150495694,0.26941277209428094
0.0017877458150495694,0.2694578394700077
0.0017877458150495694,0.2695479742214611
0.0017877458150495694,0.2696230865143389
0.0017877458150495694,0.2698634458515481
0.0017877458150495694,0.26989349076869923
0.0017877458150495694,0.26992353568585037
0.0017877458150495694,0.26998362552015265
0.0017877458150495694,0.2701488725644839
0.0017877458150495694,0.27017891748163503
0.0017877458150495694,0.27020896239878617
0.0017877458150495694,0.2702390073159373
0.0017877458150495694,0.27052443402887316
0.0017877458150495694,0.2705544789460243
0.0017877458150495694,0.27059954632175104
0.0017877458150495694,0.2706295912389022
0.0017877458150495694,0.2708699505761113
0.0017877458150495694,0.2709300404104136
0.0017877458150495694,0.2709600853275647
0.0017877458150495694,0.27099013024471585
0.0017877458150495694,0.271020175161867
0.0017877458150495694,0.27105022007901813
0.0017877458150495694,0.27109528745474487
0.0017877458150495694,0.271125332371896
0.0017877458150495694,0.27115537728904715
0.0017877458150495694,0.27120044466477383
0.0017877458150495694,0.27124551204050057
0.0017877458150495694,0.2712755569576517
0.0017877458150495694,0.2713206243333784
0.0017877458150495694,0.27135066925052953
0.0017877458150495694,0.27138071416768067
0.0017877458150495694,0.2714257815434074
0.0017877458150495694,0.27150089383628523
0.0017877458150495694,0.27153093875343637
0.0017877458150495694,0.2716210735048898
0.0017877458150495694,0.2716511184220409
0.0017877458150495694,0.2717112082563432
0.0018690069884609135,0.2717112082563432
0.0018690069884609135,0.2717412531734944
0.0018690069884609135,0.27177129809064554
0.0018690069884609135,0.2717863205492211
0.0018690069884609135,0.2718163654663722
0.0018690069884609135,0.2719816125107035
0.0018690069884609135,0.27201165742785466
0.0018690069884609135,0.2721168146378836
0.0018690069884609135,0.27214685955503476
0.0018690069884609135,0.27216188201361036
0.0018690069884609135,0.27220694938933704
0.0018690069884609135,0.2722520167650638
0.0018690069884609135,0.2722820616822149
0.0018690069884609135,0.2724022413508195
0.0018690069884609135,0.27246233118512175
0.0018690069884609135,0.27247735364369735
0.0018690069884609135,0.2725073985608485
0.0018690069884609135,0.27271771298090647
0.0018690069884609135,0.2727477578980576
0.0018690069884609135,0.2727928252737843
0.0018690069884609135,0.272837892649511
0.0018690069884609135,0.27286793756666217
0.0018690069884609135,0.2728829600252377
0.0018690069884609135,0.27291300494238885
0.0018690069884609135,0.27301816215241786
0.0018690069884609135,0.273048207069569
0.0018690069884609135,0.2731383418210224
0.0019502681618722574,0.273153364279598
0.0019502681618722574,0.27318340919674916
0.0019502681618722574,0.2732134541139003
0.0019502681618722574,0.2732885664067781
0.0019502681618722574,0.2733486562410804
0.0019502681618722574,0.27337870115823154
0.0019502681618722574,0.2734087460753827
0.0019502681618722574,0.2734538134511094
0.0019502681618722574,0.27348385836826056
0.0019502681618722574,0.2734988808268361
0.0019502681618722574,0.27352892574398724
0.0019502681618722574,0.2737242177054697
0.0019502681618722574,0.2737542626226208
0.0019502681618722574,0.2739645770426788
0.0019502681618722574,0.27400964441840553
0.0019502681618722574,0.2740547117941322
0.0019502681618722574,0.27408475671128335
0.0019502681618722574,0.2742199588384635
0.0019502681618722574,0.27425000375561465
0.0019502681618722574,0.2744302732585215
0.0019502681618722574,0.2744753406342482
0.0019502681618722574,0.27479081226433516
0.0019502681618722574,0.2748208571814863
0.0019502681618722574,0.2749260143915153
0.0019502681618722574,0.27497108176724205
0.0019502681618722574,0.2750461940601199
0.0019502681618722574,0.2750912614358466
0.0019502681618722574,0.27542175552450915
0.0019502681618722574,0.27548184535881143
0.0019502681618722574,0.2758574068232007
0.0019502681618722574,0.27588745174035184
0.0019502681618722574,0.27597758649180526
0.0019502681618722574,0.27603767632610754
0.0019502681618722574,0.2760827437018342
0.0019502681618722574,0.27611278861898536
0.0019502681618722574,0.27617287845328764
0.0019502681618722574,0.2762029233704388
0.0019502681618722574,0.2762479907461655
0.0019502681618722574,0.27627803566331666
0.0019502681618722574,0.27629305812189225
0.0019502681618722574,0.2763231030390434
0.0019502681618722574,0.27642826024907236
0.0019502681618722574,0.2764583051662235
0.0019502681618722574,0.2765183950005258
0.0019502681618722574,0.2765484399176769
0.0019502681618722574,0.2766235522105548
0.0019502681618722574,0.27668364204485707
0.0019502681618722574,0.27678879925488603
0.0019502681618722574,0.27681884417203717
0.0019502681618722574,0.2769240013820662
0.0019502681618722574,0.2769540462992173
0.0019502681618722574,0.2770291585920952
0.0019502681618722574,0.2770742259678219
0.0019502681618722574,0.27713431580212416
0.0019502681618722574,0.2771643607192753
0.0019502681618722574,0.27728454038787986
0.0019502681618722574,0.2773296077636066
0.0019502681618722574,0.27734463022218214
0.0019502681618722574,0.2773746751393333
0.0019502681618722574,0.2774047200564844
0.0019502681618722574,0.27743476497363556
0.0019502681618722574,0.2774648098907867
0.0019502681618722574,0.27749485480793784
0.0019502681618722574,0.2775549446422402
0.0019502681618722574,0.2775849895593913
0.0019502681618722574,0.27782534889660043
0.0019502681618722574,0.27785539381375157
0.0019502681618722574,0.27796055102378053
0.0019502681618722574,0.2780206408580828
0.0019502681618722574,0.2782760226538675
0.0019502681618722574,0.27836615740532095
0.0019502681618722574,0.2783962023224721
0.0019502681618722574,0.2784262472396232
0.0019502681618722574,0.2784412696981988
0.0019502681618722574,0.27847131461534996
0.0019502681618722574,0.2785464269082278
0.0019502681618722574,0.2785764718253789
0.0019502681618722574,0.27860651674253006
0.0019502681618722574,0.2786365616596812
0.0019502681618722574,0.2788168311625881
0.0019502681618722574,0.27884687607973924
0.0019502681618722574,0.27892198837261706
0.0019502681618722574,0.2789520332897682
0.0019502681618722574,0.27899710066549493
0.0019502681618722574,0.2790271455826461
0.0019502681618722574,0.2791623477098262
0.0019502681618722574,0.2791923926269773
0.0019502681618722574,0.27928252737843073
0.0019502681618722574,0.27937266212988415
0.0019502681618722574,0.2794027070470353
0.0019502681618722574,0.27943275196418643
0.0019502681618722574,0.2795679540913666
0.0019502681618722574,0.2796130214670933
0.0019502681618722574,0.27998858293148254
0.0019502681618722574,0.2800186278486337
0.0019502681618722574,0.28015382997581384
0.0019502681618722574,0.2802289422686917
0.0019502681618722574,0.28025898718584286
0.0019502681618722574,0.2803641443958718
0.0019502681618722574,0.28039418931302296
0.0019502681618722574,0.28046930160590083
0.0019502681618722574,0.280499346523052
0.0019502681618722574,0.28070966094310995
0.0019502681618722574,0.2807397058602611
0.0019502681618722574,0.2808298406117145
0.0019502681618722574,0.28085988552886565
0.0019502681618722574,0.2808899304460168
0.0019502681618722574,0.28091997536316793
0.0019502681618722574,0.2810852224074992
0.0019502681618722574,0.28111526732465036
0.0019502681618722574,0.2811903796175282
0.0019502681618722574,0.28125046945183046
0.0019502681618722574,0.2812805143689816
0.0019502681618722574,0.28131055928613274
0.0019502681618722574,0.281370649120435
0.0019502681618722574,0.28158096354049306
0.0019502681618722574,0.2816110084576442
0.0019502681618722574,0.2817011432090976
0.0019502681618722574,0.28173118812624875
0.0019502681618722574,0.2818363453362777
0.0019502681618722574,0.28186639025342886
0.0019502681618722574,0.28197154746345787
0.0019502681618722574,0.282001592380609
0.0019502681618722574,0.2821668394249403
0.0019502681618722574,0.28219688434209145
0.0019502681618722574,0.282211906800667
0.0020315293352836015,0.282211906800667
0.0020315293352836015,0.2823621313864227
0.0020315293352836015,0.2823921763035738
0.0020315293352836015,0.28248231105502725
0.0020315293352836015,0.282527378430754
0.0020315293352836015,0.2826024907236318
0.0021940516821062897,0.2826024907236318
0.0021940516821062897,0.28273769285081196
0.0021940516821062897,0.2827827602265387
0.0021940516821062897,0.2828278276022654
0.0021940516821062897,0.2828578725194165
0.0021940516821062897,0.2830231195637478
0.0021940516821062897,0.28309823185662564
0.0021940516821062897,0.2831583216909279
0.0021940516821062897,0.28318836660807906
0.0021940516821062897,0.2833385911938348
0.0021940516821062897,0.2833836585695615
0.0021940516821062897,0.28344374840386377
0.0021940516821062897,0.2834888157795905
0.0021940516821062897,0.28351886069674165
0.0021940516821062897,0.2835489056138928
0.0021940516821062897,0.2835789505310439
0.0021940516821062897,0.28365406282392175
0.0021940516821062897,0.2836841077410729
0.0021940516821062897,0.2837892649511019
0.0021940516821062897,0.28381930986825304
0.0021940516821062897,0.28398455691258434
0.0021940516821062897,0.284029624288311
0.0021940516821062897,0.284239938708369
0.0021940516821062897,0.28426998362552014
0.0021940516821062897,0.28428500608409574
0.0021940516821062897,0.28437514083554916
0.0021940516821062897,0.28452536542130485
0.0021940516821062897,0.28457043279703154
0.0021940516821062897,0.28469061246563615
0.0021940516821062897,0.28475070229993843
0.0021940516821062897,0.28484083705139185
0.0021940516821062897,0.284870881968543
0.0021940516821062897,0.2849610167199964
0.0021940516821062897,0.28499106163714755
0.0021940516821062897,0.2850211065542987
0.0021940516821062897,0.28508119638860097
0.0021940516821062897,0.28514128622290325
0.0021940516821062897,0.2851713311400544
0.0021940516821062897,0.2853365781843857
0.0021940516821062897,0.2853666231015368
0.0021940516821062897,0.28545675785299024
0.0021940516821062897,0.2854868027701414
0.0021940516821062897,0.2856670722730482
0.0021940516821062897,0.2857121396487749
0.0021940516821062897,0.28574218456592604
0.0021940516821062897,0.2857722294830772
0.0021940516821062897,0.28590743161025733
0.0021940516821062897,0.2859374765274085
0.0021940516821062897,0.2860276112788619
0.0021940516821062897,0.28605765619601303
0.0021940516821062897,0.28662850962188474
0.0021940516821062897,0.286688599456187
0.0021940516821062897,0.2867486892904893
0.0021940516821062897,0.286793756666216
0.0021940516821062897,0.286898913876245
0.0021940516821062897,0.28692895879339614
0.0021940516821062897,0.2869890486276984
0.0022753128555176336,0.2869890486276984
0.0022753128555176336,0.2870942058377274
0.0022753128555176336,0.2871242507548785
0.0022753128555176336,0.28715429567202966
0.0022753128555176336,0.2871843405891808
0.0022753128555176336,0.2872894977992098
0.0022753128555176336,0.28731954271636095
0.0022753128555176336,0.28737963255066323
0.0022753128555176336,0.2874397223849655
0.0022753128555176336,0.28746976730211665
0.0022753128555176336,0.2874998122192678
0.0022753128555176336,0.2876500368050235
0.0022753128555176336,0.28768008172217463
0.0022753128555176336,0.28771012663932577
0.0022753128555176336,0.2877551940150525
0.0022753128555176336,0.28787537368365707
0.002356574028928978,0.28787537368365707
0.002356574028928978,0.2880556431865639
0.002356574028928978,0.28808568810371504
0.002356574028928978,0.28819084531374406
0.002356574028928978,0.2882208902308952
0.002356574028928978,0.2883110249823486
0.002356574028928978,0.28834106989949976
0.002356574028928978,0.28850631694383105
0.002356574028928978,0.2885363618609822
0.002356574028928978,0.2886865864467379
0.002356574028928978,0.28871663136388903
0.002356574028928978,0.2887316538224646
0.002356574028928978,0.2887767211981913
0.002356574028928978,0.28880676611534245
0.002356574028928978,0.28888187840822027
0.002356574028928978,0.288926945783947
0.002356574028928978,0.28904712545255157
0.002356574028928978,0.2890771703697027
0.002356574028928978,0.28910721528685385
0.002356574028928978,0.289137260204005
0.002356574028928978,0.28921237249688286
0.002356574028928978,0.28925743987260955
0.002356574028928978,0.2894677542926675
0.002356574028928978,0.28949779920981866
0.002356574028928978,0.28951282166839426
0.002356574028928978,0.28957291150269654
0.002356574028928978,0.2896029564198477
0.002356574028928978,0.28964802379557436
0.002356574028928978,0.2899935403428125
0.002356574028928978,0.2900536301771148
0.002356574028928978,0.29012874246999265
0.002356574028928978,0.2901587873871438
0.002356574028928978,0.29018883230429493
0.002356574028928978,0.29021887722144607
0.002356574028928978,0.29035407934862617
0.002356574028928978,0.2903841242657773
0.002356574028928978,0.2904592365586552
0.002356574028928978,0.2904892814758063
0.002356574028928978,0.2907897306473177
0.002356574028928978,0.29081977556446886
0.002356574028928978,0.29106013490167804
0.002356574028928978,0.2910901798188292
0.002356574028928978,0.2912404044045849
0.002356574028928978,0.291270449321736
0.002356574028928978,0.2913155166974627
0.002356574028928978,0.29134556161461383
0.002356574028928978,0.2916159658689741
0.002356574028928978,0.29164601078612523
0.002356574028928978,0.29175116799615425
0.002356574028928978,0.2917812129133054
0.002356574028928978,0.2918262802890321
0.002356574028928978,0.29185632520618326
0.002356574028928978,0.2918863701233344
0.002356574028928978,0.29191641504048554
0.002356574028928978,0.2919314374990611
0.002356574028928978,0.2919765048747878
0.002356574028928978,0.29206663962624124
0.002356574028928978,0.2921117070019679
0.002356574028928978,0.29220184175342134
0.002356574028928978,0.2922318866705725
0.002356574028928978,0.2922769540462992
0.002356574028928978,0.29230699896345036
0.002356574028928978,0.2927877176378686
0.002356574028928978,0.29281776255501973
0.002356574028928978,0.29296798714077543
0.002356574028928978,0.29302807697507777
0.002356574028928978,0.29308816680938005
0.002356574028928978,0.2931182117265312
0.002356574028928978,0.2931482566436823
0.002356574028928978,0.293193324019409
0.002356574028928978,0.2932083464779846
0.002356574028928978,0.2932534138537113
0.002356574028928978,0.2932834587708624
0.002356574028928978,0.2933435486051647
0.002356574028928978,0.2933585710637403
0.002356574028928978,0.29338861598089144
0.002356574028928978,0.2934336833566181
0.002356574028928978,0.29346372827376926
0.002356574028928978,0.29368906515240284
0.002356574028928978,0.293719110069554
0.002356574028928978,0.2939594694067631
0.002356574028928978,0.29400453678248983
0.002356574028928978,0.2940195592410654
0.002356574028928978,0.2940496041582165
0.002356574028928978,0.29424489611969895
0.002356574028928978,0.2942749410368501
0.002356574028928978,0.2942899634954257
0.002356574028928978,0.29435005332972797
0.002356574028928978,0.2943650757883035
0.002356574028928978,0.29439512070545465
0.002356574028928978,0.2944401880811814
0.002356574028928978,0.29448525545690807
0.002356574028928978,0.2945153003740592
0.002356574028928978,0.29454534529121035
0.002356574028928978,0.29471059233554164
0.002356574028928978,0.2947406372526928
0.002356574028928978,0.2948307720041462
0.002356574028928978,0.29486081692129734
0.002356574028928978,0.29525140084426216
0.002356574028928978,0.2952814457614133
0.002356574028928978,0.2953565580542912
0.002356574028928978,0.2953866029714423
0.002356574028928978,0.2960475911487674
0.002356574028928978,0.2960926585244941
0.002356574028928978,0.29627292802740096
0.002356574028928978,0.2963029729445521
0.002356574028928978,0.2963931076960055
0.002356574028928978,0.29642315261315666
0.002356574028928978,0.2964531975303078
0.002356574028928978,0.2965132873646101
0.002356574028928978,0.2966184445746391
0.002356574028928978,0.29664848949179023
0.002356574028928978,0.2966785344089414
0.002356574028928978,0.2967085793260925
0.002356574028928978,0.2968137365361215
0.002356574028928978,0.2968437814532726
0.002356574028928978,0.2968738263704238
0.002356574028928978,0.29690387128757495
0.002356574028928978,0.2969188937461505
0.002356574028928978,0.29694893866330163
0.002356574028928978,0.2970240509561795
0.002356574028928978,0.29705409587333065
0.002356574028928978,0.29709916324905733
0.002356574028928978,0.29712920816620847
0.002356574028928978,0.2971592530833596
0.002356574028928978,0.29720432045908635
0.002356574028928978,0.2973996124205687
0.002356574028928978,0.29742965733771987
0.002356574028928978,0.29765499421635344
0.002356574028928978,0.2976850391335046
0.002356574028928978,0.2977000615920802
0.002356574028928978,0.2977301065092313
0.002356574028928978,0.297775173884958
0.002356574028928978,0.29780521880210914
0.002356574028928978,0.297880331094987
0.002356574028928978,0.29791037601213816
0.002356574028928978,0.29804557813931826
0.002356574028928978,0.298090645515045
0.002356574028928978,0.2981807802664984
0.002356574028928978,0.29821082518364955
0.002356574028928978,0.29831598239367857
0.002356574028928978,0.29836104976940525
0.002356574028928978,0.2983910946865564
0.002356574028928978,0.29842113960370753
0.002356574028928978,0.29852629681373655
0.002356574028928978,0.2985563417308877
0.002356574028928978,0.29857136418946323
0.002356574028928978,0.29860140910661437
0.002356574028928978,0.29867652139949225
0.002356574028928978,0.2987065663166434
0.002356574028928978,0.2987366112337945
0.002356574028928978,0.29876665615094566
0.002356574028928978,0.29893190319527696
0.002356574028928978,0.29897697057100364
0.002356574028928978,0.2990070154881548
0.002356574028928978,0.2990370604053059
0.002356574028928978,0.29912719515675934
0.0024378352023403218,0.29912719515675934
0.0024378352023403218,0.29914221761533494
0.0024378352023403218,0.2991722625324861
0.0024378352023403218,0.2992023074496372
0.0024378352023403218,0.29923235236678836
0.0024378352023403218,0.29959289137260203
0.0024378352023403218,0.2996229362897532
0.0024378352023403218,0.29974311595835773
0.0024378352023403218,0.29980320579266
0.0024378352023403218,0.2998182282512356
0.0024378352023403218,0.2998783180855379
0.0024378352023403218,0.2999534303784157
0.0024378352023403218,0.29999849775414245
0.0024378352023403218,0.3000435651298691
0.0024378352023403218,0.30008863250559586
0.0024378352023403218,0.3001787672570493
0.0024378352023403218,0.3002088121742004
0.0024378352023403218,0.3002689020085027
0.0024378352023403218,0.30029894692565384
0.0024378352023403218,0.3003590367599561
0.0024378352023403218,0.30038908167710726
0.0024378352023403218,0.30076464314149653
0.0024378352023403218,0.3007946880586477
0.0024378352023403218,0.3011402046058858
0.0024378352023403218,0.30117024952303695
0.0024378352023403218,0.3012002944401881
0.0024378352023403218,0.3012303393573392
0.0024378352023403218,0.3013655414845194
0.0024378352023403218,0.3013955864016705
0.0024378352023403218,0.3014556762359728
0.0024378352023403218,0.30148572115312394
0.0024378352023403218,0.3015007436116995
0.0024378352023403218,0.3015307885288506
0.0024378352023403218,0.30156083344600176
0.0024378352023403218,0.3016509681974552
0.0024378352023403218,0.3020115072032689
0.0024378352023403218,0.3020565745789956
0.0024378352023403218,0.302462180960536
0.0024378352023403218,0.30249222587768715
0.0024378352023403218,0.3025222707948383
0.0024378352023403218,0.30255231571198943
0.0024378352023403218,0.30274760767347186
0.0024378352023403218,0.302777652590623
0.0024378352023403218,0.3029278771763787
0.0024378352023403218,0.3029729445521054
0.0024378352023403218,0.3030180119278321
0.0024378352023403218,0.30304805684498326
0.0024378352023403218,0.3031682365135878
0.0024378352023403218,0.30319828143073896
0.0024378352023403218,0.3033334835579191
0.0024378352023403218,0.30342361830937253
0.0024378352023403218,0.3034837081436748
0.0024378352023403218,0.30351375306082595
0.0024378352023403218,0.30355882043655263
0.0024378352023403218,0.3035888653537038
0.0024378352023403218,0.30364895518800605
0.0024378352023403218,0.3036790001051572
0.0024378352023403218,0.30375411239803507
0.0024378352023403218,0.3037841573151862
0.0024378352023403218,0.3039494043595175
0.0024378352023403218,0.30397944927666865
0.0024378352023403218,0.3043099433653312
0.0024378352023403218,0.30437003319963346
0.0024378352023403218,0.3044000781167846
0.0024378352023403218,0.3044451454925113
0.0024378352023403218,0.3044601679510869
0.0024378352023403218,0.30450523532681356
0.0024378352023403218,0.3046554599125693
0.0024378352023403218,0.30468550482972045
0.0024378352023403218,0.30473057220544714
0.0024378352023403218,0.3047606171225983
0.0024378352023403218,0.304805684498325
0.0024378352023403218,0.3048657743326273
0.0024378352023403218,0.304910841708354
0.0024378352023403218,0.3049559090840807
0.0024378352023403218,0.30497093154265625
0.0024378352023403218,0.305015998918383
0.0024378352023403218,0.30545165021707454
0.0024378352023403218,0.3054816951342257
0.0024378352023403218,0.30552676250995237
0.0024378352023403218,0.3055568074271035
0.0024378352023403218,0.3057070320128592
0.0024378352023403218,0.3057971667643126
0.0024378352023403218,0.3060825934772485
0.0024378352023403218,0.3061126383943996
0.0024378352023403218,0.30614268331155076
0.0024378352023403218,0.3061727282287019
0.0024378352023403218,0.30621779560442863
0.0024378352023403218,0.3062478405215798
0.0024378352023403218,0.30639806510733547
0.0024378352023403218,0.30644313248306215
0.0024378352023403218,0.3064731774002133
0.0024378352023403218,0.30651824477594003
0.0024378352023403218,0.3065332672345156
0.0024378352023403218,0.30656331215166677
0.0024378352023403218,0.30662340198596905
0.0024378352023403218,0.30671353673742247
0.0024378352023403218,0.30675860411314915
0.0024378352023403218,0.3067886490303003
0.0024378352023403218,0.3068938062403293
0.0024378352023403218,0.30692385115748044
0.0024378352023403218,0.3070890982018117
0.0024378352023403218,0.3071191431189628
0.0024378352023403218,0.3075097270419277
0.0024378352023403218,0.3075547944176544
0.0024378352023403218,0.30794537834061925
0.0024378352023403218,0.30799044571634593
0.0024378352023403218,0.3080054681749215
0.0024378352023403218,0.30803551309207267
0.0024378352023403218,0.30809560292637495
0.0024378352023403218,0.3081556927606772
0.0024378352023403218,0.30817071521925277
0.0024378352023403218,0.3082157825949795
0.0024378352023403218,0.30880165847942675
0.0024378352023403218,0.3088317033965779
0.0024378352023403218,0.30884672585515344
0.0024378352023403218,0.3089068156894557
0.0024378352023403218,0.30895188306518245
0.0024378352023403218,0.30899695044090913
0.0024378352023403218,0.30911713010951375
0.0024378352023403218,0.3091471750266649
0.0024378352023403218,0.30919224240239157
0.0024378352023403218,0.3092222873195427
0.0024378352023403218,0.30935748944672287
0.0024378352023403218,0.309387534363874
0.0024378352023403218,0.30949269157390297
0.0024378352023403218,0.3095227364910541
0.0024378352023403218,0.3096278937010831
0.0024378352023403218,0.30973305091111214
0.0024378352023403218,0.3097480733696877
0.0024378352023403218,0.3097781182868388
0.0024378352023403218,0.3100635449997747
0.0024378352023403218,0.31010861237550136
0.0024378352023403218,0.31031892679555934
0.0024378352023403218,0.3103489717127105
0.0024378352023403218,0.31057430859134405
0.0024378352023403218,0.3106043535084952
0.0024378352023403218,0.31067946580137307
0.0024378352023403218,0.3107095107185242
0.0024378352023403218,0.31073955563567535
0.0024378352023403218,0.31082969038712877
0.0024378352023403218,0.3109048026800066
0.0024378352023403218,0.31096489251430887
0.0024378352023403218,0.3112352967686692
0.0024378352023403218,0.31128036414439586
0.0024378352023403218,0.31135547643727374
0.0024378352023403218,0.3114005438130004
0.0024378352023403218,0.31176108281881415
0.0024378352023403218,0.3117911277359653
0.0024378352023403218,0.3119263298631454
0.0024378352023403218,0.31195637478029653
0.0024378352023403218,0.3120915769074767
0.0024378352023403218,0.3121216218246278
0.0024378352023403218,0.31219673411750565
0.0024378352023403218,0.3122267790346568
0.0024378352023403218,0.31246713837186596
0.0024378352023403218,0.3124971832890171
0.0024378352023403218,0.3125422506647438
0.0024378352023403218,0.3125722955818949
0.0024378352023403218,0.3126323854161972
0.0024378352023403218,0.31266243033334834
0.0024378352023403218,0.3127074977090751
0.0024378352023403218,0.3127225201676506
0.0024378352023403218,0.31275256508480176
0.0024378352023403218,0.3128877672119819
0.0024378352023403218,0.31291781212913305
0.0024378352023403218,0.31302296933916207
0.0024378352023403218,0.3130530142563132
0.0024378352023403218,0.3131581714663422
0.0024378352023403218,0.3131882163834933
0.0024378352023403218,0.31323328375922005
0.0024378352023403218,0.3132633286763712
0.0024378352023403218,0.31338350834497575
0.0024378352023403218,0.3134135532621269
0.0024378352023403218,0.31345862063785357
0.0024378352023403218,0.3135036880135803
0.0024378352023403218,0.3136689350579116
0.0024378352023403218,0.31369897997506274
0.0024378352023403218,0.3137140024336383
0.0024378352023403218,0.3137440473507894
0.0024378352023403218,0.3138942719365451
0.0024378352023403218,0.3139543617708474
0.0024378352023403218,0.31399942914657414
0.0024378352023403218,0.3141646761909054
0.0024378352023403218,0.3141947211080565
0.0024378352023403218,0.31423978848378326
0.0024378352023403218,0.3142698334009344
0.0024378352023403218,0.3144350804452657
0.0024378352023403218,0.3144801478209924
0.0024378352023403218,0.31449517027956797
0.0024378352023403218,0.3145252151967191
0.0024378352023403218,0.31455526011387025
0.0024378352023403218,0.31464539486532367
0.0024378352023403218,0.31475055207535263
0.0024378352023403218,0.3148106419096549
0.0024378352023403218,0.31484068682680605
0.0025190963757516656,0.31484068682680605
0.0025190963757516656,0.3149758889539862
0.0025190963757516656,0.31500593387113734
0.0025190963757516656,0.31502095632971294
0.0025190963757516656,0.3150510012468641
0.0025190963757516656,0.3151411359983175
0.0025190963757516656,0.31517118091546864
0.0025190963757516656,0.3152312707497709
0.0025190963757516656,0.31526131566692206
0.0025190963757516656,0.31562185467273574
0.0025190963757516656,0.3156518995898869
0.0025190963757516656,0.3156969669656136
0.0025190963757516656,0.3157570567999159
0.0025190963757516656,0.31578710171706703
0.0025190963757516656,0.31581714663421817
0.0025190963757516656,0.31595234876139827
0.0025190963757516656,0.315997416137125
0.00260035754916301,0.315997416137125
0.00260035754916301,0.31608755088857843
0.00260035754916301,0.31611759580572957
0.00260035754916301,0.3161326182643051
0.00260035754916301,0.3161626631814563
0.00260035754916301,0.3162527979329097
0.00260035754916301,0.3162978653086364
0.00260035754916301,0.3164030225186654
0.00260035754916301,0.31643306743581656
0.00260035754916301,0.3165532471044211
0.002681618722574354,0.3165532471044211
0.002681618722574354,0.3166584043144501
0.002681618722574354,0.3166884492316012
0.002681618722574354,0.3167485390659035
0.002681618722574354,0.31677858398305464
0.002681618722574354,0.31680862890020584
0.002681618722574354,0.316838673817357
0.002681618722574354,0.3169738759445371
0.002681618722574354,0.3170189433202638
0.002681618722574354,0.3172142352817462
0.002681618722574354,0.31724428019889733
0.002681618722574354,0.3173644598675019
0.002681618722574354,0.31739450478465303
0.002681618722574354,0.31774002133189116
0.002681618722574354,0.3177700662490423
0.002681618722574354,0.3178451785419202
0.002681618722574354,0.31790526837622246
0.002681618722574354,0.3179954031276759
0.002681618722574354,0.318025448044827
0.002681618722574354,0.3181756726305827
0.002681618722574354,0.31820571754773386
0.002681618722574354,0.31822074000630945
0.002681618722574354,0.3182507849234606
0.002681618722574354,0.318340919674914
0.002681618722574354,0.3183859870506407
0.002681618722574354,0.31843105442636743
0.002681618722574354,0.3184911442606697
0.002681618722574354,0.3185362116363964
0.002681618722574354,0.31856625655354753
0.002681618722574354,0.31865639130500095
0.002681618722574354,0.3187014586807277
0.002681618722574354,0.31876154851502997
0.002681618722574354,0.31882163834933225
0.002681618722574354,0.318866705725059
0.002681618722574354,0.3188967506422101
0.002681618722574354,0.31897186293508795
0.002681618722574354,0.3190169303108147
0.002681618722574354,0.3190920426036925
0.002681618722574354,0.31912208752084364
0.002681618722574354,0.3193474243994772
0.002681618722574354,0.31939249177520396
0.002681618722574354,0.31975303078101763
0.002681618722574354,0.3197980981567443
0.002681618722574354,0.3199182778253489
0.002681618722574354,0.3199483227425
0.002681618722574354,0.32009854732825577
0.002681618722574354,0.3201285922454069
0.002681618722574354,0.32014361470398245
0.002681618722574354,0.3202187269968603
0.002681618722574354,0.32038397404119157
0.002681618722574354,0.3204140189583427
0.002681618722574354,0.3204891312512206
0.002681618722574354,0.3205191761683717
0.002681618722574354,0.320684423212703
0.002681618722574354,0.3207445130470053
0.002681618722574354,0.320789580422732
0.002681618722574354,0.3208196253398831
0.002681618722574354,0.32101491730136555
0.002681618722574354,0.32105998467709224
0.002681618722574354,0.3213454113900281
0.002681618722574354,0.32140550122433037
0.002681618722574354,0.3214505686000571
0.002681618722574354,0.32148061351720825
0.002681618722574354,0.3214956359757838
0.002681618722574354,0.32152568089293493
0.002681618722574354,0.32163083810296395
0.002681618722574354,0.3216608830201151
0.002681618722574354,0.3217359953129929
0.002681618722574354,0.3217960851472952
0.002681618722574354,0.3219763546502021
0.002681618722574354,0.3220063995673532
0.002681618722574354,0.3220514669430799
0.002681618722574354,0.3223669385731669
0.002681618722574354,0.3224270284074692
0.002681618722574354,0.32248711824177145
0.002681618722574354,0.3225171631589226
0.002681618722574354,0.32253218561749813
0.002681618722574354,0.3225622305346493
0.002681618722574354,0.322607297910376
0.002681618722574354,0.32263734282752715
0.002681618722574354,0.3227575224961317
0.002681618722574354,0.32287770216473627
0.002681618722574354,0.3230129042919164
0.002681618722574354,0.3230579716676431
0.002681618722574354,0.32308801658479425
0.002681618722574354,0.3232232187119744
0.002681618722574354,0.32325326362912554
0.002681618722574354,0.323448555590608
0.002681618722574354,0.3235386903420614
0.002681618722574354,0.3235837577177881
0.002681618722574354,0.32364384755209036
0.002681618722574354,0.3236738924692415
0.002681618722574354,0.3237790496792705
0.002681618722574354,0.3238241170549972
0.002681618722574354,0.3239292742650262
0.002681618722574354,0.32395931918217735
0.002681618722574354,0.3241395886850842
0.002681618722574354,0.3242297234365376
0.002681618722574354,0.3243348806465666
0.002681618722574354,0.32436492556371777
0.002681618722574354,0.32451515014947346
0.002762879895985698,0.32451515014947346
0.002762879895985698,0.3246203073595025
0.002762879895985698,0.3246503522766536
0.002762879895985698,0.32466537473522916
0.002762879895985698,0.3246954196523803
0.002762879895985698,0.32487568915528714
0.002762879895985698,0.3249207565310139
0.002762879895985698,0.324950801448165
0.002762879895985698,0.32498084636531616
0.002762879895985698,0.3251460934096474
0.002762879895985698,0.32517613832679854
0.002762879895985698,0.325266273078252
0.002762879895985698,0.32529631799540315
0.002762879895985698,0.32534138537112983
0.002762879895985698,0.32537143028828097
0.002762879895985698,0.3254164976640077
0.002762879895985698,0.32544654258115885
0.002762879895985698,0.32549160995688553
0.002762879895985698,0.32552165487403667
0.002762879895985698,0.3255516997911878
0.002762879895985698,0.32559676716691455
0.002762879895985698,0.3257019243769435
0.002762879895985698,0.32573196929409465
0.002762879895985698,0.3257770366698214
0.002762879895985698,0.3258070815869725
0.002762879895985698,0.32585214896269926
0.002762879895985698,0.3258821938798504
0.002762879895985698,0.32604744092418164
0.002762879895985698,0.32613757567563506
0.002762879895985698,0.32615259813421066
0.002762879895985698,0.3261826430513618
0.002762879895985698,0.3262277104270885
0.002762879895985698,0.3262727778028152
0.002762879895985698,0.32628780026139076
0.002762879895985698,0.3263178451785419
0.002762879895985698,0.32643802484714646
0.002762879895985698,0.32646806976429765
0.002762879895985698,0.3264830922228732
0.002762879895985698,0.32652815959859993
0.002762879895985698,0.3265732269743266
0.002844141069397042,0.3265732269743266
0.002844141069397042,0.32660327189147775
0.002844141069397042,0.32699385581444257
0.002844141069397042,0.3270239007315937
0.002844141069397042,0.3270990130244716
0.0029254022428083864,0.3270990130244716
0.0029254022428083864,0.32738443973740744
0.0029254022428083864,0.3274144846545586
0.0029254022428083864,0.3274895969474364
0.0029254022428083864,0.32753466432316314
0.0029254022428083864,0.3275797316988898
0.0029254022428083864,0.32762479907461656
0.0029254022428083864,0.32766986645034324
0.0029254022428083864,0.3276999113674944
0.0029254022428083864,0.32771493382607
0.0029254022428083864,0.3277449787432211
0.0029254022428083864,0.3278050685775234
0.0029254022428083864,0.32785013595325013
0.0029254022428083864,0.3278651584118257
0.0029254022428083864,0.3279102257875524
0.0029254022428083864,0.32803040545615697
0.0029254022428083864,0.3280604503733081
0.0029254022428083864,0.32815058512476153
0.0029254022428083864,0.3282106749590638
0.0029254022428083864,0.3282557423347905
0.0029254022428083864,0.3283608995448195
0.0029254022428083864,0.3284209893791218
0.0029254022428083864,0.3284660567548485
0.0029254022428083864,0.32849610167199966
0.0029254022428083864,0.3285111241305752
0.0029254022428083864,0.32854116904772634
0.0029254022428083864,0.3286613487163309
0.0029254022428083864,0.32869139363348204
0.0029254022428083864,0.32870641609205764
0.0029254022428083864,0.3287364610092088
0.0029254022428083864,0.3287514834677843
0.0029254022428083864,0.32878152838493546
0.0029254022428083864,0.3288265957606622
0.0029254022428083864,0.32911202247359805
0.0029254022428083864,0.3291420673907492
0.0029254022428083864,0.3292772695179293
0.0029254022428083864,0.32930731443508043
0.0029254022428083864,0.3293674042693827
0.0029254022428083864,0.329427494103685
0.0029254022428083864,0.32945753902083613
0.0029254022428083864,0.32947256147941173
0.0029254022428083864,0.32950260639656287
0.0029254022428083864,0.32962278606516743
0.0029254022428083864,0.32965283098231857
0.0029254022428083864,0.3296678534408941
0.0029254022428083864,0.3296978983580453
0.0029254022428083864,0.32986314540237655
0.0029254022428083864,0.3298931903195277
0.0029254022428083864,0.3299232352366788
0.0029254022428083864,0.32995328015382996
0.0029254022428083864,0.3300884822810101
0.0029254022428083864,0.33011852719816126
0.0029254022428083864,0.3302086619496147
0.0029254022428083864,0.3302387068667658
0.0029254022428083864,0.3302837742424925
0.0029254022428083864,0.33032884161821924
0.0029254022428083864,0.330373908993946
0.0029254022428083864,0.3304039539110971
0.0029254022428083864,0.3304490212868238
0.0029254022428083864,0.33047906620397494
0.0029254022428083864,0.3305541784968528
0.0029254022428083864,0.3305992458725795
0.0029254022428083864,0.33064431324830623
0.0029254022428083864,0.33067435816545737
0.0029254022428083864,0.3311700992984512
0.0029254022428083864,0.331245211591329
0.0029254022428083864,0.33142548109423586
0.0029254022428083864,0.33148557092853814
0.0029254022428083864,0.3315156158456893
0.0029254022428083864,0.331560683221416
0.0029254022428083864,0.33157570567999156
0.0029254022428083864,0.3316057505971427
0.0029254022428083864,0.33214655910586327
0.0029254022428083864,0.33219162648158995
0.0029254022428083864,0.3322216713987411
0.0029254022428083864,0.33261225532170596
0.0029254022428083864,0.3326423002388571
0.0029254022428083864,0.3326873676145838
0.0029254022428083864,0.3327324349903105
0.0029254022428083864,0.3328375922003395
0.0029254022428083864,0.3328826595760662
0.0029254022428083864,0.33307795153754866
0.0029254022428083864,0.3331079964546998
0.0029254022428083864,0.3331831087475776
0.0029254022428083864,0.33321315366472876
0.0029254022428083864,0.33336337825048445
0.0029254022428083864,0.3333934231676356
0.0029254022428083864,0.33343849054336233
0.0029254022428083864,0.333483557919089
0.0029254022428083864,0.33358871512911803
0.0029254022428083864,0.33361876004626917
0.0029254022428083864,0.33369387233914705
0.0029254022428083864,0.33373893971487373
0.0029254022428083864,0.33382907446632715
0.0030066634162197303,0.33382907446632715
0.0030066634162197303,0.3338741418420539
0.0030066634162197303,0.333904186759205
0.0030066634162197303,0.33399432151065844
0.003087924589631074,0.33399432151065844
0.003087924589631074,0.33495575885949497
0.003087924589631074,0.3349858037766461
0.003087924589631074,0.33506091606952393
0.003087924589631074,0.33510598344525067
0.003087924589631074,0.3351360283624018
0.003087924589631074,0.33516607327955295
0.003087924589631074,0.3352111406552796
0.003087924589631074,0.33524118557243077
0.003087924589631074,0.3352712304895819
0.003087924589631074,0.33530127540673305
0.003087924589631074,0.3354364775339132
0.003087924589631074,0.33546652245106434
0.003087924589631074,0.3355867021196689
0.003087924589631074,0.33561674703682004
0.003087924589631074,0.33570688178827346
0.003087924589631074,0.3357369267054246
0.003087924589631074,0.3359021737497559
0.003087924589631074,0.33593221866690703
0.003087924589631074,0.3363979148827497
0.003087924589631074,0.33642795979990087
0.003087924589631074,0.33662325176138325
0.003087924589631074,0.3366532966785344
0.003087924589631074,0.3366983640542611
0.003087924589631074,0.3368636110985924
0.003087924589631074,0.33689365601574356
0.003087924589631074,0.3369687683086214
0.003087924589631074,0.3370138356843481
0.003087924589631074,0.3371189928943771
0.003087924589631074,0.3371640602701038
0.003087924589631074,0.3372241501044061
0.003087924589631074,0.33723917256298164
0.003087924589631074,0.3372692174801328
0.003087924589631074,0.3373743746901618
0.003087924589631074,0.33740441960731293
0.003087924589631074,0.3375396217344931
0.003087924589631074,0.33756966665164423
0.003087924589631074,0.33758468911021977
0.003087924589631074,0.33764477894452205
0.003087924589631074,0.33821563237039376
0.003087924589631074,0.33827572220469604
0.003087924589631074,0.3384409692490273
0.003087924589631074,0.3384710141661784
0.003087924589631074,0.33856114891763184
0.003087924589631074,0.3386212387519341
0.003087924589631074,0.33865128366908526
0.003087924589631074,0.3387113735033876
0.003087924589631074,0.33874141842053873
0.003087924589631074,0.3387864857962654
0.003087924589631074,0.33881653071341655
0.003087924589631074,0.33892168792344557
0.003087924589631074,0.3389968002163234
0.003087924589631074,0.3392521820121081
0.003087924589631074,0.3392972493878348
0.003087924589631074,0.33943245151501494
0.003087924589631074,0.3394624964321661
0.003087924589631074,0.3395075638078928
0.003087924589631074,0.3395526311836195
0.003087924589631074,0.33959769855934624
0.003087924589631074,0.3396277434764974
0.003087924589631074,0.3396427659350729
0.003087924589631074,0.33968783331079966
0.003087924589631074,0.33973290068652634
0.003087924589631074,0.3397779680622531
0.003087924589631074,0.3398080129794042
0.003087924589631074,0.34000330494088665
0.003087924589631074,0.3400333498580378
0.003087924589631074,0.34013850706806675
0.003087924589631074,0.34019859690236903
0.003087924589631074,0.3404840236153049
0.003087924589631074,0.3405591359081827
0.003087924589631074,0.3406793155767873
0.003087924589631074,0.34070936049393846
0.003087924589631074,0.340724382952514
0.003087924589631074,0.3407844727868163
0.003087924589631074,0.3409647422897231
0.003087924589631074,0.34099478720687426
0.003087924589631074,0.3411299893340544
0.003087924589631074,0.34116003425120556
0.003087924589631074,0.3411750567097811
0.003087924589631074,0.3412351465440834
0.003087924589631074,0.34141541604699027
0.003087924589631074,0.3414454609641414
0.003087924589631074,0.34162573046704825
0.003087924589631074,0.3416557753841994
0.003087924589631074,0.34186608980425737
0.003087924589631074,0.34192617963855965
0.003087924589631074,0.3422867186443733
0.003087924589631074,0.34231676356152446
0.003087924589631074,0.3423618309372512
0.003087924589631074,0.34239187585440234
0.003087924589631074,0.34248201060585576
0.003087924589631074,0.3425120555230069
0.003087924589631074,0.34252707798158244
0.003087924589631074,0.3425721453573092
0.003087924589631074,0.3425871678158848
0.003087924589631074,0.3426172127330359
0.003087924589631074,0.34279748223594275
0.003087924589631074,0.3428275271530939
0.003087924589631074,0.34284254961166943
0.003087924589631074,0.3428725945288206
0.003087924589631074,0.3430528640317274
0.003087924589631074,0.34308290894887855
0.003087924589631074,0.34314299878318083
0.003087924589631074,0.34317304370033197
0.003087924589631074,0.34348851533041896
0.003087924589631074,0.3435185602475701
0.003087924589631074,0.3438190094190815
0.003087924589631074,0.343909144170535
0.003087924589631074,0.34396923400483725
0.003087924589631074,0.34401430138056394
0.003087924589631074,0.34410443613201736
0.003087924589631074,0.34416452596631963
0.003087924589631074,0.34417954842489523
0.003087924589631074,0.34426968317634865
0.003087924589631074,0.34446497513783103
0.003087924589631074,0.3444950200549822
0.003087924589631074,0.3445400874307089
0.003087924589631074,0.34457013234786005
0.003087924589631074,0.3446001772650112
0.003087924589631074,0.3446302221821623
0.003087924589631074,0.34487058151937144
0.003087924589631074,0.3449006264365226
0.003087924589631074,0.3449306713536737
0.003087924589631074,0.34497573872940046
0.003087924589631074,0.3451560082323073
0.003087924589631074,0.34518605314945844
0.003087924589631074,0.34533627773521414
0.003087924589631074,0.3453663226523653
0.003087924589631074,0.345411390028092
0.003087924589631074,0.34544143494524315
0.003087924589631074,0.3454714798623943
0.0031691857630424185,0.3454714798623943
0.0031691857630424185,0.345516547238121
0.0031691857630424185,0.34574188411675455
0.0031691857630424185,0.3458169964096324
0.0031691857630424185,0.3459521985368125
0.0031691857630424185,0.34599726591253926
0.0031691857630424185,0.3460122883711148
0.0031691857630424185,0.34604233328826595
0.0031691857630424185,0.3460874006639927
0.0031691857630424185,0.3461174455811438
0.0031691857630424185,0.34628269262547506
0.0031691857630424185,0.34634278245977734
0.0031691857630424185,0.3463878498355041
0.0031691857630424185,0.3464779845869575
0.0031691857630424185,0.34650802950410864
0.0031691857630424185,0.3465380744212598
0.0031691857630424185,0.34689861342707345
0.0031691857630424185,0.3469286583442246
0.0031691857630424185,0.3469887481785269
0.0031691857630424185,0.3470338155542536
0.0031691857630424185,0.3470939053885559
0.0031691857630424185,0.3471840401400093
0.0031691857630424185,0.34721408505716045
0.0031691857630424185,0.3476948037315787
0.0031691857630424185,0.3477248486487299
0.0031691857630424185,0.3478149834001833
0.0031691857630424185,0.3479051181516367
0.0031691857630424185,0.3479501855273634
0.0031691857630424185,0.34798023044451454
0.0031691857630424185,0.34822058978172366
0.0031691857630424185,0.3482656571574504
0.0031691857630424185,0.34885153304189764
0.0031691857630424185,0.3488966004176243
0.0031691857630424185,0.3489717127105022
0.0032504469364537623,0.3489717127105022
0.0032504469364537623,0.3490318025448045
0.0032504469364537623,0.3494223864677693
0.0032504469364537623,0.34945243138492044
0.0032504469364537623,0.3495125212192227
0.0032504469364537623,0.34954256613637386
0.0032504469364537623,0.34955758859494945
0.0032504469364537623,0.3495876335121006
0.0032504469364537623,0.34966274580497847
0.0032504469364537623,0.3496927907221296
0.0032504469364537623,0.3498430153078853
0.0032504469364537623,0.349888082683612
0.0032504469364537623,0.35000826235221655
0.0032504469364537623,0.3500383072693677
0.0032504469364537623,0.3500833746450944
0.0032504469364537623,0.3501284420208211
0.0032504469364537623,0.35017350939654784
0.0032504469364537623,0.350203554313699
0.0032504469364537623,0.35033875644087914
0.0032504469364537623,0.3503688013580303
0.0032504469364537623,0.35042889119233256
0.0032504469364537623,0.3504589361094837
0.0032504469364537623,0.35056409331951266
0.0032504469364537623,0.3505941382366638
0.0032504469364537623,0.3507593852809951
0.0032504469364537623,0.3508044526567218
0.0032504469364537623,0.3508194751152974
0.0032504469364537623,0.3508495200324485
0.0032504469364537623,0.35087956494959965
0.0032504469364537623,0.3509096098667508
0.0032504469364537623,0.35104481199393095
0.0032504469364537623,0.3510748569110821
0.0032504469364537623,0.3514053509997446
0.0032504469364537623,0.35143539591689577
0.0032504469364537623,0.3515555755855003
0.0032504469364537623,0.35158562050265146
0.0032504469364537623,0.35181095738128504
0.0032504469364537623,0.3518410022984362
0.0032504469364537623,0.3519311370498896
0.0032504469364537623,0.35196118196704074
0.0032504469364537623,0.3519912268841919
0.0032504469364537623,0.35205131671849416
0.0032504469364537623,0.35211140655279644
0.0032504469364537623,0.3521564739285231
0.0032504469364537623,0.35218651884567426
0.0032504469364537623,0.3522165637628254
0.0032504469364537623,0.3522466086799766
0.0032504469364537623,0.35257710276863913
0.0032504469364537623,0.35260714768579027
0.0032504469364537623,0.35266723752009255
0.0032504469364537623,0.3526972824372437
0.0032504469364537623,0.3527723947301215
0.0032504469364537623,0.3528324845644238
0.0032504469364537623,0.35313293373593524
0.0032504469364537623,0.3531629786530864
0.0032504469364537623,0.3531780011116619
0.0034129692832764505,0.35320804602881306
0.0034129692832764505,0.3532380909459642
0.0034129692832764505,0.35326813586311534
0.0034129692832764505,0.35352351765890005
0.0034129692832764505,0.35358360749320233
0.0034129692832764505,0.3536436973275046
0.0034129692832764505,0.35367374224465575
0.0034129692832764505,0.35374885453753363
0.0034129692832764505,0.35383898928898705
0.0034129692832764505,0.3539591689575916
0.0034129692832764505,0.35398921387474275
0.0034129692832764505,0.3540192587918939
0.0034129692832764505,0.354049303709045
0.0034129692832764505,0.35407934862619617
0.0034129692832764505,0.3541093935433473
0.0034129692832764505,0.3544248651734343
0.0034129692832764505,0.35445491009058544
0.0034129692832764505,0.3545149999248877
0.0034129692832764505,0.35454504484203886
0.0034129692832764505,0.35459011221776554
0.0034129692832764505,0.3546201571349167
0.0034129692832764505,0.35492060630642813
0.0034129692832764505,0.3549656736821548
0.0034129692832764505,0.35499571859930595
0.0034129692832764505,0.3550407859750327
0.0034129692832764505,0.35507083089218383
0.0034129692832764505,0.3550858533507594
0.0034129692832764505,0.35514594318506165
0.0034129692832764505,0.3551910105607884
0.0034129692832764505,0.35522105547793953
0.0034129692832764505,0.35523607793651507
0.0034129692832764505,0.3552661228536662
0.0034129692832764505,0.35540132498084637
0.0034129692832764505,0.3554313698979975
0.0034129692832764505,0.3557468415280845
0.0034129692832764505,0.3557919089038112
0.0034129692832764505,0.35601724578244476
0.0034129692832764505,0.3560472906995959
0.0034129692832764505,0.35607733561674704
0.0034129692832764505,0.3561073805338982
0.0034129692832764505,0.3561224029924738
0.0034129692832764505,0.35616747036820046
0.0034129692832764505,0.3562726275782295
0.0034129692832764505,0.35633271741253175
0.0034129692832764505,0.3563627623296829
0.0034129692832764505,0.35639280724683403
0.0034129692832764505,0.3564378746225607
0.0034129692832764505,0.3567533462526477
0.0034129692832764505,0.35678339116979885
0.0034129692832764505,0.3568284585455256
0.0034129692832764505,0.3569636606727057
0.0034129692832764505,0.35702375050700796
0.0034129692832764505,0.3570688178827347
0.0034129692832764505,0.35709886279988584
0.0034129692832764505,0.3571439301756125
0.0034129692832764505,0.35723406492706594
0.0034129692832764505,0.3572641098442171
0.0034129692832764505,0.3572791323027927
0.0034129692832764505,0.3573091772199438
0.0034129692832764505,0.3574744242642751
0.0034129692832764505,0.35750446918142625
0.0034129692832764505,0.3575194916400018
0.0034129692832764505,0.3576096263914552
0.0034129692832764505,0.3576847386843331
0.0034129692832764505,0.35771478360148423
0.0034129692832764505,0.3577748734357865
0.0034129692832764505,0.35780491835293765
0.0034129692832764505,0.3578199408115132
0.0034129692832764505,0.35786500818723993
0.0034129692832764505,0.35804527769014677
0.0034129692832764505,0.3580753226072979
0.0034129692832764505,0.3587813781603497
0.0034129692832764505,0.35882644553607645
0.0034129692832764505,0.35888653537037873
0.0034129692832764505,0.3589165802875299
0.0034129692832764505,0.358946625204681
0.0034129692832764505,0.35912689470758785
0.0034129692832764505,0.35917196208331453
0.0034129692832764505,0.3592320519176168
0.0034129692832764505,0.3592921417519191
0.0034129692832764505,0.35936725404479697
0.0034129692832764505,0.3593972989619481
0.0034129692832764505,0.35944236633767485
0.0034129692832764505,0.359472411254826
0.0034129692832764505,0.3595625460062794
0.0034129692832764505,0.35959259092343054
0.0034129692832764505,0.3597578379677618
0.0034129692832764505,0.3597878828849129
0.0034129692832764505,0.3598029053434885
0.0034129692832764505,0.35983295026063966
0.0034129692832764505,0.3599080625535175
0.0034129692832764505,0.3599681523878198
0.0034129692832764505,0.36013339943215106
0.0034129692832764505,0.36019348926645334
0.0034129692832764505,0.3603136689350579
0.0034129692832764505,0.36035873631078463
0.0034129692832764505,0.3603737587693602
0.0034129692832764505,0.3604188261450869
0.0034129692832764505,0.36059909564799375
0.0034129692832764505,0.3606441630237205
0.0034129692832764505,0.36070425285802277
0.0034129692832764505,0.3607342977751739
0.0034129692832764505,0.3607793651509006
0.0034129692832764505,0.36080941006805173
0.0034129692832764505,0.36083945498520287
0.0034129692832764505,0.3609596346538074
0.0034129692832764505,0.36100470202953416
0.0034129692832764505,0.3610347469466853
0.0034129692832764505,0.3611248816981387
0.0034129692832764505,0.36115492661528986
0.0034129692832764505,0.3612300389081677
0.0034129692832764505,0.36129012874247
0.0034129692832764505,0.36132017365962116
0.0034129692832764505,0.3613502185767723
0.0034129692832764505,0.36136524103534784
0.0034129692832764505,0.361395285952499
0.0034129692832764505,0.3616506677482837
0.0034129692832764505,0.36168071266543483
0.0034129692832764505,0.361710757582586
0.0034129692832764505,0.3617408024997371
0.0034129692832764505,0.36192107200264395
0.0034129692832764505,0.3619511169197951
0.0034129692832764505,0.36199618429552183
0.0034129692832764505,0.36202622921267297
0.0034129692832764505,0.3621163639641264
0.0034129692832764505,0.3621464088812775
0.0034129692832764505,0.36223654363273095
0.0034942304566877944,0.36223654363273095
0.0034942304566877944,0.3622665885498821
0.0034942304566877944,0.3622966334670332
0.0034942304566877944,0.36238676821848664
0.0034942304566877944,0.3624168131356378
0.0034942304566877944,0.3631679360644163
0.0034942304566877944,0.36319798098156747
0.0034942304566877944,0.36349843015307887
0.0034942304566877944,0.36355851998738115
0.0034942304566877944,0.3636035873631078
0.0034942304566877944,0.36363363228025897
0.0034942304566877944,0.363843946700317
0.0034942304566877944,0.36387399161746814
0.0034942304566877944,0.36394910391034596
0.0034942304566877944,0.3639791488274971
0.0034942304566877944,0.3640392386617994
0.0034942304566877944,0.3641443958718284
0.0034942304566877944,0.36417444078897954
0.0034942304566877944,0.36426457554043296
0.0034942304566877944,0.3642946204575841
0.0034942304566877944,0.36430964291615964
0.0034942304566877944,0.3643847552090375
0.0034942304566877944,0.36439977766761306
0.0034942304566877944,0.3644298225847642
0.0034942304566877944,0.3644598675019154
0.0034942304566877944,0.3645049348776421
0.0034942304566877944,0.3645950696290955
0.0034942304566877944,0.36464013700482223
0.0034942304566877944,0.36467018192197337
0.0034942304566877944,0.3647002268391245
0.0034942304566877944,0.3647452942148512
0.0034942304566877944,0.3647903615905779
0.0034942304566877944,0.36486547388345575
0.0034942304566877944,0.3648955188006069
0.0034942304566877944,0.3649405861763336
0.0034942304566877944,0.36497063109348477
0.0034942304566877944,0.3650607658449382
0.0034942304566877944,0.36512085567924046
0.0034942304566877944,0.36528610272357176
0.0034942304566877944,0.3653161476407229
0.0034942304566877944,0.36533117009929844
0.0034942304566877944,0.3653762374750252
0.0034942304566877944,0.36542130485075186
0.0034942304566877944,0.3654663722264786
0.0034942304566877944,0.3655414845193564
0.0034942304566877944,0.36557152943650756
0.0035754916300991387,0.36557152943650756
0.0035754916300991387,0.3656165968122343
0.0035754916300991387,0.36563161927080984
0.0035754916300991387,0.365661664187961
0.0035754916300991387,0.3657067315636877
0.0035754916300991387,0.365871978608019
0.0035754916300991387,0.3659320684423213
0.0035754916300991387,0.36614238286237927
0.0035754916300991387,0.3661724277795304
0.0035754916300991387,0.3663827421995884
0.0035754916300991387,0.3664127871167395
0.0035754916300991387,0.3664278095753151
0.0035754916300991387,0.36645785449246626
0.0035754916300991387,0.36650292186819294
0.0036567528035104826,0.36650292186819294
0.0036567528035104826,0.36695359562546004
0.0036567528035104826,0.3669836405426112
0.0036567528035104826,0.3670287079183379
0.003738013976921827,0.3670287079183379
0.003738013976921827,0.36707377529406465
0.003738013976921827,0.3671038202112158
0.003738013976921827,0.36713386512836693
0.003738013976921827,0.3671789325040936
0.003738013976921827,0.36720897742124475
0.003738013976921827,0.3672390223383959
0.003738013976921827,0.3672540447969715
0.003738013976921827,0.36728408971412263
0.003738013976921827,0.3676446287199363
0.003738013976921827,0.36767467363708745
0.003738013976921827,0.3677197410128142
0.003738013976921827,0.3677497859299653
0.003738013976921827,0.367794853305692
0.003738013976921827,0.3678699655985699
0.003738013976921827,0.3683657067315637
0.003738013976921827,0.36839575164871485
0.003738013976921827,0.3684708639415927
0.003738013976921827,0.3685009088587438
0.003738013976921827,0.36859104361019723
0.003738013976921827,0.3686210885273484
0.003738013976921827,0.36868117836165065
0.003738013976921827,0.3687112232788018
0.003738013976921827,0.36875629065452853
0.003819275150333171,0.36875629065452853
0.003819275150333171,0.3688013580302552
0.003819275150333171,0.36884642540598195
0.003819275150333171,0.3689065152402842
0.003819275150333171,0.36893656015743537
0.003819275150333171,0.3690717622846155
0.003819275150333171,0.3691318521189178
0.003819275150333171,0.36923700932894676
0.003819275150333171,0.3692670542460979
0.003819275150333171,0.3693571889975513
0.0039005363237445147,0.3693571889975513
0.0039005363237445147,0.36938723391470246
0.0039005363237445147,0.3694172788318536
0.0039005363237445147,0.369507413583307
0.0039005363237445147,0.36953745850045816
0.0039005363237445147,0.36961257079333604
0.0039005363237445147,0.3696426157104872
0.0039005363237445147,0.3699881322577253
0.0039005363237445147,0.37001817717487645
0.0039005363237445147,0.3701984466777833
0.0039005363237445147,0.37022849159493443
0.0039005363237445147,0.3707392551865038
0.0039005363237445147,0.37076930010365494
0.0039005363237445147,0.3708894797722595
0.0039005363237445147,0.37094956960656184
0.0039005363237445147,0.3710096594408641
0.0039005363237445147,0.37103970435801525
0.0039005363237445147,0.3710547268165908
0.0039005363237445147,0.37108477173374194
0.0039005363237445147,0.37109979419231753
0.0039005363237445147,0.3711448615680442
0.0039005363237445147,0.3711598840266198
0.0039005363237445147,0.3712199738609221
0.0039005363237445147,0.3712950861537999
0.0039005363237445147,0.37134015352952665
0.0039005363237445147,0.37138522090525333
0.0039005363237445147,0.3714152658224045
0.0039005363237445147,0.3715654904081602
0.0039005363237445147,0.3716105577838869
0.0039005363237445147,0.37164060270103805
0.0039005363237445147,0.3716706476181892
0.0039005363237445147,0.3717607823696426
0.0039005363237445147,0.37180584974536934
0.0039005363237445147,0.371850917121096
0.0039005363237445147,0.37188096203824716
0.0039005363237445147,0.37189598449682276
0.0039005363237445147,0.3719260294139739
0.0039005363237445147,0.3719710967897006
0.0039005363237445147,0.37203118662400286
0.0039005363237445147,0.37204620908257846
0.0039005363237445147,0.37209127645830514
0.0039005363237445147,0.37210629891688074
0.0039005363237445147,0.37219643366833416
0.0039005363237445147,0.3724668379226944
0.0039005363237445147,0.37249688283984556
0.0039005363237445147,0.37257199513272343
0.0039005363237445147,0.37260204004987457
0.0039005363237445147,0.37266212988417685
0.0039005363237445147,0.37272221971847913
0.0039005363237445147,0.37275226463563027
0.0039005363237445147,0.3727823095527814
0.0039005363237445147,0.37281235446993255
0.0039005363237445147,0.37287244430423483
0.003981797497155859,0.37287244430423483
0.003981797497155859,0.3730376913485661
0.003981797497155859,0.37306773626571726
0.003981797497155859,0.3730977811828684
0.003981797497155859,0.37312782610001954
0.003981797497155859,0.37327805068577524
0.003981797497155859,0.3733080956029264
0.003981797497155859,0.3734583201886821
0.003981797497155859,0.3734883651058332
0.003981797497155859,0.37374374690161793
0.003981797497155859,0.3737888142773446
0.003981797497155859,0.37398410623882705
0.003981797497155859,0.3740141511559782
0.003981797497155859,0.37404419607312933
0.003981797497155859,0.3741042859074316
0.003981797497155859,0.37413433082458275
0.003981797497155859,0.37422446557603617
0.003981797497155859,0.3742545104931873
0.003981797497155859,0.3743146003274896
0.003981797497155859,0.37434464524464073
0.003981797497155859,0.3744197575375186
0.003981797497155859,0.37444980245466974
0.003981797497155859,0.3744798473718209
0.003981797497155859,0.374509892288972
0.003981797497155859,0.3745549596646987
0.003981797497155859,0.3746601168747277
0.003981797497155859,0.37469016179187886
0.003981797497155859,0.37472020670903
0.003981797497155859,0.3747802965433323
0.003981797497155859,0.374825363919059
0.003981797497155859,0.3748854537533613
0.003981797497155859,0.3749605660462391
0.003981797497155859,0.37500563342196586
0.003981797497155859,0.3750206558805414
0.003981797497155859,0.37505070079769254
0.003981797497155859,0.3752760376763261
0.003981797497155859,0.37530608259347725
0.003981797497155859,0.37541123980350627
0.003981797497155859,0.3754412847206574
0.003981797497155859,0.3755764868478375
0.003981797497155859,0.37560653176498865
0.003981797497155859,0.37569666651644207
0.003981797497155859,0.3757267114335932
0.003981797497155859,0.3758318686436222
0.003981797497155859,0.37590698093650005
0.003981797497155859,0.3759820932293779
0.003981797497155859,0.37601213814652906
0.003981797497155859,0.37631258731804046
0.003981797497155859,0.3763426322351916
0.003981797497155859,0.37638769961091834
0.003981797497155859,0.3764177445280695
0.003981797497155859,0.37647783436237175
0.003981797497155859,0.3765078792795229
0.003981797497155859,0.37652290173809844
0.003981797497155859,0.3765679691138252
0.003981797497155859,0.376748238616732
0.004063058670567203,0.376748238616732
0.004063058670567203,0.37677828353388315
0.004063058670567203,0.3768083284510343
0.004063058670567203,0.37686841828533657
0.004063058670567203,0.37692850811963885
0.004063058670567203,0.37695855303679
0.004063058670567203,0.3769735754953656
0.004063058670567203,0.37703366532966787
0.004063058670567203,0.37724397974972584
0.004144319843978547,0.37724397974972584
0.004144319843978547,0.3773641594183304
0.004144319843978547,0.37740922679405714
0.004144319843978547,0.3774242492526327
0.004144319843978547,0.3774542941697838
0.004144319843978547,0.3775294064626617
0.004144319843978547,0.377589496296964
0.004144319843978547,0.37763456367269066
0.004144319843978547,0.37769465350699294
0.004144319843978547,0.37770967596556854
0.004225581017389891,0.37770967596556854
0.004225581017389891,0.3777697657998708
0.004225581017389891,0.37779981071702196
0.004225581017389891,0.37805519251280667
0.004225581017389891,0.3780852374299578
0.004225581017389891,0.37811528234710895
0.004225581017389891,0.37816034972283563
0.004225581017389891,0.3782955518500158
0.004225581017389891,0.3783255967671669
0.004225581017389891,0.37835564168431807
0.004306842190801235,0.37835564168431807
0.004306842190801235,0.3784758213529226
0.004306842190801235,0.3785208887286493
0.004306842190801235,0.3786861357729806
0.004306842190801235,0.3787462256072829
0.004306842190801235,0.3787912929830096
0.004306842190801235,0.37882133790016076
0.004306842190801235,0.3788513828173119
0.004306842190801235,0.3788964501930386
0.004306842190801235,0.3789264951101897
0.004306842190801235,0.37901662986164314
0.004306842190801235,0.3790466747787943
0.004306842190801235,0.379091742154521
0.004306842190801235,0.37916685444739884
0.004306842190801235,0.37919689936455
0.004306842190801235,0.37928703411600345
0.004306842190801235,0.37933210149173013
0.004306842190801235,0.379407213784608
0.004306842190801235,0.3794673036189103
0.004306842190801235,0.37951237099463697
0.004306842190801235,0.3795424159117881
0.004306842190801235,0.3797527303318461
0.004306842190801235,0.37978277524899723
0.004306842190801235,0.37988793245902625
0.004388103364212579,0.37988793245902625
0.004388103364212579,0.37999308966905526
0.004388103364212579,0.38005317950335754
0.004388103364212579,0.38018838163053764
0.004388103364212579,0.3802184265476888
0.004388103364212579,0.3802484714648399
0.004388103364212579,0.38029353884056666
0.004388103364212579,0.3803986960505956
0.004388103364212579,0.38048883080204904
0.004388103364212579,0.3805639430949269
0.004388103364212579,0.38059398801207805
0.004388103364212579,0.3807291901392582
0.004469364537623924,0.3807291901392582
0.004469364537623924,0.38075923505640935
0.004469364537623924,0.38114981897937417
0.004469364537623924,0.3811798638965253
0.004469364537623924,0.38120990881367645
0.004469364537623924,0.3812399537308276
0.004469364537623924,0.3812850211065543
0.004469364537623924,0.38131506602370546
0.004469364537623924,0.38137515585800774
0.004469364537623924,0.3814052007751589
0.004469364537623924,0.38152538044376344
0.004469364537623924,0.3815854702780657
0.004469364537623924,0.3820511664939084
0.004469364537623924,0.38208121141105955
0.004469364537623924,0.3822464584553908
0.004469364537623924,0.38229152583111753
0.004469364537623924,0.3824417504168732
0.004469364537623924,0.38247179533402437
0.004469364537623924,0.38263704237835566
0.004469364537623924,0.3826670872955068
0.004469364537623924,0.3829675364670182
0.004469364537623924,0.383042648759896
0.004469364537623924,0.3830576712184716
0.004550625711035267,0.3830576712184716
0.004550625711035267,0.38314780596992504
0.004550625711035267,0.3831778508870762
0.004550625711035267,0.38323794072137846
0.004550625711035267,0.3832679856385296
0.004550625711035267,0.3833280754728319
0.004550625711035267,0.383358120389983
0.004550625711035267,0.383568434810041
0.004550625711035267,0.38359847972719213
0.004550625711035267,0.38367359202007
0.004550625711035267,0.38370363693722115
0.004550625711035267,0.38374870431294783
0.004550625711035267,0.383778749230099
0.004550625711035267,0.3839139513572791
0.004550625711035267,0.38394399627443027
0.004550625711035267,0.3840491534844593
0.004550625711035267,0.3840791984016104
0.004550625711035267,0.38425946790451726
0.004550625711035267,0.3842895128216684
0.004550625711035267,0.3843796475731218
0.004550625711035267,0.38442471494884856
0.004550625711035267,0.38455991707602866
0.004550625711035267,0.3845899619931798
0.004550625711035267,0.38472516412035995
0.004550625711035267,0.3847552090375111
0.004550625711035267,0.3848002764132378
0.004550625711035267,0.3848453437889645
0.004550625711035267,0.3849505009989935
0.004550625711035267,0.38501059083329575
0.004550625711035267,0.3851007255847492
0.004550625711035267,0.38513077050190037
0.004550625711035267,0.3852359277119293
0.004550625711035267,0.3852960175462316
0.004550625711035267,0.38541619721483616
0.004550625711035267,0.3856866014691964
0.004550625711035267,0.3858668709721033
0.004550625711035267,0.38591193834783
0.004550625711035267,0.38594198326498114
0.004550625711035267,0.3859720281821323
0.004550625711035267,0.38609220785073683
0.004550625711035267,0.38613727522646357
0.004550625711035267,0.38633256718794595
0.004550625711035267,0.38636261210509715
0.004550625711035267,0.3864227019393994
0.004550625711035267,0.38645274685655057
0.004550625711035267,0.3866179939008818
0.004631886884446611,0.3866179939008818
0.004631886884446611,0.38666306127660854
0.004631886884446611,0.3867081286523352
0.004631886884446611,0.3868433307795154
0.004631886884446611,0.38696351044811994
0.004631886884446611,0.3870085778238467
0.004631886884446611,0.38705364519957336
0.004631886884446611,0.3870987125753001
0.004631886884446611,0.3871738248681779
0.004631886884446611,0.38721889224390466
0.004631886884446611,0.38726395961963134
0.004631886884446611,0.3873390719125092
0.004631886884446611,0.38736911682966035
0.004631886884446611,0.3874442291225382
0.004631886884446611,0.3874742740396893
0.004631886884446611,0.38751934141541605
0.004631886884446611,0.3875493863325672
0.004631886884446611,0.38756440879114273
0.004631886884446611,0.3875944537082939
0.004631886884446611,0.38772965583547403
0.004631886884446611,0.38775970075262517
0.004631886884446611,0.3878047681283519
0.004631886884446611,0.38783481304550305
0.004631886884446611,0.3881052172998633
0.004631886884446611,0.38813526221701444
0.004631886884446611,0.3881653071341656
0.004631886884446611,0.3881953520513167
0.004631886884446611,0.38822539696846786
0.004631886884446611,0.388255441885619
0.004631886884446611,0.38839064401279916
0.004631886884446611,0.3884206889299503
0.004631886884446611,0.3886460258085838
0.004631886884446611,0.38867607072573496
0.004631886884446611,0.38923190169303107
0.004631886884446611,0.3892619466101822
0.004631886884446611,0.38930701398590895
0.004631886884446611,0.3893370589030601
0.004631886884446611,0.3893671038202112
0.004631886884446611,0.38939714873736236
0.004631886884446611,0.3895173284059669
0.004631886884446611,0.38954737332311806
0.004631886884446611,0.39005813691468744
0.004631886884446611,0.3901332492075653
0.004631886884446611,0.390178316583292
0.004631886884446611,0.39020836150044313
0.004631886884446611,0.3903585860861989
0.004631886884446611,0.39038863100335003
0.004631886884446611,0.390493788213379
0.004631886884446611,0.39052383313053013
0.004631886884446611,0.39071912509201256
0.004631886884446611,0.3907491700091637
0.004631886884446611,0.39094446197064614
0.004631886884446611,0.3909745068877973
0.004631886884446611,0.39109468655640184
0.004631886884446611,0.391124731473553
0.004631886884446611,0.39116979884927966
0.004631886884446611,0.3911998437664308
0.004631886884446611,0.39124491114215754
0.004631886884446611,0.3913500683521865
0.004631886884446611,0.39138011326933764
0.004631886884446611,0.3914552255622155
0.004631886884446611,0.39148527047936665
0.004631886884446611,0.3916054501479712
0.004631886884446611,0.3916655399822735
0.004631886884446611,0.39171060735800023
0.004631886884446611,0.3917556747337269
0.004631886884446611,0.39180074210945365
0.004631886884446611,0.3918307870266048
0.004631886884446611,0.39189087686090707
0.004631886884446611,0.39199603407093603
0.004631886884446611,0.39204110144666277
0.004631886884446611,0.3922213709495696
0.004631886884446611,0.39226643832529634
0.004631886884446611,0.39250679766250546
0.004713148057857956,0.39250679766250546
0.004713148057857956,0.3926870671654123
0.004713148057857956,0.39271711208256344
0.004713148057857956,0.3930025387954993
0.004713148057857956,0.39303258371265043
0.004713148057857956,0.39310769600552825
0.004713148057857956,0.3931377409226794
0.004713148057857956,0.393152763381255
0.004713148057857956,0.39318280829840613
0.004713148057857956,0.39357339222137094
0.004713148057857956,0.3936184595970977
0.004713148057857956,0.39373863926570224
0.004713148057857956,0.3937686841828534
0.004713148057857956,0.3938437964757312
0.004713148057857956,0.39387384139288234
0.004713148057857956,0.39388886385145794
0.004713148057857956,0.3939189087686091
0.004713148057857956,0.3939339312271846
0.004713148057857956,0.3940090435200625
0.004713148057857956,0.3940541108957892
0.004713148057857956,0.3940841558129404
0.004713148057857956,0.39435456006730063
0.004713148057857956,0.39438460498445177
0.004713148057857956,0.3945648744873586
0.004713148057857956,0.39459491940450975
0.004713148057857956,0.3946249643216609
0.004794409231269299,0.3946249643216609
0.004794409231269299,0.3948052338245677
0.004794409231269299,0.39483527874171886
0.004794409231269299,0.39485030120029446
0.004794409231269299,0.3948803461174456
0.004794409231269299,0.3950906605375036
0.0048756704046806435,0.3950906605375036
0.0048756704046806435,0.3952258626646837
0.0048756704046806435,0.39534604233328824
0.0048756704046806435,0.39536106479186384
0.0048756704046806435,0.395391109709015
0.0048756704046806435,0.3955713792119218
0.0048756704046806435,0.39560142412907295
0.0048756704046806435,0.3957216037976775
0.0048756704046806435,0.39575164871482865
0.0048756704046806435,0.3958868508420088
0.0048756704046806435,0.39591689575915995
0.0048756704046806435,0.3959769855934622
0.0048756704046806435,0.39600703051061337
0.0048756704046806435,0.3963375245992759
0.0048756704046806435,0.39636756951642704
0.0048756704046806435,0.39638259197500264
0.0048756704046806435,0.3964126368921538
0.0048756704046806435,0.39662295131221176
0.0048756704046806435,0.3966529962293629
0.0048756704046806435,0.3966680186879385
0.0048756704046806435,0.39669806360508963
0.0048756704046806435,0.3967431309808163
0.0048756704046806435,0.39677317589796746
0.0048756704046806435,0.39692340048372315
0.0048756704046806435,0.3969534454008743
0.0048756704046806435,0.3969684678594499
0.0048756704046806435,0.39702855769375217
0.0048756704046806435,0.39723887211381015
0.0048756704046806435,0.39728393948953683
0.0048756704046806435,0.39738909669956585
0.0048756704046806435,0.397419141616717
0.0048756704046806435,0.3974491865338681
0.0048756704046806435,0.39747923145101927
0.0048756704046806435,0.39755434374389714
0.0048756704046806435,0.3975843886610483
0.0048756704046806435,0.3976144335781994
0.0048756704046806435,0.39764447849535056
0.0048756704046806435,0.3977195907882284
0.0048756704046806435,0.3977496357053795
0.0048756704046806435,0.39777968062253066
0.0048756704046806435,0.3978097255396818
0.0048756704046806435,0.3978247479982574
0.0048756704046806435,0.3978698153739841
0.0048756704046806435,0.39792990520828636
0.0048756704046806435,0.39795995012543756
0.0048756704046806435,0.3980801297940421
0.0048756704046806435,0.39811017471119325
0.0048756704046806435,0.3981402196283444
0.004956931578091988,0.3981402196283444
0.004956931578091988,0.3982153319212222
0.004956931578091988,0.3982754217555245
0.004956931578091988,0.39830546667267563
0.004956931578091988,0.3983355115898268
0.004956931578091988,0.39845569125843133
0.004956931578091988,0.3984857361755825
0.004956931578091988,0.3986359607613382
0.004956931578091988,0.39866600567848937
0.004956931578091988,0.3988312527228206
0.004956931578091988,0.39886129763997175
0.004956931578091988,0.3988913425571229
0.004956931578091988,0.398921387474274
0.004956931578091988,0.3993870836901167
0.004956931578091988,0.39941712860726786
0.004956931578091988,0.39958237565159915
0.004956931578091988,0.39962744302732583
0.004956931578091988,0.39982273498880827
0.005038192751503331,0.39982273498880827
0.005038192751503331,0.4000030044917151
0.005038192751503331,0.40003304940886625
0.005038192751503331,0.400078116784593
0.005038192751503331,0.40013820661889526
0.005038192751503331,0.40027340874607537
0.005038192751503331,0.4003034536632265
0.005038192751503331,0.4005137680832845
0.005038192751503331,0.4005438130004357
0.005038192751503331,0.4006189252933135
0.005038192751503331,0.40066399266904024
0.005038192751503331,0.4008442621719471
0.005038192751503331,0.4008743070890982
0.005038192751503331,0.40090435200624935
0.005038192751503331,0.4009343969234005
0.005038192751503331,0.40109964396773173
0.005038192751503331,0.4011296888848829
0.005038192751503331,0.4012799134706386
0.005038192751503331,0.4013249808463653
0.005038192751503331,0.40135502576351645
0.005038192751503331,0.4014301380563943
0.005038192751503331,0.40146018297354547
0.005038192751503331,0.4015352952664233
0.005038192751503331,0.40159538510072557
0.005038192751503331,0.4017155647693301
0.005038192751503331,0.40174560968648126
0.005038192751503331,0.401790677062208
0.005038192751503331,0.4019409016479637
0.005038192751503331,0.40197094656511484
0.005038192751503331,0.402000991482266
0.005038192751503331,0.4020310363994171
0.005038192751503331,0.40236153048807966
0.005038192751503331,0.4023915754052308
0.005038192751503331,0.40254179999098655
0.005038192751503331,0.40258686736671323
0.005038192751503331,0.40263193474243997
0.005038192751503331,0.4026619796595911
0.005038192751503331,0.40293238391395136
0.005119453924914676,0.40293238391395136
0.005119453924914676,0.40297745128967805
0.005119453924914676,0.4030375411239803
0.005119453924914676,0.40306758604113146
0.00520071509832602,0.40306758604113146
0.00520071509832602,0.40309763095828266
0.00520071509832602,0.4031276758754338
0.00520071509832602,0.40324785554403836
0.00520071509832602,0.40330794537834064
0.00520071509832602,0.40339808012979406
0.00520071509832602,0.4034882148812475
0.00520071509832602,0.40360839454985203
0.00520071509832602,0.4036384394670032
0.00520071509832602,0.4037285742184566
0.00520071509832602,0.40375861913560773
0.00520071509832602,0.40380368651133447
0.00520071509832602,0.4038337314284856
0.00520071509832602,0.40390884372136343
0.00520071509832602,0.40393888863851457
0.00520071509832602,0.40414920305857255
0.00520071509832602,0.4041792479757237
0.00520071509832602,0.40423933781002597
0.00520071509832602,0.4043595174786305
0.00520071509832602,0.4044346297715084
0.00520071509832602,0.40447969714723514
0.00520071509832602,0.4045097420643863
0.00520071509832602,0.4045397869815374
0.00520071509832602,0.40456983189868856
0.00520071509832602,0.4045848543572641
0.00520071509832602,0.40461489927441524
0.00520071509832602,0.4046449441915664
0.00520071509832602,0.4046749891087175
0.00520071509832602,0.40476512386017094
0.00520071509832602,0.4048101912358977
0.00520071509832602,0.4049003259873511
0.00520071509832602,0.40493037090450223
0.00520071509832602,0.40503552811453125
0.00520071509832602,0.40508059549025793
0.00520071509832602,0.4053960671203449
0.00520071509832602,0.40542611203749607
0.00520071509832602,0.4055162467889495
0.00520071509832602,0.4055462917061006
0.00520071509832602,0.40574158366758306
0.00520071509832602,0.40580167350188534
0.00520071509832602,0.4058317184190365
0.00520071509832602,0.4058617633361876
0.00520071509832602,0.40589180825333876
0.00520071509832602,0.4059218531704899
0.00520071509832602,0.4059669205462166
0.00520071509832602,0.40602701038051886
0.00520071509832602,0.4060720777562456
0.00520071509832602,0.40634248201060585
0.00520071509832602,0.406372526927757
0.00520071509832602,0.4063875493863326
0.00520071509832602,0.4064326167620593
0.00520071509832602,0.40658284134781497
0.00520071509832602,0.4066128862649661
0.00520071509832602,0.40664293118211725
0.00520071509832602,0.4066729760992684
0.00520071509832602,0.40685324560217523
0.00520071509832602,0.40688329051932637
0.00520071509832602,0.4070184926465065
0.00520071509832602,0.4070785824808088
0.00520071509832602,0.40721378460798896
0.00520071509832602,0.4072438295251401
0.00520071509832602,0.4073189418180179
0.00520071509832602,0.40734898673516906
0.00520071509832602,0.4074391214866225
0.00520071509832602,0.4074691664037736
0.00520071509832602,0.4076344134481049
0.00520071509832602,0.40767948082383165
0.00520071509832602,0.4077846380338606
0.00520071509832602,0.40781468295101175
0.00520071509832602,0.40787477278531403
0.00520071509832602,0.40790481770246517
0.00520071509832602,0.40791984016104077
0.00520071509832602,0.40797992999534305
0.00520071509832602,0.4080099749124942
0.00520071509832602,0.40811513212252315
0.00520071509832602,0.4081601994982499
0.00520071509832602,0.40817522195682543
0.00520071509832602,0.40820526687397657
0.00520071509832602,0.40822028933255217
0.00520071509832602,0.40828037916685445
0.00520071509832602,0.4083254465425812
0.00520071509832602,0.4083554914597323
0.00520071509832602,0.4085658058797903
0.00520071509832602,0.40859585079694144
0.00520071509832602,0.4086258957140926
0.00520071509832602,0.408716030465546
0.00520071509832602,0.40883621013415056
0.00520071509832602,0.4088662550513017
0.00520071509832602,0.4089413673441796
0.00520071509832602,0.4089714122613307
0.00520071509832602,0.40909159192993527
0.00520071509832602,0.40915168176423755
0.00520071509832602,0.40921177159853983
0.00520071509832602,0.4092568389742665
0.00520071509832602,0.40928688389141765
0.00520071509832602,0.4093169288085688
0.00520071509832602,0.4093319512671444
0.00520071509832602,0.40936199618429553
0.00520071509832602,0.40949719831147563
0.00520071509832602,0.40952724322862677
0.00520071509832602,0.4097375576486848
0.00520071509832602,0.40976760256583594
0.00520071509832602,0.4098126699415626
0.00520071509832602,0.40984271485871376
0.00520071509832602,0.4099328496101672
0.00520071509832602,0.4099628945273183
0.00520071509832602,0.40999293944446946
0.00520071509832602,0.4100229843616206
0.005281976271737364,0.4100229843616206
0.005281976271737364,0.4100380068201962
0.005281976271737364,0.41006805173734734
0.005281976271737364,0.4102783661574053
0.005281976271737364,0.41032343353313205
0.005281976271737364,0.4105037030360389
0.005281976271737364,0.41053374795319003
0.005281976271737364,0.41069899499752127
0.005281976271737364,0.410744062373248
0.005281976271737364,0.41077410729039915
0.005281976271737364,0.4111196238376373
0.005281976271737364,0.41117971367193956
0.005281976271737364,0.41131491579911966
0.005281976271737364,0.41137500563342194
0.005281976271737364,0.4114651403848754
0.005281976271737364,0.4115102077606021
0.005281976271737364,0.4117355446392357
0.005281976271737364,0.4117655895563868
0.005281976271737364,0.4119759039764448
0.005281976271737364,0.41200594889359593
0.005281976271737364,0.4121261285622005
0.005281976271737364,0.41218621839650277
0.005281976271737364,0.412666937070921
0.005281976271737364,0.41269698198807214
0.005281976271737364,0.41287725149097904
0.005281976271737364,0.4129072964081302
0.005281976271737364,0.412982408701008
0.005281976271737364,0.41302747607673473
0.005281976271737364,0.41320774557964157
0.005281976271737364,0.4132377904967927
0.005281976271737364,0.4133729926239728
0.005281976271737364,0.41341805999969955
0.005281976271737364,0.41350819475115297
0.005281976271737364,0.4135382396683041
0.005281976271737364,0.4135983295026064
0.005281976271737364,0.4136433968783331
0.005281976271737364,0.41365841933690867
0.005281976271737364,0.4136884642540598
0.005281976271737364,0.41371850917121095
0.005281976271737364,0.4137485540883621
0.005281976271737364,0.41382366638123996
0.005281976271737364,0.4138537112983911
0.005281976271737364,0.4139288235912689
0.005363237445148708,0.4139288235912689
0.005363237445148708,0.4139438460498445
0.005363237445148708,0.41397389096699566
0.005363237445148708,0.4139889134255712
0.005363237445148708,0.41401895834272234
0.005363237445148708,0.41434945243138493
0.005363237445148708,0.4143794973485361
0.005363237445148708,0.41449967701714063
0.005363237445148708,0.4145297219342918
0.005363237445148708,0.4145447443928673
0.005363237445148708,0.41458981176859405
0.005363237445148708,0.41474003635434975
0.005363237445148708,0.41483017110580317
0.005363237445148708,0.41495035077440773
0.005363237445148708,0.41498039569155887
0.005363237445148708,0.4151606651944657
0.005363237445148708,0.415220755028768
0.005363237445148708,0.4153409346973726
0.005363237445148708,0.41537097961452374
0.005363237445148708,0.4154010245316749
0.005363237445148708,0.41544609190740156
0.005363237445148708,0.4154911592831283
0.005363237445148708,0.41552120420027944
0.005363237445148708,0.4155662715760061
0.005363237445148708,0.41559631649315726
0.005363237445148708,0.41582165337179083
0.005363237445148708,0.415851698288942
0.005363237445148708,0.4158817432060931
0.005363237445148708,0.4159268105818198
0.005363237445148708,0.41601694533327327
0.005363237445148708,0.4161070800847267
0.005363237445148708,0.41612210254330223
0.005363237445148708,0.41615214746045337
0.005363237445148708,0.4162573046704824
0.005363237445148708,0.4162873495876335
0.005363237445148708,0.41631739450478467
0.005363237445148708,0.4163474394219358
0.005363237445148708,0.41646761909054036
0.005363237445148708,0.4164976640076915
0.005363237445148708,0.4165427313834182
0.005363237445148708,0.4165727763005693
0.005363237445148708,0.4166629110520228
0.005363237445148708,0.4167230008863251
0.005363237445148708,0.4167530458034762
0.005363237445148708,0.4168131356377785
0.005363237445148708,0.4168732254720808
0.005363237445148708,0.4169032703892319
0.005363237445148708,0.41691829284780746
0.005363237445148708,0.4169483377649586
0.005363237445148708,0.4171736746435922
0.005363237445148708,0.4172037195607433
0.005363237445148708,0.41729385431219673
0.005363237445148708,0.41733892168792347
0.005363237445148708,0.41747412381510357
0.005363237445148708,0.4175191911908303
0.005363237445148708,0.41754923610798145
0.005363237445148708,0.4175792810251326
0.005363237445148708,0.4177295056108883
0.005363237445148708,0.41777457298661497
0.005363237445148708,0.4179097751137951
0.005363237445148708,0.41793982003094626
0.005363237445148708,0.41825529166103326
0.005363237445148708,0.41831538149533554
0.005363237445148708,0.4183754713296378
0.005363237445148708,0.41840551624678896
0.005363237445148708,0.41846560608109123
0.005363237445148708,0.4185256959153935
0.005363237445148708,0.41896134721408507
0.005363237445148708,0.41900641458981175
0.005363237445148708,0.41915663917556745
0.005363237445148708,0.4192017065512942
0.005363237445148708,0.41927681884417206
0.005363237445148708,0.4193519311370499
0.005363237445148708,0.41947211080565444
0.005363237445148708,0.4195021557228056
0.005363237445148708,0.4195472230985323
0.005363237445148708,0.41971247014286356
0.005363237445148708,0.4197575375185903
0.005363237445148708,0.4198176273528926
0.005363237445148708,0.4198626947286193
0.005363237445148708,0.41989273964577045
0.005363237445148708,0.4199227845629216
0.005363237445148708,0.4199978968557994
0.005363237445148708,0.42002794177295055
0.005363237445148708,0.4200579866901017
0.005363237445148708,0.42008803160725283
0.005363237445148708,0.42017816635870625
0.005363237445148708,0.4202082112758574
0.005363237445148708,0.42023825619300853
0.005363237445148708,0.42028332356873527
0.005363237445148708,0.42043354815449097
0.005363237445148708,0.42049363798879325
0.005363237445148708,0.4205236829059444
0.005363237445148708,0.4205537278230955
0.005363237445148708,0.4205687502816711
0.005363237445148708,0.42059879519882226
0.005363237445148708,0.42064386257454894
0.005363237445148708,0.4206889299502757
0.005363237445148708,0.4207640422431535
0.005363237445148708,0.42079408716030464
0.005363237445148708,0.4208241320774558
0.005363237445148708,0.4208541769946069
0.005363237445148708,0.42095933420463594
0.005363237445148708,0.4209893791217871
0.005363237445148708,0.4210644914146649
0.005444498618560052,0.42112458124896723
0.005444498618560052,0.42119969354184505
0.005444498618560052,0.42127480583472293
0.005444498618560052,0.42142503042047863
0.005444498618560052,0.42145507533762977
0.005444498618560052,0.42159027746480987
0.005444498618560052,0.421620322381961
0.005444498618560052,0.42165036729911215
0.00560702096538274,0.4216804122162633
0.00560702096538274,0.42172547959199
0.00560702096538274,0.42175552450914117
0.00560702096538274,0.4218757041777457
0.00560702096538274,0.42190574909489686
0.00560702096538274,0.42192077155347246
0.00560702096538274,0.42196583892919914
0.00560702096538274,0.4219958838463503
0.00560702096538274,0.42211606351495484
0.00560702096538274,0.422146108432106
0.00560702096538274,0.42222122072498386
0.00560702096538274,0.42226628810071054
0.00560702096538274,0.4225517148136464
0.00560702096538274,0.42258175973079753
0.00560702096538274,0.4227019393994021
0.005688282138794084,0.4227019393994021
0.005688282138794084,0.4229573211951868
0.005688282138794084,0.42298736611233795
0.005688282138794084,0.4230023885709135
0.005688282138794084,0.42303243348806463
0.005688282138794084,0.4230624784052158
0.005688282138794084,0.42309252332236696
0.005688282138794084,0.4231075457809425
0.005688282138794084,0.42313759069809365
0.005688282138794084,0.4234079949524539
0.005688282138794084,0.42343803986960504
0.005688282138794084,0.42345306232818064
0.005688282138794084,0.4234831072453318
0.005688282138794084,0.42352817462105846
0.005688282138794084,0.42358826445536074
0.005688282138794084,0.4236333318310875
0.005688282138794084,0.4236633767482386
0.005688282138794084,0.42391875854402333
0.005688282138794084,0.42396382591975
0.005688282138794084,0.42399387083690115
0.005688282138794084,0.4240239157540523
0.005688282138794084,0.42405396067120343
0.005688282138794084,0.4240840055883546
0.005688282138794084,0.42429432000841255
0.005688282138794084,0.4243243649255637
0.005688282138794084,0.4245196568870461
0.005688282138794084,0.42454970180419727
0.005688282138794084,0.42477503868283084
0.005688282138794084,0.424805083599982
0.005688282138794084,0.42485015097570866
0.005769543312205428,0.42485015097570866
0.005769543312205428,0.42503042047861556
0.005769543312205428,0.42509051031291784
0.005769543312205428,0.4251355776886445
0.005769543312205428,0.4251956675229468
0.005769543312205428,0.42539095948442923
0.005769543312205428,0.4254360268601559
0.005769543312205428,0.42548109423588265
0.005769543312205428,0.4255111391530338
0.005769543312205428,0.4258566557002719
0.005769543312205428,0.42588670061742306
0.005769543312205428,0.4260669701203299
0.005769543312205428,0.4261270599546322
0.005769543312205428,0.42618714978893446
0.005769543312205428,0.4262171947060856
0.005769543312205428,0.4262622620818123
0.005769543312205428,0.4262772845403879
0.005769543312205428,0.426307329457539
0.005769543312205428,0.4263674192918413
0.005850804485616773,0.4263674192918413
0.005850804485616773,0.42654768879474814
0.005850804485616773,0.4265777337118993
0.005850804485616773,0.4265927561704749
0.005850804485616773,0.426622801087626
0.005850804485616773,0.4270284074691664
0.005850804485616773,0.42705845238631757
0.005850804485616773,0.42710351976204425
0.005850804485616773,0.4271335646791954
0.005850804485616773,0.4271636095963465
0.005850804485616773,0.42719365451349767
0.005850804485616773,0.42720867697207326
0.005850804485616773,0.4272387218892244
0.005850804485616773,0.42734387909925337
0.005850804485616773,0.42740396893355564
0.005850804485616773,0.4274340138507068
0.005850804485616773,0.42750912614358466
0.005850804485616773,0.42758423843646254
0.005850804485616773,0.4277494854807938
0.005850804485616773,0.4277795303979449
0.005850804485616773,0.4279147325251251
0.005850804485616773,0.4279447774422762
0.005850804485616773,0.42812504694518305
0.005850804485616773,0.4281550918623342
0.005850804485616773,0.4283503838238166
0.005932065659028116,0.4283503838238166
0.005932065659028116,0.42838042874096777
0.005932065659028116,0.4285006084095723
0.005932065659028116,0.42853065332672347
0.005932065659028116,0.428755990205357
0.005932065659028116,0.4287860351225081
0.005932065659028116,0.4288461249568104
0.005932065659028116,0.42889119233253714
0.005932065659028116,0.4289212372496883
0.005932065659028116,0.428966304625415
0.005932065659028116,0.42905643937686844
0.005932065659028116,0.4290864842940196
0.005932065659028116,0.4292367088797753
0.005932065659028116,0.42928177625550196
0.005932065659028116,0.42961227034416455
0.005932065659028116,0.4296423152613157
0.005932065659028116,0.42974747247134465
0.005932065659028116,0.4297925398470714
0.005932065659028116,0.4301080114771583
0.005932065659028116,0.4301380563943095
0.005932065659028116,0.4301831237700362
0.005932065659028116,0.43022819114576294
0.005932065659028116,0.4302432136043385
0.005932065659028116,0.4302882809800652
0.005932065659028116,0.43030330343864076
0.005932065659028116,0.4303333483557919
0.005932065659028116,0.43037841573151864
0.005932065659028116,0.4304084606486698
0.005932065659028116,0.43052864031727434
0.005932065659028116,0.4305887301515766
0.005932065659028116,0.4307389547373323
0.005932065659028116,0.43076899965448345
0.005932065659028116,0.43078402211305905
0.0060133268324394605,0.43078402211305905
0.0060133268324394605,0.43117460603602387
0.0060133268324394605,0.43121967341175055
0.0060133268324394605,0.4312497183289017
0.0060133268324394605,0.43136989799750625
0.0060133268324394605,0.4313999429146574
0.0060133268324394605,0.4314600327489597
0.0060133268324394605,0.43149007766611086
0.0060133268324394605,0.43164030225186656
0.006094588005850805,0.4316553247104421
0.006094588005850805,0.4317454594618955
0.006094588005850805,0.43177550437904666
0.006094588005850805,0.43179052683762226
0.006094588005850805,0.43185061667192454
0.006094588005850805,0.4319707963405291
0.006094588005850805,0.43200084125768023
0.006094588005850805,0.4320609310919825
0.006094588005850805,0.4321210209262848
0.006094588005850805,0.4322111556777382
0.006175849179262148,0.4322111556777382
0.006175849179262148,0.43224120059488935
0.006175849179262148,0.43240644763922065
0.006175849179262148,0.4324364925563718
0.006175849179262148,0.4325116048492496
0.006175849179262148,0.43254164976640075
0.006175849179262148,0.43260173960070303
0.006175849179262148,0.43263178451785417
0.006175849179262148,0.4326768518935809
0.006175849179262148,0.43270689681073204
0.006175849179262148,0.4332777502366037
0.006175849179262148,0.43330779515375484
0.006175849179262148,0.433337840070906
0.006257110352673493,0.433337840070906
0.006257110352673493,0.433548154490964
0.006257110352673493,0.43357819940811515
0.006257110352673493,0.4342391875854402
0.006257110352673493,0.43426923250259136
0.006257110352673493,0.4343743897126204
0.006257110352673493,0.4344044346297715
0.006257110352673493,0.43462977150840504
0.006257110352673493,0.4346898613427074
0.006257110352673493,0.4348551083870386
0.006257110352673493,0.43488515330418975
0.006257110352673493,0.4350053329727943
0.006257110352673493,0.43509546772424773
0.006257110352673493,0.43530578214430576
0.006257110352673493,0.4353358270614569
0.006257110352673493,0.43535084952003245
0.006257110352673493,0.4353959168957592
0.006257110352673493,0.4354109393543347
0.006257110352673493,0.43544098427148586
0.006257110352673493,0.4354860516472126
0.006257110352673493,0.43551609656436374
0.006257110352673493,0.435576186398666
0.006338371526084837,0.435576186398666
0.006338371526084837,0.4356963660672706
0.006338371526084837,0.43574143344299726
0.006338371526084837,0.4359367254044797
0.006338371526084837,0.43598179278020643
0.006338371526084837,0.4360118376973576
0.006338371526084837,0.4361770847416888
0.006338371526084837,0.43620712965883995
0.006338371526084837,0.43652260128892695
0.006338371526084837,0.4365526462060781
0.006338371526084837,0.43668784833325824
0.006338371526084837,0.4367178932504094
0.006338371526084837,0.43691318521189176
0.006338371526084837,0.4369432301290429
0.006338371526084837,0.43730376913485663
0.006338371526084837,0.4373338140520078
0.006338371526084837,0.4373488365105833
0.006338371526084837,0.43737888142773446
0.006338371526084837,0.43752910601349015
0.006338371526084837,0.43758919584779243
0.006338371526084837,0.43775444289212373
0.006338371526084837,0.4377995102678504
0.00641963269949618,0.4377995102678504
0.00641963269949618,0.4378746225607283
0.00641963269949618,0.437919689936455
0.00641963269949618,0.43814502681508855
0.00641963269949618,0.4381900941908153
0.00641963269949618,0.4382051166493908
0.00641963269949618,0.4382652064836931
0.00641963269949618,0.43856565565520456
0.00641963269949618,0.4385957005723557
0.00641963269949618,0.43870085778238466
0.00641963269949618,0.4387309026995358
0.00641963269949618,0.4388060149924137
0.00641963269949618,0.4388360599095648
0.00641963269949618,0.4388961497438671
0.00641963269949618,0.43892619466101823
0.00641963269949618,0.43895623957816937
0.00641963269949618,0.4389862844953205
0.00641963269949618,0.4390313518710472
0.00641963269949618,0.43906139678819833
0.00641963269949618,0.4390914417053495
0.00641963269949618,0.4391214866225006
0.00641963269949618,0.4393017561254075
0.00641963269949618,0.43933180104255865
0.00641963269949618,0.43948202562831434
0.00641963269949618,0.439527093004041
0.00641963269949618,0.43955713792119216
0.00641963269949618,0.43961722775549444
0.00641963269949618,0.43963225021407004
0.00641963269949618,0.4396622951312212
0.00641963269949618,0.4398275421755525
0.00641963269949618,0.43987260955127916
0.00641963269949618,0.43988763200985476
0.006500893872907525,0.43988763200985476
0.006500893872907525,0.44002283413703486
0.006500893872907525,0.4400679015127616
0.006500893872907525,0.44024817101566843
0.006500893872907525,0.4402932383913951
0.006500893872907525,0.44044346297715087
0.006500893872907525,0.440473507894302
0.006500893872907525,0.4405185752700287
0.006500893872907525,0.44054862018717983
0.006500893872907525,0.44057866510433097
0.006582155046318869,0.44057866510433097
0.006582155046318869,0.4406687998557844
0.006582155046318869,0.4407138672315111
0.006582155046318869,0.44074391214866226
0.006582155046318869,0.4407739570658134
0.006582155046318869,0.4408340469001157
0.006582155046318869,0.4408640918172668
0.006582155046318869,0.4412246308230805
0.006582155046318869,0.44125467574023164
0.006582155046318869,0.44126969819880724
0.006582155046318869,0.4412997431159584
0.006582155046318869,0.4413147655745339
0.006582155046318869,0.44134481049168506
0.006582155046318869,0.4413898778674118
0.006582155046318869,0.44141992278456293
0.006582155046318869,0.4414349452431385
0.006582155046318869,0.4414800126188652
0.006582155046318869,0.4415851698288942
0.006582155046318869,0.4416152147460453
0.006582155046318869,0.44182552916610335
0.006582155046318869,0.4418555740832545
0.006582155046318869,0.4419457088347079
0.006582155046318869,0.44197575375185905
0.006582155046318869,0.442186068171917
0.006663416219730213,0.442186068171917
0.006663416219730213,0.44221611308906816
0.006663416219730213,0.44227620292337044
0.006663416219730213,0.4423062478405216
0.006663416219730213,0.4423362927576727
0.006663416219730213,0.44238136013339946
0.006663416219730213,0.4424114050505506
0.006663416219730213,0.44242642750912614
0.006663416219730213,0.4424564724262773
0.006663416219730213,0.44268180930491086
0.006663416219730213,0.442711854222062
0.006663416219730213,0.4428620788078177
0.006663416219730213,0.44289212372496883
0.006663416219730213,0.44328270764793365
0.006663416219730213,0.4433127525650848
0.006663416219730213,0.4433277750236604
0.006663416219730213,0.44337284239938707
0.006663416219730213,0.44344795469226495
0.006663416219730213,0.4434779996094161
0.006663416219730213,0.44359817927802064
0.006663416219730213,0.4436282241951718
0.006663416219730213,0.4437934712395031
0.006663416219730213,0.44383853861522976
0.006663416219730213,0.4438836059909565
0.006663416219730213,0.4439286733666832
0.006663416219730213,0.4441840551624679
0.006663416219730213,0.44421410007961903
0.006663416219730213,0.4442291225381946
0.006663416219730213,0.4442591674553457
0.006663416219730213,0.4445746390854327
0.006663416219730213,0.444634728919735
0.006663416219730213,0.4447248636711884
0.006744677393141557,0.4447248636711884
0.006744677393141557,0.4448149984226418
0.006744677393141557,0.44484504333979297
0.006744677393141557,0.44522060480418224
0.006744677393141557,0.4452506497213334
0.006744677393141557,0.445265672179909
0.006744677393141557,0.44532576201421126
0.006744677393141557,0.44538585184851354
0.006744677393141557,0.4454158967656647
0.006744677393141557,0.44577643577147835
0.006744677393141557,0.4458064806886295
0.006744677393141557,0.4460017726501119
0.006744677393141557,0.44603181756726307
0.006744677393141557,0.44607688494298975
0.006744677393141557,0.44613697477729203
0.006744677393141557,0.44616701969444317
0.006744677393141557,0.4461970646115943
0.006744677393141557,0.4463172442801989
0.006744677393141557,0.44634728919735006
0.006744677393141557,0.4464374239488035
0.006744677393141557,0.4464674688659546
0.006744677393141557,0.44654258115883244
0.006744677393141557,0.4465726260759836
0.006744677393141557,0.4465876485345592
0.006744677393141557,0.4466176934517103
0.006744677393141557,0.44678294049604156
0.006744677393141557,0.4468129854131927
0.006744677393141557,0.4468280078717683
0.006744677393141557,0.446873075247495
0.006744677393141557,0.44717352441900643
0.006744677393141557,0.44726365917045985
0.006744677393141557,0.44733877146333767
0.006744677393141557,0.4473688163804888
0.006744677393141557,0.44741388375621555
0.006744677393141557,0.4475190409662445
0.006825938566552901,0.4475190409662445
0.006825938566552901,0.44771433292772694
0.006825938566552901,0.4477443778448781
0.006825938566552901,0.44781949013775596
0.006825938566552901,0.44787957997205824
0.006907199739964245,0.44787957997205824
0.006907199739964245,0.44795469226493606
0.006907199739964245,0.4479847371820872
0.006907199739964245,0.4480598494749651
0.006907199739964245,0.44811993930926736
0.006907199739964245,0.44827016389502305
0.006907199739964245,0.4483152312707498
0.006907199739964245,0.4483602986464765
0.006907199739964245,0.44842038848077875
0.006907199739964245,0.44857061306653445
0.006907199739964245,0.4486156804422612
0.006907199739964245,0.44863070290083673
0.006988460913375589,0.44863070290083673
0.006988460913375589,0.44867577027656347
0.007069722086786933,0.44867577027656347
0.007069722086786933,0.4487058151937146
0.007069722086786933,0.4487659050280169
0.007069722086786933,0.4488109724037436
0.007069722086786933,0.4488710622380459
0.007069722086786933,0.44890110715519704
0.007069722086786933,0.4489311520723482
0.007069722086786933,0.4489611969894993
0.007069722086786933,0.44905133174095274
0.007069722086786933,0.449111421575255
0.007069722086786933,0.4491564889509817
0.007069722086786933,0.44920155632670844
0.007069722086786933,0.4492316012438596
0.007069722086786933,0.44974236483542895
0.007069722086786933,0.4497724097525801
0.007069722086786933,0.4499376567969114
0.007069722086786933,0.44996770171406253
0.007069722086786933,0.4500878813826671
0.007069722086786933,0.4501329487583938
0.007069722086786933,0.4502531284269984
0.007069722086786933,0.4502831733441495
0.007069722086786933,0.4503432631784518
0.007069722086786933,0.4504033530127541
0.007069722086786933,0.4504183754713296
0.007069722086786933,0.45044842038848076
0.007069722086786933,0.45067375726711434
0.007069722086786933,0.4507038021842655
0.007069722086786933,0.451034296272928
0.007069722086786933,0.45106434119007915
0.007069722086786933,0.45107936364865475
0.007069722086786933,0.4511094085658059
0.007069722086786933,0.45137981282016615
0.007069722086786933,0.45143990265446843
0.007069722086786933,0.45146994757161957
0.007069722086786933,0.4514999924887707
0.007069722086786933,0.45153003740592185
0.007069722086786933,0.4515751047816486
0.007069722086786933,0.4517253293674043
0.007069722086786933,0.4517553742845554
0.007069722086786933,0.4518004416602821
0.007069722086786933,0.45184550903600884
0.007069722086786933,0.4521309357489447
0.007069722086786933,0.45216098066609584
0.007069722086786933,0.452191025583247
0.007069722086786933,0.4522210705003981
0.007069722086786933,0.4523262277104271
0.007069722086786933,0.4523562726275782
0.007069722086786933,0.45240134000330495
0.007069722086786933,0.45244640737903163
0.007069722086786933,0.4524764522961828
0.007069722086786933,0.4525064972133339
0.007069722086786933,0.45255156458906065
0.007069722086786933,0.45259663196478733
0.007069722086786933,0.4526266768819385
0.007069722086786933,0.4527318340919675
0.007069722086786933,0.45276187900911863
0.007069722086786933,0.4528369913019965
0.007069722086786933,0.4528820586777232
0.007069722086786933,0.4529121035948743
0.007069722086786933,0.45294214851202547
0.007069722086786933,0.4529872158877522
0.007069722086786933,0.45306232818063
0.007069722086786933,0.45309237309778116
0.007069722086786933,0.4532275752249613
0.007069722086786933,0.45325762014211246
0.007069722086786933,0.4533477548935659
0.007069722086786933,0.4533928222692926
0.007069722086786933,0.453693271440804
0.007069722086786933,0.45372331635795515
0.007069722086786933,0.4537533612751063
0.007069722086786933,0.45378340619225743
0.007069722086786933,0.454008743070891
0.007069722086786933,0.45403878798804215
0.007069722086786933,0.45411390028091997
0.007069722086786933,0.4541439451980711
0.007069722086786933,0.4542941697838268
0.007069722086786933,0.45432421470097795
0.007069722086786933,0.4543993269938558
0.007069722086786933,0.45442937191100696
0.007069722086786933,0.45448946174530924
0.0071509832601982775,0.45448946174530924
0.0071509832601982775,0.4545044842038848
0.0071509832601982775,0.4545345291210359
0.0071509832601982775,0.4545946189553382
0.0071509832601982775,0.45463968633106494
0.0071509832601982775,0.45478991091682064
0.0071509832601982775,0.4548199558339718
0.0071509832601982775,0.45489506812684966
0.0071509832601982775,0.45494013550257634
0.0071509832601982775,0.4549701804197275
0.0071509832601982775,0.4550002253368786
0.0071509832601982775,0.45504529271260535
0.0071509832601982775,0.4550753376297565
0.0071509832601982775,0.45510538254690763
0.0071509832601982775,0.4551354274640588
0.0071509832601982775,0.4554208541769946
0.0071509832601982775,0.4554659215527213
0.0071509832601982775,0.4555260113870236
0.0071509832601982775,0.4555710787627503
0.0071509832601982775,0.45560112367990147
0.0071509832601982775,0.45579641564138385
0.0071509832601982775,0.455826460558535
0.0071509832601982775,0.4558565054756861
0.0071509832601982775,0.45591659530998846
0.0071509832601982775,0.45597668514429074
0.0071509832601982775,0.4560067300614419
0.0071509832601982775,0.45612690973004644
0.0071509832601982775,0.4561569546471976
0.0071509832601982775,0.45620202202292426
0.0071509832601982775,0.4562320669400754
0.0071509832601982775,0.456247089398651
0.0071509832601982775,0.45627713431580214
0.0071509832601982775,0.45635224660867996
0.0071509832601982775,0.4563973139844067
0.0071509832601982775,0.4564423813601334
0.0071509832601982775,0.45651749365301125
0.0071509832601982775,0.4565475385701624
0.0071509832601982775,0.4566376733216158
0.0071509832601982775,0.45666771823876695
0.0071509832601982775,0.4568630102002494
0.0071509832601982775,0.4568930551174005
0.0071509832601982775,0.4570132347860051
0.0071509832601982775,0.4570432797031562
0.0071509832601982775,0.45705830216173177
0.0071509832601982775,0.4570883470788829
0.0071509832601982775,0.4572535941232142
0.0071509832601982775,0.45729866149894094
0.0071509832601982775,0.45743386362612104
0.0071509832601982775,0.4574939534604233
0.0071509832601982775,0.4578244475490859
0.0071509832601982775,0.45785449246623705
0.0071509832601982775,0.45791458230053933
0.0071509832601982775,0.45794462721769047
0.0071509832601982775,0.4580347619691439
0.0071509832601982775,0.45806480688629503
0.0071509832601982775,0.4582600988477774
0.0071509832601982775,0.45829014376492855
0.0071509832601982775,0.4583201886820797
0.0071509832601982775,0.45838027851638197
0.0071509832601982775,0.458485435726411
0.0071509832601982775,0.4585154806435621
0.0071509832601982775,0.45856054801928886
0.0071509832601982775,0.45859059293644
0.0071509832601982775,0.45862063785359114
0.0071509832601982775,0.4586506827707423
0.0071509832601982775,0.4586657052293178
0.0071509832601982775,0.4587257950636201
0.0071509832601982775,0.4588760196493758
0.007232244433609621,0.4588760196493758
0.007232244433609621,0.45892108702510254
0.007232244433609621,0.4589511319422537
0.007232244433609621,0.45926660357234067
0.007232244433609621,0.45932669340664295
0.007232244433609621,0.45946189553382305
0.007232244433609621,0.4594919404509742
0.007232244433609621,0.4595069629095498
0.007232244433609621,0.4595370078267009
0.007232244433609621,0.4595820752024276
0.007232244433609621,0.45962714257815435
0.007232244433609621,0.4596571874953055
0.007232244433609621,0.4596872324124566
0.007232244433609621,0.45988252437393906
0.007313505607020965,0.45988252437393906
0.007313505607020965,0.4599125692910902
0.007313505607020965,0.46003274895969476
0.007313505607020965,0.4600627938768459
0.007313505607020965,0.4602731082969039
0.007313505607020965,0.46031817567263056
0.007313505607020965,0.4603482205897817
0.007313505607020965,0.4603632430483573
0.007313505607020965,0.46039328796550844
0.007313505607020965,0.46058857992699087
0.007313505607020965,0.460618624844142
0.007313505607020965,0.4606636922198687
0.007313505607020965,0.46069373713701983
0.007313505607020965,0.4607538269713221
0.007313505607020965,0.46078387188847325
0.007313505607020965,0.4608289392642
0.00739476678043231,0.4608289392642
0.00739476678043231,0.4610092087671068
0.00739476678043231,0.46103925368425797
0.00739476678043231,0.461144410894287
0.00739476678043231,0.46120450072858926
0.00739476678043231,0.4612195231871648
0.00739476678043231,0.46126459056289154
0.00739476678043231,0.4614749049829495
0.00739476678043231,0.4615199723586762
0.00739476678043231,0.4615349948172518
0.00739476678043231,0.4615950846515541
0.00739476678043231,0.4618354439887632
0.00739476678043231,0.46188051136448993
0.00739476678043231,0.46191055628164107
0.00739476678043231,0.4620006910330945
0.00739476678043231,0.46203073595024563
0.00739476678043231,0.46206078086739677
0.00739476678043231,0.46210584824312345
0.00739476678043231,0.46227109528745475
0.00739476678043231,0.4623011402046059
0.00739476678043231,0.462331185121757
0.00739476678043231,0.46236123003890817
0.00739476678043231,0.4624062974146349
0.00739476678043231,0.46243634233178604
0.00739476678043231,0.46252647708323946
0.00739476678043231,0.4625565220003906
0.00739476678043231,0.4627067465861463
0.00739476678043231,0.46273679150329744
0.00739476678043231,0.4627668364204486
0.00739476678043231,0.46281190379617526
0.00739476678043231,0.4628419487133264
0.00739476678043231,0.4629320834647798
0.00739476678043231,0.46299217329908215
0.00739476678043231,0.46323253263629127
0.00739476678043231,0.46329262247059355
0.00739476678043231,0.46335271230489583
0.00739476678043231,0.4633977796806225
0.00739476678043231,0.46342782459777365
0.00739476678043231,0.4634578695149248
0.00739476678043231,0.4640888127750988
0.00739476678043231,0.46414890260940106
0.00739476678043231,0.4644944191566392
0.00739476678043231,0.46452446407379033
0.00739476678043231,0.4645394865323659
0.00739476678043231,0.464569531449517
0.00739476678043231,0.4647948683281506
0.00739476678043231,0.46482491324530173
0.00739476678043231,0.464990160289633
0.00739476678043231,0.46502020520678417
0.00739476678043231,0.4650502501239353
0.00739476678043231,0.46508029504108644
0.00739476678043231,0.4655459912569291
0.00739476678043231,0.46563612600838256
0.00739476678043231,0.4656511484669581
0.00739476678043231,0.46568119338410924
0.00739476678043231,0.4658614628870161
0.00739476678043231,0.4658915078041672
0.00739476678043231,0.4661168446828008
0.00739476678043231,0.46614688959995193
0.00739476678043231,0.4662220018928298
0.00739476678043231,0.4663121366442832
0.00739476678043231,0.46632715910285877
0.00739476678043231,0.4663572040200099
0.00739476678043231,0.4665074286057656
0.00739476678043231,0.46653747352291675
0.00739476678043231,0.46662760827437016
0.00739476678043231,0.4666576531915213
0.00739476678043231,0.46677783286012586
0.00739476678043231,0.46683792269442814
0.00739476678043231,0.4668829900701549
0.00739476678043231,0.466913034987306
0.00739476678043231,0.4670482371144862
0.00739476678043231,0.4670782820316373
0.00739476678043231,0.46709330449021286
0.00739476678043231,0.467123349407364
0.00739476678043231,0.4672134841588174
0.00739476678043231,0.46724352907596856
0.00739476678043231,0.4674237985788754
0.00739476678043231,0.46745384349602653
0.00739476678043231,0.46748388841317773
0.00739476678043231,0.4675289557889044
0.00739476678043231,0.46755900070605555
0.00739476678043231,0.4676341129989334
0.00739476678043231,0.46766415791608457
0.00739476678043231,0.467754292667538
0.00739476678043231,0.4677843375846891
0.00739476678043231,0.4680697642976249
0.00739476678043231,0.46812985413192726
0.00739476678043231,0.4681598990490784
0.00739476678043231,0.4685054155963165
0.00739476678043231,0.4685354605134676
0.00739476678043231,0.46862559526492104
0.00739476678043231,0.46871573001637445
0.00739476678043231,0.46873075247495005
0.007476027953843654,0.46873075247495005
0.007476027953843654,0.46894106689500803
0.007557289127254997,0.46894106689500803
0.007557289127254997,0.4690011567293103
0.007557289127254997,0.46904622410503705
0.007557289127254997,0.4690612465636126
0.007557289127254997,0.4691063139393393
0.007557289127254997,0.4693166283593973
0.007557289127254997,0.46934667327654844
0.007557289127254997,0.46958703261375756
0.007557289127254997,0.4696170775309087
0.007557289127254997,0.46973725719951326
0.007557289127254997,0.46978232457524
0.007557289127254997,0.46994757161957124
0.007557289127254997,0.4699776165367224
0.007557289127254997,0.4700226839124491
0.007557289127254997,0.47005272882960025
0.007557289127254997,0.47006775128817585
0.007557289127254997,0.470097796205327
0.007557289127254997,0.47027806570823383
0.007557289127254997,0.47030811062538497
0.007557289127254997,0.4704733576697162
0.007557289127254997,0.47050340258686735
0.007557289127254997,0.47051842504544295
0.007557289127254997,0.4705484699625941
0.007557289127254997,0.47060855979689636
0.007557289127254997,0.4706386047140475
0.007557289127254997,0.47065362717262305
0.007557289127254997,0.4706836720897742
0.007557289127254997,0.4707137170069254
0.007557289127254997,0.4707437619240765
0.007557289127254997,0.47077380684122766
0.007557289127254997,0.4708038517583788
0.007557289127254997,0.47090900896840776
0.007557289127254997,0.47096909880271004
0.007557289127254997,0.4710291886370123
0.007557289127254997,0.47105923355416346
0.007557289127254997,0.4710892784713146
0.007557289127254997,0.47111932338846574
0.007557289127254997,0.47122448059849475
0.007557289127254997,0.4712545255156459
0.007557289127254997,0.47137470518425045
0.007557289127254997,0.4714197725599772
0.007557289127254997,0.471494884852855
0.007557289127254997,0.4715699971457329
0.007557289127254997,0.4718554238586687
0.007557289127254997,0.4718854687758198
0.007557289127254997,0.4719004912343954
0.007638550300666342,0.4719004912343954
0.007638550300666342,0.47191551369297097
0.007638550300666342,0.4719605810686977
0.007638550300666342,0.4721708954887557
0.007638550300666342,0.4722159628644824
0.007638550300666342,0.47224600778163356
0.007638550300666342,0.4722760526987847
0.007638550300666342,0.472336142533087
0.007638550300666342,0.4723661874502381
0.007638550300666342,0.47238120990881366
0.007638550300666342,0.4724262772845404
0.007638550300666342,0.4724863671188427
0.007638550300666342,0.4725164120359938
0.007638550300666342,0.47277179383177853
0.007638550300666342,0.47280183874892967
0.007638550300666342,0.47286192858323195
0.007638550300666342,0.4728919735003831
0.007638550300666342,0.47299713071041205
0.007638550300666342,0.47305722054471433
0.007638550300666342,0.4731323328375922
0.007638550300666342,0.4731774002133189
0.007638550300666342,0.4732825574233479
0.007638550300666342,0.4733426472576502
0.007638550300666342,0.4733726921748013
0.007638550300666342,0.47341775955052806
0.007638550300666342,0.4734327820091036
0.007638550300666342,0.47346282692625474
0.007638550300666342,0.4735078943019815
0.007638550300666342,0.4735379392191326
0.007638550300666342,0.47362807397058604
0.007638550300666342,0.4736731413463127
0.007638550300666342,0.47377829855634174
0.007638550300666342,0.4738083434734929
0.007638550300666342,0.47385341084921956
0.007638550300666342,0.47386843330779516
0.007638550300666342,0.4738984782249463
0.007638550300666342,0.47394354560067303
0.007638550300666342,0.4739886129763997
0.007638550300666342,0.47409377018642873
0.007638550300666342,0.47412381510357987
0.007638550300666342,0.4741989273964577
0.007638550300666342,0.47424399477218443
0.007638550300666342,0.47440924181651567
0.007638550300666342,0.4744392867336668
0.007638550300666342,0.47448435410939355
0.007638550300666342,0.47452942148512023
0.007638550300666342,0.47455946640227137
0.007638550300666342,0.47487493803235836
0.007638550300666342,0.4749049829495095
0.007638550300666342,0.47517538720386976
0.007638550300666342,0.4752204545795965
0.007638550300666342,0.4752354770381721
0.007638550300666342,0.4752955668724744
0.007638550300666342,0.47558099358541017
0.007638550300666342,0.4756260609611369
0.007638550300666342,0.475761263088317
0.007638550300666342,0.47580633046404375
0.007638550300666342,0.4758213529226193
0.007638550300666342,0.475866420298346
0.007638550300666342,0.47597157750837504
0.007638550300666342,0.4760316673426773
0.007638550300666342,0.476076734718404
0.007638550300666342,0.47619691438700856
0.007638550300666342,0.4762269593041597
0.007638550300666342,0.47636216143133986
0.007638550300666342,0.476392206348491
0.007638550300666342,0.4765424309342467
0.007638550300666342,0.47657247585139784
0.007638550300666342,0.4766926555200024
0.007638550300666342,0.4767527453543047
0.007638550300666342,0.4767827902714558
0.007638550300666342,0.47681283518860695
0.007638550300666342,0.47688794748148483
0.007719811474077686,0.47688794748148483
0.007719811474077686,0.47696305977436265
0.007719811474077686,0.4770081271500894
0.007719811474077686,0.47703817206724053
0.007719811474077686,0.47706821698439167
0.007719811474077686,0.4770832394429672
0.007719811474077686,0.47711328436011835
0.007719811474077686,0.4773235987801764
0.0078010726474890294,0.4773235987801764
0.0078010726474890294,0.4773536436973275
0.0078010726474890294,0.47738368861447866
0.0078010726474890294,0.4774137335316298
0.0078010726474890294,0.4775489356588099
0.0078010726474890294,0.47757898057596104
0.0078010726474890294,0.4777141827031412
0.0078010726474890294,0.4777592500788679
0.0078010726474890294,0.4779545420403503
0.0078010726474890294,0.47799960941607705
0.0078010726474890294,0.47804467679180374
0.0078010726474890294,0.478104766626106
0.0078010726474890294,0.47823996875328617
0.0078010726474890294,0.4782700136704373
0.0078010726474890294,0.47828503612901285
0.0078010726474890294,0.478315081046164
0.0078010726474890294,0.47834512596331513
0.007882333820900374,0.47834512596331513
0.007882333820900374,0.47837517088046627
0.007882333820900374,0.478420238256193
0.007882333820900374,0.4784352607147686
0.007882333820900374,0.47846530563191975
0.007882333820900374,0.47854041792479757
0.007882333820900374,0.4785704628419487
0.007882333820900374,0.4786605975934021
0.007882333820900374,0.47870566496912886
0.007882333820900374,0.47875073234485555
0.007882333820900374,0.4787807772620067
0.007882333820900374,0.478946024306338
0.007882333820900374,0.4789760692234891
0.007882333820900374,0.47899109168206466
0.007882333820900374,0.4790211365992158
0.007882333820900374,0.4790962488920937
0.007882333820900374,0.4791262938092448
0.007882333820900374,0.47915633872639596
0.007882333820900374,0.4791863836435471
0.007882333820900374,0.4792014061021227
0.007882333820900374,0.479261495936425
0.007882333820900374,0.4792915408535761
0.007882333820900374,0.47932158577072725
0.007882333820900374,0.4795018552736341
0.007882333820900374,0.47956194510793637
0.007882333820900374,0.4801177760752325
0.007882333820900374,0.48016284345095916
0.007963594994311717,0.48016284345095916
0.007963594994311717,0.4802680006609882
0.007963594994311717,0.4802980455781393
0.007963594994311717,0.480448270163895
0.007963594994311717,0.48047831508104616
0.007963594994311717,0.48077876425255756
0.007963594994311717,0.4808238316282843
0.007963594994311717,0.48094401129688885
0.007963594994311717,0.48100410113119113
0.007963594994311717,0.48103414604834227
0.007963594994311717,0.481079213424069
0.007963594994311717,0.48110925834122015
0.007963594994311717,0.48115432571694683
0.007963594994311717,0.4813195727612781
0.007963594994311717,0.48134961767842926
0.007963594994311717,0.48139468505415595
0.007963594994311717,0.4814697973470338
0.007963594994311717,0.48149984226418496
0.007963594994311717,0.4815298871813361
0.007963594994311717,0.4815749545570628
0.007963594994311717,0.4816049994742139
0.007963594994311717,0.48165006684994066
0.007963594994311717,0.4817702465185452
0.007963594994311717,0.48181531389427196
0.007963594994311717,0.4819955833971788
0.007963594994311717,0.48202562831432993
0.007963594994311717,0.4820406507729055
0.007963594994311717,0.4820706956900566
0.007963594994311717,0.4822810101101146
0.007963594994311717,0.48232607748584133
0.007963594994311717,0.48235612240299247
0.007963594994311717,0.48250634698874817
0.007963594994311717,0.4825363919058993
0.007963594994311717,0.4827767512431084
0.007963594994311717,0.48280679616025957
0.007963594994311717,0.4828518635359863
0.007963594994311717,0.4829419982874397
0.007963594994311717,0.48297204320459086
0.007963594994311717,0.483002088121742
0.007963594994311717,0.48303213303889314
0.007963594994311717,0.48312226779034656
0.007963594994311717,0.4831673351660733
0.007963594994311717,0.48319738008322444
0.007963594994311717,0.4834076945032824
0.007963594994311717,0.48343773942043355
0.007963594994311717,0.4835579190890381
0.007963594994311717,0.48358796400618925
0.007963594994311717,0.48364805384049153
0.007963594994311717,0.48367809875764267
0.007963594994311717,0.4837682335090961
0.007963594994311717,0.48379827842624723
0.007963594994311717,0.4839184580948518
0.007963594994311717,0.4839635254705785
0.007963594994311717,0.48397854792915407
0.007963594994311717,0.4840085928463052
0.007963594994311717,0.48405366022203195
0.007963594994311717,0.4840837051391831
0.008044856167723062,0.4840837051391831
0.008044856167723062,0.4842789971006655
0.008044856167723062,0.4843240644763922
0.008044856167723062,0.48436913185211894
0.008044856167723062,0.4843991767692701
0.008044856167723062,0.4848798954436883
0.008044856167723062,0.48490994036083945
0.008044856167723062,0.48515029969804857
0.008044856167723062,0.4851803446151997
0.008044856167723062,0.48527047936665313
0.008044856167723062,0.48530052428380427
0.008044856167723062,0.485345591659531
0.008044856167723062,0.4854056814938333
0.008044856167723062,0.48545074886955997
0.008044856167723062,0.4854958162452867
0.008044856167723062,0.4855859509967401
0.008044856167723062,0.48561599591389126
0.008044856167723062,0.485661063289618
0.008044856167723062,0.48569110820676914
0.008044856167723062,0.4857211531239203
0.008044856167723062,0.4857511980410714
0.008044856167723062,0.48597653491970494
0.008044856167723062,0.4860065798368561
0.008044856167723062,0.4860967145883095
0.008044856167723062,0.48612675950546064
0.008044856167723062,0.48653236588700105
0.008044856167723062,0.4865774332627278
0.008044856167723062,0.48659245572130333
0.008044856167723062,0.48662250063845447
0.008044856167723062,0.48677272522421017
0.008044856167723062,0.4868177925999369
0.008044856167723062,0.4869680171856926
0.008044856167723062,0.48701308456141934
0.008044856167723062,0.4870431294785705
0.008044856167723062,0.4870731743957216
0.008044856167723062,0.4872083765229017
0.008044856167723062,0.48723842144005286
0.008044856167723062,0.4873435786500819
0.008044856167723062,0.4874186909429597
0.008044856167723062,0.4874938032358376
0.008044856167723062,0.4875238481529887
0.008044856167723062,0.4877491850316223
0.008126117341134406,0.4877491850316223
0.008126117341134406,0.48786936470022685
0.008126117341134406,0.487899409617378
0.008126117341134406,0.48795949945168027
0.008126117341134406,0.4880346117445581
0.008126117341134406,0.48810972403743597
0.008126117341134406,0.4881547914131627
0.008126117341134406,0.4881998587888894
0.008126117341134406,0.4882299037060405
0.008126117341134406,0.4883651058332207
0.008126117341134406,0.48841017320894736
0.008126117341134406,0.4885904427118542
0.008126117341134406,0.48863551008758094
0.008126117341134406,0.4886505325461565
0.008126117341134406,0.48871062238045876
0.008126117341134406,0.4888308020490634
0.008126117341134406,0.4888608469662145
0.008126117341134406,0.48913125122057477
0.008126117341134406,0.4891612961377259
0.008126117341134406,0.489296498264906
0.008126117341134406,0.48932654318205715
0.008126117341134406,0.4894617453092373
0.008126117341134406,0.48949179022638845
0.008126117341134406,0.4895518800606907
0.008126117341134406,0.48964201481214414
0.008126117341134406,0.4897021046464464
0.008126117341134406,0.48973214956359756
0.008126117341134406,0.4897772169393243
0.008126117341134406,0.48980726185647544
0.008126117341134406,0.48995748644223114
0.008126117341134406,0.4899875313593823
0.008126117341134406,0.49012273348656243
0.008126117341134406,0.4901527784037136
0.008126117341134406,0.49058842970240507
0.008126117341134406,0.4906184746195562
0.008126117341134406,0.4907386542881608
0.008126117341134406,0.49076869920531196
0.008126117341134406,0.4909489687082188
0.008126117341134406,0.49097901362536994
0.008126117341134406,0.4909940360839455
0.008126117341134406,0.4910391034596722
0.008126117341134406,0.49106914837682336
0.008126117341134406,0.49138462000691036
0.008126117341134406,0.4914146649240615
0.008126117341134406,0.4915648895098172
0.008126117341134406,0.49159493442696833
0.008126117341134406,0.49167004671984615
0.008126117341134406,0.4917000916369973
0.008126117341134406,0.49174515901272403
0.008126117341134406,0.49177520392987517
0.008126117341134406,0.4919404509742064
0.008126117341134406,0.49198551834993315
0.008126117341134406,0.49200054080850875
0.008126117341134406,0.4920305857256599
0.008126117341134406,0.49245121456577584
0.008126117341134406,0.49252632685865366
0.008126117341134406,0.4926465065272583
0.008126117341134406,0.49269157390298496
0.008126117341134406,0.492796731113014
0.008126117341134406,0.4928267760301651
0.008126117341134406,0.4928868658644674
0.008126117341134406,0.49291691078161853
0.008126117341134406,0.4931722925774032
0.008126117341134406,0.4932323824117055
0.008126117341134406,0.49341265191461237
0.008126117341134406,0.4934426968317635
0.008126117341134406,0.4935929214175192
0.008126117341134406,0.49362296633467034
0.008126117341134406,0.49402857271621076
0.008126117341134406,0.4940586176333619
0.008126117341134406,0.4942088422191176
0.008126117341134406,0.4942689320534199
0.008126117341134406,0.494298976970571
0.008126117341134406,0.4944341790977511
0.008126117341134406,0.49446422401490225
0.008126117341134406,0.4947646731864137
0.008126117341134406,0.49479471810356485
0.008126117341134406,0.49494494268932054
0.008126117341134406,0.4949749876064717
0.008126117341134406,0.4951101897336518
0.00820737851454575,0.4951101897336518
0.00820737851454575,0.4957411329938258
0.00820737851454575,0.4957711779109769
0.00820737851454575,0.49634203133684857
0.008288639687957094,0.49634203133684857
0.008288639687957094,0.49641714362972644
0.008369900861368438,0.49641714362972644
0.008369900861368438,0.4964772334640287
0.008369900861368438,0.496537323298331
0.008369900861368438,0.49656736821548214
0.008369900861368438,0.4967626601769646
0.008369900861368438,0.49682275001126686
0.008369900861368438,0.496852794928418
0.008532423208191127,0.496852794928418
0.008532423208191127,0.49695795213844696
0.008532423208191127,0.4969879970555981
0.008532423208191127,0.4970480868899004
0.008532423208191127,0.4970781318070515
0.008532423208191127,0.49719831147565613
0.008532423208191127,0.4972433788513828
0.008532423208191127,0.4973184911442607
0.008532423208191127,0.49734853606141183
0.008532423208191127,0.49736355851998737
0.008532423208191127,0.4973936034371385
0.008532423208191127,0.4974536932714408
0.008532423208191127,0.4974987606471675
0.008532423208191127,0.4976339627743476
0.008532423208191127,0.49766400769149877
0.008532423208191127,0.4982198386587949
0.008532423208191127,0.498249883575946
0.008532423208191127,0.4983099734102483
0.008532423208191127,0.4983700632445506
0.008532423208191127,0.49844517553742845
0.008532423208191127,0.4984902429131552
0.008532423208191127,0.49852028783030633
0.008532423208191127,0.49855033274745747
0.008532423208191127,0.49861042258175975
0.008532423208191127,0.4986404674989109
0.008532423208191127,0.4991061637147536
0.008532423208191127,0.4991362086319047
0.008532423208191127,0.499196298466207
0.008532423208191127,0.49922634338335814
0.008532423208191127,0.4994967476377184
0.008532423208191127,0.4995418150134451
0.008532423208191127,0.4995718599305962
0.008532423208191127,0.49960190484774736
0.008532423208191127,0.4996319497648985
0.008532423208191127,0.49997746631213663
0.008532423208191127,0.5000075112292878
0.008532423208191127,0.5000225336878633
0.008532423208191127,0.5000525786050145
0.008532423208191127,0.5001577358150435
0.008532423208191127,0.5001877807321946
0.008532423208191127,0.5002028031907702
0.008532423208191127,0.5002328481079213
0.008532423208191127,0.5002628930250724
0.008532423208191127,0.5002929379422236
0.008532423208191127,0.5004581849865549
0.008532423208191127,0.5005032523622817
0.008532423208191127,0.5005182748208572
0.008532423208191127,0.5005633421965839
0.008532423208191127,0.5006234320308862
0.008532423208191127,0.5006534769480373
0.008532423208191127,0.5007586341580663
0.008532423208191127,0.5007886790752174
0.008532423208191127,0.5008788138266709
0.008532423208191127,0.5009689485781244
0.008532423208191127,0.501014015953851
0.008532423208191127,0.5011792629981823
0.008532423208191127,0.501224330373909
0.008532423208191127,0.5012543752910601
0.008532423208191127,0.5012844202082113
0.008532423208191127,0.5012994426667868
0.008532423208191127,0.501329487583938
0.008532423208191127,0.5014797121696937
0.008532423208191127,0.5015698469211471
0.008532423208191127,0.5017050490483272
0.008532423208191127,0.5017350939654784
0.008532423208191127,0.5018102062583563
0.008532423208191127,0.501855273634083
0.008532423208191127,0.5019604308441119
0.008532423208191127,0.5020054982198386
0.008532423208191127,0.5020205206784142
0.008532423208191127,0.5020806105127165
0.008532423208191127,0.5023359923085012
0.008532423208191127,0.5023660372256523
0.008532423208191127,0.502411104601379
0.008532423208191127,0.5024711944356813
0.008532423208191127,0.5026815088557394
0.008532423208191127,0.5027115537728905
0.008532423208191127,0.5027415986900416
0.008532423208191127,0.5028167109829195
0.008532423208191127,0.502831733441495
0.008532423208191127,0.5028617783586462
0.008532423208191127,0.5029068457343729
0.008532423208191127,0.5031622275301576
0.008532423208191127,0.5031922724473087
0.008532423208191127,0.5032373398230354
0.00861368438160247,0.5032373398230354
0.00861368438160247,0.5034776991602445
0.00861368438160247,0.5035377889945468
0.00861368438160247,0.5035528114531225
0.00861368438160247,0.5036279237460003
0.00861368438160247,0.5037781483317559
0.00861368438160247,0.5038081932489071
0.00861368438160247,0.5038532606246339
0.00861368438160247,0.503883305541785
0.00861368438160247,0.5038983280003605
0.008694945555013815,0.5038983280003605
0.008694945555013815,0.5039283729175117
0.008694945555013815,0.5039584178346628
0.008694945555013815,0.504018507668965
0.008694945555013815,0.5043039343819009
0.008694945555013815,0.5043339792990521
0.008694945555013815,0.5045893610948368
0.008694945555013815,0.504619406011988
0.008694945555013815,0.5046644733877146
0.008694945555013815,0.5046945183048658
0.008694945555013815,0.5048747878077726
0.008694945555013815,0.5049048327249238
0.008694945555013815,0.5051301696035573
0.008776206728425159,0.5051301696035573
0.008776206728425159,0.5052203043550108
0.008776206728425159,0.505280394189313
0.008776206728425159,0.5053404840236153
0.008776206728425159,0.5053705289407664
0.008776206728425159,0.5054155963164931
0.008776206728425159,0.5054456412336443
0.008776206728425159,0.5055057310679466
0.008776206728425159,0.5055357759850977
0.008776206728425159,0.5056108882779756
0.008776206728425159,0.5056409331951267
0.008776206728425159,0.505701023029429
0.008776206728425159,0.5057310679465802
0.008776206728425159,0.505911337449487
0.008776206728425159,0.5059413823666381
0.008857467901836502,0.5059413823666381
0.008857467901836502,0.5060164946595159
0.008857467901836502,0.5060465395766671
0.008857467901836502,0.506226809079574
0.008857467901836502,0.5062868989138762
0.008857467901836502,0.506331966289603
0.008857467901836502,0.5063620112067541
0.008857467901836502,0.5066474379196899
0.008857467901836502,0.5066774828368411
0.008857467901836502,0.5067075277539922
0.008857467901836502,0.5067676175882945
0.008857467901836502,0.5068277074225968
0.008857467901836502,0.5068727747983235
0.008857467901836502,0.5072783811798639
0.008857467901836502,0.5073685159313173
0.008857467901836502,0.5075337629756486
0.008857467901836502,0.5075638078927998
0.008857467901836502,0.5075788303513753
0.008857467901836502,0.507623897727102
0.008857467901836502,0.507729054937131
0.008857467901836502,0.5077741223128577
0.008857467901836502,0.5078041672300089
0.008857467901836502,0.5079844367329157
0.008938729075247847,0.5079844367329157
0.008938729075247847,0.5081797286943981
0.008938729075247847,0.5082247960701248
0.008938729075247847,0.508254840987276
0.008938729075247847,0.5082999083630027
0.008938729075247847,0.5083149308215783
0.008938729075247847,0.5083449757387294
0.008938729075247847,0.5084200880316072
0.008938729075247847,0.508465155407334
0.008938729075247847,0.5085252452416362
0.008938729075247847,0.5085552901587874
0.008938729075247847,0.5085853350759385
0.00901999024865919,0.5085853350759385
0.00901999024865919,0.5087505821202698
0.009101251422070534,0.5087505821202698
0.009101251422070534,0.508780627037421
0.009101251422070534,0.5088256944131476
0.009101251422070534,0.5089158291646011
0.009101251422070534,0.5089458740817522
0.009101251422070534,0.5090059639160545
0.009101251422070534,0.5090360088332057
0.009101251422070534,0.5090960986675079
0.009101251422070534,0.509126143584659
0.009101251422070534,0.5093064130875659
0.009101251422070534,0.509336458004717
0.009101251422070534,0.5102077606021002
0.009101251422070534,0.5102378055192512
0.009101251422070534,0.5102978953535535
0.009101251422070534,0.5103279402707047
0.009101251422070534,0.5105382546907626
0.009101251422070534,0.5105682996079138
0.009101251422070534,0.5105983445250649
0.009101251422070534,0.5106283894422161
0.009101251422070534,0.5106434119007917
0.009101251422070534,0.5106734568179429
0.009101251422070534,0.5107185241936696
0.009101251422070534,0.5107485691108207
0.009101251422070534,0.5107936364865474
0.009101251422070534,0.5108236814036985
0.009101251422070534,0.5112593327023901
0.009101251422070534,0.5112893776195412
0.009101251422070534,0.5114095572881457
0.009101251422070534,0.5114396022052969
0.009101251422070534,0.5114546246638725
0.009101251422070534,0.5114846695810237
0.009101251422070534,0.5117400513768083
0.009101251422070534,0.5117700962939594
0.009101251422070534,0.5118001412111106
0.009101251422070534,0.5118301861282617
0.009101251422070534,0.5118602310454129
0.009101251422070534,0.5119203208797152
0.009101251422070534,0.5119503657968664
0.009101251422070534,0.5120104556311686
0.009101251422070534,0.5120405005483197
0.009101251422070534,0.5120855679240465
0.009101251422070534,0.5121156128411976
0.009101251422070534,0.512205747592651
0.009101251422070534,0.5122357925098021
0.009101251422070534,0.512416062012709
0.009101251422070534,0.5124461069298601
0.009101251422070534,0.5124761518470112
0.009101251422070534,0.512521219222738
0.009101251422070534,0.5125512641398892
0.009101251422070534,0.5125813090570402
0.009101251422070534,0.5126113539741914
0.009101251422070534,0.5126564213499182
0.009101251422070534,0.5126864662670693
0.009101251422070534,0.5127766010185227
0.009101251422070534,0.5128216683942494
0.009101251422070534,0.5129568705214296
0.009101251422070534,0.5130019378971562
0.009101251422070534,0.5130319828143074
0.009101251422070534,0.5130620277314585
0.009101251422070534,0.5131070951071852
0.009101251422070534,0.5131371400243364
0.009101251422070534,0.51336247690297
0.009101251422070534,0.5133925218201211
0.009101251422070534,0.5135878137816035
0.009101251422070534,0.5136178586987546
0.009101251422070534,0.5136779485330569
0.009101251422070534,0.513707993450208
0.009101251422070534,0.5137230159087837
0.009101251422070534,0.5137831057430859
0.009101251422070534,0.513918307870266
0.009101251422070534,0.5139483527874172
0.009101251422070534,0.5142037345832019
0.00918251259548188,0.5142037345832019
0.00918251259548188,0.514233779500353
0.00918251259548188,0.5142488019589286
0.00918251259548188,0.5142938693346553
0.00918251259548188,0.5144140490032598
0.00918251259548188,0.514444093920411
0.00918251259548188,0.5144891612961378
0.00918251259548188,0.5145192062132888
0.00918251259548188,0.5145642735890156
0.00918251259548188,0.5145943185061668
0.00918251259548188,0.5146093409647423
0.009345034942304566,0.5146093409647423
0.009345034942304566,0.5146393858818934
0.009345034942304566,0.5146694307990446
0.009345034942304566,0.5146844532576201
0.009345034942304566,0.5147144981747713
0.009345034942304566,0.5148346778433759
0.009345034942304566,0.514864722760527
0.009345034942304566,0.5150900596391605
0.009345034942304566,0.5151201045563116
0.009345034942304566,0.5151501494734628
0.009345034942304566,0.515180194390614
0.009345034942304566,0.5153604638935209
0.009345034942304566,0.5153905088106719
0.009345034942304566,0.5155106884792765
0.009345034942304566,0.5155407333964277
0.009345034942304566,0.5158862499436658
0.009345034942304566,0.5159162948608169
0.009345034942304566,0.5160965643637238
0.009345034942304566,0.516126609280875
0.009345034942304566,0.5161416317394505
0.009345034942304566,0.5161716766566016
0.009345034942304566,0.5161866991151772
0.009345034942304566,0.5162467889494795
0.009345034942304566,0.5163369237009329
0.009345034942304566,0.5163669686180841
0.009345034942304566,0.5163970135352351
0.009345034942304566,0.5164571033695374
0.009345034942304566,0.5165021707452642
0.009426296115715911,0.5165021707452642
0.009426296115715911,0.5165171932038397
0.009426296115715911,0.5165472381209909
0.009426296115715911,0.516577283038142
0.009426296115715911,0.5166073279552932
0.009426296115715911,0.5166523953310199
0.009426296115715911,0.516682440248171
0.009426296115715911,0.5168176423753511
0.009426296115715911,0.5168476872925023
0.009507557289127255,0.5168476872925023
0.009507557289127255,0.5170279567954091
0.009507557289127255,0.5170580017125602
0.009507557289127255,0.5172382712154672
0.009507557289127255,0.5172683161326183
0.009507557289127255,0.517418540718374
0.009507557289127255,0.5174636080941006
0.009507557289127255,0.5174786305526763
0.009588818462538598,0.5174786305526763
0.009588818462538598,0.5175086754698274
0.009588818462538598,0.5175387203869786
0.009588818462538598,0.5175837877627052
0.009588818462538598,0.5176138326798564
0.009588818462538598,0.5176589000555831
0.009588818462538598,0.5176889449727342
0.009588818462538598,0.5178091246413388
0.009588818462538598,0.51783916955849
0.009588818462538598,0.5178842369342167
0.009670079635949944,0.5178842369342167
0.009670079635949944,0.5178992593927922
0.009670079635949944,0.5179893941442456
0.009670079635949944,0.5183198882329082
0.009751340809361287,0.5183198882329082
0.009751340809361287,0.5184100229843617
0.00983260198277263,0.5184100229843617
0.00983260198277263,0.5184550903600883
0.00983260198277263,0.518500157735815
0.00983260198277263,0.5188006069073264
0.00983260198277263,0.5188306518244776
0.00983260198277263,0.5188456742830532
0.00983260198277263,0.5188757192002043
0.00983260198277263,0.5188907416587799
0.00983260198277263,0.518920786575931
0.00983260198277263,0.5189358090345065
0.00983260198277263,0.5189658539516577
0.00983260198277263,0.5189808764102333
0.00983260198277263,0.5190109213273845
0.00983260198277263,0.51902594378596
0.00983260198277263,0.5190559887031112
0.00983260198277263,0.5192062132888668
0.00983260198277263,0.5192512806645936
0.00983260198277263,0.5194615950846515
0.00983260198277263,0.5194916400018027
0.00983260198277263,0.5196869319632851
0.00983260198277263,0.5197470217975874
0.00983260198277263,0.5197770667147386
0.00983260198277263,0.5198071116318896
0.00983260198277263,0.5198521790076164
0.00983260198277263,0.5198822239247676
0.00983260198277263,0.5200174260519477
0.00983260198277263,0.5200624934276744
0.00983260198277263,0.5201225832619767
0.00983260198277263,0.5201676506377033
0.00983260198277263,0.5201976955548545
0.00983260198277263,0.5202277404720056
0.00983260198277263,0.5203629425991858
0.009913863156183976,0.5203629425991858
0.009913863156183976,0.5204080099749125
0.009913863156183976,0.5204380548920636
0.009913863156183976,0.5206633917706972
0.009913863156183976,0.5206934366878483
0.009913863156183976,0.5208737061907551
0.009913863156183976,0.5209037511079063
0.009913863156183976,0.5209488184836331
0.009913863156183976,0.5209938858593598
0.009913863156183976,0.5210539756936621
0.009995124329595319,0.5210539756936621
0.009995124329595319,0.5215647392852314
0.009995124329595319,0.5215947842023826
0.009995124329595319,0.5217299863295627
0.009995124329595319,0.5217600312467139
0.009995124329595319,0.521790076163865
0.009995124329595319,0.5218201210810162
0.009995124329595319,0.5218501659981672
0.009995124329595319,0.5218802109153184
0.009995124329595319,0.5219102558324695
0.009995124329595319,0.522000390583923
0.009995124329595319,0.5221806600868298
0.009995124329595319,0.5222107050039809
0.009995124329595319,0.5223459071311611
0.009995124329595319,0.5223759520483122
0.009995124329595319,0.5224360418826145
0.010076385503006663,0.5224360418826145
0.010076385503006663,0.522526176634068
0.010076385503006663,0.5225562215512191
0.010076385503006663,0.5226012889269458
0.010076385503006663,0.5226313338440969
0.010076385503006663,0.5227965808884282
0.010157646676418008,0.5227965808884282
0.010157646676418008,0.5228266258055794
0.010157646676418008,0.5228716931813061
0.010157646676418008,0.5229017380984572
0.010157646676418008,0.5229317830156084
0.010157646676418008,0.5229468054741839
0.010157646676418008,0.5229918728499107
0.010157646676418008,0.5231420974356663
0.010157646676418008,0.5232021872699686
0.010157646676418008,0.5235176589000556
0.010157646676418008,0.5235627262757823
0.010157646676418008,0.5237429957786891
0.010157646676418008,0.5237880631544158
0.010157646676418008,0.523818108071567
0.010157646676418008,0.524028422491625
0.010157646676418008,0.5240584674087762
0.010157646676418008,0.5240734898673517
0.010157646676418008,0.5241035347845028
0.010157646676418008,0.5241786470773807
0.010157646676418008,0.5242086919945318
0.010157646676418008,0.5242838042874097
0.010157646676418008,0.5243138492045608
0.010157646676418008,0.524343894121712
0.010157646676418008,0.5243739390388631
0.010157646676418008,0.5245692310003455
0.010157646676418008,0.5245992759174967
0.010157646676418008,0.52468941066895
0.010238907849829351,0.52468941066895
0.010238907849829351,0.524794567878979
0.010238907849829351,0.5248246127961302
0.010238907849829351,0.5249447924647348
0.010238907849829351,0.5249748373818859
0.010238907849829351,0.5250950170504904
0.010238907849829351,0.5251250619676416
0.010238907849829351,0.5251400844262172
0.010238907849829351,0.5251701293433684
0.010238907849829351,0.5254104886805775
0.010238907849829351,0.5254405335977286
0.010238907849829351,0.5254856009734553
0.010238907849829351,0.525530668349182
0.010238907849829351,0.5256358255592111
0.010238907849829351,0.5256808929349377
0.010238907849829351,0.5257710276863912
0.010238907849829351,0.5258010726035423
0.010238907849829351,0.525846139979269
0.010238907849829351,0.5258761848964202
0.010238907849829351,0.5259663196478735
0.010238907849829351,0.5259963645650247
0.010238907849829351,0.5260864993164781
0.010238907849829351,0.5261315666922048
0.010238907849829351,0.5261465891507804
0.010238907849829351,0.5261766340679316
0.010238907849829351,0.5262817912779606
0.010238907849829351,0.5263118361951117
0.010238907849829351,0.526477083239443
0.010238907849829351,0.5265071281565941
0.010238907849829351,0.5265521955323208
0.010238907849829351,0.526582240449472
0.010238907849829351,0.527002869289588
0.010238907849829351,0.5270479366653147
0.010238907849829351,0.5270629591238902
0.010238907849829351,0.5271530938753436
0.010238907849829351,0.5271831387924948
0.010238907849829351,0.5271981612510703
0.010320169023240696,0.5271981612510703
0.010320169023240696,0.5272131837096459
0.010320169023240696,0.5272432286267971
0.010320169023240696,0.5274685655054306
0.010320169023240696,0.5275286553397329
0.010320169023240696,0.527558700256884
0.010320169023240696,0.5275887451740352
0.010320169023240696,0.527663857466913
0.010320169023240696,0.5276939023840642
0.010320169023240696,0.5278140820526688
0.010320169023240696,0.5278441269698199
0.010320169023240696,0.5283398681028137
0.010320169023240696,0.5283699130199648
0.010320169023240696,0.528399957937116
0.010320169023240696,0.5284300028542671
0.010320169023240696,0.5285051151471449
0.010320169023240696,0.5285351600642961
0.010320169023240696,0.5286252948157495
0.010320169023240696,0.5286553397329007
0.010320169023240696,0.528715429567203
0.010320169023240696,0.5287604969429297
0.010320169023240696,0.5288506316943831
0.010320169023240696,0.5288956990701098
0.010320169023240696,0.5289858338215633
0.010320169023240696,0.5290158787387144
0.010320169023240696,0.5290759685730166
0.01040143019665204,0.5290759685730166
0.01040143019665204,0.5291661033244701
0.01040143019665204,0.5292562380759235
0.01040143019665204,0.529481574954557
0.010482691370063383,0.529481574954557
0.010482691370063383,0.5296017546231616
0.010482691370063383,0.5296317995403128
0.010482691370063383,0.5298571364189463
0.010482691370063383,0.529902203794673
0.010482691370063383,0.530007361004702
0.010482691370063383,0.5300374059218532
0.010482691370063383,0.5300524283804288
0.010482691370063383,0.5300824732975798
0.010482691370063383,0.530112518214731
0.010482691370063383,0.5301425631318821
0.010482691370063383,0.5301575855904578
0.010563952543474728,0.5301575855904578
0.010563952543474728,0.530322832634789
0.010563952543474728,0.5303679000105157
0.010563952543474728,0.5303829224690912
0.010726474890297415,0.5303829224690912
0.010726474890297415,0.5303979449276669
0.010726474890297415,0.530427989844818
0.010726474890297415,0.5304880796791203
0.01080773606370876,0.5305031021376958
0.01080773606370876,0.530533147054847
0.01080773606370876,0.5308185737677829
0.01080773606370876,0.5308486186849339
0.01080773606370876,0.5309687983535385
0.01080773606370876,0.5310288881878408
0.01080773606370876,0.5311040004807187
0.01080773606370876,0.5311340453978698
0.01080773606370876,0.5311490678564453
0.01080773606370876,0.5312091576907476
0.01080773606370876,0.5312392026078988
0.01080773606370876,0.5313293373593523
0.01080773606370876,0.5313593822765034
0.01080773606370876,0.5315096068622591
0.010888997237120104,0.5315096068622591
0.010888997237120104,0.5315246293208347
0.010888997237120104,0.5315696966965614
0.010888997237120104,0.5317649886580438
0.010970258410531447,0.5317649886580438
0.010970258410531447,0.5318701458680728
0.010970258410531447,0.5319001907852239
0.010970258410531447,0.5319753030781018
0.010970258410531447,0.5320353929124041
0.010970258410531447,0.5320504153709796
0.010970258410531447,0.5320954827467064
0.010970258410531447,0.5321255276638575
0.010970258410531447,0.5322156624153109
0.010970258410531447,0.5322607297910376
0.010970258410531447,0.5323057971667643
0.010970258410531447,0.5323658870010666
0.010970258410531447,0.5324259768353689
0.010970258410531447,0.53245602175252
0.010970258410531447,0.5324710442110956
0.010970258410531447,0.5325010891282467
0.010970258410531447,0.5326212687968513
0.011051519583942793,0.5326212687968513
0.011051519583942793,0.5328466056754848
0.011051519583942793,0.5328916730512115
0.011051519583942793,0.5329667853440894
0.011051519583942793,0.5329968302612406
0.011051519583942793,0.5330719425541184
0.011051519583942793,0.5331170099298451
0.011051519583942793,0.5332221671398741
0.011051519583942793,0.5333123018913275
0.011051519583942793,0.533402436642781
0.011051519583942793,0.5334324815599321
0.011051519583942793,0.5335226163113855
0.011051519583942793,0.5335526612285366
0.011051519583942793,0.5337179082728679
0.011051519583942793,0.5337479531900191
0.011051519583942793,0.5337930205657457
0.011051519583942793,0.5338230654828969
0.011051519583942793,0.533958267610077
0.011051519583942793,0.5339883125272282
0.011051519583942793,0.5343338290744664
0.011051519583942793,0.5343638739916174
0.011051519583942793,0.534484053660222
0.011051519583942793,0.5345140985773732
0.011051519583942793,0.5345591659530999
0.011051519583942793,0.5346042333288266
0.011051519583942793,0.5346342782459778
0.011051519583942793,0.5347394354560068
0.011051519583942793,0.5347694803731579
0.011051519583942793,0.5348596151246113
0.011051519583942793,0.5349197049589136
0.011132780757354136,0.5349197049589136
0.011132780757354136,0.5349797947932159
0.011132780757354136,0.535009839710367
0.011132780757354136,0.5350999744618204
0.011132780757354136,0.5351300193789715
0.011132780757354136,0.5355055808433609
0.011132780757354136,0.5355506482190875
0.011132780757354136,0.5360313668935058
0.011132780757354136,0.5360614118106569
0.011132780757354136,0.5360914567278081
0.011132780757354136,0.5361215016449592
0.011132780757354136,0.5362266588549882
0.011132780757354136,0.5362567037721393
0.011132780757354136,0.5363468385235928
0.011132780757354136,0.536406928357895
0.011132780757354136,0.5364970631093485
0.011132780757354136,0.5365271080264996
0.011132780757354136,0.5365871978608019
0.011132780757354136,0.5366172427779531
0.01121404193076548,0.5366172427779531
0.01121404193076548,0.5370528940766446
0.01121404193076548,0.5370829389937958
0.01121404193076548,0.5372331635795514
0.011295303104176825,0.5372331635795514
0.011295303104176825,0.5374284555410338
0.011295303104176825,0.537458500458185
0.011295303104176825,0.5375486352096384
0.011295303104176825,0.5375786801267896
0.011295303104176825,0.5376237475025163
0.011295303104176825,0.5376688148782429
0.011295303104176825,0.5377138822539697
0.011295303104176825,0.5377439271711209
0.011295303104176825,0.5377589496296964
0.011295303104176825,0.5377889945468476
0.011295303104176825,0.5379542415911788
0.011295303104176825,0.53798428650833
0.011295303104176825,0.5379993089669055
0.011376564277588168,0.538014331425481
0.011376564277588168,0.5380593988012078
0.011376564277588168,0.5381194886355101
0.011376564277588168,0.5384349602655971
0.011376564277588168,0.5384800276413237
0.011376564277588168,0.5387654543542596
0.011376564277588168,0.5388105217299863
0.011376564277588168,0.5388405666471374
0.011376564277588168,0.5389156789400154
0.011376564277588168,0.5389457238571664
0.011376564277588168,0.5390058136914687
0.011376564277588168,0.5390508810671955
0.011376564277588168,0.5390809259843466
0.011376564277588168,0.5391109709014977
0.0116203477978222,0.5391109709014977
0.0116203477978222,0.5391710607358
0.0116203477978222,0.5392011056529512
0.0116203477978222,0.539276217945829
0.0116203477978222,0.5393062628629801
0.0116203477978222,0.5394564874487359
0.0116203477978222,0.539486532365887
0.0116203477978222,0.5395015548244626
0.0116203477978222,0.5395466222001892
0.0116203477978222,0.5398921387474274
0.0116203477978222,0.5399221836645786
0.0116203477978222,0.5399522285817296
0.0116203477978222,0.5399822734988808
0.0116203477978222,0.5400724082503342
0.0116203477978222,0.5401024531674854
0.0116203477978222,0.5401625430017877
0.011701608971233545,0.5401625430017877
0.011701608971233545,0.5403728574218457
0.011701608971233545,0.5404029023389968
0.011701608971233545,0.5404179247975723
0.011701608971233545,0.5404629921732991
0.011701608971233545,0.540778463803386
0.011701608971233545,0.5408535760962639
0.011701608971233545,0.5408986434719907
0.011701608971233545,0.5409286883891418
0.011701608971233545,0.5410338455991708
0.011701608971233545,0.5410638905163219
0.011701608971233545,0.5410939354334731
0.011701608971233545,0.5411390028091998
0.011701608971233545,0.5412892273949554
0.011701608971233545,0.5413192723121066
0.011864131318056232,0.5413192723121066
0.011864131318056232,0.5413493172292577
0.011864131318056232,0.5413943846049845
0.011864131318056232,0.5414394519807112
0.011864131318056232,0.5414995418150135
0.011945392491467578,0.5414995418150135
0.011945392491467578,0.541619721483618
0.011945392491467578,0.5416497664007691
0.011945392491467578,0.5417849685279493
0.011945392491467578,0.5418150134451004
0.011945392491467578,0.5419652380308562
0.011945392491467578,0.5420103054065828
0.011945392491467578,0.542145507533763
0.011945392491467578,0.5421755524509141
0.011945392491467578,0.542250664743792
0.011945392491467578,0.5422807096609431
0.011945392491467578,0.5423257770366698
0.011945392491467578,0.5423558219538209
0.011945392491467578,0.5423708444123966
0.011945392491467578,0.5424008893295477
0.011945392491467578,0.5424159117881232
0.011945392491467578,0.5424459567052744
0.011945392491467578,0.5424910240810011
0.011945392491467578,0.5425210689981522
0.011945392491467578,0.542671293583908
0.011945392491467578,0.5427013385010591
0.011945392491467578,0.5427163609596346
0.011945392491467578,0.5427464058767858
0.011945392491467578,0.5427614283353613
0.011945392491467578,0.5427914732525125
0.011945392491467578,0.5428515630868148
0.011945392491467578,0.5429116529211171
0.011945392491467578,0.5429717427554194
0.011945392491467578,0.5430017876725705
0.011945392491467578,0.5430468550482972
0.011945392491467578,0.5430768999654484
0.011945392491467578,0.5431820571754773
0.011945392491467578,0.5432121020926285
0.011945392491467578,0.543227124551204
0.011945392491467578,0.5432571694683552
0.011945392491467578,0.5432721919269308
0.011945392491467578,0.5433022368440819
0.011945392491467578,0.5433773491369598
0.011945392491467578,0.5434073940541109
0.011945392491467578,0.5435275737227154
0.011945392491467578,0.5435576186398666
0.011945392491467578,0.5437228656841979
0.011945392491467578,0.5437829555185002
0.011945392491467578,0.5438130004356513
0.011945392491467578,0.5439031351871048
0.011945392491467578,0.5439331801042558
0.011945392491467578,0.5441885619000406
0.011945392491467578,0.5442186068171917
0.011945392491467578,0.5443237640272207
0.011945392491467578,0.544383853861523
0.011945392491467578,0.5444739886129764
0.011945392491467578,0.5445040335301276
0.011945392491467578,0.5447894602430634
0.011945392491467578,0.5448495500773657
0.011945392491467578,0.5448795949945168
0.011945392491467578,0.5449547072873947
0.011945392491467578,0.5450448420388481
0.012026653664878921,0.5450448420388481
0.012026653664878921,0.5452551564589061
0.012026653664878921,0.5452852013760572
0.012026653664878921,0.5453302687517839
0.012026653664878921,0.545360313668935
0.012026653664878921,0.5454354259618129
0.012026653664878921,0.5454804933375397
0.012026653664878921,0.5455105382546908
0.012026653664878921,0.5455556056304175
0.012026653664878921,0.545570628088993
0.012026653664878921,0.5456006730061442
0.012026653664878921,0.5456607628404465
0.012026653664878921,0.5457058302161731
0.012026653664878921,0.5457208526747488
0.012026653664878921,0.5457508975918999
0.012026653664878921,0.5459161446362312
0.012026653664878921,0.5459461895533823
0.012026653664878921,0.5460363243048357
0.012026653664878921,0.5460663692219869
0.012026653664878921,0.5460813916805625
0.012026653664878921,0.5461114365977136
0.012026653664878921,0.5461414815148647
0.012026653664878921,0.5461715264320158
0.012026653664878921,0.5461865488905915
0.012026653664878921,0.5462165938077426
0.012026653664878921,0.5465020205206784
0.012026653664878921,0.5465320654378295
0.012026653664878921,0.5466522451064341
0.012026653664878921,0.5466822900235853
0.012107914838290264,0.5466822900235853
0.012107914838290264,0.5468625595264921
0.01218917601170161,0.5468625595264921
0.01218917601170161,0.5469827391950967
0.01218917601170161,0.5470428290293989
0.01218917601170161,0.5471029188637012
0.01218917601170161,0.547147986239428
0.01218917601170161,0.547283188366608
0.01218917601170161,0.5473132332837592
0.01218917601170161,0.5474033680352126
0.01218917601170161,0.5474334129523638
0.01218917601170161,0.5474935027866661
0.01218917601170161,0.5475686150795439
0.01218917601170161,0.5475986599966951
0.01218917601170161,0.5476287049138462
0.01218917601170161,0.5477188396652997
0.01218917601170161,0.547808974416753
0.01218917601170161,0.5481544909639912
0.01218917601170161,0.5481845358811424
0.01218917601170161,0.5482596481740202
0.01218917601170161,0.5483047155497469
0.01218917601170161,0.5483648053840492
0.01218917601170161,0.5485600973455316
0.01218917601170161,0.5485901422626827
0.01218917601170161,0.5488154791413162
0.01218917601170161,0.548860546517043
0.01218917601170161,0.5489957486442231
0.01218917601170161,0.5490257935613743
0.01218917601170161,0.5492060630642811
0.01218917601170161,0.5492361079814322
0.01218917601170161,0.5494614448600658
0.01218917601170161,0.5495365571529437
0.01218917601170161,0.5496417143629726
0.01218917601170161,0.5496717592801238
0.01218917601170161,0.5498520287830306
0.012270437185112953,0.5498520287830306
0.012270437185112953,0.5500022533687864
0.012351698358524297,0.5500022533687864
0.012351698358524297,0.550152477954542
0.012351698358524297,0.5501825228716932
0.012351698358524297,0.5501975453302688
0.012351698358524297,0.5502275902474199
0.012351698358524297,0.5502426127059955
0.012351698358524297,0.5502876800817221
0.012351698358524297,0.550573106794658
0.012351698358524297,0.5506331966289603
0.012351698358524297,0.5507083089218382
0.012351698358524297,0.5507383538389893
0.012351698358524297,0.5509486682590473
0.012432959531935642,0.5509486682590473
0.012432959531935642,0.5513542746405877
0.012432959531935642,0.5513843195577388
0.012432959531935642,0.5513993420163144
0.012432959531935642,0.5514444093920411
0.012432959531935642,0.5515946339777968
0.012514220705346985,0.5515946339777968
0.012514220705346985,0.5516246788949479
0.012514220705346985,0.5518500157735815
0.012514220705346985,0.5518800606907327
0.012514220705346985,0.5521053975693662
0.012514220705346985,0.5521955323208196
0.012514220705346985,0.5522105547793952
0.012514220705346985,0.5522405996965464
0.012514220705346985,0.5522556221551219
0.012514220705346985,0.552285667072273
0.012514220705346985,0.5523307344479997
0.012514220705346985,0.5523607793651509
0.012514220705346985,0.5525110039509066
0.012514220705346985,0.5525410488680578
0.012514220705346985,0.5526462060780868
0.012514220705346985,0.5526762509952379
0.012514220705346985,0.5529767001667493
0.012514220705346985,0.5530067450839005
0.012514220705346985,0.5530668349182027
0.012514220705346985,0.5530968798353538
0.012514220705346985,0.5531569696696561
0.012514220705346985,0.5531870145868073
0.012514220705346985,0.5537578680126789
0.012514220705346985,0.5538179578469813
0.012514220705346985,0.5538480027641324
0.012514220705346985,0.5538630252227079
0.012514220705346985,0.5538930701398591
0.012514220705346985,0.5540132498084637
0.012514220705346985,0.5540583171841904
0.012514220705346985,0.554073339642766
0.012514220705346985,0.554103384559917
0.012514220705346985,0.5541484519356438
0.012514220705346985,0.554178496852795
0.012514220705346985,0.5543136989799751
0.012514220705346985,0.5543587663557018
0.012514220705346985,0.5544489011071552
0.012514220705346985,0.5544789460243064
0.012514220705346985,0.5545089909414574
0.012595481878758329,0.5545089909414574
0.012595481878758329,0.5545390358586086
0.012595481878758329,0.5545690807757597
0.012595481878758329,0.5546892604443643
0.012595481878758329,0.5547193053615155
0.012595481878758329,0.554734327820091
0.012595481878758329,0.5547643727372422
0.012595481878758329,0.5548695299472711
0.012595481878758329,0.5548995748644223
0.012595481878758329,0.5549145973229979
0.012595481878758329,0.554944642240149
0.012595481878758329,0.5549746871573001
0.012595481878758329,0.5550047320744513
0.012595481878758329,0.5550648219087536
0.012595481878758329,0.5550948668259047
0.012595481878758329,0.5552000240359337
0.012595481878758329,0.5552300689530849
0.012595481878758329,0.555365271080265
0.012595481878758329,0.5553953159974161
0.012595481878758329,0.5555755855003229
0.012758004225581017,0.5555755855003229
0.012758004225581017,0.5556506977932009
0.012758004225581017,0.555680742710352
0.012758004225581017,0.5558309672961077
0.012758004225581017,0.5558760346718344
0.012758004225581017,0.5559060795889855
0.012758004225581017,0.5559511469647123
0.012758004225581017,0.5560262592575901
0.012758004225581017,0.5560713266333168
0.012758004225581017,0.5561314164676191
0.012758004225581017,0.5561614613847702
0.012758004225581017,0.5563867982634038
0.012758004225581017,0.556446888097706
0.012758004225581017,0.5564919554734328
0.012758004225581017,0.5565370228491595
0.012758004225581017,0.5566421800591885
0.012758004225581017,0.5566872474349152
0.012758004225581017,0.5567022698934908
0.01283926539899236,0.5567022698934908
0.01283926539899236,0.5569876966064267
0.01283926539899236,0.5570327639821533
0.01283926539899236,0.5570628088993045
0.01283926539899236,0.5573332131536647
0.01283926539899236,0.5573632580708159
0.01283926539899236,0.5576186398666005
0.01283926539899236,0.5576486847837517
0.01283926539899236,0.5576637072423273
0.01283926539899236,0.5576937521594785
0.01283926539899236,0.5577688644523563
0.01283926539899236,0.5577989093695074
0.01283926539899236,0.5578740216623853
0.01283926539899236,0.5579040665795364
0.01283926539899236,0.5580392687067165
0.012920526572403706,0.5580392687067165
0.012920526572403706,0.5580693136238677
0.012920526572403706,0.5580993585410188
0.012920526572403706,0.5582195382096233
0.012920526572403706,0.5582495831267745
0.012920526572403706,0.5582646055853501
0.012920526572403706,0.5582946505025013
0.012920526572403706,0.5583246954196524
0.012920526572403706,0.5583697627953791
0.012920526572403706,0.5585950996740127
0.01300178774581505,0.5585950996740127
0.01300178774581505,0.5589105713040996
0.01300178774581505,0.5589406162212508
0.01300178774581505,0.5590307509727042
0.013083048919226393,0.5590307509727042
0.013083048919226393,0.5591058632655821
0.013083048919226393,0.5591359081827332
0.013083048919226393,0.5591959980170355
0.013083048919226393,0.5592410653927622
0.013083048919226393,0.5594063124370935
0.013083048919226393,0.5594513798128201
0.013083048919226393,0.5595114696471224
0.013083048919226393,0.5595415145642736
0.013083048919226393,0.5595565370228491
0.013083048919226393,0.5595865819400003
0.013083048919226393,0.5598569861943605
0.013083048919226393,0.5599020535700873
0.013083048919226393,0.560052278155843
0.013083048919226393,0.5600973455315696
0.013083048919226393,0.5601273904487208
0.013083048919226393,0.5601574353658719
0.013083048919226393,0.5602025027415987
0.013083048919226393,0.5602325476587499
0.013083048919226393,0.5602926374930521
0.013083048919226393,0.5603226824102032
0.013164310092637738,0.5603377048687789
0.013164310092637738,0.56036774978593
0.013164310092637738,0.560472906995959
0.013164310092637738,0.5605329968302613
0.013164310092637738,0.5605630417474123
0.013164310092637738,0.5605930866645635
0.013164310092637738,0.5607883786260459
0.013164310092637738,0.5608334460017727
0.013164310092637738,0.5608634909189238
0.013164310092637738,0.5608935358360749
0.013164310092637738,0.5609235807532261
0.013164310092637738,0.5610738053389818
0.013164310092637738,0.5611639400904352
0.013164310092637738,0.5613141646761909
0.013164310092637738,0.5613442095933421
0.013164310092637738,0.5613592320519176
0.013164310092637738,0.5613892769690687
0.013164310092637738,0.5616296363062779
0.013164310092637738,0.561659681223429
0.013164310092637738,0.5617798608920336
0.013326832439460427,0.5617798608920336
0.013326832439460427,0.5618099058091848
0.013326832439460427,0.5618399507263359
0.013326832439460427,0.561975152853516
0.013326832439460427,0.5620352426878182
0.013326832439460427,0.5623657367764808
0.013326832439460427,0.562395781693632
0.013326832439460427,0.5624558715279343
0.013489354786283114,0.5624558715279343
0.013489354786283114,0.5624708939865098
0.013489354786283114,0.5625159613622366
0.013489354786283114,0.5626361410308411
0.013489354786283114,0.5626661859479922
0.013489354786283114,0.5627262757822945
0.013570615959694459,0.5627262757822945
0.013570615959694459,0.5628013880751724
0.013570615959694459,0.5628464554508991
0.013570615959694459,0.5628915228266258
0.013570615959694459,0.562921567743777
0.013570615959694459,0.5631168597052594
0.013570615959694459,0.5631469046224105
0.013570615959694459,0.5633271741253173
0.013570615959694459,0.5633572190424685
0.013570615959694459,0.5634022864181952
0.013570615959694459,0.5634323313353463
0.013570615959694459,0.5634623762524975
0.013570615959694459,0.5634924211696486
0.013570615959694459,0.5635675334625265
0.013570615959694459,0.5635975783796776
0.013570615959694459,0.5636426457554043
0.013570615959694459,0.5636576682139799
0.013570615959694459,0.5637327805068577
0.013570615959694459,0.5637778478825844
0.013570615959694459,0.5638078927997356
0.013570615959694459,0.563898027551189
0.013651877133105802,0.563898027551189
0.013651877133105802,0.5639280724683402
0.013651877133105802,0.5640482521369448
0.013651877133105802,0.5640782970540958
0.013651877133105802,0.5641383868883981
0.013651877133105802,0.5641684318055493
0.013651877133105802,0.5642735890155783
0.013651877133105802,0.5643036339327294
0.013651877133105802,0.5645439932699385
0.013733138306517146,0.5645439932699385
0.013733138306517146,0.5647993750657233
0.013733138306517146,0.5648294199828744
0.013733138306517146,0.5649195547343279
0.013733138306517146,0.564949599651479
0.013733138306517146,0.5649646221100545
0.013733138306517146,0.5649946670272057
0.013733138306517146,0.5652049814472636
0.01381439947992849,0.5652049814472636
0.01381439947992849,0.5653101386572926
0.01381439947992849,0.5653552060330194
0.01381439947992849,0.5654152958673216
0.01381439947992849,0.5654453407844728
0.01381439947992849,0.5657608124145598
0.01381439947992849,0.5657908573317109
0.01381439947992849,0.5658359247074376
0.01381439947992849,0.5659110370003154
0.01381439947992849,0.5659410819174666
0.01381439947992849,0.5661513963375246
0.013895660653339834,0.5661513963375246
0.013895660653339834,0.5666922048462452
0.013895660653339834,0.5667372722219719
0.013895660653339834,0.5668424294320008
0.013895660653339834,0.566872474349152
0.013895660653339834,0.5671879459792389
0.013895660653339834,0.5672179908963901
0.013895660653339834,0.5672480358135412
0.013895660653339834,0.5672780807306924
0.013895660653339834,0.5673531930235702
0.013895660653339834,0.5673832379407214
0.013895660653339834,0.5675635074436283
0.013895660653339834,0.5675935523607794
0.013895660653339834,0.567848934156564
0.013895660653339834,0.5678789790737152
0.013895660653339834,0.5682395180795289
0.013895660653339834,0.5682695629966801
0.013895660653339834,0.5682845854552556
0.013895660653339834,0.5683146303724067
0.013895660653339834,0.5684348100410113
0.013895660653339834,0.5684648549581625
0.013895660653339834,0.5684948998753135
0.013895660653339834,0.5685249447924647
0.013895660653339834,0.5687352592125228
0.013895660653339834,0.5687653041296739
0.013895660653339834,0.569110820676912
0.013976921826751178,0.569110820676912
0.013976921826751178,0.5694713596827257
0.013976921826751178,0.5695164270584524
0.013976921826751178,0.569636606727057
0.013976921826751178,0.5696966965613592
0.013976921826751178,0.5697117190199348
0.013976921826751178,0.569741763937086
0.013976921826751178,0.5698919885228416
0.013976921826751178,0.5699821232742951
0.013976921826751178,0.5700722580257485
0.013976921826751178,0.5701023029428997
0.013976921826751178,0.5701173254014752
0.014058183000162523,0.5701173254014752
0.014058183000162523,0.5701774152357775
0.014139444173573866,0.5701774152357775
0.014139444173573866,0.5702375050700798
0.014139444173573866,0.570267549987231
0.014139444173573866,0.5702825724458065
0.014139444173573866,0.5703126173629576
0.014139444173573866,0.5704177745729866
0.014139444173573866,0.5704628419487133
0.014139444173573866,0.5704778644072889
0.014139444173573866,0.5705079093244401
0.014139444173573866,0.5705980440758934
0.014139444173573866,0.5706280889930446
0.014139444173573866,0.5707482686616492
0.01422070534698521,0.5707482686616492
0.01422070534698521,0.5707783135788003
0.01422070534698521,0.5708083584959515
0.01422070534698521,0.5709135157059805
0.01422070534698521,0.5709585830817071
0.01422070534698521,0.5710637402917361
0.01422070534698521,0.5710937852088873
0.01422070534698521,0.571454324214701
0.01422070534698521,0.5714843691318521
0.01422070534698521,0.5715294365075788
0.01422070534698521,0.57155948142473
0.01422070534698521,0.5716195712590323
0.01422070534698521,0.5716796610933346
0.01422070534698521,0.5717097060104857
0.01422070534698521,0.5717397509276368
0.01422070534698521,0.5717547733862124
0.01422070534698521,0.5717848183033635
0.01422070534698521,0.5719200204305437
0.01422070534698521,0.5719500653476948
0.01422070534698521,0.571980110264846
0.01422070534698521,0.572010155181997
0.01422070534698521,0.5721153123920261
0.014301966520396555,0.5721153123920261
0.014301966520396555,0.5721303348506016
0.014301966520396555,0.5721754022263283
0.014301966520396555,0.5723106043535084
0.014301966520396555,0.5723406492706596
0.014383227693807898,0.5723406492706596
0.014383227693807898,0.5727312331936245
0.014464488867219242,0.5727312331936245
0.014464488867219242,0.5728063454865023
0.014464488867219242,0.5728664353208046
0.014464488867219242,0.5729715925308336
0.014464488867219242,0.5730316823651359
0.014464488867219242,0.5731218171165893
0.014545750040630587,0.5731218171165893
0.014545750040630587,0.5732269743266183
0.014545750040630587,0.5733020866194961
0.014545750040630587,0.5733321315366473
0.014545750040630587,0.573377198912374
0.014545750040630587,0.5734072438295251
0.014545750040630587,0.573482356122403
0.014545750040630587,0.5735124010395541
0.014545750040630587,0.5736325807081587
0.014545750040630587,0.5736776480838854
0.014545750040630587,0.5737076930010365
0.014545750040630587,0.5740682320068502
0.014545750040630587,0.5741132993825769
0.014545750040630587,0.5741583667583037
0.01462701121404193,0.5741583667583037
0.01462701121404193,0.5744888608469663
0.014708272387453274,0.5744888608469663
0.014708272387453274,0.5746541078912974
0.014708272387453274,0.5746841528084486
0.014708272387453274,0.5747292201841754
0.014708272387453274,0.5747592651013265
0.01478953356086462,0.5747592651013265
0.01478953356086462,0.5747893100184777
0.01478953356086462,0.5749094896870822
0.01478953356086462,0.5749395346042333
0.01478953356086462,0.57498460197996
0.01478953356086462,0.5750146468971111
0.01478953356086462,0.5750597142728379
0.01478953356086462,0.5751047816485646
0.01478953356086462,0.5751348265657158
0.01478953356086462,0.5751949164000181
0.01478953356086462,0.5752249613171692
0.01478953356086462,0.5753601634443493
0.01478953356086462,0.575405230820076
0.01478953356086462,0.5754502981958027
0.01478953356086462,0.5754803431129538
0.01478953356086462,0.5755254104886806
0.01478953356086462,0.5756606126158608
0.01478953356086462,0.5757056799915874
0.01478953356086462,0.5757357249087386
0.01478953356086462,0.5758859494944942
0.01478953356086462,0.5759159944116454
0.01478953356086462,0.57603617408025
0.01478953356086462,0.5760662189974011
0.01478953356086462,0.5760812414559767
0.01478953356086462,0.5761112863731278
0.01478953356086462,0.5761263088317033
0.01478953356086462,0.5761863986660056
0.01478953356086462,0.5763967130860637
0.01478953356086462,0.5764267580032149
0.01478953356086462,0.5764718253789415
0.01478953356086462,0.5765018702960927
0.01478953356086462,0.5767121847161506
0.01478953356086462,0.5767422296333018
0.01478953356086462,0.5769675665119354
0.01478953356086462,0.5769976114290865
0.01478953356086462,0.5773731728934758
0.01478953356086462,0.5774332627277781
0.01478953356086462,0.5774783301035047
0.01478953356086462,0.5775083750206559
0.01478953356086462,0.5775985097721094
0.01478953356086462,0.5776585996064116
0.01478953356086462,0.5778088241921673
0.01478953356086462,0.5778689140264696
0.01478953356086462,0.5780642059879519
0.01478953356086462,0.5781242958222542
0.01478953356086462,0.5784247449937657
0.01478953356086462,0.5784547899109168
0.01478953356086462,0.5785449246623703
0.01478953356086462,0.5785749695795214
0.01478953356086462,0.5788453738338817
0.01478953356086462,0.5788754187510328
0.01478953356086462,0.578905463668184
0.01478953356086462,0.578935508585335
0.01478953356086462,0.5791608454639686
0.01478953356086462,0.5792209352982709
0.01478953356086462,0.5793711598840267
0.014870794734275963,0.5793711598840267
0.014870794734275963,0.5794012048011777
0.014870794734275963,0.57946129463548
0.014870794734275963,0.5794913395526312
0.014870794734275963,0.5795063620112068
0.014952055907687308,0.5795063620112068
0.014952055907687308,0.579671609055538
0.014952055907687308,0.5797016539726891
0.014952055907687308,0.5798969459341716
0.014952055907687308,0.5799269908513227
0.014952055907687308,0.5799420133098983
0.014952055907687308,0.5799720582270494
0.014952055907687308,0.580092237895654
0.014952055907687308,0.5801523277299563
0.014952055907687308,0.5803626421500143
0.014952055907687308,0.580407709525741
0.015033317081098651,0.580407709525741
0.015033317081098651,0.5804377544428921
0.015033317081098651,0.5804677993600432
0.015033317081098651,0.5810686977030661
0.015033317081098651,0.5810987426202172
0.015114578254509995,0.5810987426202172
0.015114578254509995,0.5811588324545195
0.015114578254509995,0.5811888773716707
0.015114578254509995,0.5812940345816996
0.01519583942792134,0.5812940345816996
0.01519583942792134,0.5814292367088798
0.01519583942792134,0.5814592816260309
0.01519583942792134,0.5816695960460889
0.01519583942792134,0.58169964096324
0.01519583942792134,0.581804798173269
0.01519583942792134,0.5818348430904202
0.01519583942792134,0.5820451575104781
0.01519583942792134,0.5820902248862049
0.01519583942792134,0.582225427013385
0.01519583942792134,0.5822554719305362
0.01519583942792134,0.5822704943891117
0.015277100601332683,0.5822704943891117
0.015277100601332683,0.5824808088091697
0.015277100601332683,0.5825108537263208
0.015277100601332683,0.5825559211020476
0.015277100601332683,0.5825859660191987
0.015277100601332683,0.5830516622350413
0.015277100601332683,0.5830817071521925
0.015277100601332683,0.5831868643622216
0.015277100601332683,0.5832469541965238
0.015277100601332683,0.5832920215722505
0.015277100601332683,0.5833220664894017
0.015277100601332683,0.5834422461580062
0.015358361774744027,0.5834422461580062
0.015358361774744027,0.5836976279537909
0.015358361774744027,0.5837426953295176
0.015358361774744027,0.5839079423738489
0.015358361774744027,0.5839980771253023
0.015358361774744027,0.5840281220424535
0.015358361774744027,0.5840581669596047
0.015358361774744027,0.584148301711058
0.015358361774744027,0.5841783466282092
0.015358361774744027,0.584253458921087
0.015358361774744027,0.5842835038382381
0.015358361774744027,0.5844036835068427
0.015358361774744027,0.584463773341145
0.015358361774744027,0.5845839530097495
0.015439622948155372,0.5845839530097495
0.015439622948155372,0.5846440428440518
0.015520884121566715,0.5846440428440518
0.015520884121566715,0.5846891102197785
0.015520884121566715,0.5847191551369297
0.015520884121566715,0.5849745369327144
0.015520884121566715,0.5850346267670167
0.015520884121566715,0.5850646716841679
0.015520884121566715,0.585094716601319
0.015520884121566715,0.5851548064356212
0.015520884121566715,0.5852449411870747
0.015520884121566715,0.5852749861042258
0.015520884121566715,0.585305031021377
0.015520884121566715,0.5853350759385281
0.015520884121566715,0.585410188231406
0.015520884121566715,0.5854702780657083
0.015520884121566715,0.5856655700271907
0.015520884121566715,0.5857256598614929
0.015520884121566715,0.5858458395300975
0.015520884121566715,0.5859359742815509
0.015520884121566715,0.5861162437844578
0.015520884121566715,0.5861462887016089
0.015520884121566715,0.5862063785359112
0.015520884121566715,0.5862364234530624
0.015520884121566715,0.5862965132873647
0.015520884121566715,0.5863566031216669
0.015520884121566715,0.5864617603316958
0.015520884121566715,0.586491805248847
0.015520884121566715,0.5867772319617829
0.015520884121566715,0.586807276878934
0.015520884121566715,0.5868523442546607
0.015520884121566715,0.5868823891718119
0.015520884121566715,0.5869274565475385
0.015520884121566715,0.5869875463818408
0.015520884121566715,0.5870927035918698
0.015602145294978059,0.5870927035918698
0.015602145294978059,0.5871678158847476
0.015602145294978059,0.5871978608018988
0.015602145294978059,0.5872128832604744
0.015602145294978059,0.5872429281776256
0.015602145294978059,0.5873030180119279
0.015602145294978059,0.5873330629290789
0.015602145294978059,0.587648534559166
0.015602145294978059,0.5876785794763171
0.015602145294978059,0.5877536917691949
0.015602145294978059,0.5877837366863461
0.015602145294978059,0.5879189388135262
0.015602145294978059,0.5879640061892529
0.015602145294978059,0.5881442756921598
0.015602145294978059,0.588174320609311
0.015602145294978059,0.5884897922393979
0.015602145294978059,0.588519837156549
0.015602145294978059,0.5885348596151246
0.015602145294978059,0.5885649045322757
0.015602145294978059,0.5886400168251537
0.015602145294978059,0.5886700617423047
0.015602145294978059,0.5887902414109093
0.015602145294978059,0.5888202863280605
0.015602145294978059,0.5889705109138161
0.015602145294978059,0.5890005558309673
0.015602145294978059,0.5892859825439032
0.015602145294978059,0.5893310499196298
0.015602145294978059,0.5893460723782055
0.015602145294978059,0.5893761172953565
0.015602145294978059,0.5894362071296588
0.015602145294978059,0.58946625204681
0.015602145294978059,0.5894962969639611
0.015602145294978059,0.5895563867982634
0.015602145294978059,0.5896915889254435
0.015602145294978059,0.5897216338425947
0.015602145294978059,0.5897516787597458
0.015602145294978059,0.589781723676897
0.015602145294978059,0.5898267910526237
0.015683406468389404,0.5898267910526237
0.015683406468389404,0.5898718584283504
0.015683406468389404,0.5899619931798038
0.015683406468389404,0.5899770156383793
0.015683406468389404,0.5900070605555305
0.015683406468389404,0.5902323974341641
0.015683406468389404,0.5902624423513152
0.015683406468389404,0.5902924872684664
0.015683406468389404,0.5903225321856175
0.015683406468389404,0.5903525771027687
0.015683406468389404,0.5903826220199198
0.015683406468389404,0.5906980936500068
0.015683406468389404,0.5907581834843091
0.015683406468389404,0.5909985428215182
0.015683406468389404,0.5910436101972448
0.015683406468389404,0.5910886775729716
0.015683406468389404,0.5911187224901228
0.015683406468389404,0.5911337449486983
0.015683406468389404,0.5911938347830006
0.015683406468389404,0.5923655865518951
0.015683406468389404,0.5924256763861974
0.015683406468389404,0.5924557213033486
0.015764667641800748,0.5924557213033486
0.015764667641800748,0.5924707437619241
0.015764667641800748,0.5925007886790752
0.015764667641800748,0.5925158111376508
0.01584592881521209,0.5925158111376508
0.01584592881521209,0.5930866645635224
0.01584592881521209,0.5931317319392492
0.01584592881521209,0.5932819565250049
0.01584592881521209,0.593312001442156
0.01584592881521209,0.5933871137350338
0.01584592881521209,0.593417158652185
0.01584592881521209,0.5934472035693361
0.01584592881521209,0.5934772484864873
0.01584592881521209,0.5935373383207896
0.01584592881521209,0.5935824056965163
0.01584592881521209,0.5936424955308186
0.01584592881521209,0.5936725404479697
0.01584592881521209,0.5938828548680277
0.01584592881521209,0.5939128997851788
0.01584592881521209,0.5940330794537834
0.01584592881521209,0.5940631243709346
0.01584592881521209,0.5941382366638124
0.01584592881521209,0.5941682815809636
0.01584592881521209,0.5941983264981147
0.01584592881521209,0.5942283714152659
0.01584592881521209,0.5944537082938994
0.01584592881521209,0.5944837532110505
0.01584592881521209,0.5945288205867773
0.01584592881521209,0.5945588655039283
0.01584592881521209,0.5945889104210795
0.01584592881521209,0.5946339777968063
0.01584592881521209,0.5946940676311085
0.01584592881521209,0.5947842023825619
0.01584592881521209,0.5948142472997131
0.01584592881521209,0.5948292697582886
0.01584592881521209,0.5948893595925909
0.01584592881521209,0.5949494494268932
0.015927189988623434,0.5949494494268932
0.015927189988623434,0.5950546066369222
0.015927189988623434,0.5951146964712245
0.015927189988623434,0.5951597638469512
0.015927189988623434,0.5952649210569801
0.015927189988623434,0.5952949659741313
0.015927189988623434,0.5953851007255847
0.015927189988623434,0.5955203028527649
0.015927189988623434,0.595865819400003
0.015927189988623434,0.5958958643171541
0.015927189988623434,0.5961662685715144
0.015927189988623434,0.5961963134886655
0.015927189988623434,0.5963465380744213
0.015927189988623434,0.5963765829915724
0.015927189988623434,0.5964667177430258
0.015927189988623434,0.5965268075773281
0.015927189988623434,0.5965568524944792
0.015927189988623434,0.5965868974116304
0.015927189988623434,0.5966469872459327
0.015927189988623434,0.596707077080235
0.015927189988623434,0.5967671669145372
0.015927189988623434,0.5967972118316883
0.015927189988623434,0.5975333123018913
0.015927189988623434,0.5975633572190425
0.015927189988623434,0.5976084245947691
0.015927189988623434,0.5976384695119203
0.015927189988623434,0.5977286042633737
0.015927189988623434,0.597788694097676
0.015927189988623434,0.5988703111151171
0.015927189988623434,0.5989003560322682
0.015927189988623434,0.5989304009494194
0.015927189988623434,0.5989604458665705
0.015927189988623434,0.5990355581594484
0.015927189988623434,0.599080625535175
0.015927189988623434,0.599155737828053
0.01600845116203478,0.599155737828053
0.01600845116203478,0.5991707602866285
0.01600845116203478,0.5992008052037796
0.01600845116203478,0.5993360073309598
0.01600845116203478,0.5993960971652621
0.01600845116203478,0.5995162768338667
0.01600845116203478,0.5995463217510177
0.01600845116203478,0.5995763666681689
0.01600845116203478,0.59960641158532
0.01600845116203478,0.5996364565024712
0.01600845116203478,0.5996665014196223
0.01600845116203478,0.5999068607568314
0.01600845116203478,0.5999369056739826
0.01600845116203478,0.5999969955082849
0.01600845116203478,0.600027040425436
0.01600845116203478,0.6000721078011627
0.01600845116203478,0.6001021527183139
0.01600845116203478,0.6003875794312498
0.01600845116203478,0.6004326468069764
0.01600845116203478,0.600447669265552
0.01600845116203478,0.6004777141827031
0.01600845116203478,0.6005828713927321
0.01600845116203478,0.6006129163098832
0.01600845116203478,0.6006880286027612
0.01600845116203478,0.6007180735199122
0.01600845116203478,0.6008082082713657
0.01600845116203478,0.6008532756470925
0.01600845116203478,0.6008983430228191
0.01600845116203478,0.6009283879399703
0.01600845116203478,0.6011687472771794
0.01600845116203478,0.6011987921943305
0.01600845116203478,0.601394084155813
0.01600845116203478,0.601424129072964
0.01600845116203478,0.6014391515315397
0.01600845116203478,0.6014691964486908
0.01600845116203478,0.6016194210344465
0.016089712335446125,0.6016194210344465
0.016089712335446125,0.6016644884101732
0.016089712335446125,0.6016945333273244
0.016089712335446125,0.6017696456202022
0.016089712335446125,0.6018297354545045
0.016089712335446125,0.6021452070845915
0.016089712335446125,0.6021902744603181
0.016170973508857468,0.6021902744603181
0.016170973508857468,0.602370543963225
0.01625223468226881,0.602370543963225
0.01625223468226881,0.6028662850962189
0.01625223468226881,0.60289633001337
0.01625223468226881,0.6029263749305211
0.01625223468226881,0.6029564198476722
0.01625223468226881,0.6029864647648234
0.016333495855680155,0.603001487223399
0.016333495855680155,0.6031216668920035
0.016333495855680155,0.6031517118091547
0.016333495855680155,0.6033169588534859
0.016333495855680155,0.6033770486877883
0.016333495855680155,0.6035873631078462
0.016333495855680155,0.603632430483573
0.016333495855680155,0.6038277224450553
0.016333495855680155,0.6038577673622065
0.016333495855680155,0.6038727898207821
0.016333495855680155,0.6039178571965088
0.016333495855680155,0.6039328796550844
0.016333495855680155,0.6039629245722354
0.016333495855680155,0.6041281716165667
0.016333495855680155,0.6041582165337179
0.016333495855680155,0.6042783962023225
0.0164147570290915,0.6042783962023225
0.0164147570290915,0.6043835534123515
0.0164147570290915,0.6044135983295026
0.0164147570290915,0.6044286207880781
0.0164147570290915,0.6044586657052293
0.0164147570290915,0.6044736881638049
0.0164147570290915,0.6045037330809561
0.0164147570290915,0.604608890290985
0.0164147570290915,0.6046389352081362
0.0164147570290915,0.6048642720867697
0.016496018202502846,0.6048642720867697
0.016496018202502846,0.6048943170039208
0.016496018202502846,0.6049844517553743
0.016496018202502846,0.6051647212582811
0.016496018202502846,0.6051947661754322
0.016496018202502846,0.6053750356783392
0.016496018202502846,0.6054050805954903
0.016496018202502846,0.6054201030540658
0.016496018202502846,0.605450147971217
0.016496018202502846,0.6055252602640948
0.016496018202502846,0.605555305181246
0.016496018202502846,0.6056153950155483
0.016496018202502846,0.6056454399326994
0.016496018202502846,0.6058106869770307
0.016496018202502846,0.6058407318941817
0.016496018202502846,0.6058857992699085
0.016496018202502846,0.6059308666456352
0.016496018202502846,0.6061111361485421
0.016496018202502846,0.6061411810656933
0.016496018202502846,0.6062313158171466
0.016496018202502846,0.6062613607342978
0.016496018202502846,0.6064416302372047
0.016496018202502846,0.6064866976129313
0.016496018202502846,0.6066519446572626
0.016496018202502846,0.6066970120329893
0.016496018202502846,0.6071326633316808
0.016496018202502846,0.6071777307074075
0.016496018202502846,0.6072378205417098
0.01657727937591419,0.6072378205417098
0.01657727937591419,0.607267865458861
0.01657727937591419,0.6072979103760121
0.01657727937591419,0.6073129328345878
0.01657727937591419,0.6073429777517388
0.01657727937591419,0.60737302266889
0.01657727937591419,0.6074030675860411
0.01657727937591419,0.6074481349617679
0.01657727937591419,0.607478179878919
0.01657727937591419,0.6075082247960701
0.01657727937591419,0.6075382697132212
0.01657727937591419,0.6085297519792089
0.01657727937591419,0.6085597968963601
0.01657727937591419,0.6085898418135112
0.01657727937591419,0.6086198867306624
0.01657727937591419,0.6086499316478134
0.01657727937591419,0.6086799765649646
0.01657727937591419,0.6087851337749937
0.01657727937591419,0.6088151786921447
0.01657727937591419,0.6088302011507203
0.01657727937591419,0.6088602460678715
0.01657727937591419,0.6088902909850226
0.01657727937591419,0.6089203359021738
0.01657727937591419,0.608980425736476
0.01657727937591419,0.6090555380293539
0.01657727937591419,0.609085582946505
0.01657727937591419,0.6091306503222317
0.01657727937591419,0.6091606952393829
0.01657727937591419,0.6092658524494119
0.01657727937591419,0.609295897366563
0.01657727937591419,0.6094761668694698
0.01657727937591419,0.6095212342451966
0.01657727937591419,0.6096864812895278
0.016658540549325532,0.6096864812895278
0.016658540549325532,0.6099869304610392
0.016658540549325532,0.6100169753781904
0.016658540549325532,0.6101221325882193
0.016658540549325532,0.6101521775053705
0.016658540549325532,0.6104526266768819
0.016658540549325532,0.6104826715940331
0.016658540549325532,0.6105277389697598
0.016739801722736876,0.6105277389697598
0.016739801722736876,0.6107080084726666
0.016739801722736876,0.6107380533898178
0.016739801722736876,0.6107831207655445
0.016739801722736876,0.6108131656826956
0.016739801722736876,0.6108582330584224
0.016739801722736876,0.6108882779755734
0.016739801722736876,0.6109633902684514
0.016902324069559563,0.6109633902684514
0.016902324069559563,0.6110234801027536
0.016902324069559563,0.6110835699370559
0.016902324069559563,0.611113614854207
0.016902324069559563,0.6111436597713582
0.016902324069559563,0.6111737046885093
0.016902324069559563,0.6112337945228116
0.016902324069559563,0.6113089068156895
0.016902324069559563,0.611744558114381
0.016902324069559563,0.6117746030315322
0.016902324069559563,0.6118346928658345
0.016902324069559563,0.6118647377829856
0.016902324069559563,0.6119248276172878
0.016902324069559563,0.6119698949930146
0.016902324069559563,0.6119999399101657
0.016902324069559563,0.6120299848273169
0.016902324069559563,0.6120600297444679
0.016902324069559563,0.6121351420373459
0.016902324069559563,0.6126909730046419
0.016902324069559563,0.6127210179217931
0.016902324069559563,0.6128562200489732
0.016902324069559563,0.6128862649661243
0.016902324069559563,0.6131416467619091
0.016902324069559563,0.6131867141376358
0.016902324069559563,0.6132618264305136
0.016902324069559563,0.6133369387233915
0.016902324069559563,0.6134871633091472
0.01698358524297091,0.6134871633091472
0.01698358524297091,0.6135021857677228
0.017064846416382253,0.6135021857677228
0.017064846416382253,0.6135322306848738
0.017064846416382253,0.613562275602025
0.017064846416382253,0.613667432812054
0.017064846416382253,0.6136974777292051
0.017064846416382253,0.6137575675635074
0.017064846416382253,0.6138176573978097
0.017064846416382253,0.6141331290278967
0.017064846416382253,0.6141631739450478
0.017064846416382253,0.6142533086965013
0.017064846416382253,0.6143133985308036
0.017064846416382253,0.6145237129508615
0.017064846416382253,0.6145537578680127
0.017064846416382253,0.6146589150780417
0.017146107589793597,0.6146589150780417
0.017146107589793597,0.614719004912344
0.017146107589793597,0.6148692294980996
0.017146107589793597,0.6148992744152508
0.017146107589793597,0.6149743867081287
0.017146107589793597,0.6150044316252798
0.017146107589793597,0.6150494990010065
0.017146107589793597,0.6150795439181577
0.017146107589793597,0.6151546562110355
0.017146107589793597,0.6151847011281867
0.017146107589793597,0.6151997235867622
0.017146107589793597,0.6152297685039133
0.017146107589793597,0.6155602625925759
0.017146107589793597,0.6156053299683026
0.017146107589793597,0.6156353748854537
0.017146107589793597,0.6157555545540583
0.017146107589793597,0.6157855994712095
0.017146107589793597,0.615800621929785
0.017146107589793597,0.6158306668469362
0.017146107589793597,0.6158907566812385
0.017146107589793597,0.6159208015983896
0.017146107589793597,0.6160259588084186
0.017146107589793597,0.6160560037255697
0.017146107589793597,0.6161311160184476
0.01722736876320494,0.6161311160184476
0.01722736876320494,0.6161611609355987
0.017308629936616284,0.6161611609355987
0.017308629936616284,0.6165066774828368
0.017308629936616284,0.616536722399988
0.017308629936616284,0.6166118346928658
0.017308629936616284,0.6166418796100169
0.017308629936616284,0.6166719245271681
0.01738989111002763,0.6166719245271681
0.01738989111002763,0.6167169919028949
0.01738989111002763,0.616747036820046
0.01738989111002763,0.6168371715714994
0.01738989111002763,0.6168672164886505
0.01738989111002763,0.6169122838643772
0.01738989111002763,0.6169423287815284
0.01738989111002763,0.616957351240104
0.017471152283438974,0.616957351240104
0.017471152283438974,0.6169873961572551
0.017471152283438974,0.6170174410744063
0.017471152283438974,0.6174230474559467
0.017471152283438974,0.6174681148316733
0.017471152283438974,0.6174981597488245
0.017471152283438974,0.6175282046659757
0.017471152283438974,0.6175732720417023
0.017471152283438974,0.617618339417429
0.017471152283438974,0.6176483843345802
0.017552413456850317,0.6176483843345802
0.017552413456850317,0.6176634067931558
0.017552413456850317,0.6176934517103069
0.017552413456850317,0.6180990580918473
0.017552413456850317,0.6181291030089985
0.017552413456850317,0.6181591479261496
0.017552413456850317,0.6182042153018763
0.017552413456850317,0.6183394174290564
0.017552413456850317,0.6183694623462076
0.017552413456850317,0.6183844848047831
0.017552413456850317,0.6184295521805099
0.017552413456850317,0.6185046644733877
0.01763367463026166,0.6185046644733877
0.01763367463026166,0.6185347093905389
0.01763367463026166,0.6185947992248412
0.01763367463026166,0.6186248441419923
0.01763367463026166,0.6189102708549281
0.01763367463026166,0.6189403157720793
0.01763367463026166,0.6189853831478059
0.01763367463026166,0.6190154280649571
0.01763367463026166,0.6190755178992594
0.01763367463026166,0.6191205852749861
0.01763367463026166,0.6192407649435907
0.01763367463026166,0.6192708098607418
0.01763367463026166,0.6195412141151021
0.01763367463026166,0.6195712590322532
0.01763367463026166,0.6196313488665555
0.017714935803673004,0.6196313488665555
0.017714935803673004,0.6196613937837067
0.017714935803673004,0.6196914387008577
0.017714935803673004,0.6197064611594334
0.017796196977084348,0.6197064611594334
0.017796196977084348,0.6198867306623402
0.017796196977084348,0.6199167755794913
0.017796196977084348,0.6200069103309448
0.017796196977084348,0.6200369552480959
0.017796196977084348,0.6200820226238226
0.017796196977084348,0.6201270899995494
0.017796196977084348,0.6201421124581249
0.017796196977084348,0.6202022022924272
0.017796196977084348,0.6202472696681539
0.017877458150495695,0.6202472696681539
0.017877458150495695,0.6204275391710607
0.017958719323907038,0.6204275391710607
0.017958719323907038,0.6204425616296363
0.01803998049731838,0.6204425616296363
0.01803998049731838,0.6205326963810898
0.01803998049731838,0.6205627412982408
0.01803998049731838,0.6205777637568164
0.018121241670729725,0.6205777637568164
0.018121241670729725,0.6206078086739676
0.018121241670729725,0.6208331455526012
0.01820250284414107,0.6208331455526012
0.01820250284414107,0.6208782129283279
0.01820250284414107,0.6209232803040545
0.01820250284414107,0.6209533252212057
0.01820250284414107,0.6209983925969325
0.01820250284414107,0.6210284375140835
0.01820250284414107,0.6210584824312347
0.01820250284414107,0.6211335947241126
0.01836502519096376,0.6211486171826881
0.01836502519096376,0.6212687968512927
0.01836502519096376,0.6213138642270194
0.01836502519096376,0.6214640888127752
0.01836502519096376,0.6214941337299262
0.01836502519096376,0.621539201105653
0.01836502519096376,0.6215542235642285
0.018446286364375102,0.6215542235642285
0.018446286364375102,0.621644358315682
0.018446286364375102,0.6216744032328331
0.018446286364375102,0.6218096053600132
0.018446286364375102,0.6218396502771644
0.018446286364375102,0.6218546727357399
0.018446286364375102,0.6218847176528911
0.018446286364375102,0.6220499646972224
0.018446286364375102,0.6220800096143735
0.018446286364375102,0.622095032072949
0.018446286364375102,0.6221250769901002
0.018446286364375102,0.6222152117415536
0.018446286364375102,0.6222452566587048
0.018446286364375102,0.6222753015758559
0.018527547537786446,0.6222753015758559
0.018527547537786446,0.6223053464930071
0.018527547537786446,0.6223353914101581
0.018527547537786446,0.6223654363273093
0.018527547537786446,0.6223954812444604
0.018527547537786446,0.6224255261616116
0.018527547537786446,0.6225907732059429
0.01860880871119779,0.6225907732059429
0.01860880871119779,0.622620818123094
0.01860880871119779,0.6228010876260008
0.01860880871119779,0.622831132543152
0.01860880871119779,0.6230114020460589
0.01860880871119779,0.62304144696321
0.01860880871119779,0.6231916715489657
0.01860880871119779,0.6232217164661168
0.01860880871119779,0.6232367389246924
0.01860880871119779,0.6232667838418435
0.01860880871119779,0.6234320308861748
0.01860880871119779,0.623462075803326
0.01860880871119779,0.6235672330133549
0.01860880871119779,0.6236123003890817
0.01860880871119779,0.6236573677648084
0.01860880871119779,0.6236874126819595
0.01860880871119779,0.6237324800576862
0.01860880871119779,0.6237625249748374
0.01860880871119779,0.623807592350564
0.01860880871119779,0.6238376372677152
0.01860880871119779,0.6239578169363198
0.01860880871119779,0.623987861853471
0.01860880871119779,0.6240179067706221
0.01860880871119779,0.6240479516877733
0.01860880871119779,0.6241230639806511
0.01860880871119779,0.6241681313563778
0.01860880871119779,0.6241981762735289
0.01860880871119779,0.6243484008592847
0.01860880871119779,0.6243934682350113
0.01860880871119779,0.6244235131521625
0.01860880871119779,0.6244535580693136
0.01860880871119779,0.6245737377379181
0.01860880871119779,0.6246037826550693
0.01860880871119779,0.6247990746165517
0.01877133105802048,0.6247990746165517
0.01877133105802048,0.6248291195337029
0.01877133105802048,0.6248741869094296
0.01877133105802048,0.6249042318265807
0.01877133105802048,0.624964321660883
0.01877133105802048,0.6249943665780342
0.01877133105802048,0.6250544564123365
0.01877133105802048,0.6250845013294876
0.01877133105802048,0.6251295687052143
0.01877133105802048,0.6251596136223654
0.01877133105802048,0.6253549055838479
0.018852592231431823,0.6253549055838479
0.018852592231431823,0.6253999729595746
0.018852592231431823,0.6254300178767257
0.018852592231431823,0.625490107711028
0.018852592231431823,0.6255351750867547
0.018852592231431823,0.6256553547553593
0.018852592231431823,0.6257304670482371
0.018852592231431823,0.6258206017996906
0.018852592231431823,0.6258506467168417
0.018852592231431823,0.6259708263854462
0.018852592231431823,0.6260309162197485
0.018852592231431823,0.6261360734297775
0.018933853404843166,0.6261360734297775
0.018933853404843166,0.626151095888353
0.018933853404843166,0.6261811408055042
0.018933853404843166,0.6262862980155333
0.01901511457825451,0.6262862980155333
0.01901511457825451,0.6263163429326843
0.01901511457825451,0.6263463878498355
0.01901511457825451,0.6264815899770156
0.01901511457825451,0.6265266573527424
0.01901511457825451,0.6266167921041957
0.01901511457825451,0.626676881938498
0.01901511457825451,0.6267069268556492
0.01901511457825451,0.6267670166899515
0.01901511457825451,0.6267970616071026
0.01901511457825451,0.6268271065242538
0.01901511457825451,0.6268571514414049
0.01901511457825451,0.6270374209443117
0.01901511457825451,0.6270674658614629
0.01901511457825451,0.6271726230714919
0.01901511457825451,0.627202667988643
0.01901511457825451,0.6274580497844278
0.01901511457825451,0.6274880947015788
0.01901511457825451,0.62751813961873
0.01901511457825451,0.6275481845358811
0.01901511457825451,0.6278786786245437
0.01901511457825451,0.627938768458846
0.01901511457825451,0.6280739705860261
0.019096375751665853,0.6280739705860261
0.019096375751665853,0.6281641053374796
0.019096375751665853,0.6281941502546307
0.019096375751665853,0.6282091727132062
0.019096375751665853,0.6282542400889329
0.019096375751665853,0.6282692625475085
0.019096375751665853,0.6282993074646597
0.019096375751665853,0.6285096218847177
0.019096375751665853,0.6285396668018688
0.019096375751665853,0.62856971171902
0.019177636925077197,0.62856971171902
0.019177636925077197,0.6287199363047756
0.019258898098488544,0.6287199363047756
0.019258898098488544,0.6287349587633512
0.019258898098488544,0.6287650036805024
0.019258898098488544,0.6288100710562291
0.019340159271899887,0.6288100710562291
0.019340159271899887,0.6289753181005603
0.019340159271899887,0.629020385476287
0.019340159271899887,0.6292006549791939
0.019340159271899887,0.6292306998963451
0.019340159271899887,0.6294109693992519
0.019340159271899887,0.629441014316403
0.019340159271899887,0.6298916880736701
0.01942142044531123,0.6298916880736701
0.01942142044531123,0.6299217329908213
0.01942142044531123,0.6299517779079724
0.01942142044531123,0.6300419126594259
0.01942142044531123,0.630071957576577
0.01942142044531123,0.6301170249523037
0.01942142044531123,0.6301470698694548
0.01942142044531123,0.6302221821623327
0.01942142044531123,0.6302522270794838
0.01942142044531123,0.6303123169137861
0.01942142044531123,0.6303423618309373
0.01942142044531123,0.6303573842895128
0.01942142044531123,0.6303874292066639
0.01942142044531123,0.6304324965823906
0.01942142044531123,0.6304625414995418
0.01942142044531123,0.6306127660852975
0.01942142044531123,0.6306428110024487
0.01942142044531123,0.6307780131296288
0.01942142044531123,0.6308381029639311
0.01942142044531123,0.6308681478810823
0.01942142044531123,0.6309132152568089
0.01942142044531123,0.6309432601739601
0.01942142044531123,0.6309582826325356
0.01942142044531123,0.6309883275496868
0.01942142044531123,0.6310333949254134
0.01942142044531123,0.6315291360584073
0.01942142044531123,0.6315591809755584
0.01942142044531123,0.6316042483512851
0.01942142044531123,0.6316342932684363
0.01942142044531123,0.631679360644163
0.019502681618722574,0.631679360644163
0.019502681618722574,0.6319497648985233
0.019502681618722574,0.63199483227425
0.019502681618722574,0.6320699445671278
0.019502681618722574,0.6321150119428546
0.019502681618722574,0.6321300344014301
0.019502681618722574,0.6321751017771569
0.019502681618722574,0.6322051466943079
0.019502681618722574,0.6322351916114591
0.019502681618722574,0.6323403488214882
0.019502681618722574,0.6323703937386392
0.019502681618722574,0.6324455060315172
0.019502681618722574,0.632520618324395
0.019502681618722574,0.6327008878273018
0.019502681618722574,0.6327309327444529
0.019502681618722574,0.6327760001201796
0.019502681618722574,0.6328511124130575
0.019583942792133918,0.6328511124130575
0.019583942792133918,0.6328661348716331
0.019583942792133918,0.6328961797887842
0.019583942792133918,0.6330614268331155
0.019583942792133918,0.6330914717502667
0.019583942792133918,0.6334670332146559
0.01966520396554526,0.6334670332146559
0.01966520396554526,0.633497078131807
0.01966520396554526,0.6335271230489582
0.01966520396554526,0.6336473027175628
0.01966520396554526,0.633677347634714
0.01966520396554526,0.6338576171376208
0.01966520396554526,0.6339026845133474
0.01966520396554526,0.6340078417233764
0.01966520396554526,0.6340529090991032
0.01966520396554526,0.6342482010605855
0.01966520396554526,0.6343082908948878
0.01966520396554526,0.6343683807291901
0.01966520396554526,0.6344134481049168
0.01966520396554526,0.634758964652155
0.01966520396554526,0.6347890095693061
0.01966520396554526,0.634864121862184
0.01966520396554526,0.6348941667793351
0.01966520396554526,0.6350143464479396
0.01966520396554526,0.6350443913650908
0.01966520396554526,0.6352096384094221
0.01966520396554526,0.6352396833265732
0.01966520396554526,0.635314795619451
0.01966520396554526,0.6353598629951778
0.01966520396554526,0.6354049303709045
0.01966520396554526,0.6354349752880556
0.01966520396554526,0.6355851998738113
0.01982772631236795,0.6355851998738113
0.01982772631236795,0.6356603121666892
0.01982772631236795,0.6357053795424159
0.01982772631236795,0.6358105367524449
0.01982772631236795,0.6358556041281717
0.01982772631236795,0.6360208511725028
0.01982772631236795,0.636050896089654
0.01982772631236795,0.6361109859239563
0.019908987485779295,0.6361109859239563
0.019908987485779295,0.6362762329682876
0.019990248659190638,0.6362762329682876
0.019990248659190638,0.6363363228025899
0.019990248659190638,0.636366367719741
0.019990248659190638,0.6364264575540433
0.019990248659190638,0.6364565024711945
0.019990248659190638,0.6364865473883455
0.02007150983260198,0.6364865473883455
0.02007150983260198,0.6365917045983746
0.02007150983260198,0.6366217495155257
0.02007150983260198,0.6368621088527349
0.02007150983260198,0.636892153769886
0.02007150983260198,0.6369372211456127
0.02007150983260198,0.636997310979915
0.02007150983260198,0.6370724232727928
0.02007150983260198,0.6371174906485195
0.02007150983260198,0.6371926029413973
0.02007150983260198,0.6372376703171241
0.02007150983260198,0.6373578499857286
0.02007150983260198,0.6373878949028798
0.02007150983260198,0.6375230970300599
0.020152771006013325,0.6375230970300599
0.020152771006013325,0.6376883440743912
0.020152771006013325,0.6377183889915423
0.020152771006013325,0.6378235462015713
0.020152771006013325,0.6378535911187225
0.020152771006013325,0.6379587483287514
0.020152771006013325,0.6380038157044782
0.020152771006013325,0.6380939504559316
0.020152771006013325,0.6381390178316584
0.020152771006013325,0.6381690627488095
0.020152771006013325,0.6383042648759896
0.020152771006013325,0.6383343097931408
0.020152771006013325,0.638394399627443
0.020152771006013325,0.6384244445445941
0.020152771006013325,0.6384394670031698
0.020234032179424672,0.6384394670031698
0.020234032179424672,0.6384845343788964
0.020234032179424672,0.6385145792960476
0.020234032179424672,0.6385746691303499
0.020234032179424672,0.6386347589646522
0.020234032179424672,0.6387849835504079
0.020234032179424672,0.638815028467559
0.020234032179424672,0.6388450733847102
0.020234032179424672,0.638920185677588
0.020234032179424672,0.6389502305947391
0.020315293352836016,0.6389502305947391
0.020315293352836016,0.639025342887617
0.020315293352836016,0.6390553878047681
0.020315293352836016,0.6391004551804949
0.02039655452624736,0.6391004551804949
0.02039655452624736,0.6391605450147971
0.02039655452624736,0.639235657307675
0.02039655452624736,0.6392657022248261
0.02039655452624736,0.6392957471419772
0.02039655452624736,0.6394159268105818
0.020477815699658702,0.6394159268105818
0.020477815699658702,0.6394309492691574
0.020477815699658702,0.6394609941863085
0.020477815699658702,0.6398666005678489
0.020477815699658702,0.639896645485
0.020477815699658702,0.6401820721979359
0.020477815699658702,0.6402421620322382
0.020477815699658702,0.6404674989108717
0.020559076873070046,0.6404674989108717
0.020559076873070046,0.6405125662865985
0.020559076873070046,0.6405726561209008
0.020559076873070046,0.6406027010380518
0.020559076873070046,0.640632745955203
0.020559076873070046,0.6408731052924121
0.020559076873070046,0.6409031502095633
0.020559076873070046,0.6410383523367434
0.020640338046481393,0.6410383523367434
0.020640338046481393,0.6410834197124702
0.020640338046481393,0.6411134646296213
0.020640338046481393,0.6412336442982258
0.020721599219892736,0.6412336442982258
0.020721599219892736,0.6412486667568014
0.020721599219892736,0.6412787116739526
0.020721599219892736,0.6413988913425571
0.020721599219892736,0.6414589811768594
0.020721599219892736,0.6415340934697372
0.020721599219892736,0.6415641383868884
0.020721599219892736,0.641579160845464
0.020884121566715423,0.641579160845464
0.020884121566715423,0.6416092057626152
0.020884121566715423,0.6416692955969174
0.020884121566715423,0.6416993405140685
0.020884121566715423,0.641789475265522
0.020884121566715423,0.6418946324755509
0.020884121566715423,0.6421049468956089
0.020884121566715423,0.6421349918127601
0.020884121566715423,0.642240149022789
0.020884121566715423,0.6423002388570913
0.020884121566715423,0.6423302837742425
0.020884121566715423,0.6423603286913936
0.020965382740126767,0.6423603286913936
0.020965382740126767,0.6424654859014226
0.020965382740126767,0.6424955308185738
0.020965382740126767,0.6426758003214806
0.020965382740126767,0.6427208676972074
0.020965382740126767,0.6428110024486607
0.020965382740126767,0.642871092282963
0.02104664391353811,0.642871092282963
0.02104664391353811,0.642976249492992
0.02104664391353811,0.6430062944101431
0.02104664391353811,0.6431565189958989
0.02104664391353811,0.64318656391305
0.02104664391353811,0.643291721123079
0.02104664391353811,0.6433217660402302
0.02104664391353811,0.6433518109573813
0.02104664391353811,0.6434119007916835
0.02104664391353811,0.6434719906259858
0.021127905086949457,0.6434719906259858
0.021127905086949457,0.6435471029188637
0.0212091662603608,0.6435471029188637
0.0212091662603608,0.6436973275046194
0.0212091662603608,0.6437273724217706
0.0212091662603608,0.6438024847146484
0.021290427433772144,0.6438024847146484
0.021290427433772144,0.6438325296317995
0.021290427433772144,0.6439076419246774
0.021371688607183487,0.6439076419246774
0.021371688607183487,0.6440578665104331
0.021371688607183487,0.6440879114275843
0.021371688607183487,0.6442231135547644
0.021534210954006174,0.6442231135547644
0.021534210954006174,0.6442531584719156
0.021534210954006174,0.6442832033890666
0.021534210954006174,0.6443282707647934
0.021777994474240208,0.6443282707647934
0.021777994474240208,0.6443883605990957
0.021777994474240208,0.6444184055162467
0.021777994474240208,0.6445085402677002
0.02185925564765155,0.6445085402677002
0.02185925564765155,0.644688809770607
0.02185925564765155,0.6447188546877582
0.02185925564765155,0.6448540568149383
0.02185925564765155,0.6448841017320894
0.02185925564765155,0.6448991241906651
0.02185925564765155,0.6449291691078162
0.02185925564765155,0.6450643712349963
0.02185925564765155,0.6450944161521475
0.02185925564765155,0.6451244610692985
0.02185925564765155,0.6451545059864497
0.02185925564765155,0.645214595820752
0.02185925564765155,0.6452596631964788
0.02185925564765155,0.645319753030781
0.02185925564765155,0.6453798428650833
0.02185925564765155,0.6454399326993856
0.02185925564765155,0.6454549551579611
0.02185925564765155,0.6454850000751123
0.02185925564765155,0.6455751348265657
0.02185925564765155,0.6456051797437169
0.02185925564765155,0.6458154941637748
0.02185925564765155,0.645845539080926
0.02185925564765155,0.6458906064566527
0.02185925564765155,0.6459356738323794
0.02185925564765155,0.6460858984181351
0.02185925564765155,0.6461159433352862
0.02185925564765155,0.6461910556281641
0.02185925564765155,0.6462211005453152
0.02185925564765155,0.6462811903796175
0.02185925564765155,0.6463112352967687
0.02185925564765155,0.6463412802139198
0.02185925564765155,0.6464163925067976
0.02185925564765155,0.6464464374239488
0.02185925564765155,0.6464764823410999
0.02185925564765155,0.6465065272582511
0.02185925564765155,0.6465365721754023
0.02185925564765155,0.6466116844682801
0.021940516821062895,0.6466116844682801
0.021940516821062895,0.6466567518440068
0.022021777994474242,0.6466567518440068
0.022021777994474242,0.6466867967611579
0.022021777994474242,0.6467018192197335
0.022021777994474242,0.6467318641368847
0.022021777994474242,0.6467468865954602
0.022021777994474242,0.6467769315126114
0.022021777994474242,0.6468069764297625
0.022021777994474242,0.6468370213469137
0.022021777994474242,0.6468820887226403
0.022021777994474242,0.6469121336397915
0.022021777994474242,0.6469722234740938
0.022021777994474242,0.647347784938483
0.022021777994474242,0.6474078747727853
0.022103039167885585,0.6474078747727853
0.022103039167885585,0.6474228972313609
0.022103039167885585,0.6474679646070876
0.022103039167885585,0.6476482341099944
0.022103039167885585,0.6476933014857211
0.022103039167885585,0.6477083239442967
0.022103039167885585,0.6477533913200234
0.022103039167885585,0.647768413778599
0.022103039167885585,0.6478134811543257
0.022103039167885585,0.6478585485300524
0.022103039167885585,0.6478885934472036
0.022103039167885585,0.6483092222873196
0.022103039167885585,0.6483392672044707
0.022103039167885585,0.6483693121216219
0.022103039167885585,0.6483993570387729
0.022103039167885585,0.6485345591659532
0.022103039167885585,0.6485646040831042
0.022103039167885585,0.6485796265416798
0.02218430034129693,0.6485796265416798
0.02218430034129693,0.6486547388345577
0.02218430034129693,0.6486998062102843
0.02218430034129693,0.6488650532546156
0.022265561514708272,0.6488650532546156
0.022265561514708272,0.6489551880060691
0.022265561514708272,0.6489852329232202
0.022265561514708272,0.6492556371775805
0.022346822688119616,0.6492556371775805
0.022346822688119616,0.6494659515976384
0.022346822688119616,0.6495110189733652
0.022346822688119616,0.6497063109348475
0.022346822688119616,0.6497363558519987
0.022346822688119616,0.6497814232277255
0.022346822688119616,0.6498114681448766
0.022346822688119616,0.6498264906034522
0.022346822688119616,0.6498565355206033
0.02242808386153096,0.6498565355206033
0.02242808386153096,0.6499166253549056
0.022509345034942306,0.6499166253549056
0.022509345034942306,0.6499466702720568
0.022509345034942306,0.6499767151892079
0.022509345034942306,0.6500217825649346
0.022509345034942306,0.6501870296092659
0.022509345034942306,0.6502320969849925
0.022509345034942306,0.650532546156504
0.022509345034942306,0.6505926359908063
0.022509345034942306,0.6506226809079574
0.022509345034942306,0.6506527258251086
0.022509345034942306,0.650878062703742
0.022509345034942306,0.6509081076208932
0.022509345034942306,0.6512085567924046
0.022509345034942306,0.6512386017095558
0.022509345034942306,0.6512536241681314
0.02259060620835365,0.6512536241681314
0.02259060620835365,0.6514489161296138
0.02259060620835365,0.651478961046765
0.02259060620835365,0.6514939835053405
0.02259060620835365,0.6515240284224916
0.02259060620835365,0.6518244775940031
0.022753128555176336,0.6518244775940031
0.022753128555176336,0.6518695449697297
0.022753128555176336,0.6518995898868809
0.022753128555176336,0.651929634804032
0.02283438972858768,0.651929634804032
0.02283438972858768,0.6519897246383343
0.02283438972858768,0.6520197695554855
0.02283438972858768,0.6520648369312122
0.02283438972858768,0.6521249267655145
0.02283438972858768,0.6521699941412411
0.02283438972858768,0.6522000390583923
0.02283438972858768,0.6523953310198747
0.02283438972858768,0.6524253759370259
0.02283438972858768,0.6524403983956014
0.02283438972858768,0.6524854657713282
0.02283438972858768,0.6526356903570838
0.02283438972858768,0.652665735274235
0.02283438972858768,0.652770892484264
0.022915650901999023,0.652770892484264
0.022915650901999023,0.6529661844457464
0.022915650901999023,0.6529962293628976
0.022915650901999023,0.653221566241531
0.02299691207541037,0.653221566241531
0.02299691207541037,0.6532516111586822
0.02299691207541037,0.6533567683687113
0.023078173248821714,0.6533567683687113
0.023078173248821714,0.6534769480373158
0.023078173248821714,0.6535069929544669
0.023078173248821714,0.6536421950816471
0.023078173248821714,0.6536722399987982
0.023078173248821714,0.6537623747502517
0.023078173248821714,0.6537924196674028
0.023078173248821714,0.6540327790046119
0.023078173248821714,0.6540628239217631
0.023078173248821714,0.6543482506346989
0.023159434422233057,0.6543482506346989
0.023159434422233057,0.6543632730932745
0.023159434422233057,0.6543933180104256
0.023159434422233057,0.6545585650547568
0.023159434422233057,0.654588609971908
0.023159434422233057,0.654904081601995
0.023159434422233057,0.6549491489777217
0.023159434422233057,0.6552796430663842
0.023159434422233057,0.6553096879835354
0.023159434422233057,0.6554899574864422
0.023159434422233057,0.6555200024035934
0.023159434422233057,0.6556852494479246
0.023159434422233057,0.6557152943650758
0.023159434422233057,0.6558204515751048
0.023159434422233057,0.6558504964922559
0.023159434422233057,0.6560457884537383
0.023159434422233057,0.6560758333708895
0.023159434422233057,0.6563161927080986
0.023159434422233057,0.6563612600838253
0.023159434422233057,0.6564513948352787
0.023159434422233057,0.6564814397524299
0.023159434422233057,0.6565265071281566
0.023159434422233057,0.6565865969624589
0.023159434422233057,0.6566466867967612
0.0232406955956444,0.6566466867967612
0.0232406955956444,0.6568119338410925
0.0232406955956444,0.6568720236753948
0.0232406955956444,0.6568870461339703
0.023321956769055744,0.6568870461339703
0.023321956769055744,0.6569621584268481
0.023321956769055744,0.6570072258025749
0.023321956769055744,0.6571574503883305
0.023321956769055744,0.6571874953054817
0.023321956769055744,0.657352742349813
0.023321956769055744,0.6573827872669641
0.023321956769055744,0.6573978097255396
0.023321956769055744,0.6574278546426908
0.023321956769055744,0.6574729220184176
0.023321956769055744,0.6575480343112954
0.023321956769055744,0.6575780792284466
0.023321956769055744,0.6577583487313534
0.023321956769055744,0.6577883936485045
0.023321956769055744,0.6578184385656557
0.02340321794246709,0.6578184385656557
0.02340321794246709,0.657878528399958
0.02340321794246709,0.6579386182342603
0.02340321794246709,0.6579836856099869
0.02340321794246709,0.6580137305271381
0.02340321794246709,0.6580738203614404
0.02340321794246709,0.6581639551128938
0.023484479115878434,0.6581639551128938
0.023484479115878434,0.6581940000300449
0.023565740289289778,0.6581940000300449
0.023565740289289778,0.6585244941187075
0.02364700146270112,0.6585244941187075
0.02364700146270112,0.6586446737873121
0.023728262636112465,0.6586446737873121
0.023728262636112465,0.6586747187044631
0.023728262636112465,0.6589000555830967
0.023728262636112465,0.6589301005002479
0.023728262636112465,0.6589451229588235
0.023728262636112465,0.6589751678759745
0.023728262636112465,0.6590502801688525
0.023728262636112465,0.6590803250860036
0.023728262636112465,0.6591253924617303
0.023728262636112465,0.6591554373788814
0.023728262636112465,0.6593206844232127
0.023728262636112465,0.6593507293403639
0.023728262636112465,0.6594558865503929
0.023728262636112465,0.6595159763846952
0.023728262636112465,0.6598014030976309
0.023728262636112465,0.6598314480147821
0.023728262636112465,0.6600267399762645
0.023728262636112465,0.6600567848934157
0.023728262636112465,0.6601619421034447
0.023728262636112465,0.6602370543963225
0.023728262636112465,0.6602670993134736
0.023728262636112465,0.6603271891477759
0.023728262636112465,0.6603572340649271
0.023728262636112465,0.6604173238992294
0.023728262636112465,0.6604473688163804
0.023728262636112465,0.6605375035678339
0.023728262636112465,0.6605825709435607
0.023728262636112465,0.6606126158607117
0.023728262636112465,0.660672705695014
0.023890784982935155,0.660672705695014
0.023890784982935155,0.660777862905043
0.023890784982935155,0.6608079078221942
0.023890784982935155,0.6609280874907988
0.023890784982935155,0.6609581324079499
0.023890784982935155,0.6611384019108567
0.023890784982935155,0.6611684468280079
0.023890784982935155,0.6615740532095483
0.0239720461563465,0.6615740532095483
0.0239720461563465,0.6615890756681239
0.0239720461563465,0.6616341430438506
0.0239720461563465,0.6617393002538795
0.0239720461563465,0.6617693451710307
0.0239720461563465,0.6617843676296062
0.0239720461563465,0.6618144125467574
0.0239720461563465,0.6618594799224841
0.0239720461563465,0.6618895248396353
0.0239720461563465,0.6619646371325131
0.0239720461563465,0.6619946820496643
0.0239720461563465,0.6622500638454489
0.0239720461563465,0.6622951312211757
0.0239720461563465,0.6623101536797512
0.024053307329757842,0.6623101536797512
0.024053307329757842,0.6623401985969024
0.024053307329757842,0.662355221055478
0.024053307329757842,0.6624153108897802
0.024053307329757842,0.6625805579341115
0.024053307329757842,0.6626106028512626
0.024053307329757842,0.6626406477684138
0.024053307329757842,0.6626706926855649
0.024053307329757842,0.6627908723541694
0.024053307329757842,0.6628209172713206
0.024053307329757842,0.6629711418570763
0.024053307329757842,0.6630011867742275
0.024053307329757842,0.663121366442832
0.024053307329757842,0.6631514113599831
0.024053307329757842,0.663226523652861
0.024053307329757842,0.6632565685700121
0.024053307329757842,0.6634067931557679
0.024053307329757842,0.6634518605314946
0.024053307329757842,0.6634668829900702
0.024053307329757842,0.6634969279072213
0.024053307329757842,0.6635119503657969
0.024053307329757842,0.663541995282948
0.024053307329757842,0.6635870626586747
0.024053307329757842,0.6636321300344015
0.024134568503169185,0.6636321300344015
0.024134568503169185,0.6637823546201571
0.024134568503169185,0.6638123995373083
0.024134568503169185,0.6638875118301861
0.024134568503169185,0.6639175567473373
0.024134568503169185,0.6640828037916685
0.024134568503169185,0.6641428936259708
0.02421582967658053,0.6641428936259708
0.02421582967658053,0.6644283203389066
0.024297090849991872,0.6644283203389066
0.024297090849991872,0.6645935673832379
0.024297090849991872,0.6646536572175402
0.02437835202340322,0.6646536572175402
0.02437835202340322,0.6647437919689937
0.02437835202340322,0.6647738368861448
0.02437835202340322,0.6648489491790226
0.02437835202340322,0.6648940165547493
0.024459613196814563,0.6648940165547493
0.024459613196814563,0.6649841513062028
0.024459613196814563,0.6650141962233539
0.024459613196814563,0.6650592635990806
0.024459613196814563,0.6650893085162317
0.024459613196814563,0.6652395331019875
0.024459613196814563,0.6652695780191387
0.024459613196814563,0.665359712770592
0.024540874370225906,0.665359712770592
0.024540874370225906,0.6653747352291676
0.024540874370225906,0.6654047801463188
0.024540874370225906,0.6654798924391966
0.02462213554363725,0.6654798924391966
0.02462213554363725,0.6655850496492256
0.02462213554363725,0.6656301170249523
0.02462213554363725,0.6657352742349812
0.02462213554363725,0.665780341610708
0.02462213554363725,0.6659155437378882
0.02462213554363725,0.6659756335721905
0.02462213554363725,0.6660807907822194
0.02462213554363725,0.6661108356993706
0.02462213554363725,0.6663662174951552
0.024703396717048593,0.6663662174951552
0.024703396717048593,0.6665314645394865
0.024703396717048593,0.6665615094566377
0.024703396717048593,0.6665915543737888
0.024703396717048593,0.66662159929094
0.024703396717048593,0.6666366217495155
0.024703396717048593,0.6666666666666666
0.024703396717048593,0.6668018687938468
0.024703396717048593,0.6668319137109979
0.024703396717048593,0.6669370709210269
0.024703396717048593,0.6669821382967537
0.024703396717048593,0.6669971607553292
0.024703396717048593,0.6670272056724803
0.024703396717048593,0.6670572505896315
0.024784657890459937,0.6670572505896315
0.024784657890459937,0.667072273048207
0.024784657890459937,0.6671323628825093
0.024784657890459937,0.6671624077996605
0.024784657890459937,0.6672074751753873
0.024865919063871283,0.6672074751753873
0.024865919063871283,0.6672525425511139
0.024865919063871283,0.6672825874682651
0.024865919063871283,0.6673727222197184
0.024865919063871283,0.6674177895954452
0.024865919063871283,0.6674478345125964
0.024865919063871283,0.6674778794297475
0.024865919063871283,0.6675079243468987
0.024865919063871283,0.6675529917226253
0.024865919063871283,0.6675830366397765
0.024865919063871283,0.6676281040155032
0.024865919063871283,0.6677182387669566
0.024865919063871283,0.6677783286012589
0.024865919063871283,0.6678233959769856
0.024865919063871283,0.6678534408941368
0.024865919063871283,0.6680487328556192
0.024947180237282627,0.6680487328556192
0.024947180237282627,0.6680787777727702
0.024947180237282627,0.6681388676070725
0.024947180237282627,0.6681989574413748
0.024947180237282627,0.6682139798999505
0.024947180237282627,0.6682440248171015
0.024947180237282627,0.6683491820271306
0.024947180237282627,0.6683792269442816
0.024947180237282627,0.6686646536572175
0.024947180237282627,0.6686946985743687
0.024947180237282627,0.6687397659500954
0.024947180237282627,0.6687698108672465
0.024947180237282627,0.6688299007015488
0.02502844141069397,0.6688299007015488
0.02502844141069397,0.6691453723316358
0.02502844141069397,0.6691754172487869
0.02502844141069397,0.6692655520002404
0.02502844141069397,0.6692955969173915
0.02502844141069397,0.6693707092102693
0.02502844141069397,0.6694007541274205
0.02502844141069397,0.6695509787131761
0.02502844141069397,0.6695810236303273
0.02502844141069397,0.6696110685474784
0.02502844141069397,0.6696411134646296
0.02502844141069397,0.6699716075532922
0.025109702584105314,0.6699716075532922
0.025109702584105314,0.6699866300118678
0.025109702584105314,0.6700166749290188
0.025109702584105314,0.6701668995147746
0.025109702584105314,0.6701969444319257
0.025109702584105314,0.6702269893490769
0.025272224930928004,0.6702269893490769
0.025272224930928004,0.6703321465591059
0.025353486104339348,0.6703321465591059
0.025353486104339348,0.6704222813105593
0.025353486104339348,0.670467348686286
0.025353486104339348,0.6704823711448615
0.025353486104339348,0.6705124160620127
0.025353486104339348,0.6707527753992218
0.025353486104339348,0.6707828203163729
0.025353486104339348,0.6707978427749486
0.025353486104339348,0.6708278876920997
0.025353486104339348,0.6710382021121577
0.025353486104339348,0.6710832694878844
0.025353486104339348,0.6712334940736401
0.025353486104339348,0.6712785614493668
0.025353486104339348,0.6713386512836691
0.02543474727775069,0.6713386512836691
0.02543474727775069,0.6713536737422446
0.02543474727775069,0.6713837186593958
0.02543474727775069,0.6717442576652095
0.025516008451162035,0.6717442576652095
0.025516008451162035,0.6719395496266919
0.025516008451162035,0.6719996394609942
0.025516008451162035,0.672074751753872
0.025516008451162035,0.6721047966710232
0.025516008451162035,0.6723601784668078
0.025516008451162035,0.6724202683011101
0.025516008451162035,0.6724803581354124
0.025516008451162035,0.6725254255111391
0.025516008451162035,0.672705695014046
0.025516008451162035,0.6727357399311972
0.025516008451162035,0.6728559195998017
0.02567853079798472,0.6728559195998017
0.02567853079798472,0.6729760992684063
0.02567853079798472,0.6730061441855574
0.02567853079798472,0.673021166644133
0.02567853079798472,0.6730512115612841
0.02567853079798472,0.6731413463127376
0.02567853079798472,0.6731713912298887
0.02567853079798472,0.6732915708984932
0.02567853079798472,0.6733216158156444
0.02567853079798472,0.6734868628599756
0.02575979197139607,0.6734868628599756
0.02575979197139607,0.6735319302357023
0.02575979197139607,0.6735619751528535
0.02575979197139607,0.6736671323628826
0.02575979197139607,0.6736971772800336
0.02575979197139607,0.673967581534394
0.025841053144807412,0.673967581534394
0.025841053144807412,0.6739826039929695
0.025841053144807412,0.6740126489101206
0.025922314318218755,0.6740126489101206
0.025922314318218755,0.6741328285787251
0.025922314318218755,0.6741628734958763
0.0260035754916301,0.6741628734958763
0.0260035754916301,0.6742530082473298
0.0260035754916301,0.6742830531644809
0.0260035754916301,0.6742980756230564
0.0260035754916301,0.6743281205402076
0.0260035754916301,0.6747036820045968
0.026084836665041442,0.6747036820045968
0.026084836665041442,0.6749139964246549
0.026166097838452786,0.6749139964246549
0.026166097838452786,0.6750191536346839
0.026166097838452786,0.675049198551835
0.026166097838452786,0.6752294680547418
0.026166097838452786,0.675259512971893
0.026166097838452786,0.6754998723091021
0.026166097838452786,0.6755299172262532
0.026166097838452786,0.6755900070605555
0.026166097838452786,0.6756200519777067
0.026166097838452786,0.6757552541048868
0.026247359011864133,0.6757552541048868
0.026247359011864133,0.6759505460663692
0.026247359011864133,0.6759956134420959
0.026247359011864133,0.6760256583592471
0.026247359011864133,0.6760557032763982
0.026247359011864133,0.6763261075307585
0.026247359011864133,0.6763561524479096
0.026247359011864133,0.6764613096579386
0.026328620185275476,0.6764613096579386
0.026328620185275476,0.6764913545750898
0.026328620185275476,0.6766265567022699
0.026328620185275476,0.6766716240779966
0.026328620185275476,0.6767166914537233
0.026328620185275476,0.6767467363708745
0.026328620185275476,0.6767918037466012
0.026328620185275476,0.6768218486637523
0.026328620185275476,0.676972073249508
0.026328620185275476,0.6770021181666591
0.026328620185275476,0.6770321630838103
0.026328620185275476,0.6770622080009614
0.026328620185275476,0.6772274550452927
0.026328620185275476,0.6772574999624439
0.026328620185275476,0.6773476347138973
0.026328620185275476,0.6774077245481995
0.026328620185275476,0.6775279042168041
0.026328620185275476,0.6775579491339553
0.026328620185275476,0.6776781288025598
0.026328620185275476,0.6777682635540132
0.026328620185275476,0.6778583983054667
0.026328620185275476,0.6778884432226178
0.026328620185275476,0.6779335105983445
0.026328620185275476,0.6779635555154957
0.026328620185275476,0.6780536902669491
0.026328620185275476,0.6780687127255247
0.026328620185275476,0.6780987576426758
0.026328620185275476,0.6782039148527048
0.026572403705509506,0.6782039148527048
0.026572403705509506,0.6782339597698559
0.026653664878920853,0.6782339597698559
0.026653664878920853,0.6782489822284316
0.026653664878920853,0.6782790271455826
0.026653664878920853,0.6782940496041582
0.026734926052332197,0.6782940496041582
0.026734926052332197,0.6783541394384605
0.02681618722574354,0.6783541394384605
0.02681618722574354,0.6784142292727627
0.02681618722574354,0.678474319107065
0.02681618722574354,0.678579476317094
0.02681618722574354,0.6786095212342452
0.02681618722574354,0.6786696110685475
0.02681618722574354,0.6787297009028498
0.02681618722574354,0.6788048131957276
0.02681618722574354,0.6788348581128788
0.02681618722574354,0.6788799254886054
0.02681618722574354,0.6789099704057566
0.02681618722574354,0.6789700602400589
0.02681618722574354,0.67900010515721
0.02681618722574354,0.6791653522015413
0.02681618722574354,0.679210419577268
0.02681618722574354,0.6792855318701458
0.026897448399154884,0.6792855318701458
0.026897448399154884,0.679420733997326
0.026897448399154884,0.6794507789144771
0.026978709572566227,0.6794507789144771
0.026978709572566227,0.6795409136659306
0.026978709572566227,0.6795859810416572
0.026978709572566227,0.6797211831688375
0.026978709572566227,0.6797662505445641
0.026978709572566227,0.6798563852960176
0.026978709572566227,0.6799314975888954
0.026978709572566227,0.6800516772574999
0.026978709572566227,0.6800817221746511
0.026978709572566227,0.680156834467529
0.02705997074597757,0.680156834467529
0.02705997074597757,0.6801868793846801
0.02705997074597757,0.6802319467604068
0.02705997074597757,0.6802469692189824
0.02705997074597757,0.6802770141361335
0.02705997074597757,0.680292036594709
0.02705997074597757,0.6803521264290113
0.02705997074597757,0.6804122162633136
0.027141231919388917,0.6804122162633136
0.027141231919388917,0.6805624408490694
0.027141231919388917,0.6806225306833716
0.027141231919388917,0.6806675980590984
0.027141231919388917,0.6806976429762495
0.027141231919388917,0.6808028001862785
0.027141231919388917,0.6808328451034297
0.027141231919388917,0.680892934937732
0.02722249309280026,0.680892934937732
0.02722249309280026,0.6810131146063365
0.027303754266211604,0.6810131146063365
0.027303754266211604,0.6810581819820631
0.027303754266211604,0.6810882268992143
0.027547537786445635,0.6810882268992143
0.027547537786445635,0.6811483167335166
0.02762879895985698,0.6811483167335166
0.02762879895985698,0.6814938332807547
0.027710060133268325,0.6814938332807547
0.027710060133268325,0.6818543722865684
0.027710060133268325,0.6819144621208707
0.027710060133268325,0.6820196193308997
0.027710060133268325,0.6820496642480508
0.027710060133268325,0.6820947316237775
0.027710060133268325,0.6821247765409287
0.027710060133268325,0.6822449562095333
0.027710060133268325,0.6822750011266844
0.027710060133268325,0.6824102032538645
0.027710060133268325,0.6824402481710157
0.027710060133268325,0.6824552706295912
0.027710060133268325,0.6824853155467424
0.027710060133268325,0.6826205176739225
0.02779132130667967,0.6826205176739225
0.02779132130667967,0.6827857647182538
0.027872582480091012,0.6827857647182538
0.027872582480091012,0.6828158096354049
0.027872582480091012,0.6828608770111316
0.027872582480091012,0.6828909219282828
0.027872582480091012,0.6829209668454339
0.027872582480091012,0.683161326182643
0.027872582480091012,0.6831913710997942
0.027872582480091012,0.6832965283098232
0.027872582480091012,0.6833265732269743
0.027872582480091012,0.6834317304370033
0.027872582480091012,0.6834918202713056
0.027872582480091012,0.6836270223984857
0.027872582480091012,0.6836570673156369
0.027872582480091012,0.6839274715699971
0.027872582480091012,0.6839575164871483
0.027872582480091012,0.6840326287800261
0.027953843653502355,0.6840326287800261
0.027953843653502355,0.6841828533657819
0.027953843653502355,0.684212898282933
0.027953843653502355,0.6842579656586597
0.027953843653502355,0.6842880105758108
0.027953843653502355,0.6843330779515375
0.027953843653502355,0.6843781453272643
0.027953843653502355,0.6844682800787176
0.0280351048269137,0.6844682800787176
0.0280351048269137,0.6844983249958688
0.0280351048269137,0.68452836991302
0.0280351048269137,0.6846635720402001
0.0280351048269137,0.6846936169573512
0.0280351048269137,0.6847537067916535
0.0280351048269137,0.6847837517088047
0.0280351048269137,0.6849339762945603
0.0280351048269137,0.6849640212117115
0.0280351048269137,0.6852194030074962
0.0280351048269137,0.6852794928417985
0.0280351048269137,0.6853245602175252
0.0280351048269137,0.6853696275932519
0.0280351048269137,0.6856700767647633
0.0280351048269137,0.6857001216819144
0.0280351048269137,0.6857451890576411
0.028116366000325046,0.6857451890576411
0.028116366000325046,0.6859855483948503
0.028116366000325046,0.6860155933120015
0.028116366000325046,0.686135772980606
0.028116366000325046,0.6861808403563328
0.028116366000325046,0.6862108852734838
0.028116366000325046,0.686240930190635
0.028116366000325046,0.6863310649420884
0.028116366000325046,0.6863611098592396
0.028116366000325046,0.6864061772349662
0.028116366000325046,0.686451244610693
0.028116366000325046,0.6865263569035709
0.02819762717373639,0.6865263569035709
0.02819762717373639,0.6866014691964487
0.028278888347147733,0.6866014691964487
0.028278888347147733,0.6866916039479021
0.02844141069397042,0.6866916039479021
0.02844141069397042,0.6869169408265356
0.028522671867381767,0.6869169408265356
0.028522671867381767,0.6870521429537157
0.028522671867381767,0.687082187870867
0.028522671867381767,0.6871422777051692
0.028522671867381767,0.6871723226223204
0.028522671867381767,0.6872324124566227
0.028522671867381767,0.6872624573737738
0.028522671867381767,0.6873225472080761
0.028522671867381767,0.6873676145838028
0.028522671867381767,0.6873976595009539
0.028522671867381767,0.6874277044181051
0.028522671867381767,0.6874427268766806
0.028522671867381767,0.6874727717938318
0.02860393304079311,0.6874727717938318
0.02860393304079311,0.6875929514624364
0.028685194214204453,0.6875929514624364
0.028685194214204453,0.6876680637553142
0.028685194214204453,0.6877131311310409
0.028685194214204453,0.6879234455510989
0.028685194214204453,0.68795349046825
0.028685194214204453,0.6880586476782791
0.028766455387615797,0.6880586476782791
0.028766455387615797,0.6881938498054592
0.028766455387615797,0.6882238947226103
0.028766455387615797,0.688268962098337
0.02884771656102714,0.688268962098337
0.02884771656102714,0.6884342091426683
0.02884771656102714,0.6884642540598195
0.02884771656102714,0.6884942989769706
0.028928977734438484,0.6884942989769706
0.028928977734438484,0.6885393663526973
0.028928977734438484,0.688584433728424
0.028928977734438484,0.6886745684798774
0.02901023890784983,0.6886745684798774
0.02901023890784983,0.6887046133970286
0.02901023890784983,0.6887496807727552
0.02901023890784983,0.6890651524028423
0.02901023890784983,0.689110219778569
0.02901023890784983,0.6891853320714468
0.029091500081261174,0.6891853320714468
0.029091500081261174,0.6892303994471736
0.029091500081261174,0.6892754668229002
0.029091500081261174,0.6893205341986269
0.029091500081261174,0.6893505791157781
0.029091500081261174,0.6893806240329292
0.029091500081261174,0.6894106689500804
0.029091500081261174,0.6896810732044406
0.029172761254672518,0.6896810732044406
0.029172761254672518,0.6898162753316208
0.029172761254672518,0.6898463202487719
0.029172761254672518,0.6899214325416497
0.02925402242808386,0.6899214325416497
0.02925402242808386,0.689981522375952
0.02925402242808386,0.6900115672931032
0.02925402242808386,0.6902819715474635
0.02925402242808386,0.6903420613817658
0.02925402242808386,0.6904922859675214
0.029335283601495205,0.6904922859675214
0.029335283601495205,0.6905223308846726
0.029335283601495205,0.6905373533432482
0.029335283601495205,0.690612465636126
0.029335283601495205,0.6906425105532772
0.029335283601495205,0.6906725554704283
0.029335283601495205,0.6907476677633061
0.029335283601495205,0.6908077575976084
0.029335283601495205,0.6908678474319107
0.029335283601495205,0.6908978923490618
0.029335283601495205,0.6909880271005153
0.029335283601495205,0.691033094476242
0.029335283601495205,0.6910481169348176
0.029416544774906548,0.6910481169348176
0.029416544774906548,0.6910631393933931
0.029416544774906548,0.6910931843105442
0.029416544774906548,0.6911082067691199
0.029416544774906548,0.691138251686271
0.029416544774906548,0.6911833190619977
0.029416544774906548,0.6912283864377244
0.029416544774906548,0.6912584313548755
0.029416544774906548,0.6913936334820556
0.029416544774906548,0.6914236783992068
0.029416544774906548,0.6915138131506602
0.029416544774906548,0.6915889254435381
0.029497805948317895,0.6915889254435381
0.029497805948317895,0.6916339928192649
0.029497805948317895,0.6916640377364159
0.029497805948317895,0.691769194946445
0.029497805948317895,0.6918142623221717
0.029497805948317895,0.6918593296978983
0.02957906712172924,0.6918593296978983
0.02957906712172924,0.6918893746150495
0.02957906712172924,0.6919945318250785
0.02957906712172924,0.6922949809965899
0.02957906712172924,0.6923550708308922
0.02957906712172924,0.6926104526266769
0.02957906712172924,0.6926705424609791
0.02957906712172924,0.6927005873781303
0.02957906712172924,0.692745654753857
0.02957906712172924,0.6927756996710082
0.02957906712172924,0.6928958793396127
0.02957906712172924,0.6929259242567639
0.02957906712172924,0.6931212162182463
0.02957906712172924,0.6931512611353974
0.02957906712172924,0.6933014857211531
0.02957906712172924,0.6933465530968799
0.02957906712172924,0.6933615755554554
0.02957906712172924,0.6933916204726065
0.02957906712172924,0.6938272717712981
0.02957906712172924,0.6938573166884492
0.02957906712172924,0.6939624738984782
0.02957906712172924,0.6940075412742049
0.02957906712172924,0.6940676311085072
0.02957906712172924,0.6940976760256583
0.029660328295140582,0.6940976760256583
0.029660328295140582,0.6941878107771118
0.029660328295140582,0.694217855694263
0.029660328295140582,0.6942479006114141
0.029660328295140582,0.6943079904457163
0.029741589468551925,0.6943079904457163
0.029741589468551925,0.6945032824071987
0.029741589468551925,0.6945333273243499
0.029741589468551925,0.6946535069929545
0.029741589468551925,0.6946835519101056
0.029741589468551925,0.6947436417444078
0.02982285064196327,0.694773686661559
0.02982285064196327,0.694878843871588
0.02982285064196327,0.6949088887887391
0.02982285064196327,0.6949689786230414
0.02982285064196327,0.6950140459987681
0.02982285064196327,0.6950591133744949
0.02982285064196327,0.695089158291646
0.02982285064196327,0.6951041807502216
0.02982285064196327,0.6951342256673727
0.029904111815374616,0.6951342256673727
0.029904111815374616,0.6951492481259482
0.029904111815374616,0.695194315501675
0.029904111815374616,0.6952393828774017
0.029904111815374616,0.6952694277945528
0.029904111815374616,0.6953896074631574
0.029904111815374616,0.6954196523803086
0.029904111815374616,0.6954647197560353
0.029904111815374616,0.695509787131762
0.029904111815374616,0.6955398320489131
0.029904111815374616,0.6958853485961513
0.029904111815374616,0.6959153935133023
0.029904111815374616,0.6961407303919359
0.02998537298878596,0.6961407303919359
0.02998537298878596,0.6961857977676627
0.02998537298878596,0.6962609100605405
0.02998537298878596,0.696381089729145
0.02998537298878596,0.6964111346462962
0.02998537298878596,0.6966514939835053
0.030066634162197303,0.6966514939835053
0.030066634162197303,0.6968167410278366
0.030147895335608646,0.6968317634864122
0.030147895335608646,0.6968467859449877
0.03022915650901999,0.6968467859449877
0.03022915650901999,0.6969519431550167
0.030310417682431333,0.6969519431550167
0.030310417682431333,0.6971923024922259
0.030310417682431333,0.6972523923265281
0.030310417682431333,0.6974927516637373
0.03039167885584268,0.6974927516637373
0.03039167885584268,0.6975227965808884
0.030472940029254023,0.6975227965808884
0.030472940029254023,0.697537819039464
0.030554201202665367,0.697537819039464
0.030554201202665367,0.6976880436252197
0.030554201202665367,0.6977331110009464
0.030554201202665367,0.6979434254210044
0.030554201202665367,0.6979734703381555
0.030554201202665367,0.6981988072167891
0.030554201202665367,0.6982438745925158
0.030554201202665367,0.6983640542611204
0.030554201202665367,0.6984091216368471
0.030554201202665367,0.6985142788468761
0.030554201202665367,0.6985443237640272
0.030554201202665367,0.6985893911397539
0.030716723549488054,0.6985893911397539
0.030716723549488054,0.698619436056905
0.030716723549488054,0.6986494809740562
0.030716723549488054,0.6988447729355386
0.030716723549488054,0.6988748178526898
0.030716723549488054,0.6988898403112653
0.030716723549488054,0.6989499301455676
0.030716723549488054,0.6991001547313234
0.030797984722899397,0.6991001547313234
0.030797984722899397,0.6991301996484744
0.030797984722899397,0.69914522210705
0.030879245896310744,0.69914522210705
0.030879245896310744,0.699250379317079
0.030960507069722087,0.699250379317079
0.030960507069722087,0.6992954466928057
0.03104176824313343,0.6992954466928057
0.03104176824313343,0.6994757161957126
0.03104176824313343,0.6995207835714393
0.03104176824313343,0.6995808734057416
0.03104176824313343,0.6996109183228927
0.03104176824313343,0.6996860306157706
0.03104176824313343,0.6997160755329217
0.03104176824313343,0.6997461204500729
0.03104176824313343,0.699776165367224
0.03104176824313343,0.6997911878257995
0.031123029416544774,0.6997911878257995
0.031123029416544774,0.6998062102843752
0.031123029416544774,0.6998362552015263
0.031123029416544774,0.699881322577253
0.031123029416544774,0.6999113674944041
0.031123029416544774,0.699986479787282
0.031123029416544774,0.7000165247044331
0.031123029416544774,0.7000315471630087
0.031123029416544774,0.7000766145387354
0.031123029416544774,0.7001066594558866
0.031204290589956118,0.7001066594558866
0.031204290589956118,0.7001817717487644
0.03128555176336746,0.7001817717487644
0.03128555176336746,0.7002118166659156
0.03136681293677881,0.7002118166659156
0.03136681293677881,0.7002418615830667
0.03136681293677881,0.7002719065002179
0.03136681293677881,0.7005272882960025
0.03136681293677881,0.7005573332131536
0.03136681293677881,0.700617423047456
0.03136681293677881,0.7006474679646071
0.03136681293677881,0.7006624904231826
0.03136681293677881,0.7006925353403338
0.03136681293677881,0.7009479171361185
0.03136681293677881,0.701068096804723
0.03136681293677881,0.7011882764733276
0.03136681293677881,0.7012483663076299
0.03136681293677881,0.7013385010590834
0.03136681293677881,0.7013685459762344
0.03136681293677881,0.7015638379377169
0.03144807411019015,0.7015638379377169
0.03144807411019015,0.7018943320263794
0.03144807411019015,0.7019243769435306
0.031529335283601495,0.7019243769435306
0.031529335283601495,0.7020595790707107
0.031529335283601495,0.702119668905013
0.031529335283601495,0.7024501629936756
0.031529335283601495,0.7024802079108267
0.031529335283601495,0.7025553202037046
0.03161059645701284,0.7025553202037046
0.03161059645701284,0.7026003875794312
0.03161059645701284,0.702645454955158
0.03161059645701284,0.7027806570823381
0.03169185763042418,0.7027806570823381
0.03169185763042418,0.7028107019994893
0.03169185763042418,0.7028407469166403
0.03169185763042418,0.7028858142923671
0.03169185763042418,0.7030811062538495
0.03169185763042418,0.7031261736295762
0.03169185763042418,0.7034266228010876
0.03169185763042418,0.7034566677182388
0.03169185763042418,0.7034716901768143
0.03169185763042418,0.7035017350939655
0.03169185763042418,0.7035167575525411
0.03169185763042418,0.7035468024696921
0.03169185763042418,0.7038772965583547
0.03177311880383553,0.7038772965583547
0.03177311880383553,0.7039974762269593
0.03185437997724687,0.7039974762269593
0.03185437997724687,0.7040275211441105
0.03185437997724687,0.7040575660612616
0.03185437997724687,0.7042077906470173
0.03185437997724687,0.7042378355641684
0.03185437997724687,0.7044030826084997
0.03185437997724687,0.7044331275256508
0.03185437997724687,0.7044781949013775
0.03185437997724687,0.7045082398185287
0.03185437997724687,0.7045533071942555
0.03185437997724687,0.7045833521114065
0.03185437997724687,0.7046434419457088
0.03185437997724687,0.70467348686286
0.03185437997724687,0.7048537563657669
0.03185437997724687,0.7048838012829179
0.03185437997724687,0.7050640707858248
0.03185437997724687,0.705094115702976
0.03185437997724687,0.705199272913005
0.03185437997724687,0.7052293178301561
0.03185437997724687,0.7053344750401851
0.03185437997724687,0.7053645199573362
0.03185437997724687,0.7057701263388766
0.031935641150658216,0.7057701263388766
0.031935641150658216,0.7057851487974522
0.03201690232406956,0.7057851487974522
0.03201690232406956,0.7058903060074811
0.03201690232406956,0.7059203509246323
0.03201690232406956,0.7059353733832079
0.03201690232406956,0.7059654183003591
0.0320981634974809,0.7059654183003591
0.0320981634974809,0.7060104856760857
0.03217942467089225,0.7060104856760857
0.03217942467089225,0.7061456878032659
0.03217942467089225,0.7061907551789925
0.03217942467089225,0.7062057776375682
0.03217942467089225,0.7062508450132948
0.03217942467089225,0.7062959123890216
0.03217942467089225,0.7063409797647483
0.03217942467089225,0.7064611594333529
0.03217942467089225,0.706491204350504
0.03217942467089225,0.7065362717262307
0.03217942467089225,0.7065813391019574
0.03217942467089225,0.7066113840191086
0.03217942467089225,0.7066414289362597
0.03217942467089225,0.7066714738534109
0.03217942467089225,0.7067766310634398
0.03217942467089225,0.7068367208977421
0.03217942467089225,0.7068517433563177
0.03217942467089225,0.7068817882734688
0.03217942467089225,0.7070320128592246
0.03217942467089225,0.7070620577763757
0.03217942467089225,0.707227304820707
0.03217942467089225,0.7072573497378581
0.03217942467089225,0.7073174395721604
0.03217942467089225,0.707362506947887
0.03217942467089225,0.7074977090750673
0.032341947017714937,0.7074977090750673
0.032341947017714937,0.7075728213679451
0.032423208191126277,0.7075728213679451
0.032423208191126277,0.7077681133294275
0.032423208191126277,0.7077981582465787
0.032423208191126277,0.7078131807051542
0.032423208191126277,0.7078432256223054
0.032423208191126277,0.7079033154566077
0.03250446936453762,0.7079033154566077
0.03250446936453762,0.7079333603737588
0.03258573053794897,0.7079333603737588
0.03258573053794897,0.7079784277494855
0.03258573053794897,0.7080084726666366
0.03258573053794897,0.70809860741809
0.03258573053794897,0.7081586972523923
0.03258573053794897,0.7083389667552992
0.03266699171136031,0.7083389667552992
0.03266699171136031,0.7085342587167816
0.03266699171136031,0.7085943485510838
0.03266699171136031,0.708624393468235
0.03266699171136031,0.7086544383853861
0.03266699171136031,0.7087746180539907
0.03266699171136031,0.708834707888293
0.03266699171136031,0.70915017951838
0.03266699171136031,0.7091802244355311
0.03266699171136031,0.7092403142698334
0.03266699171136031,0.7092703591869846
0.03266699171136031,0.7093454714798624
0.03266699171136031,0.7093755163970136
0.03266699171136031,0.7094506286898914
0.03266699171136031,0.7094806736070425
0.03266699171136031,0.7099613922814608
0.03266699171136031,0.7099914371986119
0.03266699171136031,0.7101717067015187
0.03266699171136031,0.7102017516186699
0.03266699171136031,0.710231796535821
0.03266699171136031,0.7102618414529722
0.03266699171136031,0.71033695374585
0.03266699171136031,0.7103669986630012
0.03266699171136031,0.7104270884973035
0.03266699171136031,0.7105022007901813
0.03274825288477166,0.7105022007901813
0.03274825288477166,0.7107876275031172
0.032829514058183,0.7107876275031172
0.032829514058183,0.7108777622545706
0.032910775231594344,0.7108777622545706
0.032910775231594344,0.7112232788018087
0.03315455875182838,0.7112232788018087
0.03315455875182838,0.71138852584614
0.03315455875182838,0.7114185707632911
0.03315455875182838,0.7114335932218667
0.03315455875182838,0.7114786605975933
0.03315455875182838,0.7117190199348026
0.03315455875182838,0.7117490648519537
0.03315455875182838,0.7118391996034071
0.03315455875182838,0.7118842669791338
0.03315455875182838,0.7120645364820406
0.03315455875182838,0.7120945813991918
0.03315455875182838,0.7121997386092208
0.03315455875182838,0.7122297835263719
0.03315455875182838,0.7122448059849475
0.03323581992523972,0.7122448059849475
0.03323581992523972,0.7122898733606742
0.033317081098651065,0.7122898733606742
0.033317081098651065,0.7123499631949765
0.03339834227206241,0.7123499631949765
0.03339834227206241,0.7127405471179413
0.03339834227206241,0.7127705920350924
0.03339834227206241,0.7127856144936681
0.03339834227206241,0.7128156594108191
0.03339834227206241,0.7130560187480283
0.03339834227206241,0.7130860636651795
0.03339834227206241,0.7131161085823305
0.03339834227206241,0.7131611759580573
0.03339834227206241,0.7132212657923596
0.03339834227206241,0.7132663331680863
0.03339834227206241,0.7133264230023886
0.03339834227206241,0.7133564679195397
0.03339834227206241,0.7133714903781153
0.03339834227206241,0.7134015352952664
0.03339834227206241,0.7134165577538419
0.03339834227206241,0.7134466026709931
0.03339834227206241,0.7138221641353824
0.03339834227206241,0.7138672315111091
0.03339834227206241,0.7138822539696846
0.03339834227206241,0.7139122988868358
0.03339834227206241,0.7139723887211381
0.03339834227206241,0.7140324785554404
0.03339834227206241,0.7146033319813121
0.03339834227206241,0.7146333768984632
0.03339834227206241,0.7146483993570387
0.03339834227206241,0.714708489191341
0.03339834227206241,0.7148286688599457
0.03339834227206241,0.7148587137770968
0.03339834227206241,0.714918803611399
0.03347960344547375,0.714918803611399
0.03347960344547375,0.7149338260699746
0.0335608646188851,0.7149338260699746
0.0335608646188851,0.7151591629486082
0.0335608646188851,0.7151892078657593
0.0335608646188851,0.715444589661544
0.03364212579229644,0.715444589661544
0.03364212579229644,0.7155647693301486
0.03364212579229644,0.7156248591644508
0.03364212579229644,0.7156398816230264
0.03364212579229644,0.7156699265401776
0.03364212579229644,0.7156999714573287
0.03364212579229644,0.7157450388330554
0.03364212579229644,0.7157901062087821
0.03364212579229644,0.7158201511259332
0.03364212579229644,0.7161957125903226
0.03364212579229644,0.7162257575074736
0.03364212579229644,0.7163910045518049
0.033723386965707786,0.7163910045518049
0.033723386965707786,0.7167515435576186
0.033723386965707786,0.7167966109333453
0.033723386965707786,0.7169167906019499
0.033804648139119126,0.7169167906019499
0.033804648139119126,0.7169919028948277
0.033804648139119126,0.7170219478119789
0.033804648139119126,0.7172773296077636
0.033804648139119126,0.7173073745249148
0.033804648139119126,0.7173374194420659
0.033804648139119126,0.7173824868177926
0.033804648139119126,0.7176679135307285
0.033804648139119126,0.7176979584478795
0.033804648139119126,0.7178331605750597
0.033804648139119126,0.7178782279507864
0.033804648139119126,0.7179833851608154
0.033804648139119126,0.7180134300779666
0.033804648139119126,0.7181185872879956
0.033804648139119126,0.7181486322051467
0.033804648139119126,0.7185542385866871
0.03388590931253047,0.7185542385866871
0.03388590931253047,0.7186143284209894
0.03388590931253047,0.7186443733381406
0.03388590931253047,0.7187194856310184
0.03396717048594182,0.7187194856310184
0.03396717048594182,0.7189598449682275
0.03396717048594182,0.7189898898853786
0.03396717048594182,0.7190499797196809
0.03404843165935316,0.7190499797196809
0.03404843165935316,0.7190800246368321
0.03404843165935316,0.7191100695539832
0.03404843165935316,0.7191701593882854
0.03404843165935316,0.7192002043054366
0.03404843165935316,0.7192152267640122
0.03404843165935316,0.7192602941397389
0.034129692832764506,0.7192602941397389
0.034129692832764506,0.7193053615154656
0.034129692832764506,0.7193354064326167
0.034129692832764506,0.7194105187254947
0.034129692832764506,0.7194706085597969
0.034129692832764506,0.719500653476948
0.034129692832764506,0.7195306983940992
0.034129692832764506,0.719605810686977
0.034129692832764506,0.7196358556041281
0.034129692832764506,0.7197860801898839
0.034210954006175846,0.7197860801898839
0.034210954006175846,0.7198762149413372
0.034210954006175846,0.7199363047756396
0.034210954006175846,0.7199663496927907
0.03429221517958719,0.7199663496927907
0.03429221517958719,0.7199963946099419
0.03429221517958719,0.7201616416542731
0.03429221517958719,0.7201916865714243
0.03429221517958719,0.7202968437814533
0.03429221517958719,0.7203268886986044
0.03429221517958719,0.7204020009914822
0.03429221517958719,0.720447068367209
0.03429221517958719,0.7204620908257845
0.03437347635299854,0.7204620908257845
0.03437347635299854,0.7204921357429357
0.03437347635299854,0.7205372031186624
0.03437347635299854,0.7210930340859585
0.03445473752640988,0.7210930340859585
0.03445473752640988,0.7213333934231676
0.03445473752640988,0.7213634383403188
0.03445473752640988,0.7215286853846501
0.03453599869982123,0.7215286853846501
0.03453599869982123,0.7216037976775279
0.03453599869982123,0.7216638875118302
0.03453599869982123,0.7220694938933706
0.03453599869982123,0.7220995388105217
0.03453599869982123,0.7221446061862484
0.03453599869982123,0.7221896735619752
0.03453599869982123,0.7222798083134285
0.03453599869982123,0.7223398981477308
0.03453599869982123,0.7224300328991843
0.03461725987323257,0.7224300328991843
0.03461725987323257,0.7225051451920621
0.03461725987323257,0.7225351901092133
0.03461725987323257,0.7225652350263644
0.03461725987323257,0.7225952799435156
0.03461725987323257,0.7226253248606667
0.03461725987323257,0.7226703922363934
0.03461725987323257,0.7228206168221492
0.034698521046643914,0.7228206168221492
0.034698521046643914,0.7229257740321781
0.034698521046643914,0.7229858638664803
0.034698521046643914,0.7230609761593583
0.034698521046643914,0.7230910210765094
0.034698521046643914,0.7231961782865384
0.03477978222005526,0.7231961782865384
0.03477978222005526,0.7232262232036896
0.03477978222005526,0.7232412456622651
0.03477978222005526,0.7232712905794162
0.03477978222005526,0.7233163579551429
0.03477978222005526,0.7233464028722941
0.03477978222005526,0.7234816049994742
0.03477978222005526,0.723526672375201
0.03477978222005526,0.7236618745023811
0.0348610433934666,0.7236618745023811
0.0348610433934666,0.7237820541709856
0.0348610433934666,0.7238120990881368
0.0348610433934666,0.7242627728454039
0.0348610433934666,0.724292817762555
0.03494230456687795,0.724292817762555
0.03494230456687795,0.7244881097240374
0.03494230456687795,0.7245481995583397
0.03494230456687795,0.7245632220169153
0.03494230456687795,0.7245932669340664
0.03494230456687795,0.7248336262712756
0.03494230456687795,0.7248937161055778
0.035104826913700635,0.7248937161055778
0.035104826913700635,0.7249688283984557
0.035104826913700635,0.7249988733156069
0.035104826913700635,0.7250739856084847
0.035104826913700635,0.7251040305256359
0.035104826913700635,0.7251641203599382
0.035104826913700635,0.7251941652770892
0.035104826913700635,0.7252692775699671
0.035186088087111975,0.7252692775699671
0.035186088087111975,0.7253744347799961
0.03526734926052332,0.7253744347799961
0.03526734926052332,0.7256448390343564
0.03534861043393467,0.7256448390343564
0.03534861043393467,0.7257349737858098
0.03534861043393467,0.725765018702961
0.03534861043393467,0.7257800411615365
0.03542987160734601,0.725795063620112
0.03542987160734601,0.7258100860786877
0.03542987160734601,0.7258551534544143
0.03542987160734601,0.7259603106644433
0.035511132780757355,0.7259603106644433
0.035511132780757355,0.7260354229573212
0.035511132780757355,0.7260654678744723
0.035511132780757355,0.7261856475430769
0.035511132780757355,0.7262457373773792
0.035511132780757355,0.726531164090315
0.035511132780757355,0.7265612090074661
0.035511132780757355,0.7267114335932219
0.035511132780757355,0.726741478510373
0.035511132780757355,0.7267865458860997
0.035511132780757355,0.726846635720402
0.035511132780757355,0.7269217480132798
0.035511132780757355,0.7269818378475822
0.035511132780757355,0.7270269052233088
0.035511132780757355,0.7270719725990356
0.035511132780757355,0.7272973094776691
0.035511132780757355,0.7273273543948202
0.035511132780757355,0.7274625565220004
0.035592393954168695,0.7274625565220004
0.035592393954168695,0.7276278035663317
0.03567365512758004,0.7276278035663317
0.03567365512758004,0.7277479832349363
0.03567365512758004,0.7277930506106629
0.03567365512758004,0.7278230955278141
0.03575491630099139,0.7278230955278141
0.03575491630099139,0.7278531404449652
0.03575491630099139,0.7278831853621164
0.03575491630099139,0.7278982078206919
0.03575491630099139,0.7279432751964187
0.03575491630099139,0.7279582976549942
0.03583617747440273,0.7279582976549942
0.03583617747440273,0.72810852224075
0.03583617747440273,0.728138567157901
0.03583617747440273,0.7281986569922033
0.035917438647814076,0.7281986569922033
0.035917438647814076,0.7282587468265056
0.035998699821225416,0.7282587468265056
0.035998699821225416,0.7282887917436568
0.03607996099463676,0.7282887917436568
0.03607996099463676,0.7283038142022323
0.03607996099463676,0.7283338591193835
0.03607996099463676,0.7283639040365346
0.03607996099463676,0.7283939489536858
0.03607996099463676,0.7284840837051392
0.03607996099463676,0.7285441735394415
0.03607996099463676,0.7290699595895864
0.03616122216804811,0.7290699595895864
0.03616122216804811,0.7291150269653132
0.03616122216804811,0.7291450718824642
0.03616122216804811,0.7291600943410399
0.03616122216804811,0.729190139258191
0.03616122216804811,0.7295657007225803
0.03616122216804811,0.7296257905568826
0.03616122216804811,0.7296408130154581
0.03616122216804811,0.7296708579326092
0.03616122216804811,0.7297309477669115
0.03616122216804811,0.7297609926840627
0.03616122216804811,0.7297910376012138
0.03616122216804811,0.7298511274355161
0.03616122216804811,0.7298811723526673
0.03616122216804811,0.7299863295626963
0.03616122216804811,0.7300313969384229
0.03616122216804811,0.7300614418555741
0.03616122216804811,0.7300914867727252
0.03616122216804811,0.7302417113584809
0.03624248334145945,0.7302417113584809
0.03624248334145945,0.730452025778539
0.0363237445148708,0.730452025778539
0.0363237445148708,0.73048207069569
0.0363237445148708,0.7305421605299923
0.0363237445148708,0.7306172728228701
0.0363237445148708,0.7306623401985969
0.0363237445148708,0.7308426097015037
0.03640500568828214,0.7308426097015037
0.03640500568828214,0.7309627893701083
0.03640500568828214,0.731007856745835
0.03640500568828214,0.7314134631273754
0.036567528035104824,0.7314134631273754
0.036567528035104824,0.7315486652545555
0.036567528035104824,0.7315937326302823
0.036567528035104824,0.731638800006009
0.036567528035104824,0.7316688449231601
0.036567528035104824,0.7317890245917646
0.036567528035104824,0.7318190695089158
0.036567528035104824,0.7319993390118227
0.03664878920851617,0.7319993390118227
0.03664878920851617,0.732059428846125
0.03664878920851617,0.7321345411390028
0.03664878920851617,0.7323148106419096
0.03664878920851617,0.7323448555590608
0.03673005038192752,0.7323448555590608
0.03673005038192752,0.7324950801448165
0.03673005038192752,0.7325401475205432
0.03681131155533886,0.7325401475205432
0.03681131155533886,0.7325852148962699
0.036892572728750204,0.7325852148962699
0.036892572728750204,0.7326453047305722
0.036892572728750204,0.7326753496477233
0.036892572728750204,0.7329006865263569
0.036973833902161544,0.7329006865263569
0.036973833902161544,0.7329307314435081
0.036973833902161544,0.7329607763606591
0.036973833902161544,0.7329757988192348
0.036973833902161544,0.7330358886535371
0.036973833902161544,0.7331110009464149
0.036973833902161544,0.733141045863566
0.036973833902161544,0.7332762479907462
0.03705509507557289,0.7332762479907462
0.03705509507557289,0.7333363378250485
0.03705509507557289,0.7333964276593508
0.03705509507557289,0.7335166073279553
0.03705509507557289,0.733561674703682
0.03705509507557289,0.7336818543722866
0.03713635624898424,0.7336818543722866
0.03713635624898424,0.7337569666651644
0.03713635624898424,0.7337870115823155
0.03713635624898424,0.733877146333769
0.03713635624898424,0.7339071912509201
0.03713635624898424,0.7339522586266468
0.03713635624898424,0.733982303543798
0.03713635624898424,0.7340123484609491
0.037298878595806925,0.7340123484609491
0.037298878595806925,0.7340423933781003
0.037298878595806925,0.7341024832124026
0.037380139769218265,0.7341024832124026
0.037380139769218265,0.7342376853395827
0.037380139769218265,0.7342677302567339
0.037380139769218265,0.7343728874667628
0.03746140094262961,0.7343728874667628
0.03746140094262961,0.734432977301065
0.03746140094262961,0.7344630222182162
0.03754266211604096,0.7344630222182162
0.03754266211604096,0.7345681794282453
0.03754266211604096,0.7345982243453963
0.03754266211604096,0.7347033815554254
0.03754266211604096,0.7347334264725766
0.03754266211604096,0.7351841002298436
0.03754266211604096,0.7352291676055703
0.03754266211604096,0.7352742349812971
0.03754266211604096,0.7353042798984482
0.03754266211604096,0.7353493472741749
0.03754266211604096,0.7353793921913261
0.03754266211604096,0.7355296167770817
0.03754266211604096,0.7355596616942329
0.03754266211604096,0.7360403803686512
0.03754266211604096,0.7360854477443779
0.03754266211604096,0.7361305151201045
0.03754266211604096,0.7361605600372557
0.03754266211604096,0.7362056274129825
0.03754266211604096,0.7362506947887091
0.03754266211604096,0.7363558519987381
0.03754266211604096,0.7363858969158893
0.03754266211604096,0.7364459867501916
0.0376239232894523,0.7364459867501916
0.0376239232894523,0.7365060765844939
0.0376239232894523,0.7365361215016449
0.0376239232894523,0.7365511439602205
0.0376239232894523,0.7365962113359472
0.0376239232894523,0.7366112337945228
0.0376239232894523,0.736641278711674
0.0376239232894523,0.7366563011702495
0.0376239232894523,0.7366863460874007
0.0376239232894523,0.7371370198446677
0.0376239232894523,0.7371820872203945
0.0376239232894523,0.73719710967897
0.037705184462863646,0.73719710967897
0.037705184462863646,0.7372421770546967
0.037786445636274986,0.7372421770546967
0.037786445636274986,0.7372571995132723
0.037786445636274986,0.7372872444304235
0.037786445636274986,0.737407424099028
0.03786770680968633,0.737407424099028
0.03786770680968633,0.7375125813090571
0.03786770680968633,0.7375426262262081
0.03786770680968633,0.7375576486847838
0.03786770680968633,0.7375876936019349
0.03786770680968633,0.7377529406462662
0.03786770680968633,0.7377980080219929
0.03786770680968633,0.737933210149173
0.03794896798309767,0.737933210149173
0.03794896798309767,0.7379632550663242
0.03794896798309767,0.7382336593206844
0.03794896798309767,0.7382637042378356
0.03794896798309767,0.7384139288235912
0.03803022915650902,0.7384139288235912
0.03803022915650902,0.7384289512821668
0.03803022915650902,0.7384890411164691
0.03803022915650902,0.7385341084921958
0.03803022915650902,0.738564153409347
0.03803022915650902,0.7385791758679225
0.03803022915650902,0.7386242432436493
0.03803022915650902,0.7387744678294049
0.03803022915650902,0.7388045127465561
0.03803022915650902,0.7388796250394339
0.03803022915650902,0.7389096699565851
0.03811149032992037,0.7389096699565851
0.03811149032992037,0.7389998047080385
0.03811149032992037,0.7390598945423408
0.03811149032992037,0.7391199843766431
0.038274012676743054,0.7391199843766431
0.038274012676743054,0.7394204335481545
0.03843653502356574,0.7394204335481545
0.03843653502356574,0.739645770426788
0.03843653502356574,0.7397208827196659
0.03843653502356574,0.7399011522225728
0.03843653502356574,0.7399462195982994
0.03843653502356574,0.7399912869740262
0.03843653502356574,0.7400213318911774
0.03843653502356574,0.7401264891012063
0.03843653502356574,0.7401565340183575
0.03843653502356574,0.7402616912283865
0.03843653502356574,0.7402917361455376
0.03843653502356574,0.7404119158141421
0.03843653502356574,0.7405020505655956
0.03843653502356574,0.7405170730241711
0.03843653502356574,0.7405471179413223
0.03843653502356574,0.7405771628584734
0.03843653502356574,0.7406072077756246
0.03843653502356574,0.7406522751513512
0.03843653502356574,0.7406823200685024
0.03843653502356574,0.7407273874442292
0.03843653502356574,0.7407724548199558
0.03843653502356574,0.7408175221956825
0.03843653502356574,0.7408475671128337
0.03843653502356574,0.7411179713671939
0.03843653502356574,0.7411480162843451
0.03843653502356574,0.7412681959529497
0.03843653502356574,0.7412982408701008
0.03843653502356574,0.7413433082458275
0.03843653502356574,0.7413883756215542
0.03843653502356574,0.7414033980801298
0.03843653502356574,0.741433442997281
0.03843653502356574,0.7415085552901588
0.03843653502356574,0.7415536226658855
0.03843653502356574,0.7415836675830366
0.03843653502356574,0.7416587798759144
0.03843653502356574,0.7416888247930656
0.03843653502356574,0.7417338921687924
0.03843653502356574,0.7417639370859435
0.03843653502356574,0.7418540718373969
0.03843653502356574,0.7418991392131237
0.03851779619697709,0.7418991392131237
0.03851779619697709,0.7421995883846351
0.03859905737038843,0.7421995883846351
0.03859905737038843,0.7422446557603617
0.03859905737038843,0.7422747006775129
0.038680318543799774,0.7422747006775129
0.038680318543799774,0.7422897231360884
0.038680318543799774,0.7423197680532396
0.038680318543799774,0.7423648354289663
0.038680318543799774,0.7424850150975709
0.038680318543799774,0.7425451049318732
0.038680318543799774,0.7425751498490243
0.038680318543799774,0.7426051947661755
0.038680318543799774,0.7427854642690823
0.038680318543799774,0.7428605765619601
0.038680318543799774,0.7428755990205357
0.038761579717211114,0.7428755990205357
0.038761579717211114,0.7428906214791112
0.038761579717211114,0.7429206663962624
0.038761579717211114,0.7431309808163205
0.03884284089062246,0.7431309808163205
0.03884284089062246,0.743251160484925
0.03884284089062246,0.7433112503192273
0.03884284089062246,0.7437619240764943
0.0389241020640338,0.7437619240764943
0.0389241020640338,0.7439271711208256
0.0389241020640338,0.7439572160379768
0.0389241020640338,0.7441975753751859
0.0389241020640338,0.7442576652094882
0.0389241020640338,0.7443477999609416
0.0389241020640338,0.744437934712395
0.0389241020640338,0.7444529571709706
0.0389241020640338,0.7444830020881218
0.0389241020640338,0.7445280694638484
0.03900536323744515,0.7445280694638484
0.03900536323744515,0.7446031817567264
0.03900536323744515,0.744648249132453
0.03900536323744515,0.7448886084696621
0.03900536323744515,0.7449486983039644
0.039086624410856495,0.7449486983039644
0.039086624410856495,0.7450538555139934
0.039086624410856495,0.7450839004311446
0.039086624410856495,0.7452341250169002
0.039086624410856495,0.7452641699340514
0.039086624410856495,0.745279192392627
0.039086624410856495,0.7453092373097782
0.039086624410856495,0.7453392822269292
0.039086624410856495,0.7453693271440804
0.039086624410856495,0.7454594618955338
0.039086624410856495,0.745489506812685
0.039086624410856495,0.7455495966469873
0.039086624410856495,0.7455946640227139
0.039086624410856495,0.7456247089398651
0.039086624410856495,0.7456547538570163
0.039086624410856495,0.7457899559841964
0.039167885584267835,0.7457899559841964
0.039167885584267835,0.7458049784427719
0.039167885584267835,0.7458350233599231
0.039167885584267835,0.7461054276142833
0.039167885584267835,0.7461504949900101
0.039167885584267835,0.7461655174485856
0.039167885584267835,0.7461955623657368
0.039167885584267835,0.7463007195757658
0.03924914675767918,0.7463007195757658
0.03924914675767918,0.7463457869514925
0.03924914675767918,0.7463758318686436
0.03924914675767918,0.7465110339958237
0.03924914675767918,0.7465410789129749
0.03924914675767918,0.7466462361230038
0.03924914675767918,0.746676281040155
0.03924914675767918,0.7467363708744573
0.03924914675767918,0.7467664157916084
0.03924914675767918,0.7468565505430619
0.03924914675767918,0.746886595460213
0.03924914675767918,0.747096909880271
0.03933040793109052,0.747096909880271
0.03933040793109052,0.7472321120074511
0.03933040793109052,0.7473522916760557
0.03933040793109052,0.7474424264275091
0.03941166910450187,0.7474424264275091
0.03941166910450187,0.7474574488860847
0.03941166910450187,0.7474874938032359
0.03941166910450187,0.7475926510132649
0.03941166910450187,0.7476677633061427
0.03941166910450187,0.7476827857647182
0.03941166910450187,0.7477128306818694
0.03941166910450187,0.7477578980575961
0.039492930277913216,0.7477578980575961
0.039492930277913216,0.7478179878918984
0.039574191451324556,0.7478179878918984
0.039574191451324556,0.747833010350474
0.039574191451324556,0.7478630552676251
0.039574191451324556,0.7479231451019274
0.039574191451324556,0.7480132798533808
0.039574191451324556,0.7480433247705319
0.039574191451324556,0.7481184370634097
0.039574191451324556,0.7481484819805609
0.039574191451324556,0.7482686616491655
0.039574191451324556,0.7482987065663167
0.0396554526247359,0.7482987065663167
0.0396554526247359,0.7483437739420433
0.0396554526247359,0.7483888413177701
0.0396554526247359,0.7484789760692235
0.0396554526247359,0.7485090209863746
0.0396554526247359,0.7486892904892815
0.0396554526247359,0.7487193354064327
0.0396554526247359,0.7487343578650082
0.03973671379814724,0.7487343578650082
0.03973671379814724,0.7488244926164616
0.03973671379814724,0.7489897396607929
0.03981797497155859,0.7489897396607929
0.03981797497155859,0.7491249417879731
0.03981797497155859,0.7491549867051241
0.03981797497155859,0.7492000540808509
0.039899236144969936,0.7492000540808509
0.039899236144969936,0.7492451214565776
0.039980497318381276,0.7492451214565776
0.039980497318381276,0.7492901888323042
0.039980497318381276,0.7493502786666065
0.039980497318381276,0.7493803235837577
0.039980497318381276,0.7494253909594845
0.039980497318381276,0.7494554358766355
0.039980497318381276,0.7495906380038158
0.04014301966520396,0.7495906380038158
0.04014301966520396,0.7496206829209668
0.04014301966520396,0.7499211320924782
0.04030554201202665,0.7499211320924782
0.04030554201202665,0.7499962443853561
0.04030554201202665,0.7500262893025073
0.04030554201202665,0.7500413117610828
0.040386803185438,0.7500413117610828
0.040386803185438,0.7500563342196583
0.040386803185438,0.7500863791368095
0.040468064358849344,0.7500863791368095
0.040468064358849344,0.7502215812639896
0.040468064358849344,0.7502516261811408
0.040468064358849344,0.7503567833911698
0.040468064358849344,0.7503868283083209
0.040468064358849344,0.7504018507668965
0.040468064358849344,0.75049198551835
0.040468064358849344,0.750522030435501
0.040468064358849344,0.7505520753526522
0.040468064358849344,0.7506722550212568
0.040468064358849344,0.7507323448555591
0.040468064358849344,0.7507473673141346
0.040549325532260684,0.7507473673141346
0.040549325532260684,0.7507623897727101
0.040549325532260684,0.7507924346898613
0.040549325532260684,0.7509126143584659
0.040549325532260684,0.7509426592756171
0.040549325532260684,0.7510027491099194
0.040549325532260684,0.7510327940270705
0.040549325532260684,0.7510928838613727
0.040549325532260684,0.7511379512370995
0.040549325532260684,0.7512731533642796
0.04063058670567203,0.7512731533642796
0.04063058670567203,0.7513031982814308
0.04063058670567203,0.751363288115733
0.04063058670567203,0.7514083554914597
0.04063058670567203,0.7514384004086109
0.04063058670567203,0.7514534228671864
0.04063058670567203,0.7514984902429132
0.04063058670567203,0.7516487148286689
0.04079310905249472,0.7516487148286689
0.04079310905249472,0.7517088046629712
0.04079310905249472,0.7517388495801223
0.04079310905249472,0.7518289843315757
0.04079310905249472,0.7518590292487268
0.04079310905249472,0.7519191190830291
0.040874370225906065,0.7519191190830291
0.040874370225906065,0.7519341415416047
0.040874370225906065,0.7519641864587558
0.040874370225906065,0.7519942313759069
0.040874370225906065,0.7520242762930581
0.040874370225906065,0.7520392987516337
0.040955631399317405,0.7520392987516337
0.040955631399317405,0.7522345907131162
0.04103689257272875,0.7522345907131162
0.04103689257272875,0.7522946805474184
0.04119941491955144,0.7522946805474184
0.04119941491955144,0.752309703005994
0.04119941491955144,0.7523397479231451
0.04119941491955144,0.7524449051331741
0.041280676092962786,0.7524449051331741
0.041280676092962786,0.7524599275917496
0.041280676092962786,0.7525049949674764
0.041280676092962786,0.7525801072603542
0.041280676092962786,0.7526101521775054
0.041280676092962786,0.7526552195532321
0.041280676092962786,0.7526852644703832
0.041280676092962786,0.7528204665975634
0.041280676092962786,0.7528505115147145
0.041280676092962786,0.7529256238075923
0.041280676092962786,0.7529556687247435
0.041280676092962786,0.7530007361004702
0.041280676092962786,0.7530608259347725
0.041280676092962786,0.7532711403548304
0.041361937266374126,0.7532711403548304
0.041361937266374126,0.7536316793606441
0.041361937266374126,0.7536917691949464
0.041361937266374126,0.7537218141120976
0.04144319843978547,0.7537218141120976
0.04144319843978547,0.7538570162392777
0.04144319843978547,0.7538870611564289
0.04144319843978547,0.7539922183664578
0.04144319843978547,0.7540372857421845
0.04144319843978547,0.754127420493638
0.04152445961319681,0.754127420493638
0.04152445961319681,0.7542926675379693
0.04152445961319681,0.7543227124551204
0.04152445961319681,0.7543978247479982
0.04160572078660816,0.7543978247479982
0.04160572078660816,0.7545330268751784
0.04160572078660816,0.7545630717923295
0.04160572078660816,0.7549386332567188
0.04160572078660816,0.7549686781738699
0.04160572078660816,0.7550137455495967
0.041768243133430846,0.7550137455495967
0.041768243133430846,0.7550738353838989
0.04184950430684219,0.7550738353838989
0.04184950430684219,0.7551940150525035
0.04184950430684219,0.7552240599696546
0.04184950430684219,0.7552991722625325
0.04184950430684219,0.7553292171796836
0.04184950430684219,0.7553442396382593
0.04184950430684219,0.7553742845554103
0.04184950430684219,0.7555545540583172
0.04184950430684219,0.7555845989754684
0.04184950430684219,0.7556597112683462
0.04184950430684219,0.7557047786440729
0.04184950430684219,0.7558700256884041
0.04184950430684219,0.7559000706055553
0.04193076548025353,0.7559000706055553
0.04193076548025353,0.7559301155227064
0.04193076548025353,0.7560502951913111
0.04193076548025353,0.7560803401084621
0.04193076548025353,0.75615545240134
0.04193076548025353,0.7561854973184912
0.04193076548025353,0.7565159914071536
0.04201202665366488,0.7565159914071536
0.04201202665366488,0.7565460363243048
0.04209328782707622,0.7565460363243048
0.04209328782707622,0.7566812384514849
0.04209328782707622,0.7567413282857872
0.04209328782707622,0.7567713732029384
0.04209328782707622,0.7568164405786652
0.04209328782707622,0.7568464854958162
0.04217454900048757,0.7568464854958162
0.04217454900048757,0.756891552871543
0.04217454900048757,0.7569215977886941
0.04217454900048757,0.7569816876229963
0.04217454900048757,0.7570117325401475
0.042337071347310254,0.7570117325401475
0.042337071347310254,0.7570718223744498
0.042337071347310254,0.7571018672916009
0.042337071347310254,0.7571920020430544
0.042337071347310254,0.7572220469602055
0.042337071347310254,0.7572821367945078
0.0424183325207216,0.7572821367945078
0.0424183325207216,0.7573272041702345
0.0424183325207216,0.7573572490873857
0.0424183325207216,0.7574023164631124
0.0424183325207216,0.7574323613802635
0.0424183325207216,0.7576276533417459
0.04249959369413294,0.7576276533417459
0.04249959369413294,0.7576426758003215
0.04249959369413294,0.7576727207174726
0.04249959369413294,0.7576877431760481
0.04249959369413294,0.7577177880931993
0.04249959369413294,0.7577778779275016
0.04249959369413294,0.7579281025132574
0.04249959369413294,0.7579581474304085
0.04249959369413294,0.757973169888984
0.04249959369413294,0.7580032148061352
0.04249959369413294,0.7581684618504665
0.04258085486754429,0.7581684618504665
0.04258085486754429,0.7581985067676176
0.04258085486754429,0.7582435741433443
0.04258085486754429,0.7583787762705244
0.04258085486754429,0.7584088211876756
0.04258085486754429,0.7585740682320069
0.04258085486754429,0.758604113149158
0.04258085486754429,0.7586642029834603
0.042662116040955635,0.7586642029834603
0.042662116040955635,0.758814427569216
0.042662116040955635,0.7588594949449426
0.042743377214366975,0.7588594949449426
0.042743377214366975,0.7590998542821518
0.042743377214366975,0.759159944116454
0.042743377214366975,0.7592050114921808
0.042743377214366975,0.7592500788679075
0.042743377214366975,0.7593101687022098
0.042743377214366975,0.7594453708293899
0.042743377214366975,0.7594754157465411
0.042743377214366975,0.7595204831222678
0.042743377214366975,0.7595655504979945
0.042743377214366975,0.759865999669506
0.042743377214366975,0.7599561344209593
0.042743377214366975,0.7599861793381105
0.042743377214366975,0.7600162242552616
0.042743377214366975,0.7600612916309883
0.042743377214366975,0.7602265386753196
0.042743377214366975,0.7602716060510463
0.042743377214366975,0.7603467183439242
0.042743377214366975,0.7603767632610753
0.042743377214366975,0.7603917857196508
0.042743377214366975,0.7604368530953776
0.04282463838777832,0.7604368530953776
0.04282463838777832,0.7604668980125288
0.04282463838777832,0.7604969429296798
0.04290589956118966,0.7604969429296798
0.04290589956118966,0.7606922348911623
0.04290589956118966,0.7607222798083134
0.04290589956118966,0.7608725043940692
0.04290589956118966,0.7609025493112203
0.04290589956118966,0.7610227289798248
0.04290589956118966,0.7610677963555516
0.04290589956118966,0.7612029984827317
0.04290589956118966,0.7612330433998828
0.04290589956118966,0.761473402737092
0.04290589956118966,0.761503447654243
0.04290589956118966,0.7616686946985743
0.04298716073460101,0.7616686946985743
0.04298716073460101,0.7617888743671789
0.04298716073460101,0.7618189192843301
0.04306842190801235,0.7618189192843301
0.04306842190801235,0.7618790091186324
0.04306842190801235,0.7619691438700857
0.04331220542824638,0.7619691438700857
0.04331220542824638,0.7620442561629637
0.04331220542824638,0.7620743010801148
0.04331220542824638,0.7621644358315682
0.04347472777506907,0.7621644358315682
0.04347472777506907,0.762239548124446
0.04347472777506907,0.7622695930415971
0.04347472777506907,0.7622846155001728
0.043555988948480416,0.7622846155001728
0.043555988948480416,0.7623447053344751
0.043555988948480416,0.7623747502516262
0.043555988948480416,0.7626301320474109
0.043555988948480416,0.7626902218817132
0.043555988948480416,0.7627953790917421
0.043555988948480416,0.7628254240088933
0.043555988948480416,0.7630357384289512
0.043555988948480416,0.763080805804678
0.04363725012189176,0.763080805804678
0.04363725012189176,0.7631258731804047
0.04363725012189176,0.7631559180975559
0.04363725012189176,0.763185963014707
0.04363725012189176,0.7632460528490093
0.04363725012189176,0.763291120224736
0.0437185112953031,0.763291120224736
0.0437185112953031,0.7633211651418871
0.0437185112953031,0.7634263223519161
0.0437185112953031,0.7634563672690673
0.0437185112953031,0.7634713897276428
0.0437185112953031,0.7635164571033696
0.0437185112953031,0.7636366367719741
0.0437185112953031,0.7636817041477008
0.04379977246871445,0.7636817041477008
0.04379977246871445,0.7637267715234275
0.04379977246871445,0.7637568164405787
0.04379977246871445,0.7637868613577298
0.04388103364212579,0.7637868613577298
0.04388103364212579,0.7638319287334565
0.04396229481553714,0.7638319287334565
0.04396229481553714,0.763846951192032
0.04396229481553714,0.7638920185677588
0.044043555988948484,0.7638920185677588
0.044043555988948484,0.7639671308606366
0.044043555988948484,0.7640121982363633
0.044043555988948484,0.7641173554463924
0.044043555988948484,0.7641474003635434
0.044043555988948484,0.7641924677392702
0.044124817162359824,0.7641924677392702
0.044124817162359824,0.7643276698664504
0.04420607833577117,0.7643276698664504
0.04420607833577117,0.7644178046179038
0.04428733950918251,0.7644178046179038
0.04428733950918251,0.764447849535055
0.04428733950918251,0.7645229618279328
0.04428733950918251,0.7645530067450839
0.04428733950918251,0.7645980741208106
0.04428733950918251,0.7646281190379618
0.04428733950918251,0.7646882088722641
0.04428733950918251,0.7647332762479907
0.04428733950918251,0.764793366082293
0.04428733950918251,0.7648234109994442
0.04428733950918251,0.7649886580437755
0.04436860068259386,0.7649886580437755
0.04436860068259386,0.7650187029609266
0.04436860068259386,0.7650487478780778
0.04436860068259386,0.7651238601709556
0.0444498618560052,0.7651238601709556
0.0444498618560052,0.7653942644253159
0.0444498618560052,0.765424309342467
0.0444498618560052,0.7654693767181937
0.0444498618560052,0.765529466552496
0.0444498618560052,0.7655444890110715
0.0444498618560052,0.7655745339282227
0.0444498618560052,0.765634623762525
0.0444498618560052,0.7656796911382517
0.0444498618560052,0.7658299157240074
0.0444498618560052,0.7658599606411586
0.0444498618560052,0.7658749830997341
0.0444498618560052,0.7659050280168852
0.044531123029416544,0.7659050280168852
0.044531123029416544,0.7659200504754609
0.04469364537623923,0.7659200504754609
0.04477490654965058,0.7659200504754609
0.04477490654965058,0.7659500953926119
0.04485616772306192,0.7659500953926119
0.04485616772306192,0.7661153424369432
0.04485616772306192,0.7661453873540943
0.04485616772306192,0.76616040981267
0.04485616772306192,0.7661904547298211
0.04485616772306192,0.7662956119398501
0.044937428896473265,0.7662956119398501
0.044937428896473265,0.7663557017741524
0.044937428896473265,0.7664007691498791
0.044937428896473265,0.7664909039013325
0.044937428896473265,0.7665209488184836
0.044937428896473265,0.7668063755314195
0.044937428896473265,0.7668364204485706
0.044937428896473265,0.7670166899514774
0.044937428896473265,0.7670467348686286
0.044937428896473265,0.7670767797857797
0.044937428896473265,0.7671218471615064
0.044937428896473265,0.7672270043715355
0.044937428896473265,0.7672570492886865
0.044937428896473265,0.7676025658359247
0.044937428896473265,0.7676776781288026
0.044937428896473265,0.7679180374660117
0.04509995124329595,0.7679180374660117
0.04509995124329595,0.7679631048417384
0.04509995124329595,0.7680081722174651
0.04509995124329595,0.7680532395931918
0.04509995124329595,0.7680832845103429
0.04509995124329595,0.7681283518860696
0.0451812124167073,0.7681283518860696
0.04542499593694133,0.7681283518860696
0.04542499593694133,0.7682785764718254
0.04558751828376402,0.7682785764718254
0.04558751828376402,0.7684438235161567
0.04558751828376402,0.7684738684333078
0.04566877945717536,0.7684738684333078
0.04566877945717536,0.768503913350459
0.04566877945717536,0.7685640031847613
0.04575004063058671,0.7685640031847613
0.04575004063058671,0.7685940481019123
0.04575004063058671,0.7686391154776391
0.04599382415082074,0.7686391154776391
0.04599382415082074,0.7689395646491505
0.04599382415082074,0.7689696095663017
0.04599382415082074,0.7689996544834528
0.04615634649764343,0.7689996544834528
0.04615634649764343,0.7690447218591795
0.04615634649764343,0.7690747667763306
0.04615634649764343,0.7691048116934818
0.04615634649764343,0.7691348566106329
0.04623760767105477,0.7691348566106329
0.04623760767105477,0.769164901527784
0.04623760767105477,0.7692400138206619
0.04623760767105477,0.7693001036549642
0.04623760767105477,0.7693301485721153
0.046318868844466114,0.7693301485721153
0.046318868844466114,0.769375215947842
0.046318868844466114,0.7694052608649932
0.046318868844466114,0.7694653506992954
0.04640013001787746,0.7694653506992954
0.04640013001787746,0.7695254405335977
0.04640013001787746,0.7695554854507489
0.04640013001787746,0.7697207324950801
0.0464813911912888,0.7697207324950801
0.0464813911912888,0.7698409121636847
0.0464813911912888,0.769901001997987
0.0464813911912888,0.770111316418045
0.04664391353811149,0.770111316418045
0.04664391353811149,0.7701413613351962
0.04664391353811149,0.7701714062523473
0.04664391353811149,0.7701864287109228
0.04664391353811149,0.770216473628074
0.04664391353811149,0.7702765634623763
0.046725174711522835,0.7702765634623763
0.046725174711522835,0.7702915859209518
0.04680643588493418,0.7703066083795274
0.04680643588493418,0.7704267880481319
0.04680643588493418,0.7704568329652831
0.04680643588493418,0.7705169227995854
0.04680643588493418,0.7705619901753121
0.04680643588493418,0.7710126639325792
0.04680643588493418,0.7710577313083059
0.04680643588493418,0.7710877762254571
0.04680643588493418,0.7711178211426082
0.04680643588493418,0.7711328436011837
0.04688769705834552,0.7711328436011837
0.04688769705834552,0.7711478660597594
0.04696895823175687,0.7711478660597594
0.04696895823175687,0.771192933435486
0.04696895823175687,0.7713581804798173
0.04705021940516821,0.7713581804798173
0.04705021940516821,0.7713882253969685
0.04705021940516821,0.7714332927726952
0.04705021940516821,0.7714933826069975
0.04705021940516821,0.7715234275241486
0.04705021940516821,0.7715835173584509
0.04705021940516821,0.7716135622756021
0.04705021940516821,0.7717788093199333
0.04705021940516821,0.77182387669566
0.04705021940516821,0.771929033905689
0.04705021940516821,0.7719590788228401
0.04705021940516821,0.7720041461985668
0.047131480578579556,0.7720041461985668
0.047131480578579556,0.7722895729115027
0.047212741751990896,0.7722895729115027
0.047212741751990896,0.772559977165863
0.047212741751990896,0.7725900220830141
0.047212741751990896,0.7726501119173164
0.047212741751990896,0.7726801568344676
0.047212741751990896,0.7726951792930431
0.047212741751990896,0.7727252242101943
0.047212741751990896,0.7727402466687698
0.047212741751990896,0.7727702915859209
0.047212741751990896,0.7727853140444966
0.047212741751990896,0.7728303814202232
0.047212741751990896,0.7728604263373744
0.047212741751990896,0.7728904712545255
0.047212741751990896,0.7730406958402812
0.047212741751990896,0.7730707407574323
0.047212741751990896,0.7732209653431881
0.047212741751990896,0.7732510102603392
0.047212741751990896,0.7732960776360659
0.047212741751990896,0.7733862123875194
0.047212741751990896,0.7734312797632461
0.047212741751990896,0.7734613246803972
0.047212741751990896,0.773746751393333
0.04729400292540224,0.773746751393333
0.04729400292540224,0.7737767963104841
0.04729400292540224,0.7737918187690598
0.04737526409881359,0.7737918187690598
0.04737526409881359,0.7738068412276353
0.04737526409881359,0.7738519086033621
0.04737526409881359,0.7738819535205131
0.04737526409881359,0.7739119984376643
0.04737526409881359,0.7739270208962399
0.047537786445636276,0.7739270208962399
0.047537786445636276,0.7741072903991467
0.047537786445636276,0.7741373353162979
0.047537786445636276,0.774167380233449
0.04770030879245896,0.774167380233449
0.04770030879245896,0.7741824026920245
0.04778156996587031,0.7741824026920245
0.04778156996587031,0.7744528069463849
0.04786283113928165,0.7744528069463849
0.04786283113928165,0.7746781438250184
0.047944092312693,0.7746781438250184
0.047944092312693,0.7747232112007452
0.047944092312693,0.7747532561178962
0.047944092312693,0.7747682785764718
0.047944092312693,0.774798323493623
0.047944092312693,0.7750236603722566
0.047944092312693,0.7750537052894076
0.047944092312693,0.7750687277479832
0.047944092312693,0.7750987726651344
0.047944092312693,0.7752189523337389
0.047944092312693,0.77524899725089
0.047944092312693,0.7756095362567038
0.04802535348610434,0.7756095362567038
0.04802535348610434,0.7758649180524885
0.048187875832927024,0.7758649180524885
0.048187875832927024,0.7760752324725465
0.048187875832927024,0.7761052773896976
0.048187875832927024,0.7761353223068488
0.048187875832927024,0.7761954121411511
0.048187875832927024,0.7762555019754533
0.048187875832927024,0.7764207490197845
0.048187875832927024,0.7764658163955113
0.048187875832927024,0.7768564003184761
0.048187875832927024,0.7768864452356272
0.048187875832927024,0.776931512611354
0.04826913700633837,0.776931512611354
0.04826913700633837,0.7769916024456562
0.04826913700633837,0.7771718719485631
0.04826913700633837,0.7772019168657143
0.04826913700633837,0.7772169393242898
0.04826913700633837,0.7772620067000166
0.04826913700633837,0.7772770291585921
0.04835039817974972,0.7772770291585921
0.04835039817974972,0.7773821863686211
0.04843165935316106,0.7773821863686211
0.04843165935316106,0.7774873435786501
0.048512920526572405,0.7774873435786501
0.048512920526572405,0.7775324109543768
0.048594181699983745,0.7775324109543768
0.048594181699983745,0.7775474334129524
0.048594181699983745,0.7775774783301035
0.048594181699983745,0.7776075232472547
0.048594181699983745,0.7776375681644058
0.048594181699983745,0.7776525906229813
0.048594181699983745,0.7776826355401325
0.048594181699983745,0.7777727702915859
0.04867544287339509,0.7777727702915859
0.04867544287339509,0.7778178376673126
0.04867544287339509,0.7780281520873706
0.04867544287339509,0.7780581970045217
0.04883796522021778,0.7780581970045217
0.048919226393629126,0.7780581970045217
0.048919226393629126,0.7781032643802485
0.048919226393629126,0.7781333092973997
0.048919226393629126,0.7781783766731263
0.048919226393629126,0.7782084215902775
0.049000487567040465,0.7782084215902775
0.049000487567040465,0.7784037135517599
0.049000487567040465,0.778433758468911
0.049000487567040465,0.7784487809274866
0.049000487567040465,0.7784788258446377
0.049000487567040465,0.7785238932203644
0.049000487567040465,0.7785539381375156
0.049000487567040465,0.7785839830546667
0.049000487567040465,0.7786140279718179
0.049000487567040465,0.7789144771433293
0.049000487567040465,0.7789445220604804
0.049000487567040465,0.778959544519056
0.049000487567040465,0.7789895894362071
0.049000487567040465,0.7790046118947827
0.049000487567040465,0.7790496792705094
0.049000487567040465,0.7793951958177475
0.049000487567040465,0.7794552856520498
0.049000487567040465,0.7795003530277765
0.04908174874045181,0.7795003530277765
0.04908174874045181,0.7795454204035033
0.04916300991386316,0.7795454204035033
0.04916300991386316,0.7795604428620788
0.0492442710872745,0.7795604428620788
0.0492442710872745,0.7795904877792299
0.049325532260685846,0.7795904877792299
0.049325532260685846,0.7796806225306834
0.049406793434097186,0.7796806225306834
0.049406793434097186,0.7798458695750147
0.049406793434097186,0.7798909369507414
0.049406793434097186,0.7799209818678925
0.049406793434097186,0.779936004326468
0.049406793434097186,0.7799660492436192
0.049406793434097186,0.7802214310394039
0.049406793434097186,0.7802514759565551
0.049406793434097186,0.7802965433322817
0.049406793434097186,0.7803416107080084
0.049406793434097186,0.7803716556251596
0.049406793434097186,0.7806120149623688
0.04948805460750853,0.7806120149623688
0.04948805460750853,0.780672104796671
0.04956931578091987,0.780672104796671
0.04956931578091987,0.7807321946309733
0.04965057695433122,0.7807321946309733
0.04965057695433122,0.7807772620067001
0.04965057695433122,0.7808073069238511
0.04965057695433122,0.7810777111782115
0.04965057695433122,0.7811077560953625
0.04965057695433122,0.7814232277254496
0.04965057695433122,0.7814532726426007
0.04965057695433122,0.7816936319798098
0.04965057695433122,0.7817386993555365
0.04965057695433122,0.7817837667312633
0.04973183812774257,0.7817837667312633
0.04973183812774257,0.7818138116484143
0.04973183812774257,0.7818438565655655
0.04973183812774257,0.7820091036098968
0.04981309930115391,0.7820091036098968
0.04981309930115391,0.7820391485270479
0.049894360474565254,0.7820391485270479
0.049894360474565254,0.7820691934441991
0.049894360474565254,0.7820992383613502
0.049894360474565254,0.7822945303228326
0.049894360474565254,0.7823245752399838
0.049894360474565254,0.7825799570357684
0.049894360474565254,0.7826250244114952
0.049894360474565254,0.7827902714558265
0.049894360474565254,0.7828203163729776
0.049894360474565254,0.7828503612901287
0.049975621647976594,0.7828503612901287
0.049975621647976594,0.7830306307930356
0.049975621647976594,0.7830606757101868
0.049975621647976594,0.783225922754518
0.049975621647976594,0.7832559676716692
0.049975621647976594,0.7834212147160005
0.049975621647976594,0.7834512596331515
0.049975621647976594,0.7834662820917271
0.05005688282138794,0.7834662820917271
0.05005688282138794,0.7836014842189073
0.05013814399479929,0.7836014842189073
0.05013814399479929,0.7837667312632386
0.05021940516821063,0.7837667312632386
0.05021940516821063,0.783856866014692
0.05021940516821063,0.7839019333904187
0.05021940516821063,0.7839770456832965
0.05021940516821063,0.7840070906004477
0.05021940516821063,0.7840221130590233
0.05021940516821063,0.7840521579761743
0.05021940516821063,0.7840822028933255
0.050300666341621975,0.7840822028933255
0.050300666341621975,0.7841422927276278
0.050381927515033315,0.7841422927276278
0.050381927515033315,0.7842174050205056
0.05046318868844466,0.7842174050205056
0.05046318868844466,0.7842474499376568
0.05046318868844466,0.7842774948548079
0.05046318868844466,0.7843075397719591
0.05054444986185601,0.7843075397719591
0.05054444986185601,0.7844577643577147
0.05054444986185601,0.7845028317334415
0.05054444986185601,0.784517854192017
0.050706972208678695,0.784517854192017
0.050706972208678695,0.7847582135292261
0.050788233382090035,0.7847582135292261
0.050788233382090035,0.7850135953250109
0.050788233382090035,0.785043640242162
0.050788233382090035,0.7850586627007377
0.050788233382090035,0.7850887076178887
0.050788233382090035,0.7851187525350399
0.050788233382090035,0.785148797452191
0.050788233382090035,0.7853741343308246
0.050788233382090035,0.7854192017065513
0.050788233382090035,0.7855243589165802
0.050788233382090035,0.7855544038337314
0.050788233382090035,0.7857046284194872
0.050788233382090035,0.7857346733366383
0.050788233382090035,0.785779740712365
0.05086949455550138,0.785779740712365
0.05086949455550138,0.7857947631709405
0.05086949455550138,0.7858398305466673
0.05095075572891272,0.7858398305466673
0.05095075572891272,0.7858999203809696
0.05095075572891272,0.7859299652981206
0.05095075572891272,0.7860201000495741
0.05095075572891272,0.7860501449667252
0.05103201690232407,0.7860501449667252
0.05103201690232407,0.7860952123424519
0.05103201690232407,0.7863656165968123
0.051113278075735416,0.7863656165968123
0.051113278075735416,0.7863806390553878
0.0512758004225581,0.7863806390553878
0.0512758004225581,0.786410683972539
0.05135706159596944,0.786410683972539
0.05135706159596944,0.7864857962654168
0.05143832276938079,0.7864857962654168
0.05143832276938079,0.786756200519777
0.05143832276938079,0.7867862454369282
0.05143832276938079,0.7870266047741373
0.05143832276938079,0.7870566496912885
0.05143832276938079,0.7871467844427419
0.05143832276938079,0.7871768293598931
0.05143832276938079,0.7871918518184686
0.05151958394279214,0.7871918518184686
0.05151958394279214,0.7874772785314045
0.05151958394279214,0.7875373683657068
0.05151958394279214,0.7875824357414335
0.05151958394279214,0.7877176378686136
0.05151958394279214,0.7877476827857647
0.05151958394279214,0.7877777277029159
0.05151958394279214,0.7878678624543692
0.05151958394279214,0.7879279522886715
0.05160084511620348,0.7879279522886715
0.05160084511620348,0.7879579972058227
0.051682106289614824,0.7879579972058227
0.051682106289614824,0.7879880421229738
0.051763367463026164,0.7879880421229738
0.051763367463026164,0.788018087040125
0.051763367463026164,0.7880481319572761
0.051763367463026164,0.7881082217915784
0.051763367463026164,0.7881382667087296
0.051763367463026164,0.788228401460183
0.051763367463026164,0.7882584463773341
0.051763367463026164,0.7882734688359097
0.051763367463026164,0.7883035137530608
0.051763367463026164,0.7883185362116364
0.051763367463026164,0.7883786260459387
0.051763367463026164,0.7886790752174501
0.051763367463026164,0.7887091201346013
0.051763367463026164,0.7887992548860546
0.05184462863643751,0.7887992548860546
0.05184462863643751,0.7888292998032058
0.05184462863643751,0.7889645019303859
0.05184462863643751,0.7890095693061127
0.05184462863643751,0.7890396142232637
0.05184462863643751,0.7891147265161417
0.05184462863643751,0.7891447714332928
0.05184462863643751,0.789174816350444
0.05184462863643751,0.7892349061847462
0.05184462863643751,0.7892949960190485
0.05192588980984886,0.7892949960190485
0.05192588980984886,0.7893400633947751
0.05192588980984886,0.7900611414064026
0.05192588980984886,0.7900911863235537
0.05192588980984886,0.7901212312407049
0.05192588980984886,0.790151276157856
0.05192588980984886,0.790256433367885
0.05192588980984886,0.7903015007436117
0.05192588980984886,0.7903465681193385
0.05192588980984886,0.7903766130364895
0.05192588980984886,0.7905719049979719
0.05192588980984886,0.7906019499151231
0.05192588980984886,0.7906620397494254
0.052088412156671544,0.7906620397494254
0.052088412156671544,0.7909624889209368
0.052169673330082884,0.7909624889209368
0.052169673330082884,0.790992533838088
0.052169673330082884,0.7910225787552391
0.052169673330082884,0.7910526236723903
0.052169673330082884,0.7911277359652681
0.052169673330082884,0.7911577808824192
0.052169673330082884,0.7914582300539307
0.05233219567690557,0.7914582300539307
0.05241345685031692,0.7914582300539307
0.05241345685031692,0.7915032974296573
0.05241345685031692,0.791548364805384
0.05241345685031692,0.7915934321811108
0.05241345685031692,0.7916384995568375
0.05241345685031692,0.7917436567668664
0.052494718023728265,0.7917436567668664
0.052494718023728265,0.7917586792254421
0.052575979197139605,0.7917586792254421
0.052575979197139605,0.7919990385626512
0.052575979197139605,0.7920441059383779
0.052575979197139605,0.7921342406898313
0.052575979197139605,0.7921642856069825
0.052575979197139605,0.7923746000270404
0.05265724037055095,0.7923746000270404
0.05265724037055095,0.7925698919885228
0.05273850154396229,0.7925698919885228
0.05273850154396229,0.792599936905674
0.05281976271737364,0.792599936905674
0.05281976271737364,0.7926149593642495
0.05281976271737364,0.7926600267399763
0.05281976271737364,0.7926750491985518
0.05281976271737364,0.792705094115703
0.05281976271737364,0.7928703411600343
0.05281976271737364,0.7929003860771854
0.052901023890784986,0.7929003860771854
0.052901023890784986,0.7932909700001503
0.052982285064196326,0.7932909700001503
0.052982285064196326,0.7933059924587258
0.05306354623760767,0.7933059924587258
0.05306354623760767,0.7933510598344525
0.05306354623760767,0.7933811047516036
0.05306354623760767,0.7936064416302372
0.05306354623760767,0.7936665314645395
0.05306354623760767,0.7937266212988418
0.05306354623760767,0.793756666215993
0.05314480741101901,0.793756666215993
0.05314480741101901,0.7938017335917196
0.05314480741101901,0.7938317785088708
0.05314480741101901,0.7939970255532021
0.05322606858443036,0.7939970255532021
0.05322606858443036,0.7940120480117776
0.05322606858443036,0.7940420929289288
0.05322606858443036,0.7942223624318356
0.05330732975784171,0.7942223624318356
0.05330732975784171,0.7943275196418645
0.05330732975784171,0.7943575645590157
0.05330732975784171,0.7943725870175913
0.05330732975784171,0.7944326768518936
0.05330732975784171,0.7944627217690448
0.05330732975784171,0.7944927666861958
0.05330732975784171,0.794522811603347
0.05338859093125305,0.794522811603347
0.05338859093125305,0.7945378340619226
0.05338859093125305,0.7945678789790737
0.05338859093125305,0.7945979238962249
0.05338859093125305,0.794627968813376
0.05338859093125305,0.7946880586476783
0.053469852104664393,0.7946880586476783
0.053469852104664393,0.7947932158577072
0.05355111327807573,0.7947932158577072
0.05355111327807573,0.7948082383162829
0.05355111327807573,0.7948683281505852
0.05363237445148708,0.7948683281505852
0.05363237445148708,0.7949133955263118
0.05363237445148708,0.794943440443463
0.05363237445148708,0.7951837997806721
0.05371363562489842,0.7951837997806721
0.05371363562489842,0.7953190019078522
0.05379489679830977,0.7953190019078522
0.05379489679830977,0.7953490468250034
0.05379489679830977,0.7953790917421545
0.05379489679830977,0.7954391815764568
0.05379489679830977,0.7954842489521835
0.05379489679830977,0.7955293163279102
0.05379489679830977,0.795574383703637
0.05379489679830977,0.7956494959965148
0.05379489679830977,0.7956795409136659
0.05379489679830977,0.7957396307479682
0.05379489679830977,0.7957997205822704
0.05379489679830977,0.7958297654994216
0.05379489679830977,0.7959349227094507
0.05379489679830977,0.7959950125437529
0.05379489679830977,0.7960400799194797
0.05379489679830977,0.7961151922123575
0.05379489679830977,0.7961452371295086
0.05379489679830977,0.7961602595880842
0.053876157971721114,0.7961602595880842
0.053876157971721114,0.796235371880962
0.053957419145132454,0.796235371880962
0.053957419145132454,0.7963255066324154
0.0540386803185438,0.7963255066324154
0.0540386803185438,0.7963855964667177
0.0540386803185438,0.7964156413838689
0.0540386803185438,0.7964607087595956
0.05420120266536649,0.7964607087595956
0.05420120266536649,0.7965808884282002
0.05420120266536649,0.7966109333453513
0.05420120266536649,0.7967010680968047
0.054282463838777835,0.7967010680968047
0.054282463838777835,0.7967311130139558
0.054282463838777835,0.7967761803896826
0.054282463838777835,0.796866315141136
0.054282463838777835,0.7969113825168627
0.054282463838777835,0.7969414274340139
0.054282463838777835,0.7969864948097406
0.054282463838777835,0.7970165397268917
0.054282463838777835,0.7974672134841588
0.05444498618560052,0.7974672134841588
0.05444498618560052,0.797707572821368
0.05444498618560052,0.797737617738519
0.05444498618560052,0.7977526401970947
0.05452624735901186,0.7977526401970947
0.05452624735901186,0.7978577974071237
0.05452624735901186,0.7978878423242748
0.05452624735901186,0.797917887241426
0.05452624735901186,0.7979779770757283
0.05452624735901186,0.7980380669100305
0.05460750853242321,0.7980380669100305
0.05460750853242321,0.7980530893686061
0.05460750853242321,0.7980831342857572
0.054688769705834556,0.7980831342857572
0.054688769705834556,0.7983234936229663
0.054770030879245896,0.7983234936229663
0.054770030879245896,0.798368560998693
0.054770030879245896,0.7984136283744198
0.054770030879245896,0.7986389652530533
0.05493255322606858,0.7986389652530533
0.05493255322606858,0.798789189838809
0.05501381439947993,0.798789189838809
0.05501381439947993,0.7989093695074135
0.05509507557289127,0.7989093695074135
0.05509507557289127,0.7991196839274716
0.05509507557289127,0.7991497288446228
0.05509507557289127,0.799209818678925
0.055176336746302616,0.799209818678925
0.055176336746302616,0.7994652004747097
0.055176336746302616,0.7994952453918608
0.05525759791971396,0.7994952453918608
0.05525759791971396,0.7997656496462211
0.0553388590931253,0.7997656496462211
0.0553388590931253,0.8002163234034882
0.05542012026653665,0.8002163234034882
0.05542012026653665,0.8003365030720928
0.05550138143994799,0.8003365030720928
0.05550138143994799,0.8004266378235462
0.05550138143994799,0.8004566827406974
0.05550138143994799,0.8005468174921507
0.05558264261335934,0.8005468174921507
0.05558264261335934,0.8005618399507264
0.05558264261335934,0.8005918848678775
0.05558264261335934,0.8006519747021797
0.055663903786770684,0.8006519747021797
0.055663903786770684,0.8007571319122088
0.055663903786770684,0.8007871768293598
0.055663903786770684,0.8008923340393889
0.055663903786770684,0.8009223789565401
0.055663903786770684,0.8009374014151156
0.055663903786770684,0.8009674463322667
0.055663903786770684,0.8010726035422957
0.055745164960182024,0.8010726035422957
0.055745164960182024,0.8015833671338651
0.05582642613359337,0.8015833671338651
0.05582642613359337,0.8017185692610452
0.05582642613359337,0.8017486141781964
0.05582642613359337,0.8017786590953475
0.05582642613359337,0.8018087040124987
0.05582642613359337,0.8019138612225277
0.05590768730700471,0.8019138612225277
0.05590768730700471,0.8019889735154055
0.05598894848041606,0.8019889735154055
0.05598894848041606,0.8020190184325566
0.05598894848041606,0.8020490633497078
0.05598894848041606,0.8021091531840101
0.05598894848041606,0.8021391981011612
0.05598894848041606,0.8021992879354635
0.05598894848041606,0.8022293328526147
0.05598894848041606,0.8023194676040681
0.0560702096538274,0.8023194676040681
0.0560702096538274,0.8026048943170039
0.056151470827238745,0.8026048943170039
0.056151470827238745,0.8026349392341551
0.05623273200065009,0.8026349392341551
0.05623273200065009,0.8026800066098818
0.05623273200065009,0.8027250739856084
0.05623273200065009,0.8027701413613352
0.05623273200065009,0.8028001862784864
0.05623273200065009,0.8028602761127887
0.05631399317406143,0.8028602761127887
0.05631399317406143,0.8029053434885153
0.05639525434747278,0.8029053434885153
0.05639525434747278,0.802950410864242
0.05647651552088412,0.802950410864242
0.05647651552088412,0.8031156579085733
0.056557776694295465,0.8031156579085733
0.056557776694295465,0.8031457028257245
0.056557776694295465,0.8031757477428756
0.056557776694295465,0.8032358375771779
0.056557776694295465,0.8032658824943291
0.056557776694295465,0.8033409947872069
0.05663903786770681,0.8033409947872069
0.05663903786770681,0.8033860621629336
0.05663903786770681,0.8034611744558114
0.05672029904111815,0.8034611744558114
0.05672029904111815,0.8034912193729625
0.05672029904111815,0.8035212642901137
0.05672029904111815,0.8036714888758695
0.05672029904111815,0.8037015337930206
0.05672029904111815,0.8037466011687473
0.05672029904111815,0.803791668544474
0.056964082561352186,0.803791668544474
0.056964082561352186,0.8038667808373519
0.056964082561352186,0.8038968257545029
0.056964082561352186,0.8040770952574098
0.05704534373476353,0.8040770952574098
0.05704534373476353,0.804107140174561
0.05712660490817487,0.804107140174561
0.05712660490817487,0.8041522075502877
0.05712660490817487,0.8041822524674388
0.05712660490817487,0.8042423423017411
0.05712660490817487,0.8042723872188923
0.05712660490817487,0.804317454594619
0.05712660490817487,0.8043474995117701
0.05712660490817487,0.8043625219703456
0.05712660490817487,0.8043925668874968
0.05712660490817487,0.8046479486832815
0.05720786608158622,0.8046479486832815
0.05720786608158622,0.8046779936004327
0.05720786608158622,0.8047230609761593
0.05720786608158622,0.8047531058933105
0.05728912725499756,0.8047531058933105
0.05728912725499756,0.8048732855619151
0.05737038842840891,0.8048732855619151
0.05737038842840891,0.8049183529376418
0.05745164960182025,0.8049183529376418
0.05745164960182025,0.8050535550648219
0.05745164960182025,0.8050835999819731
0.05745164960182025,0.8051436898162754
0.057532910775231594,0.8051436898162754
0.057532910775231594,0.8052037796505777
0.057532910775231594,0.8052338245677287
0.057532910775231594,0.8055492961978158
0.057532910775231594,0.8055793411149669
0.057532910775231594,0.805714543242147
0.057532910775231594,0.8057445881592982
0.057532910775231594,0.8058347229107515
0.05761417194864294,0.8058347229107515
0.05761417194864294,0.8059999699550828
0.05761417194864294,0.8060600597893851
0.05761417194864294,0.8061051271651118
0.05761417194864294,0.8061351720822629
0.05761417194864294,0.8062253068337164
0.05761417194864294,0.8062553517508676
0.05761417194864294,0.8063154415851699
0.05777669429546563,0.8063154415851699
0.05777669429546563,0.8063755314194722
0.05777669429546563,0.8064356212537744
0.05777669429546563,0.8065858458395301
0.05777669429546563,0.8066609581324079
0.05777669429546563,0.8067060255081346
0.05785795546887697,0.8067060255081346
0.05785795546887697,0.8067210479667102
0.057939216642288315,0.8067210479667102
0.057939216642288315,0.807006474679646
0.05802047781569966,0.807006474679646
0.05802047781569966,0.8070966094310995
0.05802047781569966,0.8071266543482506
0.05802047781569966,0.8072468340168552
0.05802047781569966,0.8072768789340063
0.05802047781569966,0.8074120810611864
0.058101738989111,0.8074120810611864
0.058101738989111,0.807427103519762
0.058101738989111,0.8074721708954887
0.058101738989111,0.8075773281055177
0.058101738989111,0.80763741793982
0.058101738989111,0.8077575976084246
0.058101738989111,0.8078176874427269
0.05818300016252235,0.8078176874427269
0.05818300016252235,0.8078927997356047
0.05818300016252235,0.8079228446527559
0.05818300016252235,0.8080129794042092
0.05818300016252235,0.808058046779936
0.05818300016252235,0.8080730692385115
0.05818300016252235,0.8081031141556627
0.05818300016252235,0.8081331590728139
0.05818300016252235,0.8081932489071162
0.05818300016252235,0.8082984061171451
0.058345522509345035,0.8082984061171451
0.058345522509345035,0.8083134285757207
0.05842678368275638,0.8083134285757207
0.05842678368275638,0.8083434734928718
0.05842678368275638,0.8084035633271741
0.05850804485616772,0.8084035633271741
0.05850804485616772,0.8084636531614764
0.05850804485616772,0.8084786756200519
0.05850804485616772,0.8085087205372031
0.05850804485616772,0.8087040124986855
0.05858930602957907,0.8087040124986855
0.05858930602957907,0.808794147250139
0.05867056720299041,0.808794147250139
0.05867056720299041,0.8088392146258657
0.058751828376401756,0.8088392146258657
0.058751828376401756,0.8088842820015923
0.058751828376401756,0.8089143269187435
0.058751828376401756,0.8091246413388015
0.058751828376401756,0.8091546862559527
0.058751828376401756,0.8092898883831328
0.058833089549813096,0.8092898883831328
0.058833089549813096,0.8093349557588595
0.05891435072322444,0.8093349557588595
0.05891435072322444,0.8094701578860396
0.05891435072322444,0.8095002028031908
0.05891435072322444,0.8095903375546442
0.05907687307004713,0.8095903375546442
0.05907687307004713,0.8097405621403999
0.05907687307004713,0.809770607057551
0.05907687307004713,0.8098156744332777
0.05915813424345848,0.8098156744332777
0.05915813424345848,0.8098457193504289
0.05915813424345848,0.8099358541018823
0.05923939541686982,0.8099358541018823
0.05923939541686982,0.8101011011462136
0.05923939541686982,0.8101311460633648
0.05923939541686982,0.8104766626106028
0.05923939541686982,0.8105217299863295
0.05923939541686982,0.8105367524449051
0.059320656590281164,0.8105367524449051
0.059320656590281164,0.8107921342406899
0.059320656590281164,0.8108221791578409
0.059320656590281164,0.8108672465335677
0.059320656590281164,0.8108972914507189
0.059320656590281164,0.81092733636787
0.059320656590281164,0.8109423588264455
0.059320656590281164,0.8110024486607478
0.059320656590281164,0.811032493577899
0.059320656590281164,0.8110775609536257
0.059320656590281164,0.8110925834122013
0.059320656590281164,0.811137650787928
0.059320656590281164,0.8111827181636546
0.059320656590281164,0.8112127630808058
0.059320656590281164,0.8112728529151081
0.059320656590281164,0.8113028978322592
0.059320656590281164,0.8114531224180149
0.05940191776369251,0.8114531224180149
0.05940191776369251,0.8115582796280439
0.05940191776369251,0.811588324545195
0.05940191776369251,0.8116033470037707
0.05940191776369251,0.8116484143794973
0.05940191776369251,0.811663436838073
0.05940191776369251,0.811693481755224
0.05940191776369251,0.8117836165066775
0.05940191776369251,0.8118136614238286
0.05940191776369251,0.8119488635510087
0.05948317893710385,0.8119488635510087
0.05948317893710385,0.8120239758438866
0.05948317893710385,0.8120540207610377
0.05948317893710385,0.81211411059534
0.0595644401105152,0.81211411059534
0.0595644401105152,0.8122342902639446
0.0595644401105152,0.8122793576396713
0.0595644401105152,0.8123394474739736
0.0595644401105152,0.8123694923911248
0.0595644401105152,0.8124145597668514
0.0595644401105152,0.8126549191040606
0.05964570128392654,0.8126549191040606
0.05964570128392654,0.8126849640212117
0.05964570128392654,0.8127150089383629
0.05964570128392654,0.8129403458169964
0.059726962457337884,0.8129403458169964
0.059726962457337884,0.8130905704027521
0.059726962457337884,0.8131356377784789
0.059726962457337884,0.8132107500713567
0.05980822363074923,0.8132107500713567
0.05980822363074923,0.8132257725299322
0.05980822363074923,0.8132558174470834
0.05980822363074923,0.8132858623642345
0.05988948480416057,0.8132858623642345
0.05988948480416057,0.8133459521985368
0.05988948480416057,0.8134060420328391
0.05997074597757192,0.8134060420328391
0.05997074597757192,0.8135712890771704
0.06005200715098326,0.8135712890771704
0.06005200715098326,0.8136313789114726
0.06005200715098326,0.813826670872955
0.06005200715098326,0.8138567157901062
0.06005200715098326,0.8138717382486818
0.06005200715098326,0.813901783165833
0.06005200715098326,0.8139919179172863
0.06005200715098326,0.8140219628344375
0.06005200715098326,0.8140970751273153
0.06005200715098326,0.8141271200444665
0.06005200715098326,0.8144125467574023
0.060133268324394605,0.8144125467574023
0.060133268324394605,0.8144876590502802
0.060214529497805945,0.8144876590502802
0.060214529497805945,0.8145026815088557
0.060214529497805945,0.8145327264260068
0.06029579067121729,0.8145327264260068
0.06029579067121729,0.8145477488845825
0.06029579067121729,0.8146078387188848
0.06029579067121729,0.8146529060946115
0.06045831301803998,0.8146529060946115
0.06045831301803998,0.8146829510117626
0.06045831301803998,0.8147129959289138
0.060539574191451326,0.8147129959289138
0.060539574191451326,0.8148331755975183
0.060620835364862666,0.8148331755975183
0.060620835364862666,0.8148632205146694
0.060620835364862666,0.8149082878903962
0.060620835364862666,0.8150134451004252
0.060620835364862666,0.8150434900175763
0.060620835364862666,0.8151035798518785
0.060620835364862666,0.8151336247690297
0.060620835364862666,0.8151636696861808
0.06070209653827401,0.8151636696861808
0.06070209653827401,0.8152237595204831
0.06078335771168536,0.8152237595204831
0.06078335771168536,0.8152538044376343
0.06078335771168536,0.8153289167305121
0.06078335771168536,0.8153589616476633
0.0608646188850967,0.8153589616476633
0.0608646188850967,0.8153890065648144
0.0608646188850967,0.8154490963991167
0.0608646188850967,0.8155392311505701
0.0608646188850967,0.8155842985262968
0.0608646188850967,0.8155993209848724
0.06110840240533073,0.8155993209848724
0.06110840240533073,0.8157495455706281
0.06110840240533073,0.8157795904877793
0.06110840240533073,0.8158997701563838
0.06118966357874208,0.8158997701563838
0.06118966357874208,0.8160199498249884
0.06118966357874208,0.8160650172007151
0.06118966357874208,0.8162603091621975
0.06118966357874208,0.8162903540793486
0.06118966357874208,0.8163053765379242
0.06143344709897611,0.8163053765379242
0.06143344709897611,0.8163654663722265
0.061595969445798794,0.8163654663722265
0.061595969445798794,0.8165457358751333
0.061595969445798794,0.8165757807922844
0.06175849179262149,0.8165757807922844
0.06175849179262149,0.816801117670918
0.06175849179262149,0.8168311625880692
0.06175849179262149,0.8169363197980981
0.06183975296603283,0.8169363197980981
0.06183975296603283,0.8170414770081271
0.06183975296603283,0.8171015668424294
0.06183975296603283,0.8172367689696096
0.06183975296603283,0.8172668138867607
0.06183975296603283,0.8176123304339988
0.061921014139444175,0.8176123304339988
0.061921014139444175,0.8179428245226614
0.062002275312855515,0.8179428245226614
0.062002275312855515,0.817957846981237
0.06208353648626686,0.817957846981237
0.06208353648626686,0.8180179368155392
0.06216479765967821,0.8180179368155392
0.06216479765967821,0.8180479817326903
0.06224605883308955,0.8180479817326903
0.06224605883308955,0.8180930491084171
0.06224605883308955,0.8181230940255683
0.06224605883308955,0.8181681614012949
0.06224605883308955,0.8181982063184461
0.06224605883308955,0.8184986554899575
0.062327320006500896,0.8184986554899575
0.062327320006500896,0.818513677948533
0.062408581179912236,0.818513677948533
0.062408581179912236,0.8187540372857421
0.06257110352673492,0.8187540372857421
0.06257110352673492,0.8188141271200444
0.06265236470014628,0.8188141271200444
0.06265236470014628,0.8188591944957712
0.06273362587355762,0.8188591944957712
0.06273362587355762,0.8189042618714979
0.06273362587355762,0.8189493292472246
0.06273362587355762,0.8189943966229513
0.06281488704696896,0.8189943966229513
0.06281488704696896,0.8190695089158292
0.0628961482203803,0.8190695089158292
0.0628961482203803,0.8194150254630673
0.0628961482203803,0.8194450703802184
0.0628961482203803,0.819565250048823
0.06297740939379165,0.819565250048823
0.06297740939379165,0.8196103174245497
0.06297740939379165,0.8196403623417008
0.06297740939379165,0.8197004521760031
0.06297740939379165,0.8197605420103055
0.06297740939379165,0.8200459687232412
0.06297740939379165,0.8200760136403924
0.06297740939379165,0.8201811708504214
0.06305867056720299,0.8201811708504214
0.06305867056720299,0.8203764628119038
0.06305867056720299,0.8204215301876305
0.06305867056720299,0.8204665975633573
0.06313993174061433,0.8204665975633573
0.06313993174061433,0.8205116649390839
0.06322119291402568,0.8205116649390839
0.06322119291402568,0.8205417098562351
0.06322119291402568,0.8205867772319618
0.06322119291402568,0.8206168221491129
0.06322119291402568,0.8206468670662641
0.06330245408743702,0.8206468670662641
0.06330245408743702,0.8207069569005664
0.06330245408743702,0.8207370018177175
0.06330245408743702,0.8207970916520198
0.06338371526084836,0.8207970916520198
0.06338371526084836,0.820857181486322
0.0634649764342597,0.820857181486322
0.0634649764342597,0.8208872264034732
0.0634649764342597,0.8209322937791999
0.06354623760767106,0.8209322937791999
0.06354623760767106,0.8209473162377755
0.0636274987810824,0.8209473162377755
0.0636274987810824,0.8212177204921357
0.06370875995449374,0.8212177204921357
0.06370875995449374,0.8212327429507114
0.06370875995449374,0.8212928327850136
0.06370875995449374,0.8213679450778915
0.06370875995449374,0.8214280349121937
0.06370875995449374,0.8215331921222228
0.06370875995449374,0.8215632370393738
0.06370875995449374,0.821698439166554
0.06379002112790509,0.821698439166554
0.06379002112790509,0.8217435065422807
0.06387128230131643,0.8217435065422807
0.06403380464813913,0.8217435065422807
0.06403380464813913,0.8218486637523097
0.06403380464813913,0.8218787086694609
0.06403380464813913,0.8218937311280364
0.06411506582155047,0.8218937311280364
0.06411506582155047,0.8219538209623387
0.0641963269949618,0.8219538209623387
0.0641963269949618,0.8220740006309433
0.06427758816837315,0.8220740006309433
0.06427758816837315,0.8220890230895188
0.06427758816837315,0.8221491129238211
0.06427758816837315,0.8221941802995478
0.0643588493417845,0.8221941802995478
0.0643588493417845,0.8222692925924256
0.0643588493417845,0.8222993375095768
0.0643588493417845,0.8223444048853036
0.06452137168860718,0.8223444048853036
0.06452137168860718,0.8224946294710592
0.06452137168860718,0.8225246743882104
0.06452137168860718,0.822569741763937
0.06452137168860718,0.8225997866810882
0.06452137168860718,0.8227950786425706
0.06460263286201853,0.8227950786425706
0.06460263286201853,0.8229152583111752
0.06476515520884121,0.8229152583111752
0.06476515520884121,0.8229453032283264
0.06484641638225255,0.8229453032283264
0.06484641638225255,0.8229753481454775
0.0649276775556639,0.8229753481454775
0.0649276775556639,0.8230053930626287
0.0649276775556639,0.8230354379797797
0.0649276775556639,0.823200685024111
0.06500893872907525,0.823200685024111
0.06500893872907525,0.8232307299412622
0.06500893872907525,0.8232457523998378
0.06500893872907525,0.8232757973169889
0.06500893872907525,0.8233959769855934
0.06500893872907525,0.8234260219027446
0.06500893872907525,0.8235762464885004
0.06509019990248659,0.8235762464885004
0.06509019990248659,0.8236062914056514
0.06517146107589794,0.8236062914056514
0.06517146107589794,0.8236513587813782
0.06517146107589794,0.8237114486156805
0.06517146107589794,0.8238015833671338
0.06525272224930928,0.8238015833671338
0.06525272224930928,0.8238917181185873
0.06533398342272062,0.8238917181185873
0.06533398342272062,0.8240569651629186
0.06541524459613197,0.8240569651629186
0.06541524459613197,0.8242823020415522
0.06541524459613197,0.8243123469587033
0.06541524459613197,0.8244926164616101
0.06549650576954331,0.8244926164616101
0.06549650576954331,0.8246879084230925
0.06549650576954331,0.8247179533402437
0.06549650576954331,0.8247630207159704
0.06549650576954331,0.8247930656331215
0.06549650576954331,0.8248381330088482
0.06549650576954331,0.8248681779259994
0.06549650576954331,0.824988357594604
0.06549650576954331,0.8250184025117551
0.06557776694295465,0.8250184025117551
0.06557776694295465,0.8250334249703306
0.06557776694295465,0.8250784923460573
0.06557776694295465,0.8250935148046329
0.06557776694295465,0.8251235597217841
0.06557776694295465,0.8252437393903886
0.065659028116366,0.8252437393903886
0.065659028116366,0.8252888067661154
0.06574028928977735,0.8252888067661154
0.06574028928977735,0.8253488966004177
0.06590281163660003,0.8253488966004177
0.06598407281001138,0.8253488966004177
0.06598407281001138,0.8255291661033245
0.06606533398342272,0.8255291661033245
0.06606533398342272,0.825649345771929
0.06606533398342272,0.8256944131476558
0.06606533398342272,0.8257995703576847
0.06606533398342272,0.8258296152748359
0.06606533398342272,0.8258746826505626
0.0662278563302454,0.8258746826505626
0.0662278563302454,0.8259047275677137
0.0662278563302454,0.8259347724848649
0.0662278563302454,0.8261150419877717
0.06630911750365676,0.8261150419877717
0.06630911750365676,0.8261901542806496
0.0663903786770681,0.8261901542806496
0.0663903786770681,0.8262652665735274
0.06647163985047944,0.8262652665735274
0.06647163985047944,0.8263253564078297
0.06647163985047944,0.8263554013249809
0.06647163985047944,0.8264004687007076
0.06655290102389079,0.8264004687007076
0.06655290102389079,0.8265056259107365
0.06663416219730213,0.8265056259107365
0.06663416219730213,0.8265807382036144
0.06671542337071347,0.8265807382036144
0.06671542337071347,0.8266558504964923
0.06679668454412482,0.8266708729550678
0.06679668454412482,0.826700917872219
0.06679668454412482,0.8267309627893701
0.06679668454412482,0.8268511424579746
0.06687794571753616,0.8268511424579746
0.06687794571753616,0.8268811873751258
0.06704046806435884,0.8268962098337014
0.0671217292377702,0.8268962098337014
0.0671217292377702,0.8270013670437304
0.06720299041118154,0.8270013670437304
0.06720299041118154,0.8270614568780327
0.06728425158459288,0.8270614568780327
0.06728425158459288,0.8271365691709105
0.06736551275800423,0.8271365691709105
0.06736551275800423,0.8271816365466372
0.06744677393141557,0.8271966590052128
0.06744677393141557,0.8272116814637883
0.06752803510482691,0.8272116814637883
0.06752803510482691,0.8273769285081196
0.06760929627823825,0.8273769285081196
0.06760929627823825,0.8275571980110265
0.06760929627823825,0.8275872429281776
0.06760929627823825,0.82778253488966
0.0676905574516496,0.82778253488966
0.0676905574516496,0.8278125798068112
0.0676905574516496,0.8278426247239623
0.0676905574516496,0.827887692099689
0.0676905574516496,0.8279177370168401
0.06777181862506095,0.8279177370168401
0.06777181862506095,0.8280679616025959
0.06785307979847228,0.8280679616025959
0.06785307979847228,0.8281731188126249
0.06785307979847228,0.828203163729776
0.06793434097188364,0.828203163729776
0.06793434097188364,0.8282181861883516
0.06793434097188364,0.8282482311055027
0.06793434097188364,0.8283233433983805
0.06793434097188364,0.8283533883155317
0.06793434097188364,0.8284885904427118
0.06801560214529498,0.8284885904427118
0.06801560214529498,0.8285486802770141
0.06809686331870632,0.8285486802770141
0.06809686331870632,0.8285787251941653
0.06809686331870632,0.8286237925698919
0.06809686331870632,0.8286538374870431
0.06809686331870632,0.8286688599456187
0.06809686331870632,0.8286989048627699
0.06809686331870632,0.828728949779921
0.06817812449211767,0.828728949779921
0.06817812449211767,0.8290143764928568
0.06825938566552901,0.8290143764928568
0.06825938566552901,0.8291796235371881
0.06825938566552901,0.8292847807472171
0.06825938566552901,0.8294350053329728
0.06825938566552901,0.829465050250124
0.06825938566552901,0.8295251400844262
0.06834064683894035,0.8295251400844262
0.06834064683894035,0.8295401625430018
0.06842190801235169,0.8295401625430018
0.06842190801235169,0.8296002523773041
0.06850316918576305,0.8296002523773041
0.06850316918576305,0.8299607913831177
0.06850316918576305,0.8299908363002689
0.06850316918576305,0.8301861282617513
0.06850316918576305,0.8302161731789025
0.06850316918576305,0.8303513753060826
0.06858443035917439,0.8303513753060826
0.06858443035917439,0.8304264875989604
0.06858443035917439,0.8304565325161116
0.06858443035917439,0.8305166223504139
0.06858443035917439,0.8305616897261405
0.06858443035917439,0.8305917346432917
0.06858443035917439,0.8306368020190185
0.06858443035917439,0.8306968918533207
0.06866569153258573,0.8306968918533207
0.06866569153258573,0.8307419592290475
0.06874695270599708,0.8307419592290475
0.06874695270599708,0.830756981687623
0.06890947505281976,0.830756981687623
0.06890947505281976,0.8308170715219253
0.0689907362262311,0.8308170715219253
0.0689907362262311,0.8308771613562276
0.0689907362262311,0.8309072062733787
0.0689907362262311,0.8310273859419832
0.06907199739964245,0.8310273859419832
0.06907199739964245,0.8310574308591344
0.06907199739964245,0.8311024982348612
0.06907199739964245,0.8311325431520122
0.06907199739964245,0.8311625880691634
0.06907199739964245,0.8311926329863145
0.06907199739964245,0.831282767737768
0.0691532585730538,0.831282767737768
0.0691532585730538,0.8313128126549191
0.06923451974646513,0.8313128126549191
0.06923451974646513,0.8314480147820993
0.06931578091987649,0.8314480147820993
0.06931578091987649,0.8315681944507038
0.06931578091987649,0.8315982393678549
0.06931578091987649,0.8316433067435817
0.06931578091987649,0.8316733516607328
0.06931578091987649,0.831703396577884
0.06931578091987649,0.8317484639536107
0.06931578091987649,0.8320639355836976
0.06939704209328783,0.8320639355836976
0.06939704209328783,0.8321841152523022
0.06939704209328783,0.8322141601694534
0.06939704209328783,0.8323493622966335
0.06947830326669917,0.8323493622966335
0.06947830326669917,0.832364384755209
0.06955956444011052,0.832364384755209
0.06955956444011052,0.8323794072137846
0.06955956444011052,0.8324094521309358
0.06955956444011052,0.8324545195066625
0.06955956444011052,0.8325446542581159
0.06964082561352186,0.8325446542581159
0.06964082561352186,0.8326197665509938
0.0697220867869332,0.8326197665509938
0.0697220867869332,0.8326798563852961
0.0697220867869332,0.8327099013024472
0.0697220867869332,0.8328751483467784
0.0697220867869332,0.8329051932639295
0.0697220867869332,0.8329502606396563
0.06980334796034454,0.8329502606396563
0.06980334796034454,0.8330103504739585
0.0698846091337559,0.8330103504739585
0.0698846091337559,0.8330253729325341
0.0698846091337559,0.8330554178496853
0.0698846091337559,0.8331605750597143
0.0698846091337559,0.8331906199768654
0.0698846091337559,0.8332507098111677
0.0698846091337559,0.8332657322697433
0.0698846091337559,0.8332957771868944
0.0698846091337559,0.8333708894797722
0.06996587030716724,0.8333708894797722
0.06996587030716724,0.8333859119383479
0.06996587030716724,0.833415956855499
0.06996587030716724,0.8334460017726502
0.07012839265398993,0.8334460017726502
0.07012839265398993,0.833521114065528
0.07020965382740127,0.833521114065528
0.07020965382740127,0.8335511589826791
0.07020965382740127,0.8335812038998303
0.07020965382740127,0.8336863611098593
0.07029091500081261,0.8336863611098593
0.07029091500081261,0.8337164060270104
0.07037217617422395,0.8337164060270104
0.07037217617422395,0.8337464509441616
0.07037217617422395,0.8337764958613126
0.07037217617422395,0.8338215632370394
0.0704534373476353,0.8338365856956149
0.0704534373476353,0.8339116979884929
0.0704534373476353,0.8339567653642195
0.0704534373476353,0.834076945032824
0.07053469852104664,0.834076945032824
0.07053469852104664,0.8341069899499752
0.07053469852104664,0.8341370348671263
0.07053469852104664,0.834182102242853
0.07053469852104664,0.8342271696185798
0.07053469852104664,0.8342872594528821
0.07053469852104664,0.8343173043700332
0.07053469852104664,0.8343773942043354
0.07061595969445798,0.8343773942043354
0.07061595969445798,0.8344675289557889
0.07061595969445798,0.83449757387294
0.07061595969445798,0.8345125963315156
0.07069722086786934,0.8345125963315156
0.07069722086786934,0.8345877086243935
0.07077848204128068,0.8345877086243935
0.07077848204128068,0.834602731082969
0.07085974321469202,0.834602731082969
0.07085974321469202,0.8346778433758469
0.07085974321469202,0.8347379332101492
0.07085974321469202,0.8347679781273003
0.07085974321469202,0.8347830005858758
0.07094100438810337,0.8347830005858758
0.07094100438810337,0.8348430904201781
0.07094100438810337,0.8349031802544804
0.07094100438810337,0.835023359923085
0.07094100438810337,0.8350534048402362
0.07094100438810337,0.8351886069674163
0.07102226556151471,0.8351886069674163
0.07102226556151471,0.8352637192602942
0.07102226556151471,0.8353087866360208
0.07102226556151471,0.8353538540117476
0.07110352673492605,0.8353538540117476
0.07110352673492605,0.8355341235146544
0.07110352673492605,0.8355791908903811
0.07110352673492605,0.8357444379347124
0.07110352673492605,0.8358195502275902
0.07110352673492605,0.8358345726861658
0.07110352673492605,0.8358796400618925
0.07110352673492605,0.8361500443162528
0.07118478790833739,0.8361500443162528
0.07118478790833739,0.8361800892334039
0.07126604908174874,0.8361800892334039
0.07126604908174874,0.8362101341505551
0.07126604908174874,0.8362552015262817
0.07126604908174874,0.836390403653462
0.07134731025516008,0.836390403653462
0.07134731025516008,0.8364655159463398
0.07134731025516008,0.836495560863491
0.07134731025516008,0.8366157405320955
0.07142857142857142,0.8366157405320955
0.07142857142857142,0.8367058752835489
0.07142857142857142,0.8367509426592756
0.07142857142857142,0.8367809875764267
0.07150983260198278,0.8367809875764267
0.07150983260198278,0.8369161897036069
0.07159109377539412,0.8369161897036069
0.07159109377539412,0.8370363693722115
0.07159109377539412,0.8370814367479381
0.07159109377539412,0.8374569982123274
0.07167235494880546,0.8374569982123274
0.07167235494880546,0.8374870431294785
0.0717536161222168,0.8374870431294785
0.0717536161222168,0.8376072227980831
0.07183487729562815,0.8376072227980831
0.07183487729562815,0.8377123800081121
0.07191613846903949,0.8377123800081121
0.07191613846903949,0.8377424249252633
0.07191613846903949,0.83778749230099
0.07199739964245083,0.83778749230099
0.07199739964245083,0.8378175372181411
0.07207866081586219,0.8378175372181411
0.07207866081586219,0.837997806721048
0.07215992198927353,0.837997806721048
0.07215992198927353,0.8380128291796235
0.07215992198927353,0.8380578965553502
0.07215992198927353,0.8381780762239548
0.07232244433609622,0.8381780762239548
0.07232244433609622,0.838208121141106
0.07232244433609622,0.8384484804783151
0.07240370550950756,0.8384484804783151
0.07240370550950756,0.8384785253954662
0.0724849666829189,0.8384785253954662
0.0724849666829189,0.8385386152297685
0.0724849666829189,0.8385836826054952
0.0724849666829189,0.838733907191251
0.07256622785633024,0.838733907191251
0.07256622785633024,0.8387789745669776
0.07256622785633024,0.8388090194841288
0.07256622785633024,0.8389291991527333
0.07256622785633024,0.8389892889870356
0.07256622785633024,0.8390343563627624
0.07272875020315293,0.8390343563627624
0.07272875020315293,0.8390644012799134
0.07272875020315293,0.8392146258656692
0.07272875020315293,0.8392446707828203
0.07272875020315293,0.8395751648714829
0.07281001137656427,0.8395751648714829
0.07281001137656427,0.8396803220815119
0.07289127254997563,0.8396803220815119
0.07289127254997563,0.8397854792915409
0.07297253372338697,0.8397854792915409
0.07297253372338697,0.8399507263358721
0.07305379489679831,0.8399507263358721
0.07305379489679831,0.8400108161701744
0.07313505607020965,0.8400108161701744
0.07313505607020965,0.84002583862875
0.07313505607020965,0.8400558835459011
0.07313505607020965,0.8401009509216278
0.07313505607020965,0.8401309958387789
0.073216317243621,0.8401309958387789
0.073216317243621,0.8401910856730812
0.07329757841703234,0.8401910856730812
0.07329757841703234,0.8402061081316569
0.07337883959044368,0.8402061081316569
0.07337883959044368,0.8402661979659591
0.07337883959044368,0.8402962428831102
0.07337883959044368,0.840341310258837
0.07346010076385504,0.840341310258837
0.07346010076385504,0.8404614899274415
0.07354136193726638,0.8404765123860171
0.07354136193726638,0.8405065573031683
0.07362262311067772,0.8405065573031683
0.07362262311067772,0.8405966920546216
0.07370388428408907,0.8405966920546216
0.07370388428408907,0.8407018492646506
0.07378514545750041,0.8407018492646506
0.07378514545750041,0.8408070064746797
0.07386640663091175,0.8408070064746797
0.07386640663091175,0.8409271861432842
0.07394766780432309,0.8409271861432842
0.07394766780432309,0.8409422086018598
0.07411019015114578,0.8409422086018598
0.07411019015114578,0.8409872759775865
0.07411019015114578,0.8410173208947377
0.07411019015114578,0.84107741072904
0.07419145132455712,0.84107741072904
0.07443523484479116,0.84107741072904
0.07443523484479116,0.8410924331876155
0.07443523484479116,0.8411224781047666
0.07443523484479116,0.8412276353147956
0.07443523484479116,0.8412576802319468
0.07443523484479116,0.8412877251490979
0.0745164960182025,0.8412877251490979
0.0745164960182025,0.8413027476076734
0.0745164960182025,0.8413327925248246
0.0745164960182025,0.8413628374419757
0.0745164960182025,0.8413928823591269
0.0745164960182025,0.8414529721934292
0.07459775719161385,0.8414529721934292
0.07459775719161385,0.8416482641549116
0.07459775719161385,0.8416783090720628
0.07467901836502519,0.8416783090720628
0.07467901836502519,0.8417083539892138
0.07476027953843653,0.8417083539892138
0.07476027953843653,0.8417534213649406
0.07476027953843653,0.8418135111992429
0.07484154071184788,0.8418135111992429
0.07484154071184788,0.8418285336578184
0.07492280188525922,0.8418285336578184
0.07492280188525922,0.8418886234921207
0.07500406305867056,0.8418886234921207
0.07500406305867056,0.8419036459506963
0.07500406305867056,0.8419637357849986
0.07500406305867056,0.8419787582435742
0.07516658540549326,0.8419787582435742
0.07516658540549326,0.8420388480778764
0.07516658540549326,0.8420688929950275
0.07516658540549326,0.8420839154536032
0.07516658540549326,0.8421139603707543
0.07516658540549326,0.8423242747908123
0.07516658540549326,0.8423543197079634
0.0752478465789046,0.8423543197079634
0.0752478465789046,0.8423993870836901
0.0752478465789046,0.8424594769179924
0.07532910775231594,0.8424594769179924
0.07532910775231594,0.8425045442937191
0.07532910775231594,0.8425496116694459
0.07532910775231594,0.8426547688794748
0.07532910775231594,0.842684813796626
0.07541036892572729,0.842684813796626
0.07541036892572729,0.8428200159238061
0.07541036892572729,0.8428650832995328
0.07541036892572729,0.8430904201781664
0.07557289127254997,0.8430904201781664
0.07557289127254997,0.8431805549296197
0.07557289127254997,0.8432256223053465
0.07557289127254997,0.843240644763922
0.07557289127254997,0.8432706896810732
0.07557289127254997,0.8433007345982243
0.07557289127254997,0.8433307795153755
0.07557289127254997,0.8435410939354335
0.07565415244596133,0.8435410939354335
0.07565415244596133,0.8435561163940091
0.07565415244596133,0.8435861613111602
0.07565415244596133,0.8436011837697358
0.07573541361937267,0.8436011837697358
0.07573541361937267,0.8436462511454624
0.075816674792784,0.8436462511454624
0.075816674792784,0.843766430814067
0.07589793596619535,0.843766430814067
0.07589793596619535,0.8437964757312182
0.07606045831301804,0.8437964757312182
0.07606045831301804,0.8438265206483693
0.07614171948642938,0.8438265206483693
0.07614171948642938,0.8438565655655205
0.07614171948642938,0.8438866104826716
0.07614171948642938,0.8440668799855784
0.07622298065984073,0.8440668799855784
0.07622298065984073,0.8441269698198807
0.07630424183325207,0.8441269698198807
0.07630424183325207,0.8441570147370319
0.07630424183325207,0.8441870596541831
0.07630424183325207,0.8442771944056364
0.07638550300666341,0.8442771944056364
0.07638550300666341,0.844397374074241
0.07638550300666341,0.8444274189913922
0.07646676418007477,0.8444274189913922
0.07646676418007477,0.8445325762014211
0.07654802535348611,0.8445325762014211
0.07654802535348611,0.8445926660357234
0.07654802535348611,0.8446227109528746
0.07654802535348611,0.8448480478315081
0.07671054770030879,0.8448480478315081
0.07671054770030879,0.8449081376658104
0.07679180887372014,0.8449081376658104
0.07679180887372014,0.8449532050415371
0.07695433122054282,0.8449532050415371
0.07695433122054282,0.8451785419201706
0.07703559239395417,0.8451785419201706
0.07703559239395417,0.8452085868373218
0.07703559239395417,0.8453437889645019
0.07711685356736551,0.8453437889645019
0.07711685356736551,0.8454339237159554
0.07711685356736551,0.8454639686331065
0.07711685356736551,0.8454789910916821
0.07711685356736551,0.8455090360088332
0.07711685356736551,0.8455541033845599
0.07711685356736551,0.845584148301711
0.07711685356736551,0.8458395300974958
0.07719811474077685,0.8458395300974958
0.07719811474077685,0.8458545525560713
0.0772793759141882,0.8458545525560713
0.0772793759141882,0.8459897546832514
0.07736063708759955,0.8459897546832514
0.07736063708759955,0.8460197996004026
0.07736063708759955,0.8460949118932805
0.07736063708759955,0.846109934351856
0.07744189826101089,0.846109934351856
0.07744189826101089,0.8461850466447339
0.07752315943442223,0.8461850466447339
0.07752315943442223,0.8462601589376118
0.07768568178124492,0.8462601589376118
0.07768568178124492,0.8463052263133385
0.07768568178124492,0.8463502936890651
0.07768568178124492,0.8463803386062163
0.07768568178124492,0.8463953610647919
0.07776694295465626,0.8463953610647919
0.07776694295465626,0.8464103835233674
0.07776694295465626,0.8464554508990941
0.07776694295465626,0.8465155407333964
0.07776694295465626,0.8465455856505476
0.0778482041280676,0.8465455856505476
0.0778482041280676,0.8465606081091231
0.07792946530147896,0.8465606081091231
0.07792946530147896,0.8466206979434254
0.07792946530147896,0.8466507428605765
0.07792946530147896,0.8466807877777277
0.07792946530147896,0.8467108326948788
0.07792946530147896,0.8467258551534544
0.07792946530147896,0.8467709225291812
0.07792946530147896,0.8468009674463323
0.07792946530147896,0.8468159899049078
0.07792946530147896,0.8468610572806345
0.07792946530147896,0.8468911021977857
0.0780107264748903,0.8468911021977857
0.0780107264748903,0.8469361695735124
0.0780107264748903,0.8469662144906636
0.0780107264748903,0.8469962594078146
0.07809198764830164,0.8469962594078146
0.07809198764830164,0.8470413267835414
0.07817324882171299,0.8470413267835414
0.07817324882171299,0.8470563492421169
0.07817324882171299,0.8471164390764192
0.07817324882171299,0.8471915513692971
0.07825450999512433,0.8471915513692971
0.07825450999512433,0.8472366187450238
0.07825450999512433,0.8473417759550528
0.07833577116853567,0.8473417759550528
0.07833577116853567,0.8473868433307795
0.07841703234194702,0.8473868433307795
0.07841703234194702,0.8474018657893551
0.07849829351535836,0.8474018657893551
0.07849829351535836,0.847476978082233
0.0785795546887697,0.847476978082233
0.0785795546887697,0.8475070229993841
0.0785795546887697,0.8475370679165353
0.0785795546887697,0.8477624047951687
0.07866081586218104,0.8477624047951687
0.07866081586218104,0.8478375170880467
0.0787420770355924,0.8478375170880467
0.0787420770355924,0.8478525395466222
0.07890459938241508,0.8478525395466222
0.07890459938241508,0.8478825844637733
0.07890459938241508,0.8479126293809245
0.07890459938241508,0.8479276518395
0.07898586055582643,0.8479276518395
0.07898586055582643,0.8480177865909535
0.07906712172923777,0.8480177865909535
0.07906712172923777,0.8482130785524359
0.07906712172923777,0.8482581459281626
0.07906712172923777,0.8482881908453137
0.07914838290264911,0.8482881908453137
0.07914838290264911,0.8483182357624649
0.07922964407606045,0.8483182357624649
0.07922964407606045,0.848348280679616
0.07922964407606045,0.8484083705139183
0.0793109052494718,0.8484083705139183
0.0793109052494718,0.8485435726410985
0.07947342759629449,0.8485435726410985
0.07947342759629449,0.8486787747682786
0.07955468876970584,0.8486787747682786
0.07955468876970584,0.8487088196854298
0.07955468876970584,0.8487388646025809
0.07955468876970584,0.848874066729761
0.07963594994311718,0.848874066729761
0.07963594994311718,0.8489341565640632
0.07971721111652852,0.8489341565640632
0.07971721111652852,0.8489491790226389
0.07971721111652852,0.84897922393979
0.07971721111652852,0.8490393137740923
0.07979847228993987,0.8490393137740923
0.07979847228993987,0.8490693586912434
0.07987973346335121,0.8490693586912434
0.07987973346335121,0.8494298976970571
0.08004225581017389,0.8494298976970571
0.08004225581017389,0.8494749650727839
0.08012351698358525,0.8494749650727839
0.08012351698358525,0.849505009989935
0.08020477815699659,0.849505009989935
0.08020477815699659,0.849610167199964
0.08028603933040793,0.849610167199964
0.08028603933040793,0.8496251896585395
0.08028603933040793,0.8496702570342662
0.08028603933040793,0.8497453693271441
0.08036730050381928,0.8497453693271441
0.08036730050381928,0.8497603917857196
0.08052982285064196,0.8497603917857196
0.08052982285064196,0.8498355040785975
0.08052982285064196,0.8498655489957486
0.08052982285064196,0.8499106163714754
0.0806110840240533,0.8499106163714754
0.0806110840240533,0.8499707062057776
0.0806110840240533,0.8500007511229288
0.0806110840240533,0.8501059083329577
0.0806110840240533,0.8501359532501089
0.0806110840240533,0.8501810206258357
0.0806110840240533,0.850241110460138
0.08069234519746465,0.850241110460138
0.08069234519746465,0.8505265371730737
0.08069234519746465,0.8506166719245272
0.08069234519746465,0.8507368515931317
0.08069234519746465,0.8507668965102829
0.08069234519746465,0.8508420088031607
0.080773606370876,0.8508420088031607
0.080773606370876,0.8508570312617363
0.08085486754428733,0.8508570312617363
0.08085486754428733,0.8509621884717653
0.08093612871769869,0.8509621884717653
0.08093612871769869,0.851007255847492
0.08093612871769869,0.8510373007646431
0.08093612871769869,0.8511274355160966
0.08093612871769869,0.8511574804332477
0.08101738989111003,0.8511574804332477
0.08101738989111003,0.8511725028918232
0.08101738989111003,0.8512025478089744
0.08101738989111003,0.8512325927261255
0.08101738989111003,0.8512776601018522
0.08109865106452137,0.8512776601018522
0.08109865106452137,0.8514579296047591
0.08117991223793272,0.8514579296047591
0.08117991223793272,0.8515180194390614
0.08126117341134406,0.8515180194390614
0.08126117341134406,0.8517734012348461
0.08126117341134406,0.8518034461519972
0.08126117341134406,0.8519686931963285
0.0813424345847554,0.8519686931963285
0.0813424345847554,0.8520287830306308
0.0813424345847554,0.852058827947782
0.0813424345847554,0.8521038953235086
0.0813424345847554,0.8521339402406598
0.0813424345847554,0.8521790076163865
0.0813424345847554,0.8522090525335376
0.0813424345847554,0.8523142097435666
0.08142369575816674,0.8523142097435666
0.08142369575816674,0.8523442546607177
0.08142369575816674,0.85240434449502
0.0815049569315781,0.85240434449502
0.0815049569315781,0.8524644343293223
0.0815049569315781,0.8524944792464735
0.0815049569315781,0.8525395466222002
0.08158621810498944,0.8525395466222002
0.08158621810498944,0.8525545690807758
0.08174874045181213,0.8525545690807758
0.08183000162522347,0.8525545690807758
0.08183000162522347,0.8525695915393513
0.08183000162522347,0.852614658915078
0.08183000162522347,0.8526597262908048
0.08183000162522347,0.8526897712079559
0.08183000162522347,0.8527498610422581
0.08191126279863481,0.8527498610422581
0.08191126279863481,0.8527648835008338
0.08199252397204615,0.8527648835008338
0.08199252397204615,0.8527949284179849
0.0820737851454575,0.8527949284179849
0.0820737851454575,0.8528550182522872
0.08215504631886884,0.8528550182522872
0.08215504631886884,0.8529601754623162
0.08223630749228018,0.8529601754623162
0.08223630749228018,0.8530503102137695
0.08231756866569154,0.8530503102137695
0.08231756866569154,0.8530803551309207
0.08248009101251422,0.8530803551309207
0.08248009101251422,0.8531104000480718
0.08248009101251422,0.8531554674237986
0.08256135218592557,0.8531554674237986
0.08256135218592557,0.8532756470924031
0.08256135218592557,0.8533056920095543
0.08256135218592557,0.8533357369267054
0.08256135218592557,0.8533657818438566
0.08256135218592557,0.8534108492195833
0.08256135218592557,0.8535460513467634
0.08272387453274825,0.8535460513467634
0.08272387453274825,0.8535911187224902
0.08280513570615959,0.8535911187224902
0.08280513570615959,0.8537563657668213
0.08280513570615959,0.8537864106839725
0.08280513570615959,0.8539065903525771
0.08280513570615959,0.8539366352697283
0.08280513570615959,0.8539666801868794
0.08288639687957094,0.8539666801868794
0.08288639687957094,0.8540718373969084
0.08296765805298228,0.8540718373969084
0.08296765805298228,0.8541018823140595
0.08296765805298228,0.8541469496897862
0.08296765805298228,0.8541769946069374
0.08296765805298228,0.854192017065513
0.08304891922639362,0.854192017065513
0.08304891922639362,0.8543722865684198
0.08304891922639362,0.8544023314855709
0.08304891922639362,0.8544774437784488
0.08313018039980498,0.8544774437784488
0.08313018039980498,0.8545074886955999
0.08321144157321632,0.8545074886955999
0.08321144157321632,0.8546426908227801
0.08329270274662766,0.8546426908227801
0.08329270274662766,0.8550332747457449
0.08329270274662766,0.8550783421214716
0.083373963920039,0.8550783421214716
0.083373963920039,0.8551083870386227
0.083373963920039,0.8551384319557739
0.083373963920039,0.8553637688344075
0.08345522509345035,0.8553637688344075
0.08345522509345035,0.8554388811272853
0.08345522509345035,0.8554689260444365
0.08345522509345035,0.8555740832544654
0.08345522509345035,0.8556041281716166
0.08345522509345035,0.8556191506301921
0.08353648626686169,0.8556191506301921
0.08353648626686169,0.8557243078402211
0.08353648626686169,0.8557543527573722
0.08353648626686169,0.855799420133099
0.08361774744027303,0.855799420133099
0.08361774744027303,0.8558144425916746
0.08369900861368439,0.8558144425916746
0.08369900861368439,0.8559195998017035
0.08378026978709573,0.8559195998017035
0.08378026978709573,0.8559496447188547
0.08386153096050707,0.8559496447188547
0.08386153096050707,0.8559796896360058
0.08394279213391842,0.8559796896360058
0.08394279213391842,0.856009734553157
0.08402405330732976,0.856009734553157
0.08402405330732976,0.8560698243874593
0.08418657565415244,0.8560698243874593
0.08418657565415244,0.8560998693046104
0.08418657565415244,0.8562651163489416
0.08418657565415244,0.8562951612660928
0.08418657565415244,0.8563252061832439
0.08434909800097513,0.8563252061832439
0.08434909800097513,0.8565204981447264
0.08434909800097513,0.856565565520453
0.08434909800097513,0.8565805879790287
0.08443035917438647,0.8565805879790287
0.08443035917438647,0.8566256553547553
0.08451162034779783,0.8566256553547553
0.08451162034779783,0.856640677813331
0.08451162034779783,0.8566707227304821
0.08459288152120917,0.8566707227304821
0.08459288152120917,0.8567157901062088
0.08459288152120917,0.8567608574819355
0.08459288152120917,0.8567909023990866
0.08475540386803185,0.8567909023990866
0.08475540386803185,0.8568960596091156
0.08475540386803185,0.8569261045262667
0.08475540386803185,0.8569561494434179
0.0848366650414432,0.8569561494434179
0.0848366650414432,0.8569711719019935
0.08491792621485454,0.8569711719019935
0.08491792621485454,0.8570613066534469
0.08508044856167724,0.8570613066534469
0.08508044856167724,0.8570763291120225
0.08516170973508858,0.8570763291120225
0.08516170973508858,0.8571364189463248
0.08516170973508858,0.857166463863476
0.08516170973508858,0.8573467333663828
0.08524297090849992,0.8573467333663828
0.08524297090849992,0.8573767782835339
0.08524297090849992,0.8574969579521384
0.08532423208191127,0.8574969579521384
0.08532423208191127,0.8577072723721965
0.08532423208191127,0.8577373172893475
0.08532423208191127,0.8577673622064987
0.08532423208191127,0.8577974071236498
0.08532423208191127,0.8578424744993766
0.08548675442873395,0.8578424744993766
0.08548675442873395,0.8578875418751033
0.08556801560214529,0.8578875418751033
0.08556801560214529,0.8579175867922544
0.08564927677555664,0.8579175867922544
0.08564927677555664,0.8579626541679811
0.08564927677555664,0.8579926990851323
0.08564927677555664,0.8582631033394925
0.08564927677555664,0.8583231931737948
0.08564927677555664,0.8584133279252483
0.08573053794896798,0.8584133279252483
0.08573053794896798,0.8584283503838238
0.08589306029579068,0.8584283503838238
0.08589306029579068,0.858458395300975
0.08589306029579068,0.8586536872624574
0.08605558264261336,0.8586536872624574
0.08605558264261336,0.858879024141091
0.08605558264261336,0.858909069058242
0.08605558264261336,0.8589691588925443
0.0861368438160247,0.85898418135112
0.0861368438160247,0.8590292487268466
0.0861368438160247,0.8590592936439978
0.0861368438160247,0.8591794733126024
0.0861368438160247,0.8592095182297534
0.0861368438160247,0.859329697898358
0.08621810498943605,0.859329697898358
0.08621810498943605,0.8594198326498115
0.08629936616284739,0.8594198326498115
0.08629936616284739,0.8594498775669626
0.08629936616284739,0.8594949449426893
0.08638062733625873,0.8594949449426893
0.08638062733625873,0.859540012318416
0.08638062733625873,0.8595700572355671
0.08638062733625873,0.8596001021527183
0.08646188850967008,0.8596001021527183
0.08646188850967008,0.859645169528445
0.08654314968308142,0.859645169528445
0.08654314968308142,0.8596601919870206
0.08662441085649276,0.8596601919870206
0.08662441085649276,0.8597653491970496
0.08662441085649276,0.8598254390313519
0.08662441085649276,0.859855483948503
0.08662441085649276,0.8598855288656542
0.08662441085649276,0.8599756636171075
0.08670567202990412,0.8599756636171075
0.08670567202990412,0.8600507759099855
0.08678693320331546,0.8600507759099855
0.08678693320331546,0.860065798368561
0.0868681943767268,0.860065798368561
0.0868681943767268,0.8601258882028633
0.08694945555013814,0.8601258882028633
0.08694945555013814,0.8601859780371656
0.08694945555013814,0.8602160229543167
0.08694945555013814,0.8602911352471946
0.08703071672354949,0.8602911352471946
0.08703071672354949,0.8603061577057701
0.08703071672354949,0.8603362026229213
0.08703071672354949,0.8603662475400724
0.08719323907037217,0.8603662475400724
0.08719323907037217,0.8604714047501014
0.08719323907037217,0.8605164721258282
0.08719323907037217,0.8606366517944327
0.08727450024378353,0.8606366517944327
0.08727450024378353,0.8606666967115838
0.0874370225906062,0.8606666967115838
0.0874370225906062,0.8606817191701593
0.0874370225906062,0.8607117640873105
0.0874370225906062,0.8607418090044616
0.0875995449374289,0.8607418090044616
0.0875995449374289,0.8608018988387639
0.08768080611084024,0.8608018988387639
0.08768080611084024,0.8608619886730662
0.08776206728425158,0.8608619886730662
0.08776206728425158,0.8609220785073686
0.08784332845766293,0.8609220785073686
0.08784332845766293,0.8609671458830952
0.08784332845766293,0.8609971908002464
0.08784332845766293,0.8610873255516998
0.08792458963107427,0.8610873255516998
0.08792458963107427,0.861117370468851
0.08792458963107427,0.861147415386002
0.08800585080448561,0.861147415386002
0.08800585080448561,0.8612375501374555
0.08808711197789697,0.8612375501374555
0.08808711197789697,0.8613877747232112
0.08808711197789697,0.8614178196403623
0.08808711197789697,0.8615530217675424
0.08808711197789697,0.8616131116018447
0.08808711197789697,0.8616281340604204
0.08808711197789697,0.8616882238947227
0.08808711197789697,0.8618684933976295
0.08808711197789697,0.8618985383147806
0.08808711197789697,0.8619586281490829
0.08808711197789697,0.8620036955248096
0.08808711197789697,0.8621088527348386
0.08816837315130831,0.8621088527348386
0.08816837315130831,0.8621388976519897
0.08816837315130831,0.862198987486292
0.08824963432471965,0.862198987486292
0.08824963432471965,0.8623492120720477
0.08833089549813099,0.8623492120720477
0.08833089549813099,0.8623942794477745
0.08841215667154234,0.8623942794477745
0.08841215667154234,0.8624543692820767
0.08849341784495368,0.8624543692820767
0.08849341784495368,0.8625294815749546
0.08849341784495368,0.8625595264921057
0.08857467901836502,0.8625595264921057
0.08857467901836502,0.8626045938678324
0.08857467901836502,0.8626346387849836
0.08857467901836502,0.863040245166524
0.08865594019177638,0.863040245166524
0.08865594019177638,0.8631303799179774
0.08865594019177638,0.8631604248351286
0.08865594019177638,0.8631754472937041
0.08873720136518772,0.8631754472937041
0.08873720136518772,0.8632054922108552
0.08881846253859906,0.8632054922108552
0.08881846253859906,0.8632505595865819
0.08881846253859906,0.8633406943380354
0.0888997237120104,0.8633406943380354
0.0888997237120104,0.8634158066309132
0.08898098488542175,0.8634158066309132
0.08898098488542175,0.8635960761338201
0.08906224605883309,0.8635960761338201
0.08906224605883309,0.8638514579296047
0.08906224605883309,0.8638815028467559
0.08906224605883309,0.8639566151396337
0.08906224605883309,0.8640016825153605
0.08906224605883309,0.8640918172668138
0.08906224605883309,0.864121862183965
0.08906224605883309,0.8641519071011162
0.08906224605883309,0.8641819520182673
0.08906224605883309,0.8643772439797497
0.08906224605883309,0.8644072888969009
0.08906224605883309,0.8644523562726276
0.08906224605883309,0.8644824011897787
0.08906224605883309,0.864542491024081
0.08914350723224443,0.8645725359412322
0.08914350723224443,0.8646025808583833
0.08922476840565578,0.8646025808583833
0.08922476840565578,0.8646326257755345
0.08922476840565578,0.8647077380684123
0.08922476840565578,0.8647377829855634
0.08922476840565578,0.8647828503612901
0.08922476840565578,0.8648128952784413
0.08938729075247846,0.8648128952784413
0.08938729075247846,0.8649480974056214
0.08946855192588982,0.8649480974056214
0.08946855192588982,0.8650983219913772
0.0896310742727125,0.8650983219913772
0.0896310742727125,0.8652485465771328
0.08971233544612384,0.8652485465771328
0.08971233544612384,0.8653086364114351
0.08979359661953519,0.8653086364114351
0.08979359661953519,0.8653687262457374
0.08987485779294653,0.8653687262457374
0.08987485779294653,0.8655039283729176
0.08995611896635787,0.8655039283729176
0.08995611896635787,0.8655339732900686
0.08995611896635787,0.8655940631243709
0.08995611896635787,0.8656541529586732
0.08995611896635787,0.8656841978758244
0.08995611896635787,0.8656992203343999
0.09003738013976922,0.8656992203343999
0.09003738013976922,0.8658194000030045
0.09011864131318056,0.8658194000030045
0.09011864131318056,0.86583442246158
0.0901999024865919,0.86583442246158
0.0901999024865919,0.8658945122958823
0.09028116366000324,0.8658945122958823
0.09028116366000324,0.8659696245887601
0.0903624248334146,0.8659696245887601
0.0903624248334146,0.8659846470473358
0.09044368600682594,0.8659846470473358
0.09044368600682594,0.8660146919644869
0.09044368600682594,0.8660447368816381
0.09044368600682594,0.8661348716330914
0.09044368600682594,0.8661649165502426
0.09052494718023728,0.8661649165502426
0.09052494718023728,0.8662099839259694
0.09060620835364863,0.8662099839259694
0.09060620835364863,0.8662250063845449
0.09060620835364863,0.866255051301696
0.09060620835364863,0.8663301635945739
0.09068746952705997,0.8663301635945739
0.09068746952705997,0.866360208511725
0.09068746952705997,0.8664052758874518
0.09068746952705997,0.8664353208046028
0.09068746952705997,0.8665555004732074
0.09076873070047131,0.8665555004732074
0.09076873070047131,0.8665855453903586
0.09076873070047131,0.8666155903075097
0.09076873070047131,0.866675680141812
0.09076873070047131,0.8667357699761143
0.09076873070047131,0.8667507924346899
0.09084999187388267,0.8667507924346899
0.09084999187388267,0.8667958598104166
0.090931253047294,0.8667958598104166
0.090931253047294,0.8668559496447189
0.090931253047294,0.86688599456187
0.090931253047294,0.8669310619375967
0.09101251422070535,0.8669310619375967
0.09101251422070535,0.8669761293133235
0.09109377539411669,0.8669761293133235
0.09109377539411669,0.8670211966890501
0.09117503656752804,0.8670211966890501
0.09117503656752804,0.8670662640647768
0.09117503656752804,0.8672765784848349
0.09125629774093938,0.8672765784848349
0.09125629774093938,0.8674268030705905
0.09125629774093938,0.8674568479877417
0.09125629774093938,0.8676371174906485
0.09125629774093938,0.8676821848663753
0.09133755891435072,0.8676821848663753
0.09133755891435072,0.8678173869935554
0.09141882008776207,0.8678173869935554
0.09141882008776207,0.8679225442035844
0.0916626036079961,0.8679225442035844
0.0916626036079961,0.8679375666621599
0.0916626036079961,0.8679976564964622
0.0916626036079961,0.8680577463307645
0.09174386478140745,0.8680577463307645
0.09174386478140745,0.8681178361650668
0.09174386478140745,0.868147881082218
0.09174386478140745,0.8682680607508225
0.09182512595481879,0.8682680607508225
0.09182512595481879,0.8683131281265491
0.09190638712823013,0.8683131281265491
0.09190638712823013,0.8684333077951537
0.09198764830164148,0.8684333077951537
0.09198764830164148,0.8685534874637583
0.09206890947505282,0.8685534874637583
0.09206890947505282,0.8686436222152117
0.09206890947505282,0.8686886895909385
0.09206890947505282,0.8687487794252408
0.09206890947505282,0.8687788243423918
0.09206890947505282,0.8689290489281476
0.09215017064846416,0.8689290489281476
0.09215017064846416,0.8689440713867231
0.09215017064846416,0.8689741163038743
0.09215017064846416,0.8690342061381766
0.09223143182187551,0.8690342061381766
0.09223143182187551,0.86912434088963
0.09231269299528685,0.86912434088963
0.09231269299528685,0.8691543858067812
0.0923939541686982,0.8691543858067812
0.0923939541686982,0.8691844307239323
0.0923939541686982,0.8691994531825078
0.09247521534210953,0.8692144756410835
0.09247521534210953,0.8692445205582345
0.09247521534210953,0.869439812519717
0.09255647651552089,0.869439812519717
0.09255647651552089,0.8694548349782926
0.09255647651552089,0.8694848798954437
0.09255647651552089,0.8696351044811994
0.09263773768893223,0.8696351044811994
0.09263773768893223,0.869650126939775
0.09271899886234357,0.869650126939775
0.09271899886234357,0.8696651493983505
0.09280026003575492,0.8696651493983505
0.09280026003575492,0.869785329066955
0.09288152120916626,0.869785329066955
0.09288152120916626,0.8698153739841062
0.0929627823825776,0.8698153739841062
0.0929627823825776,0.8698754638184085
0.09304404355598894,0.8698754638184085
0.09304404355598894,0.8699505761112863
0.0931253047294003,0.8699505761112863
0.0931253047294003,0.8699806210284375
0.0931253047294003,0.8700407108627398
0.0931253047294003,0.8700707557798909
0.09320656590281164,0.8700707557798909
0.09320656590281164,0.8701008006970421
0.09320656590281164,0.8701608905313444
0.09336908824963433,0.8701608905313444
0.09336908824963433,0.8701759129899199
0.09345034942304567,0.8701759129899199
0.09345034942304567,0.8704613397028558
0.09353161059645701,0.8704613397028558
0.09353161059645701,0.8704763621614313
0.09361287176986836,0.8704763621614313
0.09361287176986836,0.870521429537158
0.09361287176986836,0.8705514744543091
0.09361287176986836,0.8705664969128848
0.09361287176986836,0.8706115642886115
0.09361287176986836,0.8706265867471871
0.09361287176986836,0.8706566316643382
0.0936941329432797,0.8706566316643382
0.0936941329432797,0.8706866765814893
0.09385665529010238,0.8706866765814893
0.09385665529010238,0.8707016990400649
0.09385665529010238,0.8707317439572161
0.09410043881033642,0.8707317439572161
0.09410043881033642,0.8707467664157916
0.09410043881033642,0.8707768113329427
0.09410043881033642,0.8708218787086695
0.09410043881033642,0.8708819685429717
0.09410043881033642,0.8710171706701518
0.09418169998374777,0.8710171706701518
0.09418169998374777,0.871047215587303
0.09418169998374777,0.8712124626316343
0.09426296115715911,0.8712124626316343
0.09426296115715911,0.8713025973830877
0.09426296115715911,0.8713326423002389
0.09426296115715911,0.8713777096759656
0.09434422233057045,0.8713777096759656
0.09434422233057045,0.8714528219688434
0.09458800585080449,0.8714528219688434
0.09458800585080449,0.8716030465545991
0.09466926702421583,0.8716030465545991
0.09466926702421583,0.871678158847477
0.09466926702421583,0.8717082037646281
0.09466926702421583,0.8717382486817793
0.09475052819762718,0.8717382486817793
0.09475052819762718,0.8719485631018372
0.09483178937103852,0.8719485631018372
0.09483178937103852,0.8719635855604129
0.09491305054444986,0.8719635855604129
0.09491305054444986,0.8720236753947151
0.0949943117178612,0.8720236753947151
0.0949943117178612,0.8720537203118662
0.0949943117178612,0.8721738999804708
0.0949943117178612,0.8722189673561975
0.0949943117178612,0.8722790571904998
0.0949943117178612,0.8723091021076509
0.09507557289127255,0.8723091021076509
0.09507557289127255,0.8723241245662265
0.09507557289127255,0.8723541694833776
0.09507557289127255,0.8723992368591044
0.09515683406468389,0.8723992368591044
0.09515683406468389,0.8725194165277089
0.09515683406468389,0.8725494614448601
0.09523809523809523,0.8725494614448601
0.09523809523809523,0.8725644839034357
0.09531935641150659,0.8725644839034357
0.09531935641150659,0.8725795063620112
0.09531935641150659,0.8726095512791624
0.09531935641150659,0.8726245737377379
0.09548187875832927,0.8726245737377379
0.09548187875832927,0.872654618654889
0.09556313993174062,0.872654618654889
0.09556313993174062,0.8727747983234936
0.0957256622785633,0.8727747983234936
0.0957256622785633,0.8728649330749471
0.09580692345197464,0.8728649330749471
0.09580692345197464,0.8728799555335226
0.09613196814562003,0.8728799555335226
0.09613196814562003,0.8729100004506738
0.09613196814562003,0.8729400453678249
0.09613196814562003,0.8729851127435516
0.09613196814562003,0.8730301801192784
0.09621322931903137,0.8730301801192784
0.09621322931903137,0.8731203148707317
0.09621322931903137,0.8731503597878829
0.09621322931903137,0.8732104496221852
0.09629449049244271,0.8732104496221852
0.09629449049244271,0.8732404945393363
0.09637575166585405,0.8732404945393363
0.09637575166585405,0.8735409437108477
0.0964570128392654,0.8735409437108477
0.0964570128392654,0.8735709886279989
0.0964570128392654,0.8736160560037256
0.09670079635949944,0.8736160560037256
0.09670079635949944,0.8736761458380279
0.09678205753291078,0.8736761458380279
0.09678205753291078,0.8738864602580858
0.09686331870632212,0.8739014827166615
0.09686331870632212,0.874021662385266
0.09694457987973347,0.874021662385266
0.09694457987973347,0.8740967746781438
0.09694457987973347,0.8741268195952949
0.09694457987973347,0.8741418420538706
0.09702584105314481,0.8741418420538706
0.09702584105314481,0.8741718869710217
0.09702584105314481,0.8742019318881729
0.09702584105314481,0.8742319768053239
0.09702584105314481,0.8742469992638995
0.09718836339996749,0.8742469992638995
0.09718836339996749,0.874337134015353
0.09726962457337884,0.874337134015353
0.09726962457337884,0.8743822013910797
0.09735088574679018,0.8743822013910797
0.09735088574679018,0.8745624708939865
0.09735088574679018,0.8745925158111376
0.09735088574679018,0.8747126954797422
0.09751340809361288,0.8747126954797422
0.09751340809361288,0.8747427403968934
0.09767593044043556,0.8747427403968934
0.09767593044043556,0.8747577628554689
0.0977571916138469,0.8747577628554689
0.0977571916138469,0.8747727853140445
0.09783845278725825,0.8747727853140445
0.09783845278725825,0.874998122192678
0.09791971396066959,0.874998122192678
0.09791971396066959,0.8750131446512536
0.09791971396066959,0.8750431895684048
0.09791971396066959,0.8751333243198582
0.09791971396066959,0.8751934141541605
0.09791971396066959,0.8752535039884628
0.09800097513408093,0.8752535039884628
0.09800097513408093,0.8752685264470383
0.09808223630749228,0.8752685264470383
0.09808223630749228,0.8753286162813406
0.09816349748090362,0.8753286162813406
0.09816349748090362,0.8753586611984917
0.09824475865431496,0.8753586611984917
0.09824475865431496,0.8754938633256719
0.09832601982772632,0.8754938633256719
0.09832601982772632,0.875629065452852
0.09832601982772632,0.8756591103700031
0.09832601982772632,0.8756741328285788
0.09832601982772632,0.8757192002043054
0.09865106452137169,0.8757192002043054
0.09865106452137169,0.8757642675800321
0.09873232569478303,0.8757642675800321
0.09873232569478303,0.8758243574143344
0.09881358686819437,0.8758243574143344
0.09881358686819437,0.8758994697072123
0.09881358686819437,0.8759295146243634
0.09881358686819437,0.8760947616686947
0.09881358686819437,0.8761398290444214
0.09881358686819437,0.8761698739615725
0.09881358686819437,0.8762900536301771
0.09889484804160573,0.8762900536301771
0.09889484804160573,0.8763501434644794
0.09897610921501707,0.8763501434644794
0.09897610921501707,0.8764553006745084
0.09897610921501707,0.8765003680502351
0.09897610921501707,0.876710682470293
0.09913863156183975,0.876710682470293
0.09913863156183975,0.8767557498460198
0.0992198927352511,0.8767557498460198
0.0992198927352511,0.8769360193489266
0.09930115390866244,0.8769360193489266
0.09930115390866244,0.8769510418075022
0.09930115390866244,0.8769810867246534
0.09930115390866244,0.8770561990175312
0.09930115390866244,0.8770862439346824
0.09938241508207378,0.8770862439346824
0.09938241508207378,0.8771914011447114
0.09938241508207378,0.8772214460618625
0.09946367625548513,0.8772214460618625
0.09946367625548513,0.8772665134375892
0.09954493742889647,0.8772665134375892
0.09954493742889647,0.8775218952333739
0.09954493742889647,0.8775669626091006
0.09954493742889647,0.8775819850676762
0.09954493742889647,0.8776120299848273
0.09954493742889647,0.8777322096534319
0.09954493742889647,0.877762254570583
0.09954493742889647,0.8779124791563387
0.09962619860230781,0.8779124791563387
0.09962619860230781,0.8779425240734898
0.09978872094913051,0.8779425240734898
0.09978872094913051,0.87807772620067
0.09986998212254185,0.87807772620067
0.09986998212254185,0.8781077711178211
0.09995124329595319,0.8781077711178211
0.09995124329595319,0.8781678609521234
0.10003250446936454,0.8781678609521234
0.10003250446936454,0.8782429732450012
0.10003250446936454,0.8782730181621524
0.10011376564277588,0.8782730181621524
0.10011376564277588,0.8783030630793036
0.10011376564277588,0.8783481304550302
0.10019502681618722,0.8783481304550302
0.10019502681618722,0.8783781753721814
0.10019502681618722,0.878393197830757
0.10027628798959858,0.878393197830757
0.10027628798959858,0.8784232427479082
0.10035754916300992,0.8784232427479082
0.10035754916300992,0.8785584448750883
0.10060133268324395,0.8785584448750883
0.10060133268324395,0.8786335571679661
0.10068259385665529,0.8786335571679661
0.10068259385665529,0.8786485796265416
0.10084511620347798,0.8786485796265416
0.10084511620347798,0.8787687592951462
0.10084511620347798,0.8787988042122974
0.10084511620347798,0.8788138266708729
0.10092637737688932,0.8788138266708729
0.10092637737688932,0.8788288491294485
0.10092637737688932,0.8788739165051752
0.10092637737688932,0.8789640512566287
0.10108889972371202,0.8789640512566287
0.10108889972371202,0.8790091186323554
0.10117016089712336,0.8790091186323554
0.10117016089712336,0.879054186008082
0.10117016089712336,0.8790842309252332
0.10117016089712336,0.8791743656766866
0.1012514220705347,0.8791743656766866
0.1012514220705347,0.8791893881352623
0.10133268324394604,0.8791893881352623
0.10133268324394604,0.8792945453452912
0.10133268324394604,0.8793245902624424
0.10133268324394604,0.8793997025553202
0.10141394441735739,0.8793997025553202
0.10141394441735739,0.8794147250138957
0.10165772793759142,0.8794147250138957
0.10165772793759142,0.8794447699310469
0.10165772793759142,0.8795499271410759
0.10173898911100276,0.8795499271410759
0.10173898911100276,0.879579972058227
0.1018202502844141,0.879579972058227
0.1018202502844141,0.8796250394339538
0.10190151145782544,0.8796250394339538
0.10190151145782544,0.8796701068096805
0.10190151145782544,0.8797001517268316
0.10190151145782544,0.879790286478285
0.1019827726312368,0.879790286478285
0.1019827726312368,0.8798653987711629
0.1019827726312368,0.8799104661468896
0.1019827726312368,0.8799254886054652
0.10206403380464814,0.8799254886054652
0.10206403380464814,0.8799555335226164
0.10206403380464814,0.8799855784397674
0.10206403380464814,0.8800306458154942
0.10206403380464814,0.8800606907326453
0.10206403380464814,0.8801207805669475
0.10206403380464814,0.880210915318401
0.10206403380464814,0.8802409602355522
0.10214529497805948,0.8802409602355522
0.10214529497805948,0.8802710051527033
0.10214529497805948,0.8802860276112788
0.10222655615147083,0.8802860276112788
0.10222655615147083,0.8803010500698545
0.10230781732488217,0.8803010500698545
0.10230781732488217,0.88031607252843
0.10247033967170487,0.88031607252843
0.10247033967170487,0.8805113644899124
0.10247033967170487,0.8805414094070636
0.1025516008451162,0.8805414094070636
0.1025516008451162,0.8805564318656391
0.10263286201852755,0.8805564318656391
0.10263286201852755,0.8805864767827902
0.10271412319193889,0.8805864767827902
0.10271412319193889,0.8806465666170925
0.10279538436535024,0.8806465666170925
0.10279538436535024,0.8807066564513948
0.10295790671217292,0.8807066564513948
0.10295790671217292,0.8807216789099704
0.10303916788558427,0.8807216789099704
0.10303916788558427,0.8807667462856971
0.10303916788558427,0.8807817687442727
0.10303916788558427,0.8808118136614238
0.10303916788558427,0.8808869259543017
0.10312042905899561,0.8808869259543017
0.10312042905899561,0.8809169708714528
0.10320169023240695,0.8809169708714528
0.10320169023240695,0.8809770607057551
0.1032829514058183,0.8809770607057551
0.1032829514058183,0.8809920831643306
0.10344547375264099,0.8809920831643306
0.10344547375264099,0.8811122628329352
0.10344547375264099,0.8811723526672375
0.10344547375264099,0.8812023975843887
0.10344547375264099,0.8812324425015398
0.10344547375264099,0.8814577793801733
0.10344547375264099,0.8814878242973245
0.10352673492605233,0.8814878242973245
0.10352673492605233,0.8815929815073535
0.10360799609946368,0.8815929815073535
0.10360799609946368,0.881818318385987
0.10368925727287502,0.881818318385987
0.10368925727287502,0.8819685429717428
0.10377051844628636,0.8819685429717428
0.10377051844628636,0.8820136103474695
0.10377051844628636,0.8820586777231961
0.10377051844628636,0.8822239247675274
0.10385177961969771,0.8822239247675274
0.10385177961969771,0.8822689921432542
0.10385177961969771,0.8822990370604054
0.10385177961969771,0.8823290819775564
0.10385177961969771,0.8823591268947076
0.10393304079310905,0.8823591268947076
0.10393304079310905,0.8823741493532832
0.10393304079310905,0.8824041942704343
0.10393304079310905,0.8824192167290099
0.10393304079310905,0.8824943290218877
0.10393304079310905,0.8825393963976145
0.10393304079310905,0.8825694413147656
0.10393304079310905,0.8825994862319168
0.1040143019665204,0.8825994862319168
0.1040143019665204,0.8826445536076434
0.10417682431334309,0.8826445536076434
0.10417682431334309,0.8827346883590969
0.10433934666016577,0.8827346883590969
0.10433934666016577,0.8828398455691259
0.10442060783357712,0.8828398455691259
0.10442060783357712,0.8829600252377304
0.10450186900698846,0.8829600252377304
0.10450186900698846,0.8830501599891838
0.1045831301803998,0.8830501599891838
0.1045831301803998,0.8831252722820617
0.1045831301803998,0.8831553171992128
0.1047456525272225,0.8831553171992128
0.1047456525272225,0.8831703396577884
0.10482691370063384,0.8831703396577884
0.10482691370063384,0.8832754968678174
0.10482691370063384,0.8833055417849686
0.10482691370063384,0.8833506091606952
0.10490817487404518,0.8833506091606952
0.10490817487404518,0.8833806540778464
0.10498943604745653,0.8833806540778464
0.10498943604745653,0.8834858112878754
0.10507069722086787,0.8834858112878754
0.10507069722086787,0.8835158562050265
0.10523321956769056,0.8835158562050265
0.10523321956769056,0.8835759460393288
0.1053144807411019,0.8835759460393288
0.1053144807411019,0.8836210134150555
0.10555826426133594,0.8836210134150555
0.10555826426133594,0.8836961257079333
0.10555826426133594,0.8837562155422356
0.10555826426133594,0.8837862604593868
0.10563952543474728,0.8837862604593868
0.10563952543474728,0.8838914176694158
0.10572078660815862,0.8838914176694158
0.10572078660815862,0.8841317770066249
0.10580204778156997,0.8841317770066249
0.10580204778156997,0.8841918668409272
0.10588330895498131,0.8841918668409272
0.10588330895498131,0.8842219117580783
0.10596457012839265,0.8842219117580783
0.10596457012839265,0.8843120465095318
0.10604583130180399,0.8843120465095318
0.10604583130180399,0.8844021812609851
0.10612709247521535,0.8844021812609851
0.10612709247521535,0.8844172037195608
0.10628961482203803,0.8844172037195608
0.10628961482203803,0.8845373833881653
0.10637087599544938,0.8845373833881653
0.10637087599544938,0.8847627202667989
0.10645213716886072,0.8847627202667989
0.10645213716886072,0.88479276518395
0.10653339834227206,0.88479276518395
0.10653339834227206,0.8848077876425255
0.10661465951568341,0.8848077876425255
0.10661465951568341,0.8848378325596767
0.10669592068909475,0.8848528550182523
0.10669592068909475,0.8848678774768278
0.1067771818625061,0.8848678774768278
0.1067771818625061,0.884897922393979
0.10685844303591743,0.884897922393979
0.10685844303591743,0.885003079604008
0.10685844303591743,0.8850331245211591
0.10685844303591743,0.8850631694383103
0.10710222655615147,0.8850631694383103
0.10710222655615147,0.8850932143554614
0.10718348772956282,0.8850932143554614
0.10718348772956282,0.8851232592726126
0.10718348772956282,0.8851533041897637
0.10726474890297416,0.8851533041897637
0.10726474890297416,0.8852734838583682
0.1073460100763855,0.8852734838583682
0.1073460100763855,0.8853035287755194
0.1073460100763855,0.8853485961512461
0.10742727124979684,0.8853485961512461
0.10742727124979684,0.8853786410683973
0.10742727124979684,0.8854086859855484
0.1075085324232082,0.8854086859855484
0.1075085324232082,0.8854387309026995
0.1075085324232082,0.8854687758198507
0.1075085324232082,0.8854988207370018
0.1075085324232082,0.885528865654153
0.1075085324232082,0.8855739330298796
0.10758979359661953,0.8855739330298796
0.10758979359661953,0.8856039779470308
0.10758979359661953,0.8856640677813331
0.10758979359661953,0.8857241576156354
0.10775231594344223,0.8857241576156354
0.10775231594344223,0.8857692249913621
0.10775231594344223,0.8858293148256644
0.10775231594344223,0.88584433728424
0.10783357711685357,0.88584433728424
0.10783357711685357,0.8858593597428155
0.10791483829026491,0.8858593597428155
0.10791483829026491,0.8860696741628735
0.10791483829026491,0.8861297639971758
0.10799609946367626,0.8861297639971758
0.10799609946367626,0.8862499436657804
0.10799609946367626,0.8862799885829314
0.10799609946367626,0.8863551008758094
0.1080773606370876,0.8863551008758094
0.1080773606370876,0.8863851457929605
0.10815862181049894,0.8863851457929605
0.10815862181049894,0.8865203479201406
0.10832114415732164,0.8865203479201406
0.10832114415732164,0.8868658644673787
0.10840240533073298,0.8868658644673787
0.10840240533073298,0.8868808869259543
0.10848366650414432,0.8868808869259543
0.10848366650414432,0.8868959093845299
0.10856492767755567,0.8868959093845299
0.10856492767755567,0.8869109318431054
0.10864618885096701,0.8869109318431054
0.10864618885096701,0.8869559992188322
0.10872745002437835,0.8869559992188322
0.10872745002437835,0.8870010665945589
0.10872745002437835,0.88703111151171
0.10872745002437835,0.8870611564288612
0.10880871119778969,0.8870611564288612
0.10880871119778969,0.8871212462631635
0.10880871119778969,0.8871663136388901
0.10897123354461238,0.8871663136388901
0.10897123354461238,0.8871813360974657
0.10905249471802372,0.8871813360974657
0.10905249471802372,0.8874817852689771
0.10913375589143508,0.8874817852689771
0.10929627823825776,0.8874817852689771
0.10937753941166911,0.8874817852689771
0.10937753941166911,0.8874968077275527
0.10945880058508045,0.8874968077275527
0.10945880058508045,0.887556897561855
0.10945880058508045,0.8875869424790062
0.10945880058508045,0.8876320098547328
0.10945880058508045,0.887662054771884
0.10962132293190313,0.887662054771884
0.10962132293190313,0.8876770772304595
0.10970258410531449,0.8876770772304595
0.10970258410531449,0.8878723691919419
0.10970258410531449,0.8879174365676686
0.10970258410531449,0.8879324590262442
0.10978384527872583,0.8879324590262442
0.10978384527872583,0.8880075713191221
0.10986510645213717,0.8880075713191221
0.10986510645213717,0.8880526386948489
0.10986510645213717,0.8880977060705755
0.10986510645213717,0.8881127285291511
0.10994636762554852,0.8881127285291511
0.10994636762554852,0.888187840822029
0.11002762879895986,0.888187840822029
0.11002762879895986,0.88821788573918
0.11002762879895986,0.8882329081977557
0.11019015114578254,0.8882329081977557
0.11019015114578254,0.8882779755734823
0.11019015114578254,0.8883080204906335
0.11019015114578254,0.8883681103249358
0.11035267349260523,0.8883681103249358
0.11035267349260523,0.8886986044135984
0.11043393466601657,0.8886986044135984
0.11043393466601657,0.8887586942479007
0.11051519583942793,0.8887737167064762
0.11051519583942793,0.8887887391650517
0.11059645701283927,0.8887887391650517
0.11059645701283927,0.8888187840822029
0.11059645701283927,0.888848828999354
0.11059645701283927,0.8888788739165052
0.11059645701283927,0.8889389637508075
0.11059645701283927,0.8889990535851098
0.1106777181862506,0.8889990535851098
0.1106777181862506,0.8890140760436853
0.11075897935966196,0.8890140760436853
0.11075897935966196,0.8891192332537143
0.11075897935966196,0.889164300629441
0.11075897935966196,0.8892243904637432
0.1108402405330733,0.8892243904637432
0.1108402405330733,0.8892544353808944
0.1108402405330733,0.8892844802980456
0.1108402405330733,0.8893595925909235
0.11092150170648464,0.8893595925909235
0.11092150170648464,0.8893896375080745
0.11100276287989598,0.8893896375080745
0.11100276287989598,0.8894196824252257
0.11108402405330733,0.8894196824252257
0.11108402405330733,0.8896149743867081
0.11116528522671867,0.8896149743867081
0.11116528522671867,0.8896450193038593
0.11124654640013001,0.8896450193038593
0.11124654640013001,0.8896600417624349
0.11132780757354137,0.8896600417624349
0.11132780757354137,0.8897201315967371
0.11132780757354137,0.8897501765138882
0.11132780757354137,0.889795243889615
0.11140906874695271,0.889795243889615
0.11140906874695271,0.8898403112653417
0.11149032992036405,0.8898403112653417
0.11149032992036405,0.8898703561824928
0.11149032992036405,0.8899154235582195
0.11149032992036405,0.8899454684753707
0.11149032992036405,0.8899604909339462
0.11173411344059808,0.8899604909339462
0.11173411344059808,0.8899905358510974
0.11173411344059808,0.8900356032268241
0.11181537461400942,0.8900356032268241
0.11181537461400942,0.8900656481439753
0.11197789696083212,0.8900656481439753
0.11197789696083212,0.8900956930611263
0.11205915813424346,0.8900956930611263
0.11205915813424346,0.8901257379782775
0.1121404193076548,0.8901257379782775
0.1121404193076548,0.8901708053540043
0.11222168048106615,0.8901708053540043
0.11222168048106615,0.8903060074811844
0.11230294165447749,0.8903060074811844
0.11230294165447749,0.8903210299397599
0.11230294165447749,0.8903510748569111
0.11230294165447749,0.8903811197740622
0.11238420282788883,0.8903811197740622
0.11238420282788883,0.8904712545255157
0.11246546400130018,0.8904712545255157
0.11246546400130018,0.890531344359818
0.11246546400130018,0.8905764117355447
0.11262798634812286,0.8905764117355447
0.11262798634812286,0.8905914341941202
0.11262798634812286,0.8906214791112713
0.11262798634812286,0.890636501569847
0.11279050869494556,0.890636501569847
0.11279050869494556,0.8906515240284225
0.11279050869494556,0.8906815689455736
0.11279050869494556,0.8907116138627248
0.1128717698683569,0.8907116138627248
0.1128717698683569,0.8907566812384515
0.11295303104176824,0.8907566812384515
0.11295303104176824,0.8908468159899049
0.11303429221517959,0.8908468159899049
0.11303429221517959,0.8909069058242072
0.11303429221517959,0.8909369507413584
0.11311555338859093,0.8909369507413584
0.11311555338859093,0.8911172202442652
0.11311555338859093,0.8911773100785675
0.11311555338859093,0.8912223774542942
0.11311555338859093,0.8912524223714453
0.11311555338859093,0.891297489747172
0.11319681456200227,0.891297489747172
0.11319681456200227,0.8914326918743521
0.11335933690882496,0.8914326918743521
0.11352185925564764,0.8914326918743521
0.11352185925564764,0.89150780416723
0.113603120429059,0.89150780416723
0.113603120429059,0.8915979389186834
0.11368438160247034,0.8915979389186834
0.11368438160247034,0.8917331410458635
0.11368438160247034,0.8917631859630147
0.11368438160247034,0.8917782084215903
0.11376564277588168,0.8917782084215903
0.11376564277588168,0.8918082533387414
0.11384690394929303,0.8918082533387414
0.11384690394929303,0.891823275797317
0.11392816512270437,0.891823275797317
0.11392816512270437,0.8918533207144681
0.11400942629611571,0.8918533207144681
0.11400942629611571,0.8919134105487704
0.11400942629611571,0.8919434554659216
0.11409068746952707,0.8919434554659216
0.11409068746952707,0.8919584779244971
0.11425320981634975,0.8919584779244971
0.11425320981634975,0.8920185677587994
0.11433447098976109,0.8920185677587994
0.11433447098976109,0.8920636351345261
0.11449699333658378,0.8920636351345261
0.11449699333658378,0.8921087025102529
0.11449699333658378,0.892138747427404
0.11449699333658378,0.8921537698859795
0.11457825450999512,0.8921537698859795
0.11457825450999512,0.8921988372617062
0.11457825450999512,0.8922288821788574
0.11457825450999512,0.8922739495545841
0.11457825450999512,0.8923039944717353
0.11457825450999512,0.8923791067646131
0.11482203803022915,0.8923791067646131
0.11482203803022915,0.8923941292231886
0.1149032992036405,0.8923941292231886
0.1149032992036405,0.8924391965989154
0.1149032992036405,0.8924692415160665
0.11506582155046319,0.8924692415160665
0.11506582155046319,0.8925143088917933
0.11514708272387453,0.8925143088917933
0.11514708272387453,0.8926194661018222
0.11530960507069722,0.8926194661018222
0.11530960507069722,0.8926645334775489
0.11530960507069722,0.8926945783947001
0.11530960507069722,0.8927246233118512
0.11539086624410856,0.8927246233118512
0.11539086624410856,0.8927546682290024
0.11547212741751992,0.8927546682290024
0.11547212741751992,0.8927696906875779
0.11555338859093126,0.8927696906875779
0.11555338859093126,0.892799735604729
0.11571591093775394,0.892799735604729
0.11571591093775394,0.8928297805218802
0.11579717211116529,0.8928297805218802
0.11579717211116529,0.8928448029804558
0.11579717211116529,0.892874847897607
0.11579717211116529,0.8929649826490603
0.11579717211116529,0.8929950275662115
0.11579717211116529,0.8930551174005138
0.11587843328457663,0.8930551174005138
0.11604095563139932,0.8930551174005138
0.11604095563139932,0.8931001847762404
0.11612221680481066,0.8931001847762404
0.11612221680481066,0.8931602746105428
0.116203477978222,0.8931602746105428
0.116203477978222,0.8932053419862694
0.1163660003250447,0.8932053419862694
0.1163660003250447,0.8932954767377229
0.11644726149845604,0.8932954767377229
0.11644726149845604,0.8933405441134497
0.11644726149845604,0.8933705890306007
0.11644726149845604,0.8934457013234786
0.11652852267186738,0.8934457013234786
0.11652852267186738,0.8935057911577808
0.11660978384527873,0.8935057911577808
0.11660978384527873,0.893535836074932
0.11660978384527873,0.8935658809920831
0.11660978384527873,0.8935809034506588
0.11660978384527873,0.8936109483678099
0.11660978384527873,0.8936710382021121
0.11669104501869007,0.8936710382021121
0.11669104501869007,0.8937611729535656
0.11669104501869007,0.8938212627878679
0.11669104501869007,0.893851307705019
0.11677230619210141,0.893851307705019
0.11677230619210141,0.8938963750807457
0.11685356736551276,0.8938963750807457
0.11701608971233544,0.8938963750807457
0.11701608971233544,0.894061622125077
0.11701608971233544,0.8940916670422281
0.11701608971233544,0.8941367344179548
0.11701608971233544,0.8942268691694083
0.11701608971233544,0.8943170039208617
0.11717861205915814,0.8943170039208617
0.11717861205915814,0.8943320263794372
0.11725987323256948,0.8943320263794372
0.11725987323256948,0.8943470488380129
0.11734113440598082,0.8943470488380129
0.11734113440598082,0.8943770937551639
0.11742239557939217,0.8943770937551639
0.11742239557939217,0.8944071386723151
0.11750365675280351,0.8944071386723151
0.11750365675280351,0.8944972734237685
0.11758491792621485,0.8944972734237685
0.11758491792621485,0.8945423407994952
0.11774744027303755,0.8945423407994952
0.11774744027303755,0.8945573632580708
0.11782870144644889,0.8945573632580708
0.11782870144644889,0.8945723857166464
0.11782870144644889,0.8946775429266753
0.11782870144644889,0.894692565385251
0.11782870144644889,0.8947226103024021
0.11782870144644889,0.8947827001367044
0.11782870144644889,0.8948127450538556
0.11782870144644889,0.8948578124295822
0.11807248496668292,0.8948578124295822
0.11807248496668292,0.8948878573467334
0.11815374614009426,0.8948878573467334
0.11815374614009426,0.8949329247224601
0.11815374614009426,0.8949629696396112
0.11815374614009426,0.8949930145567624
0.1183975296603283,0.8949930145567624
0.1183975296603283,0.895038081932489
0.11847879083373963,0.895038081932489
0.11847879083373963,0.8950531043910647
0.11847879083373963,0.8950981717667914
0.11856005200715099,0.8950981717667914
0.11856005200715099,0.8952784412696982
0.11856005200715099,0.8953084861868493
0.11864131318056233,0.8953986209383028
0.11864131318056233,0.8955188006069074
0.11864131318056233,0.8955488455240584
0.11864131318056233,0.895669025192663
0.11872257435397367,0.895669025192663
0.11872257435397367,0.895774182402692
0.11880383552738502,0.895774182402692
0.11880383552738502,0.8958042273198432
0.1189663578742077,0.8958042273198432
0.1189663578742077,0.8958342722369943
0.1189663578742077,0.8958492946955698
0.1191288802210304,0.8958492946955698
0.1191288802210304,0.8958643171541455
0.11929140256785307,0.8958643171541455
0.11929140256785307,0.8959394294470233
0.11929140256785307,0.8959694743641744
0.11929140256785307,0.8959995192813256
0.11937266374126443,0.8959995192813256
0.11937266374126443,0.8960295641984767
0.11937266374126443,0.8962398786185347
0.11937266374126443,0.8962699235356858
0.11937266374126443,0.8963901032042905
0.11953518608808711,0.8963901032042905
0.11953518608808711,0.8965403277900461
0.11961644726149846,0.8965403277900461
0.11961644726149846,0.8965703727071973
0.1196977084349098,0.8965703727071973
0.1196977084349098,0.8967055748343774
0.12010401430196652,0.8967055748343774
0.12010401430196652,0.8967656646686797
0.12018527547537787,0.8967656646686797
0.12018527547537787,0.8967806871272552
0.12026653664878921,0.8967806871272552
0.12026653664878921,0.8968407769615575
0.12042905899561189,0.8968407769615575
0.12042905899561189,0.896855799420133
0.12051032016902324,0.896855799420133
0.12051032016902324,0.8968708218787087
0.12059158134243458,0.8968708218787087
0.12059158134243458,0.8969158892544353
0.12067284251584592,0.8969158892544353
0.12067284251584592,0.8969759790887377
0.12067284251584592,0.89703606892304
0.12067284251584592,0.8971862935087956
0.12083536486266862,0.8971862935087956
0.12083536486266862,0.8972013159673712
0.12091662603607996,0.8972013159673712
0.12091662603607996,0.8974116303874292
0.12099788720949131,0.8974116303874292
0.12099788720949131,0.8974266528460048
0.12107914838290265,0.8974266528460048
0.12107914838290265,0.8975768774317605
0.12107914838290265,0.8976369672660628
0.12107914838290265,0.8976519897246383
0.12124167072972533,0.8976519897246383
0.12124167072972533,0.8977721693932429
0.12124167072972533,0.8978022143103941
0.12124167072972533,0.8978623041446964
0.12148545424995937,0.8981927982333588
0.12164797659678206,0.8981927982333588
0.12164797659678206,0.8983129779019634
0.1217292377701934,0.8983129779019634
0.1217292377701934,0.8983430228191146
0.1217292377701934,0.8983730677362657
0.1217292377701934,0.8984932474048702
0.12181049894360474,0.8984932474048702
0.12181049894360474,0.8985833821563237
0.12189176011701609,0.8985833821563237
0.12189176011701609,0.8988087190349573
0.12197302129042743,0.8988087190349573
0.12197302129042743,0.8988537864106839
0.12205428246383877,0.8988537864106839
0.12205428246383877,0.8988838313278351
0.1222980659840728,0.8988838313278351
0.1222980659840728,0.8988988537864107
0.12237932715748416,0.8988988537864107
0.12237932715748416,0.8989288987035619
0.12237932715748416,0.899064100830742
0.12237932715748416,0.8990941457478931
0.12237932715748416,0.8991091682064687
0.1224605883308955,0.8991091682064687
0.1224605883308955,0.8991241906650442
0.12254184950430684,0.8991241906650442
0.12254184950430684,0.8991542355821954
0.12262311067771818,0.8991542355821954
0.12262311067771818,0.8991842804993465
0.12278563302454087,0.8991842804993465
0.12278563302454087,0.8992143254164977
0.12278563302454087,0.8992744152508
0.12278563302454087,0.8993044601679511
0.12311067771818625,0.8993345050851023
0.12319193889159759,0.8993345050851023
0.12319193889159759,0.8993495275436778
0.12319193889159759,0.8993795724608289
0.12319193889159759,0.8994246398365556
0.12327320006500894,0.8994246398365556
0.12327320006500894,0.8994546847537068
0.12335446123842028,0.8994546847537068
0.12335446123842028,0.8994847296708579
0.12343572241183162,0.8994847296708579
0.12343572241183162,0.8995748644223114
0.12343572241183162,0.8996049093394625
0.12343572241183162,0.8996499767151892
0.12359824475865432,0.8996499767151892
0.12359824475865432,0.8997401114666427
0.12359824475865432,0.8997701563837938
0.12367950593206566,0.8997701563837938
0.12367950593206566,0.899800201300945
0.12367950593206566,0.8998602911352472
0.12376076710547701,0.8998602911352472
0.12376076710547701,0.8999203809695495
0.12384202827888835,0.8999203809695495
0.12384202827888835,0.8999804708038518
0.12392328945229969,0.8999804708038518
0.12392328945229969,0.9000105157210029
0.12400455062571103,0.9000105157210029
0.12400455062571103,0.9000706055553052
0.12424833414594506,0.9000706055553052
0.12424833414594506,0.9000856280138807
0.12432959531935642,0.9000856280138807
0.12432959531935642,0.9001306953896074
0.12432959531935642,0.9001757627653342
0.12432959531935642,0.9002809199753632
0.12441085649276776,0.9002809199753632
0.12441085649276776,0.9003710547268166
0.1244921176661791,0.9003710547268166
0.1244921176661791,0.9003860771853922
0.12457337883959044,0.9003860771853922
0.12457337883959044,0.9004161221025433
0.12465464001300179,0.9004161221025433
0.12465464001300179,0.9004762119368456
0.12473590118641313,0.9004762119368456
0.12473590118641313,0.9005062568539968
0.12473590118641313,0.9005363017711479
0.12473590118641313,0.9005813691468746
0.12489842353323583,0.9005813691468746
0.12489842353323583,0.9005963916054501
0.12497968470664717,0.9005963916054501
0.12497968470664717,0.9006865263569036
0.12497968470664717,0.9007315937326302
0.12497968470664717,0.9007466161912059
0.12514220705346984,0.9007466161912059
0.12514220705346984,0.9007616386497814
0.12522346822688118,0.9007616386497814
0.12522346822688118,0.900776661108357
0.12522346822688118,0.9008067060255082
0.12522346822688118,0.9008217284840837
0.12530472940029255,0.9008217284840837
0.12530472940029255,0.9008517734012349
0.12530472940029255,0.900881818318386
0.12530472940029255,0.9008968407769615
0.1253859905737039,0.9008968407769615
0.1253859905737039,0.9009268856941127
0.1253859905737039,0.9010170204455661
0.1253859905737039,0.9010470653627173
0.1253859905737039,0.9011221776555951
0.1253859905737039,0.9011672450313218
0.1253859905737039,0.9011972899484729
0.12546725174711523,0.9011972899484729
0.12546725174711523,0.9012423573241997
0.12554851292052657,0.9012423573241997
0.12554851292052657,0.9012573797827752
0.12554851292052657,0.9012874246999264
0.12554851292052657,0.9013024471585019
0.12554851292052657,0.9013475145342287
0.12554851292052657,0.90151276157856
0.12554851292052657,0.9015428064957111
0.1256297740939379,0.901617918788589
0.12571103526734925,0.901617918788589
0.12571103526734925,0.9017080535400424
0.12587355761417196,0.9017080535400424
0.12587355761417196,0.9017380984571935
0.12587355761417196,0.9017681433743446
0.1259548187875833,0.9017681433743446
0.1259548187875833,0.9017981882914958
0.12603607996099464,0.9017981882914958
0.12603607996099464,0.9018432556672225
0.12603607996099464,0.9018733005843736
0.12603607996099464,0.9018883230429492
0.12603607996099464,0.9019784577944027
0.12603607996099464,0.902038547628705
0.12603607996099464,0.9021587272973095
0.12611734113440598,0.9021587272973095
0.12611734113440598,0.9022188171316118
0.12627986348122866,0.9022188171316118
0.12627986348122866,0.9022638845073385
0.12627986348122866,0.9023540192587919
0.12627986348122866,0.9023990866345186
0.12627986348122866,0.9024141090930942
0.12636112465464,0.9024141090930942
0.12636112465464,0.9024591764688209
0.1265236470014627,0.9024591764688209
0.1265236470014627,0.9026544684303033
0.12684869169510807,0.9026544684303033
0.12684869169510807,0.90269953580603
0.12684869169510807,0.9027295807231811
0.12684869169510807,0.9027896705574835
0.12709247521534212,0.9027896705574835
0.12709247521534212,0.9029248726846636
0.1272549975621648,0.9029248726846636
0.1272549975621648,0.9029549176018147
0.12733625873557614,0.9029549176018147
0.12733625873557614,0.9029699400603903
0.12733625873557614,0.9029999849775414
0.12749878108239884,0.9029999849775414
0.12749878108239884,0.9030450523532682
0.12758004225581018,0.9030450523532682
0.12758004225581018,0.9030600748118437
0.12766130342922152,0.9030600748118437
0.12766130342922152,0.9030901197289949
0.12766130342922152,0.903120164646146
0.12766130342922152,0.9031652320218727
0.12766130342922152,0.903225321856175
0.12766130342922152,0.9032403443147505
0.12766130342922152,0.9032703892319017
0.1278238257760442,0.9032703892319017
0.1278238257760442,0.9032854116904773
0.12790508694945554,0.9032854116904773
0.12790508694945554,0.9033154566076284
0.12806760929627825,0.9033154566076284
0.12806760929627825,0.9033905689005063
0.1281488704696896,0.9033905689005063
0.1281488704696896,0.9034055913590818
0.12831139281651227,0.9034055913590818
0.12831139281651227,0.9034807036519596
0.1283926539899236,0.9034807036519596
0.1283926539899236,0.9034957261105353
0.12847391516333495,0.9034957261105353
0.12847391516333495,0.903645950696291
0.1285551763367463,0.903645950696291
0.1285551763367463,0.9037060405305932
0.128717698683569,0.9037060405305932
0.128717698683569,0.9037961752820467
0.12888022103039168,0.9037961752820467
0.12888022103039168,0.9039463998678023
0.12896148220380302,0.9039463998678023
0.12896148220380302,0.9040064897021046
0.12904274337721436,0.9040064897021046
0.12920526572403707,0.9040064897021046
0.1292865268974484,0.9040064897021046
0.1292865268974484,0.9040365346192558
0.12936778807085975,0.9040365346192558
0.12936778807085975,0.9040665795364069
0.12944904924427109,0.9040665795364069
0.12944904924427109,0.9040816019949826
0.12944904924427109,0.9041116469121336
0.12953031041768243,0.9041116469121336
0.12953031041768243,0.9041717367464359
0.12961157159109377,0.9041717367464359
0.12961157159109377,0.9042017816635871
0.12961157159109377,0.9042318265807382
0.12977409393791647,0.9042318265807382
0.12977409393791647,0.9042468490393137
0.12977409393791647,0.9042768939564649
0.12977409393791647,0.9043670287079183
0.12993661628473915,0.9043670287079183
0.12993661628473915,0.9043970736250695
0.13009913863156183,0.9043970736250695
0.13009913863156183,0.904412096083645
0.13009913863156183,0.9044421410007962
0.13009913863156183,0.9044571634593718
0.13018039980497317,0.9044571634593718
0.13018039980497317,0.9045022308350985
0.13018039980497317,0.904517253293674
0.13026166097838454,0.904517253293674
0.13026166097838454,0.9045623206694008
0.13034292215179588,0.9045623206694008
0.13034292215179588,0.9045773431279763
0.13042418332520722,0.9045773431279763
0.13042418332520722,0.9046224105037031
0.13066796684544124,0.9046224105037031
0.13066796684544124,0.9046374329622786
0.13074922801885258,0.9046374329622786
0.13074922801885258,0.9046524554208542
0.13083048919226395,0.9046524554208542
0.13083048919226395,0.9046975227965809
0.13083048919226395,0.9047275677137321
0.1309117503656753,0.9047275677137321
0.1309117503656753,0.9047425901723076
0.13099301153908663,0.9047425901723076
0.13099301153908663,0.9048026800066099
0.1311555338859093,0.9048026800066099
0.1311555338859093,0.9048477473823366
0.1311555338859093,0.9048627698409122
0.13123679505932065,0.9048627698409122
0.13123679505932065,0.9049829495095167
0.131318056232732,0.9049829495095167
0.131318056232732,0.9050730842609701
0.131318056232732,0.9050881067195458
0.13139931740614336,0.9050881067195458
0.13139931740614336,0.905148196553848
0.13139931740614336,0.9051782414709991
0.1314805785795547,0.9051782414709991
0.1314805785795547,0.9052082863881503
0.13156183975296604,0.9052082863881503
0.13156183975296604,0.905253353763877
0.13164310092637738,0.905253353763877
0.13164310092637738,0.9052833986810281
0.13172436209978872,0.9052833986810281
0.13172436209978872,0.9052984211396037
0.13180562327320006,0.9052984211396037
0.13180562327320006,0.9053284660567549
0.13196814562002276,0.9053284660567549
0.13196814562002276,0.9053434885153304
0.13196814562002276,0.9053735334324816
0.13196814562002276,0.9054336232667839
0.1320494067934341,0.9054336232667839
0.1320494067934341,0.9054486457253594
0.13213066796684544,0.9054486457253594
0.13213066796684544,0.905463668183935
0.13213066796684544,0.9054937131010862
0.13229319031366812,0.9054937131010862
0.13229319031366812,0.9057190499797196
0.13229319031366812,0.9057490948968708
0.13229319031366812,0.9057641173554464
0.13237445148707946,0.9057641173554464
0.13237445148707946,0.9057941622725976
0.1324557126604908,0.9057941622725976
0.1324557126604908,0.9058242071897487
0.1324557126604908,0.9058542521068998
0.13253697383390217,0.9058542521068998
0.13253697383390217,0.9058993194826265
0.13269949618072485,0.9058993194826265
0.13269949618072485,0.9060645665269578
0.13269949618072485,0.906094611444109
0.13269949618072485,0.9061697237369868
0.1327807573541362,0.9061697237369868
0.1327807573541362,0.9062899034055913
0.1327807573541362,0.9063199483227425
0.13286201852754753,0.9063199483227425
0.13286201852754753,0.9063349707813181
0.13294327970095887,0.9063349707813181
0.13310580204778158,0.9063349707813181
0.13310580204778158,0.9063499932398936
0.13326832439460426,0.9063499932398936
0.13326832439460426,0.9063650156984692
0.1333495855680156,0.9063650156984692
0.1333495855680156,0.9063800381570448
0.1333495855680156,0.9064100830741959
0.1333495855680156,0.9064551504499226
0.13343084674142694,0.9064551504499226
0.13343084674142694,0.9065152402842249
0.13351210791483828,0.9065152402842249
0.13351210791483828,0.9065302627428005
0.13359336908824965,0.9065302627428005
0.13359336908824965,0.9065603076599517
0.133674630261661,0.9065603076599517
0.133674630261661,0.9065753301185272
0.13383715260848367,0.9065753301185272
0.13383715260848367,0.9066955097871318
0.13399967495530635,0.9066955097871318
0.13399967495530635,0.9067105322457073
0.1340809361287177,0.9067105322457073
0.1340809361287177,0.9068307119143119
0.1340809361287177,0.906860756831463
0.1340809361287177,0.9070260038757944
0.1340809361287177,0.9070560487929454
0.1340809361287177,0.907071071251521
0.1342434584755404,0.907071071251521
0.1342434584755404,0.9071311610858233
0.1342434584755404,0.90717622846155
0.1342434584755404,0.9071912509201255
0.13432471964895173,0.9071912509201255
0.13432471964895173,0.907281385671579
0.13448724199577441,0.907281385671579
0.13448724199577441,0.9073114305887302
0.13448724199577441,0.9073715204230325
0.13456850316918575,0.907386542881608
0.13456850316918575,0.9074165877987591
0.1346497643425971,0.9074165877987591
0.1346497643425971,0.9074316102573348
0.13473102551600846,0.9074316102573348
0.13473102551600846,0.9074766776330614
0.13473102551600846,0.9075517899259393
0.13473102551600846,0.9075818348430904
0.13473102551600846,0.9077170369702705
0.1348122866894198,0.9077170369702705
0.1348122866894198,0.907807171721724
0.1348122866894198,0.9078672615560263
0.1348122866894198,0.907912328931753
0.1348122866894198,0.9079423738489041
0.13489354786283114,0.9079423738489041
0.13505607020965382,0.9079423738489041
0.13505607020965382,0.9079724187660553
0.13505607020965382,0.908017486141782
0.13513733138306516,0.908017486141782
0.13513733138306516,0.9080775759760843
0.1352185925564765,0.9080775759760843
0.1352185925564765,0.9082428230204155
0.1353811149032992,0.9082428230204155
0.1353811149032992,0.9082728679375667
0.1353811149032992,0.9083179353132934
0.1353811149032992,0.9083479802304445
0.1353811149032992,0.9085132272747758
0.1353811149032992,0.9085432721919269
0.13546237607671055,0.9085432721919269
0.13546237607671055,0.9085582946505025
0.1355436372501219,0.9085582946505025
0.1355436372501219,0.9086033620262293
0.1355436372501219,0.9086784743191071
0.1355436372501219,0.9087085192362582
0.1355436372501219,0.9087385641534094
0.1355436372501219,0.9087686090705605
0.13562489842353323,0.9087686090705605
0.13562489842353323,0.9088136764462872
0.13570615959694457,0.9088136764462872
0.13570615959694457,0.9088737662805895
0.13570615959694457,0.9089338561148917
0.13578742077035594,0.9089338561148917
0.13578742077035594,0.9089789234906185
0.13586868194376728,0.9089789234906185
0.13586868194376728,0.9090690582420718
0.13594994311717862,0.9090690582420718
0.13594994311717862,0.909099103159223
0.13603120429058996,0.909099103159223
0.13603120429058996,0.9091742154521009
0.1361124654640013,0.9091742154521009
0.1361124654640013,0.9093244400378566
0.13619372663741264,0.9093244400378566
0.13619372663741264,0.9093394624964322
0.13627498781082398,0.9093394624964322
0.13627498781082398,0.9093695074135834
0.13635624898423535,0.9093695074135834
0.13635624898423535,0.9093995523307344
0.13643751015764669,0.9093995523307344
0.13643751015764669,0.9094896870821879
0.1366812936778807,0.9094896870821879
0.1366812936778807,0.9095047095407635
0.13676255485129205,0.9095047095407635
0.13676255485129205,0.9095798218336413
0.13676255485129205,0.909624889209368
0.13684381602470339,0.909624889209368
0.13684381602470339,0.9097000015022458
0.13708759954493743,0.9097000015022458
0.13716886071834877,0.9097000015022458
0.13716886071834877,0.909730046419397
0.13716886071834877,0.9097751137951237
0.1372501218917601,0.9097751137951237
0.1372501218917601,0.9097901362536993
0.13733138306517145,0.9097901362536993
0.13733138306517145,0.9098051587122749
0.1374126442385828,0.9098051587122749
0.1374126442385828,0.9098652485465771
0.13749390541199416,0.9098652485465771
0.13749390541199416,0.9098952934637283
0.1375751665854055,0.9098952934637283
0.1375751665854055,0.9099854282151817
0.13781895010563952,0.9099854282151817
0.13781895010563952,0.9100154731323329
0.1379814724524622,0.9100154731323329
0.1379814724524622,0.9100304955909084
0.13806273362587357,0.9100304955909084
0.13806273362587357,0.9100755629666352
0.1381439947992849,0.9100755629666352
0.1381439947992849,0.9101206303423618
0.13822525597269625,0.9101206303423618
0.13822525597269625,0.9101807201766641
0.13822525597269625,0.9102107650938153
0.13822525597269625,0.9102408100109664
0.13822525597269625,0.9102858773866931
0.1383065171461076,0.9102858773866931
0.1383065171461076,0.9103760121381466
0.13838777831951893,0.9103760121381466
0.13838777831951893,0.9104060570552976
0.13838777831951893,0.9104210795138732
0.13846903949293027,0.9104210795138732
0.13846903949293027,0.9104511244310244
0.13846903949293027,0.9104661468895999
0.1385503006663416,0.9104661468895999
0.1385503006663416,0.9104811693481755
0.13863156183975298,0.9104811693481755
0.13863156183975298,0.9104961918067511
0.13871282301316432,0.9104961918067511
0.13871282301316432,0.9105562816410534
0.13895660653339834,0.9105562816410534
0.13895660653339834,0.9105713040996289
0.13895660653339834,0.9107515736025358
0.13911912888022104,0.9107515736025358
0.13911912888022104,0.9108116634368381
0.13920039005363238,0.9108116634368381
0.13920039005363238,0.9108266858954136
0.13928165122704372,0.9108266858954136
0.13928165122704372,0.9108717532711403
0.13936291240045506,0.9108717532711403
0.13936291240045506,0.9109017981882915
0.13936291240045506,0.9109769104811694
0.1394441735738664,0.9109769104811694
0.1394441735738664,0.9110520227740472
0.1394441735738664,0.9110970901497739
0.13952543474727774,0.9110970901497739
0.13952543474727774,0.9111722024426517
0.1397692182675118,0.9111722024426517
0.1397692182675118,0.9112022473598029
0.1397692182675118,0.9112473147355297
0.13985047944092313,0.9112473147355297
0.13985047944092313,0.9112773596526808
0.13993174061433447,0.9112773596526808
0.13993174061433447,0.911307404569832
0.14009426296115715,0.911307404569832
0.14009426296115715,0.911337449486983
0.1401755241345685,0.911337449486983
0.1401755241345685,0.9113524719455586
0.1403380464813912,0.9113524719455586
0.14041930765480254,0.9113524719455586
0.14041930765480254,0.911442606697012
0.14041930765480254,0.9114726516141631
0.14050056882821388,0.9114726516141631
0.14050056882821388,0.9115177189898899
0.14050056882821388,0.9115477639070411
0.14050056882821388,0.9116679435756456
0.14050056882821388,0.9116979884927967
0.14050056882821388,0.9117280334099479
0.14058183000162522,0.9117280334099479
0.14058183000162522,0.9117430558685234
0.14066309117503656,0.9117430558685234
0.14066309117503656,0.9117731007856745
0.14082561352185927,0.9117731007856745
0.14082561352185927,0.9117881232442502
0.14098813586868195,0.9117881232442502
0.14098813586868195,0.9118031457028257
0.14098813586868195,0.9118482130785525
0.14098813586868195,0.911863235537128
0.1410693970420933,0.911863235537128
0.1410693970420933,0.9119083029128547
0.1410693970420933,0.9119383478300058
0.14115065821550463,0.9119383478300058
0.14115065821550463,0.912073549957186
0.14115065821550463,0.9121186173329127
0.14115065821550463,0.9121636847086394
0.14115065821550463,0.9122387970015172
0.14115065821550463,0.9122538194600929
0.14123191938891597,0.9122538194600929
0.14123191938891597,0.9122688419186684
0.1413131805623273,0.9122688419186684
0.1413131805623273,0.9123289317529707
0.14139444173573867,0.9123289317529707
0.14139444173573867,0.9123739991286974
0.14139444173573867,0.9124040440458485
0.14139444173573867,0.9124190665044241
0.14139444173573867,0.9124641338801508
0.14139444173573867,0.9125242237144531
0.14139444173573867,0.9125542686316043
0.14139444173573867,0.9125692910901798
0.14139444173573867,0.912599336007331
0.14139444173573867,0.9126293809244821
0.14147570290915001,0.9126293809244821
0.14147570290915001,0.9126594258416333
0.14155696408256135,0.9126594258416333
0.14155696408256135,0.9126744483002088
0.1416382252559727,0.9126744483002088
0.1416382252559727,0.9127345381345111
0.14180074760279537,0.9127345381345111
0.14180074760279537,0.9130800546817492
0.14180074760279537,0.9131100995989003
0.14180074760279537,0.9131852118917783
0.14180074760279537,0.9132152568089293
0.14180074760279537,0.9132302792675049
0.14188200877620674,0.9132302792675049
0.14188200877620674,0.9132903691018072
0.14196326994961808,0.9132903691018072
0.14196326994961808,0.9134856610632897
0.1422070534698521,0.9134856610632897
0.1422070534698521,0.9135157059804407
0.14228831464326344,0.9135157059804407
0.14228831464326344,0.9135457508975919
0.14236957581667478,0.9135457508975919
0.14236957581667478,0.913575795814743
0.14245083699008615,0.913575795814743
0.14245083699008615,0.9135908182733186
0.14245083699008615,0.9136208631904698
0.14245083699008615,0.9136659305661965
0.1425320981634975,0.9136659305661965
0.14269462051032017,0.9136659305661965
0.1427758816837315,0.9136659305661965
0.1427758816837315,0.913680953024772
0.14285714285714285,0.913680953024772
0.14285714285714285,0.9137260204004988
0.1429384040305542,0.9137260204004988
0.1429384040305542,0.9138011326933766
0.1431009263773769,0.9138011326933766
0.1431009263773769,0.9138311776105278
0.1431009263773769,0.9139213123619812
0.1431009263773769,0.9139814021962834
0.1431009263773769,0.9140865594063124
0.14318218755078824,0.914101581864888
0.14318218755078824,0.9141466492406147
0.14326344872419958,0.9141466492406147
0.14326344872419958,0.9141766941577658
0.14334470989761092,0.9141766941577658
0.14334470989761092,0.914206739074917
0.14334470989761092,0.9142367839920681
0.14342597107102226,0.9142367839920681
0.14342597107102226,0.9142518064506437
0.1435072322444336,0.9142518064506437
0.1435072322444336,0.9142668289092193
0.14358849341784496,0.9142668289092193
0.14358849341784496,0.914311896284946
0.14358849341784496,0.9143419412020971
0.14358849341784496,0.9143569636606727
0.14358849341784496,0.9143870085778238
0.14358849341784496,0.9144470984121261
0.1436697545912563,0.9144470984121261
0.1436697545912563,0.9145071882464284
0.14375101576466764,0.9145071882464284
0.14375101576466764,0.914522210705004
0.14383227693807898,0.914522210705004
0.14383227693807898,0.9145372331635796
0.14391353811149032,0.9145372331635796
0.14391353811149032,0.9145823005393062
0.14399479928490166,0.9145823005393062
0.14399479928490166,0.9146423903736085
0.14399479928490166,0.9147024802079108
0.14399479928490166,0.9147775925007887
0.14399479928490166,0.9148226598765153
0.144076060458313,0.9148226598765153
0.144076060458313,0.914837682335091
0.1442385828051357,0.914837682335091
0.1442385828051357,0.9148827497108176
0.1442385828051357,0.9148977721693933
0.14431984397854705,0.9148977721693933
0.14431984397854705,0.9149278170865444
0.14448236632536973,0.9149278170865444
0.14448236632536973,0.9149428395451199
0.14456362749878107,0.9149428395451199
0.14456362749878107,0.9149879069208466
0.14464488867219244,0.9149879069208466
0.14464488867219244,0.9150479967551489
0.14464488867219244,0.9150780416723001
0.14464488867219244,0.9151080865894512
0.14472614984560378,0.9151080865894512
0.14472614984560378,0.9151381315066024
0.14472614984560378,0.9151681764237535
0.14472614984560378,0.9152432887166314
0.14480741101901512,0.9152432887166314
0.14480741101901512,0.915258311175207
0.14488867219242646,0.915258311175207
0.14488867219242646,0.9154235582195382
0.14505119453924914,0.9154235582195382
0.14505119453924914,0.9154686255952649
0.14513245571266048,0.9154686255952649
0.14513245571266048,0.9154836480538405
0.14513245571266048,0.9155136929709916
0.14513245571266048,0.9155437378881428
0.1452949780594832,0.9155437378881428
0.1452949780594832,0.9157240073910496
0.14537623923289453,0.9157240073910496
0.14537623923289453,0.9157390298496252
0.14537623923289453,0.9157690747667764
0.14545750040630587,0.9157690747667764
0.14545750040630587,0.9157840972253519
0.1455387615797172,0.9157840972253519
0.1455387615797172,0.9158291646010787
0.1455387615797172,0.9158742319768053
0.1455387615797172,0.9158892544353809
0.14562002275312855,0.9158892544353809
0.14562002275312855,0.9159493442696832
0.1457012839265399,0.9159493442696832
0.1457012839265399,0.9159793891868343
0.1457012839265399,0.9160094341039855
0.1457012839265399,0.9161746811483167
0.14610758979359662,0.9161746811483167
0.14618885096700796,0.9161746811483167
0.14618885096700796,0.9162648158997702
0.1462701121404193,0.9162648158997702
0.1462701121404193,0.9162948608169214
0.14635137331383066,0.9162948608169214
0.14635137331383066,0.9163249057340724
0.14635137331383066,0.9163549506512236
0.146432634487242,0.9163549506512236
0.146432634487242,0.9164300629441015
0.14659515683406468,0.9164300629441015
0.14659515683406468,0.9164901527784037
0.14667641800747602,0.9164901527784037
0.14667641800747602,0.9165201976955548
0.14675767918088736,0.9165201976955548
0.14675767918088736,0.9167004671984617
0.1470014627011214,0.9167004671984617
0.1470014627011214,0.9167455345741884
0.1470014627011214,0.9168356693256419
0.1470014627011214,0.9169258040770952
0.1470014627011214,0.9169858939113975
0.14708272387453275,0.9169858939113975
0.14708272387453275,0.9170159388285487
0.14708272387453275,0.9170459837456998
0.14708272387453275,0.9170610062042754
0.1471639850479441,0.9170610062042754
0.1471639850479441,0.9171060735800021
0.14724524622135543,0.9171060735800021
0.14724524622135543,0.9171210960385777
0.14732650739476677,0.9171210960385777
0.14732650739476677,0.9172262532486066
0.14732650739476677,0.9172713206243334
0.14740776856817814,0.9172713206243334
0.14740776856817814,0.9173013655414846
0.14765155208841216,0.9173013655414846
0.14765155208841216,0.9173314104586356
0.14781407443523484,0.9173314104586356
0.14781407443523484,0.9174215452100891
0.14789533560864618,0.9174215452100891
0.14789533560864618,0.9174666125858157
0.14789533560864618,0.9174966575029669
0.14789533560864618,0.9175717697958448
0.14797659678205755,0.9175717697958448
0.14797659678205755,0.917601814712996
0.14797659678205755,0.917631859630147
0.14797659678205755,0.9176769270058738
0.14805785795546889,0.9176769270058738
0.14805785795546889,0.9177219943816005
0.14822038030229157,0.9177219943816005
0.14822038030229157,0.9177820842159028
0.14822038030229157,0.9178271515916295
0.14822038030229157,0.9178421740502051
0.14822038030229157,0.9179323088016584
0.1483016414757029,0.9179323088016584
0.1483016414757029,0.9180224435531119
0.14838290264911425,0.9180224435531119
0.14838290264911425,0.9180675109288386
0.14854542499593695,0.9180675109288386
0.14854542499593695,0.9180825333874142
0.14870794734275963,0.9180825333874142
0.14878920851617097,0.9180825333874142
0.14895173086299365,0.9180825333874142
0.14895173086299365,0.9181426232217165
0.1491955143832277,0.9181426232217165
0.1491955143832277,0.918157645680292
0.14952055907687306,0.918157645680292
0.14952055907687306,0.9182477804317455
0.1496018202502844,0.9182477804317455
0.1496018202502844,0.9182778253488966
0.1496018202502844,0.9183078702660478
0.14968308142369577,0.9183078702660478
0.14968308142369577,0.9183529376417745
0.14968308142369577,0.91836796010035
0.14984560377051845,0.91836796010035
0.14984560377051845,0.9184430723932279
0.15000812611734113,0.9184430723932279
0.15000812611734113,0.9185031622275301
0.15017064846416384,0.9185031622275301
0.15033317081098652,0.9185031622275301
0.15041443198439786,0.9185031622275301
0.15041443198439786,0.9185932969789836
0.15041443198439786,0.9186233418961347
0.15041443198439786,0.9186533868132859
0.15041443198439786,0.9186984541890125
0.15057695433122054,0.9186984541890125
0.15057695433122054,0.9187585440233148
0.15057695433122054,0.9188036113990415
0.15065821550463188,0.9188036113990415
0.15065821550463188,0.9189237910676461
0.15073947667804324,0.9189237910676461
0.15073947667804324,0.9189688584433728
0.15073947667804324,0.918998903360524
0.15073947667804324,0.9191040605705529
0.15090199902486592,0.9191040605705529
0.15090199902486592,0.9191341054877041
0.15090199902486592,0.9191641504048552
0.15098326019827726,0.9191641504048552
0.15098326019827726,0.9192242402391575
0.15114578254509994,0.9192242402391575
0.15114578254509994,0.9192542851563087
0.15122704371851128,0.9192542851563087
0.15122704371851128,0.9192843300734598
0.15122704371851128,0.919314374990611
0.15122704371851128,0.91941953220064
0.15122704371851128,0.9194495771177911
0.15122704371851128,0.9194946444935178
0.15122704371851128,0.9196298466206979
0.15122704371851128,0.9197500262893025
0.15130830489192265,0.9197500262893025
0.15130830489192265,0.9197800712064537
0.15130830489192265,0.9198101161236047
0.15130830489192265,0.9198551834993315
0.151389566065334,0.9198551834993315
0.151389566065334,0.9198852284164827
0.151389566065334,0.9199603407093605
0.15147082723874533,0.9199603407093605
0.15147082723874533,0.9201105652951161
0.15155208841215667,0.9201105652951161
0.15155208841215667,0.9201706551294185
0.15155208841215667,0.9202157225051452
0.15155208841215667,0.9202457674222964
0.151633349585568,0.9202457674222964
0.151633349585568,0.9203509246323254
0.151633349585568,0.9204560818423543
0.151633349585568,0.9204861267595055
0.15171461075897935,0.9204861267595055
0.15171461075897935,0.9205311941352322
0.1517958719323907,0.9205311941352322
0.1517958719323907,0.9205462165938078
0.15187713310580206,0.9205462165938078
0.15187713310580206,0.9206213288866856
0.15187713310580206,0.9206663962624123
0.15187713310580206,0.9206814187209879
0.15203965545262474,0.9206814187209879
0.15203965545262474,0.920711463638139
0.15203965545262474,0.9208166208481681
0.15212091662603608,0.9208166208481681
0.15212091662603608,0.9208316433067436
0.15220217779944742,0.9208316433067436
0.15220217779944742,0.9208466657653192
0.15228343897285876,0.9208466657653192
0.15228343897285876,0.9209968903510749
0.1523647001462701,0.9209968903510749
0.1523647001462701,0.921026935268226
0.1523647001462701,0.9210569801853772
0.1525272224930928,0.9210569801853772
0.1525272224930928,0.9210720026439527
0.15260848366650415,0.9210720026439527
0.15260848366650415,0.9210870251025283
0.1526897448399155,0.9210870251025283
0.1526897448399155,0.921132092478255
0.15277100601332683,0.921132092478255
0.15277100601332683,0.9211471149368305
0.15285226718673817,0.9211471149368305
0.15285226718673817,0.9211621373954061
0.15285226718673817,0.9211921823125573
0.15285226718673817,0.9212522721468596
0.15293352836014953,0.9212522721468596
0.15293352836014953,0.9212823170640106
0.15309605070697221,0.9212823170640106
0.15317731188038355,0.9212823170640106
0.15317731188038355,0.9213273844397374
0.1532585730537949,0.9213273844397374
0.1532585730537949,0.9213574293568886
0.15333983422720623,0.9213574293568886
0.15333983422720623,0.9214325416497664
0.15342109540061757,0.9214325416497664
0.15342109540061757,0.9215226764012199
0.15366487892085162,0.9215226764012199
0.15366487892085162,0.9215977886940977
0.15374614009426296,0.9215977886940977
0.15390866244108564,0.9215977886940977
0.15390866244108564,0.9216278336112488
0.15390866244108564,0.9216578785284
0.15398992361449698,0.9216578785284
0.15398992361449698,0.9217029459041267
0.15398992361449698,0.9217329908212778
0.1541524459613197,0.9217329908212778
0.1541524459613197,0.9218832154070336
0.15431496830814237,0.9218832154070336
0.15431496830814237,0.9219583276999114
0.15431496830814237,0.9220033950756381
0.15431496830814237,0.9220634849099404
0.1543962294815537,0.9220634849099404
0.15447749065496505,0.9220785073685159
0.15447749065496505,0.9220935298270915
0.1545587518283764,0.9220935298270915
0.1545587518283764,0.9221085522856671
0.15464001300178776,0.9221085522856671
0.15464001300178776,0.9221385972028182
0.15464001300178776,0.922213709495696
0.1547212741751991,0.922213709495696
0.1547212741751991,0.9223338891643006
0.15480253534861044,0.9223338891643006
0.15480253534861044,0.9223789565400273
0.15496505769543312,0.9223789565400273
0.15504631886884446,0.9223789565400273
0.15504631886884446,0.9224090014571785
0.15504631886884446,0.9224390463743296
0.15504631886884446,0.9224690912914808
0.15504631886884446,0.9224991362086319
0.15504631886884446,0.9225141586672074
0.15504631886884446,0.9225442035843586
0.15504631886884446,0.9225742485015097
0.15504631886884446,0.9226944281701143
0.1551275800422558,0.9226944281701143
0.1551275800422558,0.922739495545841
0.15520884121566716,0.922739495545841
0.15520884121566716,0.9227995853801433
0.15537136356248984,0.9227995853801433
0.15561514708272386,0.9227995853801433
0.1556964082561352,0.9227995853801433
0.1556964082561352,0.92284465275587
0.15594019177636925,0.92284465275587
0.15594019177636925,0.922949809965899
0.15594019177636925,0.9230249222587769
0.1560214529497806,0.9230249222587769
0.1560214529497806,0.9231751468445326
0.15610271412319193,0.9231751468445326
0.15610271412319193,0.9231901693031082
0.15610271412319193,0.9232202142202592
0.15610271412319193,0.9232352366788349
0.15618397529660327,0.9232352366788349
0.15618397529660327,0.9234305286403173
0.15618397529660327,0.9234605735574685
0.15618397529660327,0.923475596016044
0.15618397529660327,0.9235056409331951
0.15618397529660327,0.923580753226073
0.15626523647001464,0.923580753226073
0.15626523647001464,0.9236408430603753
0.15642775881683732,0.9236408430603753
0.15642775881683732,0.9236558655189508
0.15659028116366,0.9236558655189508
0.15659028116366,0.9236859104361019
0.15675280351048268,0.9236859104361019
0.1569153258573054,0.9236859104361019
0.1569153258573054,0.9237309778118287
0.1569153258573054,0.9237760451875554
0.1569153258573054,0.923926269773311
0.15699658703071673,0.923926269773311
0.15699658703071673,0.9239412922318867
0.15699658703071673,0.9239713371490378
0.15699658703071673,0.9239863596076133
0.15707784820412807,0.9239863596076133
0.15707784820412807,0.9240164045247645
0.1571591093775394,0.9240164045247645
0.1571591093775394,0.9240314269833401
0.1571591093775394,0.9240614719004913
0.1571591093775394,0.924106539276218
0.15724037055095075,0.924106539276218
0.15724037055095075,0.9241215617347935
0.1573216317243621,0.9241215617347935
0.1573216317243621,0.9242717863205492
0.15740289289777346,0.9242717863205492
0.15756541524459614,0.9242717863205492
0.15756541524459614,0.9242868087791248
0.15772793759141882,0.9242868087791248
0.15772793759141882,0.9243168536962759
0.15780919876483016,0.9243168536962759
0.15780919876483016,0.9243318761548515
0.15780919876483016,0.9243919659891537
0.1578904599382415,0.9243919659891537
0.1578904599382415,0.9244370333648805
0.15797172111165286,0.9244370333648805
0.15797172111165286,0.924452055823456
0.1580529822850642,0.924452055823456
0.15829676580529822,0.924452055823456
0.15837802697870956,0.924452055823456
0.15837802697870956,0.9244971231991828
0.15854054932553227,0.9244971231991828
0.15854054932553227,0.9245121456577583
0.1586218104989436,0.9245121456577583
0.1586218104989436,0.9245722354920606
0.1586218104989436,0.9246022804092118
0.1586218104989436,0.9246173028677873
0.1586218104989436,0.9246773927020896
0.1586218104989436,0.9247224600778163
0.15870307167235495,0.9247224600778163
0.15870307167235495,0.9247675274535431
0.15870307167235495,0.9247975723706942
0.1587843328457663,0.9247975723706942
0.1587843328457663,0.9248276172878453
0.1587843328457663,0.9248726846635721
0.1587843328457663,0.9249027295807232
0.15886559401917763,0.9249027295807232
0.15886559401917763,0.9249327744978744
0.15894685519258897,0.9249327744978744
0.15894685519258897,0.9249928643321766
0.15894685519258897,0.9250078867907522
0.15910937753941168,0.9250078867907522
0.15910937753941168,0.9250379317079033
0.15927189988623436,0.9250379317079033
0.15927189988623436,0.9250529541664789
0.15943442223305704,0.9250529541664789
0.15943442223305704,0.92508299908363
0.15943442223305704,0.9251130440007812
0.15943442223305704,0.9251280664593567
0.15943442223305704,0.9251581113765078
0.15943442223305704,0.9251731338350835
0.15951568340646838,0.9251731338350835
0.15951568340646838,0.9252332236693858
0.15951568340646838,0.9252632685865368
0.15951568340646838,0.9253233584208391
0.15959694457987975,0.9253233584208391
0.15959694457987975,0.9253984707137171
0.15959694457987975,0.9254585605480193
0.15967820575329109,0.9254585605480193
0.15967820575329109,0.9255637177580482
0.15975946692670243,0.9255637177580482
0.15975946692670243,0.9255937626751994
0.15984072810011377,0.9255937626751994
0.15984072810011377,0.925608785133775
0.1599219892735251,0.925608785133775
0.16016577279375915,0.925608785133775
0.16016577279375915,0.9256238075923505
0.1602470339671705,0.9256238075923505
0.1602470339671705,0.9256538525095017
0.16032829514058183,0.9256538525095017
0.16032829514058183,0.9256989198852285
0.1604908174874045,0.9256989198852285
0.1604908174874045,0.9257289648023795
0.1604908174874045,0.9257590097195307
0.16057207866081585,0.9257590097195307
0.16057207866081585,0.9257740321781063
0.16057207866081585,0.925819099553833
0.16057207866081585,0.9258491444709841
0.1606533398342272,0.9258491444709841
0.1606533398342272,0.9258791893881353
0.1606533398342272,0.9259092343052864
0.1608158621810499,0.9259092343052864
0.1608158621810499,0.9260294139738909
0.16097838452787258,0.9260294139738909
0.16097838452787258,0.9260744813496177
0.16105964570128392,0.9260744813496177
0.16105964570128392,0.9261495936424955
0.16105964570128392,0.9261796385596467
0.16105964570128392,0.9262697733111
0.16105964570128392,0.9263148406868268
0.16105964570128392,0.9263599080625535
0.16114090687469526,0.9263599080625535
0.16114090687469526,0.9264049754382803
0.16130342922151797,0.9264049754382803
0.16130342922151797,0.9264951101897336
0.1613846903949293,0.9264951101897336
0.1613846903949293,0.9265251551068848
0.1613846903949293,0.9265552000240359
0.1613846903949293,0.9265702224826114
0.1613846903949293,0.9266002673997626
0.16146595156834065,0.9266002673997626
0.16146595156834065,0.9267204470683672
0.161547212741752,0.9267204470683672
0.161547212741752,0.9267655144440939
0.16162847391516333,0.9267655144440939
0.16162847391516333,0.926795559361245
0.16162847391516333,0.9268256042783962
0.1621160409556314,0.9268256042783962
0.1621160409556314,0.9269457839470008
0.16219730212904274,0.9269457839470008
0.16219730212904274,0.9269758288641519
0.16219730212904274,0.9269908513227275
0.16219730212904274,0.9270208962398786
0.16219730212904274,0.9270659636156053
0.16219730212904274,0.9271260534499076
0.16235982447586544,0.9271260534499076
0.16235982447586544,0.9271560983670587
0.16235982447586544,0.9271711208256344
0.1626848691695108,0.9271711208256344
0.1626848691695108,0.927216188201361
0.1626848691695108,0.9272462331185122
0.1626848691695108,0.9272612555770877
0.1626848691695108,0.9273063229528145
0.1626848691695108,0.9273513903285412
0.16284739151633348,0.9273513903285412
0.16284739151633348,0.9274114801628435
0.16292865268974485,0.9274114801628435
0.16292865268974485,0.9275767272071748
0.1630099138631562,0.9275767272071748
0.1630099138631562,0.9276067721243259
0.16309117503656753,0.9276067721243259
0.16309117503656753,0.927636817041477
0.16309117503656753,0.9277720191686571
0.1632536973833902,0.9277720191686571
0.1632536973833902,0.9278321090029594
0.16333495855680155,0.9278321090029594
0.16333495855680155,0.9278921988372617
0.16349748090362426,0.9278921988372617
0.16349748090362426,0.927952288671564
0.1635787420770356,0.927952288671564
0.1635787420770356,0.9280424234230175
0.16366000325044694,0.9280424234230175
0.16366000325044694,0.9280724683401685
0.16374126442385828,0.9280724683401685
0.16374126442385828,0.9281025132573197
0.16382252559726962,0.9281025132573197
0.16382252559726962,0.928162603091622
0.16382252559726962,0.9282377153844998
0.16382252559726962,0.9282827827602266
0.16390378677068096,0.9282827827602266
0.16390378677068096,0.9283578950531044
0.1639850479440923,0.9283578950531044
0.1639850479440923,0.9283879399702555
0.1639850479440923,0.9284179848874067
0.16406630911750367,0.9284179848874067
0.16406630911750367,0.9284480298045578
0.16406630911750367,0.928478074721709
0.16406630911750367,0.9286132768488891
0.164147570290915,0.9286132768488891
0.164147570290915,0.9286282993074647
0.16422883146432635,0.9286282993074647
0.16422883146432635,0.928688389141767
0.16447261498456037,0.928688389141767
0.16447261498456037,0.9287034116003425
0.16447261498456037,0.9287484789760693
0.16455387615797173,0.9287484789760693
0.16455387615797173,0.9287635014346448
0.1648789208516171,0.9287635014346448
0.1648789208516171,0.9287785238932204
0.1648789208516171,0.9288085688103715
0.1648789208516171,0.9288386137275226
0.16504144319843977,0.9288386137275226
0.16504144319843977,0.9288686586446738
0.16504144319843977,0.9288836811032494
0.16512270437185114,0.9288836811032494
0.16512270437185114,0.9289287484789761
0.16512270437185114,0.9289738158547027
0.16512270437185114,0.9289888383132784
0.16512270437185114,0.9290188832304295
0.16512270437185114,0.929139062899034
0.16520396554526248,0.929139062899034
0.16520396554526248,0.9291540853576096
0.16528522671867382,0.9291540853576096
0.16528522671867382,0.929244220109063
0.16536648789208516,0.929244220109063
0.16536648789208516,0.9292592425676386
0.1654477490654965,0.9292592425676386
0.1654477490654965,0.9293193324019409
0.16552901023890784,0.9293193324019409
0.16552901023890784,0.9293343548605165
0.16561027141231918,0.9293343548605165
0.16561027141231918,0.9293493773190921
0.16569153258573055,0.9293493773190921
0.16569153258573055,0.9294395120705454
0.1657727937591419,0.9294395120705454
0.1657727937591419,0.9294695569876966
0.16585405493255323,0.9294695569876966
0.16585405493255323,0.9294845794462722
0.1660165772793759,0.9294845794462722
0.1660165772793759,0.9294996019048477
0.1661790996261986,0.9294996019048477
0.1661790996261986,0.9295146243634234
0.1661790996261986,0.9295446692805744
0.16626036079960996,0.9295446692805744
0.16626036079960996,0.9295747141977256
0.16626036079960996,0.9296197815734523
0.16650414431984398,0.9296197815734523
0.166747927840078,0.9296197815734523
0.1669104501869007,0.9296197815734523
0.1669104501869007,0.929664848949179
0.16699171136031205,0.929664848949179
0.16699171136031205,0.9296948938663302
0.16707297253372339,0.9297099163249057
0.16707297253372339,0.9297249387834813
0.16715423370713473,0.9297249387834813
0.16715423370713473,0.9297549837006325
0.16731675605395743,0.9297549837006325
0.16731675605395743,0.929770006159208
0.16772306192101413,0.929770006159208
0.16772306192101413,0.929875163369237
0.16812936778807086,0.929875163369237
0.16812936778807086,0.9299352532035393
0.16829189013489354,0.9299352532035393
0.16837315130830488,0.9299352532035393
0.16837315130830488,0.929980320579266
0.16845441248171625,0.929980320579266
0.16845441248171625,0.9299953430378416
0.1685356736551276,0.9299953430378416
0.1685356736551276,0.9300103654964171
0.16861693482853893,0.9300103654964171
0.16861693482853893,0.9301155227064462
0.1687794571753616,0.9301155227064462
0.1687794571753616,0.9301605900821729
0.16886071834877295,0.9301605900821729
0.16886071834877295,0.9302507248336263
0.1689419795221843,0.9302507248336263
0.1689419795221843,0.9303258371265041
0.16902324069559566,0.9303258371265041
0.16902324069559566,0.9303709045022308
0.16902324069559566,0.930400949419382
0.16902324069559566,0.9304159718779575
0.169104501869007,0.9304159718779575
0.169104501869007,0.9304309943365331
0.16918576304241834,0.9304309943365331
0.16918576304241834,0.9305211290879866
0.16918576304241834,0.9305511740051376
0.16918576304241834,0.9305962413808644
0.16918576304241834,0.9306262862980156
0.16934828538924102,0.9306262862980156
0.16934828538924102,0.9306713536737422
0.16934828538924102,0.9307013985908934
0.16942954656265236,0.9307013985908934
0.16942954656265236,0.930716421049469
0.16959206890947506,0.930716421049469
0.16959206890947506,0.9307915333423468
0.16959206890947506,0.930821578259498
0.16959206890947506,0.9308666456352247
0.16959206890947506,0.9308966905523758
0.16959206890947506,0.9309567803866781
0.16959206890947506,0.9309868253038293
0.16959206890947506,0.9310469151381315
0.1696733300828864,0.9310469151381315
0.1696733300828864,0.9310919825138582
0.16975459125629774,0.9310919825138582
0.16975459125629774,0.9311220274310094
0.16983585242970908,0.9311220274310094
0.16983585242970908,0.9311370498895849
0.16991711360312042,0.9311370498895849
0.16991711360312042,0.9311520723481606
0.16999837477653176,0.9311520723481606
0.16999837477653176,0.9311971397238872
0.17007963594994313,0.9311971397238872
0.17007963594994313,0.9312422070996139
0.1702421582967658,0.9312422070996139
0.1702421582967658,0.9313022969339162
0.1704046806435885,0.9313022969339162
0.1704046806435885,0.9313473643096429
0.1704046806435885,0.9313924316853697
0.1704046806435885,0.9314224766025208
0.17056720299041117,0.9314224766025208
0.17056720299041117,0.9314374990610963
0.17064846416382254,0.9314374990610963
0.17064846416382254,0.9317079033154566
0.17072972533723388,0.9317079033154566
0.17072972533723388,0.9317379482326077
0.17081098651064522,0.9317379482326077
0.17081098651064522,0.9317529706911833
0.17081098651064522,0.9317980380669101
0.17089224768405656,0.9317980380669101
0.17089224768405656,0.9318280829840612
0.1709735088574679,0.9318280829840612
0.1709735088574679,0.9318431054426367
0.17113603120429058,0.9318431054426367
0.17113603120429058,0.9318881728183634
0.17146107589793597,0.9318881728183634
0.17146107589793597,0.9319182177355146
0.17146107589793597,0.9319933300283925
0.17146107589793597,0.9320233749455435
0.17146107589793597,0.9320834647798458
0.1715423370713473,0.9320834647798458
0.1715423370713473,0.9321435546141481
0.17162359824475865,0.9321435546141481
0.17162359824475865,0.9321585770727238
0.17178612059158135,0.9321585770727238
0.17178612059158135,0.932218666907026
0.17194864293840403,0.932218666907026
0.17194864293840403,0.932323824117055
0.17194864293840403,0.9323538690342061
0.17194864293840403,0.9323839139513572
0.17202990411181537,0.9323839139513572
0.17202990411181537,0.9323989364099329
0.17202990411181537,0.932428981327084
0.17202990411181537,0.9324890711613862
0.1721111652852267,0.9324890711613862
0.1721111652852267,0.9325040936199619
0.1722736876320494,0.9325040936199619
0.1722736876320494,0.9325191160785374
0.17235494880546076,0.9325191160785374
0.17235494880546076,0.9325491609956885
0.17235494880546076,0.9325942283714153
0.1724362099788721,0.9325942283714153
0.1724362099788721,0.932639295747142
0.17251747115228344,0.932639295747142
0.17251747115228344,0.9327144080400198
0.17259873232569478,0.9327144080400198
0.17259873232569478,0.932744452957171
0.17259873232569478,0.9329097000015022
0.17267999349910612,0.9329097000015022
0.17267999349910612,0.9329247224600778
0.17276125467251746,0.9329247224600778
0.17276125467251746,0.9330148572115312
0.17292377701934017,0.9330148572115312
0.17292377701934017,0.933059924587258
0.1730050381927515,0.933059924587258
0.1730050381927515,0.9331500593387114
0.1730050381927515,0.9331801042558625
0.1730050381927515,0.9332251716315892
0.17308629936616285,0.9332251716315892
0.17308629936616285,0.9332552165487403
0.17324882171298553,0.9332552165487403
0.17324882171298553,0.9333453513001938
0.17324882171298553,0.9333904186759205
0.17333008288639687,0.9333904186759205
0.17333008288639687,0.9334204635930716
0.17333008288639687,0.9334354860516472
0.17341134405980824,0.9334354860516472
0.17341134405980824,0.9334655309687984
0.17349260523321958,0.9334655309687984
0.17349260523321958,0.9334805534273739
0.17365512758004226,0.9334805534273739
0.17365512758004226,0.9335105983445251
0.1737363887534536,0.9335105983445251
0.1737363887534536,0.9335706881788274
0.17389891110027628,0.9335706881788274
0.17389891110027628,0.933615755554554
0.17406143344709898,0.933615755554554
0.17406143344709898,0.9336458004717052
0.17414269462051032,0.9336458004717052
0.17414269462051032,0.9337058903060075
0.174305216967333,0.9337058903060075
0.174305216967333,0.933796025057461
0.17446773931415568,0.933796025057461
0.17446773931415568,0.933826069974612
0.17454900048756705,0.933826069974612
0.17454900048756705,0.9338861598089143
0.1746302616609784,0.9338861598089143
0.1746302616609784,0.9339011822674899
0.1746302616609784,0.933931227184641
0.1746302616609784,0.9339462496432166
0.17471152283438973,0.9339462496432166
0.17471152283438973,0.9339762945603678
0.17471152283438973,0.9340363843946701
0.1748740451812124,0.9340363843946701
0.1748740451812124,0.9340814517703967
0.1748740451812124,0.9341114966875479
0.17495530635462375,0.9341114966875479
0.17495530635462375,0.9341265191461234
0.17495530635462375,0.9341866089804257
0.17495530635462375,0.9342016314390013
0.1750365675280351,0.9342016314390013
0.1750365675280351,0.9342316763561525
0.17511782870144646,0.9342316763561525
0.17511782870144646,0.9342617212733035
0.17528035104826914,0.9342617212733035
0.17544287339509182,0.9342617212733035
0.17544287339509182,0.9343668784833326
0.17552413456850316,0.9343668784833326
0.17552413456850316,0.9344720356933616
0.1756053957419145,0.9344720356933616
0.1756053957419145,0.9345171030690883
0.17568665691532587,0.9345171030690883
0.17568665691532587,0.9345771929033906
0.1757679180887372,0.9345771929033906
0.1757679180887372,0.9346072378205417
0.17584917926214855,0.9346072378205417
0.17584917926214855,0.9346523051962684
0.1759304404355599,0.9346523051962684
0.1759304404355599,0.9346823501134196
0.1759304404355599,0.9347424399477219
0.1759304404355599,0.934772484864873
0.17601170160897123,0.934772484864873
0.17601170160897123,0.9348175522405997
0.17625548512920527,0.9348175522405997
0.17625548512920527,0.9348475971577508
0.17633674630261661,0.9348475971577508
0.17633674630261661,0.9349527543677798
0.17658052982285063,0.9349527543677798
0.17658052982285063,0.934982799284931
0.17658052982285063,0.9350128442020821
0.17658052982285063,0.9350428891192333
0.17658052982285063,0.93508795649496
0.17666179099626197,0.93508795649496
0.17666179099626197,0.9351780912464134
0.17674305216967334,0.9351780912464134
0.17674305216967334,0.9352081361635646
0.17682431334308468,0.9352081361635646
0.17682431334308468,0.9352682259978669
0.17690557451649602,0.9352682259978669
0.17690557451649602,0.9353132933735935
0.17690557451649602,0.935403428125047
0.17698683568990736,0.935403428125047
0.17698683568990736,0.9354484955007737
0.17723061921014138,0.9354484955007737
0.17723061921014138,0.9354785404179248
0.17723061921014138,0.9355236077936515
0.17723061921014138,0.9355536527108026
0.17723061921014138,0.9355686751693782
0.1773931415569641,0.9355686751693782
0.17755566390378677,0.9355686751693782
0.17755566390378677,0.9355836976279538
0.1777994474240208,0.9355836976279538
0.1777994474240208,0.9355987200865293
0.1777994474240208,0.9356287650036805
0.1777994474240208,0.9356437874622561
0.1779619697708435,0.9356437874622561
0.1779619697708435,0.9356588099208316
0.1779619697708435,0.9356888548379828
0.1779619697708435,0.9357038772965584
0.17812449211766618,0.9357038772965584
0.17812449211766618,0.9357339222137095
0.17812449211766618,0.9357639671308606
0.17812449211766618,0.9358541018823141
0.17820575329107752,0.9358541018823141
0.17820575329107752,0.9358991692580407
0.17828701446448886,0.9358991692580407
0.17828701446448886,0.9359141917166164
0.1783682756379002,0.9359141917166164
0.1783682756379002,0.9359292141751919
0.1785307979847229,0.9359292141751919
0.1785307979847229,0.9359742815509187
0.17869332033154559,0.9359742815509187
0.17869332033154559,0.9359893040094942
0.17869332033154559,0.9360193489266453
0.17893710385177963,0.9360193489266453
0.17893710385177963,0.936064416302372
0.17901836502519097,0.936064416302372
0.17901836502519097,0.9360944612195232
0.17966845441248172,0.9360944612195232
0.17966845441248172,0.9361094836780988
0.17966845441248172,0.9361395285952498
0.17966845441248172,0.9362296633467033
0.1798309767593044,0.9362296633467033
0.1798309767593044,0.9362597082638545
0.1798309767593044,0.9362747307224301
0.17999349910612708,0.9362747307224301
0.17999349910612708,0.9363197980981568
0.18007476027953845,0.9363197980981568
0.18031854379977247,0.9363197980981568
0.18031854379977247,0.9363949103910346
0.1803998049731838,0.9363949103910346
0.1803998049731838,0.9364700226839124
0.1803998049731838,0.9365000676010636
0.18048106614659515,0.9365000676010636
0.18048106614659515,0.9365150900596392
0.1805623273200065,0.9365150900596392
0.1805623273200065,0.9365301125182147
0.1807248496668292,0.9365301125182147
0.1807248496668292,0.9365451349767903
0.18080611084024054,0.9365451349767903
0.18080611084024054,0.9366352697282437
0.18080611084024054,0.9366803371039705
0.18088737201365188,0.9366803371039705
0.18088737201365188,0.936695359562546
0.18096863318706322,0.936695359562546
0.18096863318706322,0.9367103820211216
0.18104989436047456,0.9367103820211216
0.18104989436047456,0.9367254044796971
0.1811311555338859,0.9367254044796971
0.1811311555338859,0.9367554493968483
0.18121241670729726,0.9367554493968483
0.18121241670729726,0.9367704718554238
0.18137493905411994,0.9367704718554238
0.18137493905411994,0.936800516772575
0.18137493905411994,0.9368155392311506
0.18145620022753128,0.9368155392311506
0.18145620022753128,0.9368756290654529
0.18153746140094262,0.9368756290654529
0.18153746140094262,0.9369657638169063
0.18153746140094262,0.9369958087340574
0.18153746140094262,0.937010831192633
0.18161872257435396,0.937010831192633
0.18161872257435396,0.9370258536512086
0.18178124492117667,0.9370258536512086
0.18178124492117667,0.9370709210269352
0.181862506094588,0.9370709210269352
0.181862506094588,0.937115988402662
0.18194376726799935,0.937115988402662
0.18194376726799935,0.9371310108612375
0.1820250284414107,0.9371310108612375
0.1820250284414107,0.937221145612691
0.18218755078823337,0.937221145612691
0.18218755078823337,0.9372361680712665
0.18218755078823337,0.9372662129884177
0.18218755078823337,0.9372812354469933
0.18226881196164474,0.9372812354469933
0.18226881196164474,0.93732630282272
0.1825938566552901,0.93732630282272
0.18275637900211278,0.93732630282272
0.18275637900211278,0.9374314600327489
0.18275637900211278,0.9374615049499001
0.18275637900211278,0.9374765274084756
0.18283764017552415,0.9374765274084756
0.18283764017552415,0.9375065723256268
0.1829189013489355,0.9375065723256268
0.1829189013489355,0.9375215947842024
0.18300016252234683,0.9375215947842024
0.18300016252234683,0.9375666621599291
0.18308142369575817,0.9375666621599291
0.18308142369575817,0.9375967070770802
0.18308142369575817,0.9376267519942314
0.18308142369575817,0.9376718193699581
0.18324394604258085,0.9376718193699581
0.18324394604258085,0.9377168867456848
0.18324394604258085,0.937746931662836
0.18324394604258085,0.9377619541214115
0.1833252072159922,0.9377619541214115
0.1833252072159922,0.9377919990385627
0.18340646838940355,0.9377919990385627
0.18340646838940355,0.9378070214971382
0.1834877295628149,0.9378070214971382
0.1834877295628149,0.9378821337900161
0.18356899073622623,0.9378821337900161
0.18356899073622623,0.9379272011657428
0.18356899073622623,0.9379872910000451
0.18365025190963757,0.9379872910000451
0.18365025190963757,0.9380173359171962
0.18365025190963757,0.9380473808343474
0.18365025190963757,0.9380774257514984
0.18365025190963757,0.9381375155858007
0.18373151308304891,0.9381375155858007
0.18373151308304891,0.9381675605029519
0.18381277425646025,0.9381675605029519
0.18381277425646025,0.9381825829615275
0.1838940354298716,0.9381825829615275
0.1838940354298716,0.9382426727958297
0.18397529660328296,0.9382426727958297
0.18397529660328296,0.9383328075472832
0.18413781895010564,0.9383328075472832
0.18413781895010564,0.9383478300058588
0.18421908012351698,0.9383478300058588
0.18421908012351698,0.9383628524644343
0.18438160247033966,0.9383628524644343
0.1846253859905737,0.9383628524644343
0.18470664716398505,0.9383628524644343
0.18470664716398505,0.93837787492301
0.18486916951080773,0.93837787492301
0.18486916951080773,0.9384379647573122
0.18495043068421907,0.9384379647573122
0.18495043068421907,0.9384830321330389
0.18495043068421907,0.93851307705019
0.18495043068421907,0.9385581444259168
0.18503169185763044,0.9385581444259168
0.18503169185763044,0.9386332567187946
0.18527547537786446,0.9386332567187946
0.18527547537786446,0.9386633016359457
0.18527547537786446,0.9386783240945213
0.18527547537786446,0.9387083690116724
0.18527547537786446,0.9387834813045502
0.18527547537786446,0.9388135262217014
0.1853567365512758,0.9388135262217014
0.1853567365512758,0.938828548680277
0.1853567365512758,0.9388585935974282
0.1853567365512758,0.9388886385145793
0.1853567365512758,0.9389186834317305
0.1853567365512758,0.9389487283488815
0.18551925889809848,0.9389487283488815
0.18560052007150984,0.9389637508074572
0.18560052007150984,0.9389937957246083
0.18576304241833252,0.9389937957246083
0.18576304241833252,0.9390088181831838
0.18584430359174386,0.9390088181831838
0.18584430359174386,0.9390689080174861
0.1859255647651552,0.9390689080174861
0.1859255647651552,0.9391139753932128
0.1859255647651552,0.9391590427689396
0.18600682593856654,0.9391590427689396
0.18600682593856654,0.9392792224375441
0.18608808711197788,0.9392792224375441
0.18608808711197788,0.9393843796475732
0.1862506094588006,0.9393843796475732
0.1862506094588006,0.939459491940451
0.1864943929790346,0.939459491940451
0.1864943929790346,0.9394895368576022
0.18657565415244595,0.9394895368576022
0.18657565415244595,0.9395045593161777
0.1866569153258573,0.9395045593161777
0.1866569153258573,0.9395496266919044
0.18681943767268,0.9395496266919044
0.18681943767268,0.9395796716090555
0.18690069884609134,0.9395796716090555
0.18690069884609134,0.9396097165262067
0.18698196001950268,0.9396097165262067
0.18698196001950268,0.9397148737362356
0.18714448236632536,0.9397148737362356
0.18714448236632536,0.9398050084876891
0.18714448236632536,0.9398350534048402
0.18730700471314807,0.9398350534048402
0.18730700471314807,0.9398650983219914
0.1873882658865594,0.9398650983219914
0.1873882658865594,0.9398801207805669
0.18746952705997075,0.9398801207805669
0.18763204940679343,0.9398801207805669
0.18763204940679343,0.9399402106148692
0.18771331058020477,0.9399402106148692
0.18795709410043882,0.9399402106148692
0.18795709410043882,0.939985277990596
0.18803835527385016,0.939985277990596
0.18803835527385016,0.9401505250349272
0.18828213879408418,0.9401505250349272
0.18852592231431822,0.9401505250349272
0.18852592231431822,0.9401655474935028
0.1886884446611409,0.9401655474935028
0.1886884446611409,0.9402556822449563
0.18876970583455224,0.9402556822449563
0.18876970583455224,0.9403458169964096
0.18876970583455224,0.9403758619135608
0.18876970583455224,0.9404209292892874
0.18876970583455224,0.9404509742064386
0.18885096700796358,0.9404509742064386
0.18885096700796358,0.9404659966650142
0.1890134893547863,0.9404659966650142
0.1890134893547863,0.9404810191235897
0.18909475052819763,0.9404810191235897
0.18909475052819763,0.9404960415821654
0.18917601170160897,0.9404960415821654
0.18917601170160897,0.940646266167921
0.1892572728750203,0.940646266167921
0.1892572728750203,0.9406763110850722
0.189419795221843,0.9406763110850722
0.189419795221843,0.9407063560022233
0.18950105639525436,0.9407063560022233
0.18950105639525436,0.9407364009193745
0.1895823175686657,0.9407364009193745
0.1895823175686657,0.9407664458365256
0.18966357874207704,0.9407664458365256
0.18982610108889972,0.9407664458365256
0.1899886234357224,0.9407664458365256
0.1899886234357224,0.9408265356708279
0.1899886234357224,0.9408415581294035
0.1899886234357224,0.9408866255051301
0.1899886234357224,0.9409166704222813
0.19006988460913377,0.9409166704222813
0.19006988460913377,0.9409316928808569
0.1901511457825451,0.9409316928808569
0.1901511457825451,0.9409467153394324
0.19031366812936779,0.9409467153394324
0.19031366812936779,0.9409617377980081
0.19039492930277913,0.9409617377980081
0.19039492930277913,0.9410368500908859
0.19047619047619047,0.9410368500908859
0.19047619047619047,0.9410819174666126
0.19055745164960183,0.9410819174666126
0.19055745164960183,0.9411269848423393
0.19055745164960183,0.9411570297594904
0.19063871282301317,0.9411570297594904
0.19063871282301317,0.9412621869695195
0.1907199739964245,0.9412621869695195
0.1907199739964245,0.941277209428095
0.19080123516983585,0.941277209428095
0.19080123516983585,0.9412922318866705
0.19096375751665853,0.9412922318866705
0.19112627986348124,0.9412922318866705
0.19112627986348124,0.9413372992623973
0.19120754103689258,0.9413372992623973
0.19120754103689258,0.941382366638124
0.19120754103689258,0.9414424564724263
0.19120754103689258,0.9414574789310018
0.19153258573053794,0.9414574789310018
0.19153258573053794,0.9414725013895774
0.192020152771006,0.9414725013895774
0.192020152771006,0.9415175687653041
0.19226393629124006,0.9415175687653041
0.19226393629124006,0.9415776585996064
0.19250771981147408,0.9415776585996064
0.19250771981147408,0.9416377484339087
0.19267024215829676,0.9416377484339087
0.19267024215829676,0.9416677933510599
0.1927515033317081,0.9416677933510599
0.1927515033317081,0.941697838268211
0.19283276450511946,0.941697838268211
0.19283276450511946,0.9417128607267865
0.19299528685194214,0.9417128607267865
0.19299528685194214,0.9417278831853622
0.19332033154558753,0.9417278831853622
0.19332033154558753,0.9417429056439377
0.19332033154558753,0.9417729505610888
0.19340159271899887,0.9417729505610888
0.19340159271899887,0.9417879730196644
0.19356411506582155,0.9417879730196644
0.19356411506582155,0.94180299547824
0.19356411506582155,0.9418330403953911
0.19356411506582155,0.9418630853125423
0.19356411506582155,0.9418931302296933
0.1936453762392329,0.9418931302296933
0.1936453762392329,0.9419231751468445
0.19380789858605557,0.9419231751468445
0.19380789858605557,0.9419532200639956
0.19380789858605557,0.9419832649811468
0.19397042093287828,0.9419832649811468
0.19397042093287828,0.9420133098982979
0.19413294327970096,0.9420133098982979
0.19413294327970096,0.9420433548154491
0.1942142044531123,0.9420433548154491
0.1942142044531123,0.9421184671083269
0.19429546562652364,0.9421184671083269
0.19429546562652364,0.9421485120254781
0.19437672679993498,0.9421485120254781
0.19437672679993498,0.9422086018597804
0.19445798797334635,0.9422086018597804
0.19445798797334635,0.9422536692355071
0.1945392491467577,0.9422536692355071
0.1945392491467577,0.9422837141526582
0.19470177149358037,0.9422837141526582
0.19470177149358037,0.9422987366112338
0.19486429384040305,0.9422987366112338
0.19486429384040305,0.9424038938212628
0.19502681618722575,0.9424038938212628
0.19502681618722575,0.9424489611969895
0.19502681618722575,0.9424790061141406
0.19502681618722575,0.9425541184070185
0.1951080773606371,0.9425541184070185
0.1951080773606371,0.9425991857827452
0.19518933853404843,0.9425991857827452
0.19518933853404843,0.9426142082413208
0.19518933853404843,0.9426742980756231
0.19518933853404843,0.9426893205341986
0.19527059970745977,0.9426893205341986
0.19527059970745977,0.9427193654513498
0.19535186088087111,0.9427193654513498
0.19535186088087111,0.9427343879099254
0.19543312205428245,0.9427343879099254
0.19543312205428245,0.9427644328270764
0.19543312205428245,0.9428695900371055
0.19559564440110516,0.9428695900371055
0.19559564440110516,0.9429597247885589
0.19575816674792784,0.9429597247885589
0.19575816674792784,0.9430047921642856
0.19592068909475052,0.9430047921642856
0.19592068909475052,0.9431099493743146
0.19600195026816186,0.9431099493743146
0.19600195026816186,0.9431399942914658
0.19616447261498457,0.9431399942914658
0.19616447261498457,0.9431700392086169
0.19616447261498457,0.9432451515014947
0.19616447261498457,0.9432751964186459
0.19632699496180725,0.9432751964186459
0.19632699496180725,0.9432902188772214
0.1964082561352186,0.9432902188772214
0.1964082561352186,0.9433953760872504
0.1964082561352186,0.9434254210044016
0.19648951730862993,0.9434254210044016
0.19648951730862993,0.9434554659215527
0.19648951730862993,0.9435305782144305
0.19648951730862993,0.9435606231315817
0.19648951730862993,0.9435906680487328
0.19657077848204127,0.9435906680487328
0.19657077848204127,0.943620712965884
0.19681456200227532,0.943620712965884
0.19681456200227532,0.9436357354244596
0.196977084349098,0.9436357354244596
0.196977084349098,0.9436507578830351
0.19713960669592068,0.9436507578830351
0.19713960669592068,0.9436808028001863
0.19730212904274338,0.9436808028001863
0.19730212904274338,0.943725870175913
0.1975459125629774,0.943725870175913
0.1975459125629774,0.9437559150930641
0.19770843490980008,0.9437559150930641
0.19770843490980008,0.9437709375516397
0.19778969608321145,0.9437709375516397
0.19778969608321145,0.9437859600102153
0.19803347960344547,0.9437859600102153
0.19819600195026815,0.9437859600102153
0.19819600195026815,0.9438009824687908
0.1984397854705022,0.9438009824687908
0.1984397854705022,0.9438160049273664
0.1984397854705022,0.9438610723030931
0.1984397854705022,0.9438760947616687
0.19852104664391354,0.9438760947616687
0.19852104664391354,0.9438911172202442
0.19860230781732488,0.9438911172202442
0.19860230781732488,0.9439512070545465
0.1990086136843816,0.9439512070545465
0.1990086136843816,0.9439962744302732
0.19908987485779295,0.9439962744302732
0.19908987485779295,0.9440112968888489
0.1991711360312043,0.9440112968888489
0.1991711360312043,0.9440263193474244
0.1991711360312043,0.9440563642645755
0.19933365837802697,0.9440563642645755
0.19933365837802697,0.9440713867231512
0.19941491955143834,0.9440713867231512
0.19941491955143834,0.9441014316403022
0.19949618072484968,0.9441014316403022
0.19949618072484968,0.9441314765574534
0.19957744189826102,0.9441314765574534
0.19957744189826102,0.9441615214746045
0.19965870307167236,0.9441615214746045
0.19965870307167236,0.9441915663917557
0.19965870307167236,0.9442216113089068
0.1997399642450837,0.9442216113089068
0.1997399642450837,0.9442666786846335
0.19990248659190638,0.9442666786846335
0.19990248659190638,0.9443117460603603
0.19990248659190638,0.9443417909775114
0.19990248659190638,0.9444018808118136
0.19998374776531774,0.9444018808118136
0.19998374776531774,0.9444319257289648
0.20006500893872908,0.9444319257289648
0.20006500893872908,0.9444619706461159
0.20006500893872908,0.9444920155632671
0.20014627011214042,0.9444920155632671
0.20014627011214042,0.9445220604804182
0.20014627011214042,0.9445671278561449
0.2003087924589631,0.9445671278561449
0.2003087924589631,0.944597172773296
0.20039005363237444,0.944597172773296
0.20039005363237444,0.9446272176904472
0.20047131480578578,0.9446272176904472
0.20047131480578578,0.9446422401490228
0.20055257597919715,0.9446422401490228
0.20055257597919715,0.9446873075247495
0.2006338371526085,0.9446873075247495
0.2006338371526085,0.944702329983325
0.20071509832601983,0.944702329983325
0.20071509832601983,0.9448074871933541
0.20071509832601983,0.9448375321105053
0.20071509832601983,0.9449426893205342
0.20079635949943117,0.9449426893205342
0.20079635949943117,0.9449727342376854
0.20095888184625385,0.9449727342376854
0.20095888184625385,0.9450027791548364
0.2012026653664879,0.9450027791548364
0.20128392653989924,0.9450027791548364
0.20128392653989924,0.9450628689891387
0.20136518771331058,0.9450628689891387
0.20136518771331058,0.9450929139062899
0.20136518771331058,0.9451079363648655
0.20144644888672192,0.9451079363648655
0.20144644888672192,0.945122958823441
0.20144644888672192,0.9451530037405922
0.20144644888672192,0.9451680261991677
0.20144644888672192,0.9451980711163189
0.20144644888672192,0.9452130935748945
0.20152771006013326,0.9452130935748945
0.20152771006013326,0.94522811603347
0.20185275475377865,0.94522811603347
0.20185275475377865,0.9452581609506212
0.20185275475377865,0.9452882058677723
0.20193401592718999,0.9452882058677723
0.20193401592718999,0.9453783406192258
0.20201527710060133,0.9453783406192258
0.20201527710060133,0.9453933630778013
0.20209653827401267,0.9453933630778013
0.20209653827401267,0.9454234079949525
0.20217779944742403,0.9454234079949525
0.20217779944742403,0.945438430453528
0.20225906062083537,0.945438430453528
0.20225906062083537,0.9454684753706791
0.20242158296765805,0.9454684753706791
0.20242158296765805,0.9454985202878303
0.2025028441410694,0.9454985202878303
0.2025028441410694,0.9455135427464059
0.20258410531448073,0.9455135427464059
0.20258410531448073,0.9455285652049814
0.20266536648789207,0.9455285652049814
0.20282788883471478,0.9455285652049814
0.20290915000812612,0.9455285652049814
0.20290915000812612,0.9455886550392837
0.20299041118153746,0.9455886550392837
0.20299041118153746,0.9456036774978593
0.2030716723549488,0.9456036774978593
0.20323419470177148,0.9456036774978593
0.20323419470177148,0.9456337224150104
0.20323419470177148,0.9456637673321616
0.20331545587518285,0.9456637673321616
0.20331545587518285,0.9456938122493127
0.20331545587518285,0.9457238571664639
0.20331545587518285,0.945753902083615
0.20372176174223955,0.945753902083615
0.20372176174223955,0.9458139919179173
0.20372176174223955,0.9458440368350685
0.20372176174223955,0.9458740817522195
0.20372176174223955,0.9459191491279463
0.20372176174223955,0.9459341715865218
0.2038030229156509,0.9459341715865218
0.2038030229156509,0.9459491940450975
0.2039655452624736,0.9459491940450975
0.2039655452624736,0.9460092838793998
0.20404680643588494,0.9460092838793998
0.20404680643588494,0.9460843961722776
0.20412806760929628,0.9460843961722776
0.20412806760929628,0.9461745309237309
0.20420932878270762,0.9461745309237309
0.20420932878270762,0.9461895533823066
0.20429058995611896,0.9461895533823066
0.20429058995611896,0.9462045758408821
0.20437185112953032,0.9462045758408821
0.20437185112953032,0.9462195982994577
0.20445311230294166,0.9462195982994577
0.20445311230294166,0.9462496432166089
0.204534373476353,0.9462496432166089
0.204534373476353,0.9462646656751844
0.20461563464976434,0.9462646656751844
0.20461563464976434,0.9462947105923355
0.20469689582317568,0.9462947105923355
0.20469689582317568,0.9463097330509112
0.20469689582317568,0.9463397779680622
0.20502194051682107,0.9463397779680622
0.20502194051682107,0.9463548004266378
0.2051032016902324,0.9463548004266378
0.2051032016902324,0.946384845343789
0.2051032016902324,0.9464148902609401
0.20518446286364375,0.9464148902609401
0.20518446286364375,0.9464299127195157
0.20534698521046643,0.9464299127195157
0.20542824638387777,0.9464299127195157
0.20542824638387777,0.9464449351780913
0.20559076873070048,0.9464449351780913
0.20559076873070048,0.9465350699295446
0.20567202990411182,0.9465350699295446
0.20567202990411182,0.946595159763847
0.20575329107752316,0.946595159763847
0.20575329107752316,0.9466402271395736
0.20599707459775718,0.9466402271395736
0.20624085811799123,0.9466402271395736
0.20624085811799123,0.9466852945153004
0.20624085811799123,0.9467153394324516
0.20624085811799123,0.9467303618910271
0.20632211929140257,0.9467303618910271
0.20632211929140257,0.9467604068081782
0.2064033804648139,0.9467604068081782
0.2064033804648139,0.9467754292667538
0.2065659028116366,0.9467754292667538
0.2065659028116366,0.9468054741839049
0.20664716398504795,0.9468054741839049
0.20664716398504795,0.9468956089353584
0.2067284251584593,0.9468956089353584
0.2067284251584593,0.9469106313939339
0.2067284251584593,0.9469556987696607
0.2067284251584593,0.9469707212282362
0.2067284251584593,0.9470909008968408
0.2067284251584593,0.9471209458139919
0.2067284251584593,0.9472110805654453
0.20689094750528197,0.9472110805654453
0.20689094750528197,0.9472261030240209
0.20697220867869331,0.9472261030240209
0.20697220867869331,0.9472411254825965
0.2072972533723387,0.9472411254825965
0.2072972533723387,0.9473012153168988
0.20737851454575004,0.9473012153168988
0.20737851454575004,0.9474213949855034
0.20745977571916138,0.9474213949855034
0.20745977571916138,0.9475265521955323
0.20745977571916138,0.947571619571259
0.20745977571916138,0.9475866420298346
0.20754103689257272,0.9475866420298346
0.20754103689257272,0.9476016644884102
0.20762229806598406,0.9476016644884102
0.20762229806598406,0.9476166869469858
0.20762229806598406,0.9476467318641368
0.20762229806598406,0.9476617543227125
0.20770355923939543,0.9476617543227125
0.20770355923939543,0.9477068216984391
0.20778482041280677,0.9477068216984391
0.20778482041280677,0.9477518890741659
0.20794734275962945,0.9477518890741659
0.20794734275962945,0.947781933991317
0.2080286039330408,0.947781933991317
0.2080286039330408,0.9478420238256193
0.20810986510645213,0.9478420238256193
0.20810986510645213,0.9478720687427704
0.20819112627986347,0.9478720687427704
0.20819112627986347,0.9479021136599216
0.20827238745327484,0.9479021136599216
0.20827238745327484,0.9479321585770727
0.20835364862668618,0.9479321585770727
0.20835364862668618,0.9479471810356483
0.20843490980009752,0.9479471810356483
0.20843490980009752,0.9479772259527994
0.20843490980009752,0.9480673607042529
0.20851617097350886,0.9480673607042529
0.20851617097350886,0.9480823831628284
0.20875995449374288,0.9480823831628284
0.20875995449374288,0.948097405621404
0.20900373801397693,0.948097405621404
0.20900373801397693,0.9482175852900085
0.20924752153421095,0.9482175852900085
0.20924752153421095,0.9482926975828864
0.20932878270762229,0.9482926975828864
0.20932878270762229,0.9483377649586131
0.20932878270762229,0.9483527874171886
0.20957256622785633,0.9483527874171886
0.20957256622785633,0.9483828323343398
0.20965382740126767,0.9483828323343398
0.20965382740126767,0.9483978547929154
0.209735088574679,0.9483978547929154
0.209735088574679,0.9484128772514909
0.2100601332683244,0.9484128772514909
0.2100601332683244,0.9484429221686421
0.21014139444173574,0.9484429221686421
0.21014139444173574,0.9484879895443689
0.21022265561514708,0.9484879895443689
0.21022265561514708,0.9485030120029444
0.21038517796196976,0.9485030120029444
0.21038517796196976,0.9485180344615199
0.21038517796196976,0.9485480793786711
0.21038517796196976,0.9486382141301245
0.21046643913538113,0.9486382141301245
0.21046643913538113,0.9486532365887002
0.21071022265561515,0.9486532365887002
0.21071022265561515,0.9486682590472757
0.21071022265561515,0.9486983039644268
0.21071022265561515,0.9487734162573047
0.2107914838290265,0.9487734162573047
0.2107914838290265,0.9488034611744558
0.21095400617584917,0.9488034611744558
0.21095400617584917,0.9488184836330313
0.21119778969608322,0.9488184836330313
0.21119778969608322,0.9488935959259093
0.21119778969608322,0.9489386633016359
0.21119778969608322,0.9489536857602116
0.21127905086949456,0.9489536857602116
0.21127905086949456,0.9490287980530894
0.21127905086949456,0.9490588429702405
0.2113603120429059,0.9490588429702405
0.2113603120429059,0.9490888878873917
0.21144157321631724,0.9490888878873917
0.21144157321631724,0.9491039103459672
0.21176661790996262,0.9491039103459672
0.21176661790996262,0.9491640001802695
0.21184787908337396,0.9491640001802695
0.21201040143019664,0.9491640001802695
0.21201040143019664,0.9491790226388451
0.21209166260360798,0.9491790226388451
0.21209166260360798,0.9492090675559962
0.21217292377701935,0.9492090675559962
0.21217292377701935,0.9492240900145718
0.2122541849504307,0.9492240900145718
0.2122541849504307,0.949254134931723
0.2122541849504307,0.949284179848874
0.2122541849504307,0.9492992023074497
0.21233544612384203,0.9492992023074497
0.21233544612384203,0.9493442696831763
0.21241670729725337,0.9493442696831763
0.21257922964407605,0.9493442696831763
0.21257922964407605,0.9494043595174786
0.2126604908174874,0.9494043595174786
0.2126604908174874,0.9494344044346298
0.2126604908174874,0.9494644493517809
0.2126604908174874,0.9494794718103565
0.2128230131643101,0.9494794718103565
0.2128230131643101,0.9495095167275076
0.21298553551113278,0.9495095167275076
0.21298553551113278,0.9495245391860831
0.21298553551113278,0.9495696065618099
0.21298553551113278,0.9495846290203854
0.21314805785795546,0.9495846290203854
0.21314805785795546,0.9498249883575947
0.2133918413781895,0.9498249883575947
0.2133918413781895,0.9498550332747457
0.2133918413781895,0.9499451680261992
0.21347310255160085,0.9499451680261992
0.21347310255160085,0.9499601904847748
0.2135543637250122,0.9499601904847748
0.2135543637250122,0.9500503252362281
0.21363562489842353,0.9500503252362281
0.21363562489842353,0.9500803701533793
0.21371688607183487,0.9500803701533793
0.21371688607183487,0.950125437529106
0.21379814724524623,0.950125437529106
0.21379814724524623,0.9501554824462571
0.21396066959206891,0.9501554824462571
0.21396066959206891,0.9501705049048327
0.21404193076548025,0.9501705049048327
0.21404193076548025,0.9502005498219839
0.21444823663253698,0.9502005498219839
0.21444823663253698,0.9502606396562862
0.21477328132618234,0.9502606396562862
0.21477328132618234,0.9503057070320129
0.21485454249959368,0.9503057070320129
0.21485454249959368,0.9503207294905884
0.21493580367300505,0.9503207294905884
0.21493580367300505,0.9503507744077395
0.2150170648464164,0.9503507744077395
0.2150170648464164,0.9503958417834663
0.21509832601982773,0.9503958417834663
0.21509832601982773,0.9504559316177685
0.21517958719323907,0.9504559316177685
0.21517958719323907,0.9505009989934953
0.21534210954006175,0.9505009989934953
0.21534210954006175,0.9505761112863731
0.2154233707134731,0.9505761112863731
0.2154233707134731,0.9506211786620998
0.21550463188688446,0.9506211786620998
0.21550463188688446,0.9506362011206754
0.2155858930602958,0.9506362011206754
0.2155858930602958,0.9506662460378266
0.21574841540711848,0.9506662460378266
0.21574841540711848,0.9507263358721288
0.21582967658052982,0.9507263358721288
0.21582967658052982,0.9507864257064311
0.21591093775394116,0.9507864257064311
0.21591093775394116,0.9508014481650067
0.21599219892735252,0.9508014481650067
0.21599219892735252,0.9508765604578845
0.21607346010076386,0.9508765604578845
0.21607346010076386,0.9509066053750357
0.21607346010076386,0.9509366502921868
0.21607346010076386,0.950996740126489
0.2161547212741752,0.950996740126489
0.2161547212741752,0.9510267850436402
0.2161547212741752,0.9510418075022158
0.21623598244758654,0.9510418075022158
0.21623598244758654,0.951071852419367
0.21631724362099788,0.951071852419367
0.21631724362099788,0.9511619871708203
0.21647976596782056,0.9511619871708203
0.21647976596782056,0.951177009629396
0.21647976596782056,0.9512070545465471
0.21656102714123193,0.9512070545465471
0.21656102714123193,0.9512370994636983
0.21656102714123193,0.9512521219222738
0.2167235494880546,0.9512521219222738
0.2167235494880546,0.9512671443808494
0.21696733300828863,0.9512671443808494
0.21696733300828863,0.9513122117565761
0.21704859418169997,0.9513122117565761
0.21704859418169997,0.9513272342151516
0.21712985535511134,0.9513272342151516
0.21712985535511134,0.9513572791323028
0.21712985535511134,0.9513873240494539
0.21712985535511134,0.9514173689666051
0.21737363887534536,0.9514173689666051
0.21737363887534536,0.951522526176634
0.2174549000487567,0.951522526176634
0.2174549000487567,0.9515375486352097
0.21761742239557938,0.9515375486352097
0.21769868356899075,0.9515375486352097
0.21769868356899075,0.9515525710937852
0.2177799447424021,0.9515525710937852
0.2177799447424021,0.9516727507623898
0.21786120591581343,0.9516727507623898
0.2180237282626361,0.9516727507623898
0.2181862506094588,0.9516727507623898
0.2181862506094588,0.9517027956795409
0.21826751178287015,0.9517027956795409
0.21826751178287015,0.9517178181381165
0.21851129530310417,0.9517178181381165
0.21851129530310417,0.9517628855138432
0.21851129530310417,0.9517779079724188
0.21859255647651551,0.9517779079724188
0.21859255647651551,0.9518079528895699
0.21875507882333822,0.9518079528895699
0.21875507882333822,0.9518379978067211
0.21883633999674956,0.9518379978067211
0.21883633999674956,0.9518530202652966
0.21916138469039492,0.9518530202652966
0.21916138469039492,0.9519431550167501
0.21924264586380626,0.9519431550167501
0.21924264586380626,0.9519731999339012
0.21924264586380626,0.9520032448510524
0.21932390703721763,0.9520032448510524
0.21932390703721763,0.952048312226779
0.21940516821062897,0.952048312226779
0.21940516821062897,0.9520783571439302
0.21973021290427433,0.9520783571439302
0.21981147407768567,0.9520783571439302
0.21981147407768567,0.9520933796025057
0.21997399642450838,0.9520933796025057
0.21997399642450838,0.9521835143539592
0.21997399642450838,0.9522135592711103
0.21997399642450838,0.952258626646837
0.22013651877133106,0.952258626646837
0.22029904111815374,0.952258626646837
0.22029904111815374,0.9522886715639881
0.22038030229156508,0.9522886715639881
0.22038030229156508,0.9523337389397148
0.22038030229156508,0.952363783856866
0.22038030229156508,0.9523788063154416
0.22054282463838779,0.9523788063154416
0.22070534698521047,0.9523788063154416
0.22070534698521047,0.9523938287740171
0.2207866081586218,0.9523938287740171
0.2207866081586218,0.9524238736911683
0.22094913050544449,0.9524238736911683
0.22094913050544449,0.9524388961497439
0.22103039167885585,0.9524388961497439
0.22103039167885585,0.9524689410668951
0.2211116528522672,0.9524689410668951
0.2211116528522672,0.9525440533597729
0.22119291402567853,0.9525440533597729
0.22119291402567853,0.9526191656526507
0.2213554363725012,0.9526191656526507
0.22151795871932392,0.9526191656526507
0.22151795871932392,0.9526341881112262
0.2216804810661466,0.9526341881112262
0.2216804810661466,0.9526492105698019
0.22176174223955794,0.9526492105698019
0.22176174223955794,0.9526642330283774
0.22184300341296928,0.9526642330283774
0.22184300341296928,0.952679255486953
0.22200552575979196,0.952679255486953
0.22200552575979196,0.9527243228626797
0.22208678693320333,0.9527243228626797
0.22208678693320333,0.9527994351555575
0.22233057045343735,0.9527994351555575
0.2224118316268487,0.9527994351555575
0.22257435397367137,0.9527994351555575
0.22257435397367137,0.9528144576141331
0.22257435397367137,0.9528445025312843
0.22257435397367137,0.9528595249898598
0.22265561514708274,0.9528595249898598
0.22265561514708274,0.9528745474484354
0.22273687632049408,0.9528745474484354
0.22273687632049408,0.952889569907011
0.2229806598407281,0.952889569907011
0.2229806598407281,0.95299472711704
0.22306192101413944,0.95299472711704
0.22306192101413944,0.9530548169513423
0.22314318218755078,0.9530548169513423
0.22314318218755078,0.9530698394099179
0.22322444336096214,0.9530698394099179
0.22338696570778482,0.9530698394099179
0.22338696570778482,0.9530848618684934
0.22346822688119616,0.9530848618684934
0.22346822688119616,0.9532200639956735
0.22363074922801884,0.9532200639956735
0.22379327157484155,0.9532200639956735
0.22379327157484155,0.9532801538299758
0.2238745327482529,0.9532801538299758
0.2238745327482529,0.953310198747127
0.2241183162684869,0.953310198747127
0.2241183162684869,0.9533252212057025
0.22419957744189825,0.9533252212057025
0.22419957744189825,0.953340243664278
0.2242808386153096,0.953340243664278
0.2242808386153096,0.9533552661228537
0.2244433609621323,0.9533552661228537
0.2244433609621323,0.9533702885814292
0.2244433609621323,0.9534003334985803
0.2244433609621323,0.9534904682500338
0.2244433609621323,0.9535205131671849
0.2244433609621323,0.9535655805429116
0.22452462213554364,0.9535655805429116
0.22452462213554364,0.9536406928357896
0.22460588330895498,0.9536406928357896
0.22460588330895498,0.9536557152943651
0.22476840565577766,0.9536557152943651
0.22476840565577766,0.9536707377529406
0.22484966682918903,0.9536707377529406
0.22484966682918903,0.9537158051286674
0.22493092800260037,0.9537158051286674
0.22493092800260037,0.9537458500458185
0.22509345034942305,0.9537458500458185
0.22525597269624573,0.9537458500458185
0.22525597269624573,0.9537608725043941
0.22541849504306843,0.9537608725043941
0.22541849504306843,0.9537909174215452
0.22566227856330245,0.9537909174215452
0.22566227856330245,0.9538359847972719
0.2257435397367138,0.9538359847972719
0.2257435397367138,0.953866029714423
0.22582480091012513,0.953866029714423
0.22598732325694784,0.953866029714423
0.22598732325694784,0.9538810521729987
0.22614984560377052,0.9538810521729987
0.22614984560377052,0.9539261195487253
0.22614984560377052,0.953971186924452
0.2263123679505932,0.953971186924452
0.2263123679505932,0.9541214115102078
0.22639362912400454,0.9541214115102078
0.22639362912400454,0.9541815013445101
0.22655615147082725,0.9541815013445101
0.22655615147082725,0.9542265687202367
0.22679993499106127,0.9542265687202367
0.22696245733788395,0.9542265687202367
0.22696245733788395,0.9542566136373879
0.2270437185112953,0.9542566136373879
0.2270437185112953,0.9542866585545391
0.22712497968470666,0.9542866585545391
0.22712497968470666,0.9543317259302657
0.227206240858118,0.9543317259302657
0.227206240858118,0.9543467483888414
0.22728750203152934,0.9543467483888414
0.22728750203152934,0.9543617708474169
0.22745002437835202,0.9543617708474169
0.22745002437835202,0.954391815764568
0.22761254672517472,0.954391815764568
0.22761254672517472,0.9544068382231436
0.2277750690719974,0.9544068382231436
0.22801885259223142,0.9544068382231436
0.22810011376564276,0.9544068382231436
0.22810011376564276,0.9544669280574459
0.22810011376564276,0.9545119954331726
0.22810011376564276,0.9545270178917482
0.22826263611246547,0.9545270178917482
0.22826263611246547,0.9546772424775039
0.2283438972858768,0.9546772424775039
0.2283438972858768,0.9547223098532306
0.22842515845928815,0.9547223098532306
0.22842515845928815,0.9547373323118061
0.22858768080611083,0.9547373323118061
0.22858768080611083,0.9548424895218351
0.22883146432634488,0.9548424895218351
0.22883146432634488,0.9548575119804107
0.22891272549975622,0.9548575119804107
0.22891272549975622,0.9549326242732886
0.22899398667316756,0.9549326242732886
0.22899398667316756,0.9549626691904397
0.22915650901999024,0.9549626691904397
0.22915650901999024,0.9550077365661664
0.22915650901999024,0.9550377814833175
0.22923777019340158,0.9550377814833175
0.22923777019340158,0.9550678264004687
0.2294002925402243,0.9550678264004687
0.2294002925402243,0.9550978713176198
0.22948155371363563,0.9550978713176198
0.22948155371363563,0.955127916234771
0.22948155371363563,0.9551579611519221
0.22948155371363563,0.9552030285276488
0.22956281488704697,0.9552030285276488
0.22956281488704697,0.9552180509862244
0.2296440760604583,0.9552180509862244
0.2296440760604583,0.9552631183619511
0.229806598407281,0.9552631183619511
0.229806598407281,0.9552931632791023
0.23005038192751504,0.9552931632791023
0.23005038192751504,0.9553081857376778
0.23029416544774906,0.9553081857376778
0.23029416544774906,0.9553232081962534
0.23037542662116042,0.9553232081962534
0.23037542662116042,0.9553983204891312
0.2305379489679831,0.9553983204891312
0.2305379489679831,0.9555785899920382
0.2305379489679831,0.9556086349091892
0.2305379489679831,0.9556236573677648
0.23061921014139444,0.9556236573677648
0.23061921014139444,0.9556687247434915
0.23078173248821712,0.9556687247434915
0.23078173248821712,0.9556987696606427
0.23094425483503983,0.9556987696606427
0.23094425483503983,0.9557438370363693
0.2312692995286852,0.9557438370363693
0.2312692995286852,0.9557889044120961
0.23135056070209653,0.9557889044120961
0.23135056070209653,0.9558039268706716
0.23151308304891924,0.9558039268706716
0.23151308304891924,0.9558339717878228
0.23167560539574192,0.9558339717878228
0.23167560539574192,0.9558489942463984
0.23175686656915326,0.9558489942463984
0.23175686656915326,0.9558790391635495
0.2318381277425646,0.9558790391635495
0.2318381277425646,0.9559090840807006
0.23191938891597594,0.9559090840807006
0.23191938891597594,0.9559841963735785
0.23200065008938728,0.9559841963735785
0.23200065008938728,0.9560142412907296
0.23208191126279865,0.9560142412907296
0.23208191126279865,0.9560442862078807
0.23216317243620999,0.9560442862078807
0.23216317243620999,0.9560743311250319
0.23224443360962133,0.9560743311250319
0.23224443360962133,0.9560893535836075
0.232406955956444,0.9560893535836075
0.232406955956444,0.9561344209593342
0.23248821712985535,0.9561344209593342
0.23248821712985535,0.9561494434179098
0.23256947830326669,0.9561494434179098
0.23256947830326669,0.9561644658764853
0.23265073947667805,0.9561644658764853
0.23265073947667805,0.9561945107936365
0.23265073947667805,0.9562546006279388
0.2327320006500894,0.9562546006279388
0.2327320006500894,0.9562696230865143
0.23289452299691207,0.9562696230865143
0.23289452299691207,0.9563297129208166
0.23305704534373475,0.9563297129208166
0.23305704534373475,0.9563597578379678
0.23313830651714612,0.9563597578379678
0.23313830651714612,0.9564048252136945
0.23313830651714612,0.9564348701308456
0.23321956769055746,0.9564348701308456
0.23321956769055746,0.9564649150479968
0.23338209003738014,0.9564649150479968
0.23338209003738014,0.9564949599651479
0.23346335121079148,0.9564949599651479
0.23346335121079148,0.9565099824237234
0.23354461238420282,0.9565099824237234
0.23354461238420282,0.9565250048822991
0.23354461238420282,0.9565550497994502
0.23354461238420282,0.9565850947166014
0.23370713473102553,0.9565850947166014
0.23378839590443687,0.9565850947166014
0.23378839590443687,0.9566602070094792
0.23395091825125955,0.9566602070094792
0.23395091825125955,0.9567202968437815
0.23411344059808223,0.9567202968437815
0.23411344059808223,0.956735319302357
0.23419470177149357,0.956735319302357
0.23419470177149357,0.9567653642195082
0.23427596294490494,0.9567653642195082
0.23427596294490494,0.956840476512386
0.23427596294490494,0.9568705214295372
0.23427596294490494,0.9569005663466883
0.23435722411831628,0.9569005663466883
0.23435722411831628,0.9569306112638395
0.23443848529172762,0.9569306112638395
0.23443848529172762,0.9569756786395661
0.2346010076385503,0.9569756786395661
0.2346010076385503,0.9570207460152929
0.23468226881196164,0.9570207460152929
0.23468226881196164,0.9570357684738684
0.23476352998537298,0.9570357684738684
0.23476352998537298,0.957050790932444
0.23484479115878434,0.957050790932444
0.23484479115878434,0.9570958583081707
0.23492605233219568,0.9570958583081707
0.23492605233219568,0.9571259032253219
0.23508857467901836,0.9571259032253219
0.23508857467901836,0.9571409256838974
0.2351698358524297,0.9571409256838974
0.2351698358524297,0.957155948142473
0.23525109702584104,0.957155948142473
0.23525109702584104,0.9571709706010486
0.23533235819925238,0.9571709706010486
0.23533235819925238,0.9571859930596242
0.23541361937266375,0.9571859930596242
0.23541361937266375,0.9572010155181997
0.23590118641313182,0.9572010155181997
0.23590118641313182,0.9572761278110775
0.23614496993336584,0.9572761278110775
0.23614496993336584,0.9573061727282287
0.23630749228018852,0.9573061727282287
0.23630749228018852,0.9573211951868043
0.23638875345359986,0.9573211951868043
0.23638875345359986,0.9573963074796821
0.23655127580042257,0.9573963074796821
0.23655127580042257,0.9574113299382577
0.2366325369738339,0.9574113299382577
0.2366325369738339,0.9574263523968333
0.2366325369738339,0.9575014646897111
0.23671379814724525,0.9575014646897111
0.23671379814724525,0.9575164871482867
0.2367950593206566,0.9575164871482867
0.2367950593206566,0.9575915994411646
0.23687632049406793,0.9575915994411646
0.23687632049406793,0.9576216443583156
0.23687632049406793,0.9576516892754668
0.23687632049406793,0.9576667117340424
0.23712010401430197,0.9576667117340424
0.23712010401430197,0.9577117791097691
0.23744514870794733,0.9577117791097691
0.23744514870794733,0.9577418240269202
0.23760767105477004,0.9577418240269202
0.23760767105477004,0.9578019138612225
0.23768893222818138,0.9578019138612225
0.23768893222818138,0.9578169363197981
0.23777019340159272,0.9578169363197981
0.23777019340159272,0.9578319587783737
0.23785145457500406,0.9578319587783737
0.23785145457500406,0.957892048612676
0.23801397692182674,0.957892048612676
0.23801397692182674,0.9579070710712515
0.23809523809523808,0.9579070710712515
0.23809523809523808,0.957922093529827
0.23809523809523808,0.9579521384469782
0.23817649926864945,0.9579521384469782
0.23817649926864945,0.9580272507398561
0.2382577604420608,0.9580272507398561
0.2382577604420608,0.9580422731984316
0.23833902161547213,0.9580422731984316
0.23833902161547213,0.9580723181155828
0.23842028278888347,0.9580723181155828
0.23842028278888347,0.9581023630327339
0.2385015439622948,0.9581023630327339
0.2385015439622948,0.9581173854913095
0.23858280513570615,0.9581173854913095
0.23858280513570615,0.9581324079498851
0.23858280513570615,0.9581624528670363
0.23866406630911752,0.9581624528670363
0.23866406630911752,0.9581774753256118
0.23874532748252886,0.9581774753256118
0.23874532748252886,0.9582225427013386
0.23890784982935154,0.9582225427013386
0.23890784982935154,0.9582525876184896
0.23907037217617422,0.9582525876184896
0.23907037217617422,0.9582676100770652
0.23931415569640827,0.9582676100770652
0.23963920039005362,0.9582676100770652
0.23963920039005362,0.9582976549942164
0.23972046156346496,0.9582976549942164
0.23972046156346496,0.9583126774527919
0.23988298391028767,0.9583126774527919
0.23988298391028767,0.9583276999113675
0.24004550625711035,0.9583276999113675
0.24004550625711035,0.9583727672870942
0.2401267674305217,0.9583727672870942
0.2401267674305217,0.9583877897456697
0.24020802860393303,0.9583877897456697
0.24037055095075574,0.9583877897456697
0.24037055095075574,0.9584328571213965
0.24037055095075574,0.9584779244971232
0.24045181212416708,0.9584779244971232
0.24045181212416708,0.95852299187285
0.24045181212416708,0.958553036790001
0.24045181212416708,0.95865819400003
0.24053307329757842,0.95865819400003
0.24053307329757842,0.9586732164586056
0.24053307329757842,0.9587032613757568
0.24053307329757842,0.9587182838343323
0.24061433447098976,0.9587182838343323
0.24061433447098976,0.9587483287514834
0.24061433447098976,0.9587633512100591
0.2406955956444011,0.9587633512100591
0.2406955956444011,0.9587933961272102
0.2406955956444011,0.9589135757958147
0.24085811799122378,0.9589135757958147
0.24085811799122378,0.9589586431715414
0.2410206403380465,0.9589586431715414
0.2410206403380465,0.9589886880886926
0.2412644238582805,0.9589886880886926
0.2412644238582805,0.9590037105472682
0.24134568503169185,0.9590037105472682
0.24134568503169185,0.9590337554644193
0.24167072972533724,0.9590337554644193
0.24167072972533724,0.9590487779229949
0.24183325207215992,0.9590487779229949
0.24183325207215992,0.9591539351330238
0.24191451324557126,0.9591539351330238
0.24207703559239396,0.9591539351330238
0.24207703559239396,0.959183980050175
0.2421582967658053,0.959183980050175
0.24232081911262798,0.959183980050175
0.24232081911262798,0.9592140249673261
0.24240208028603932,0.9592140249673261
0.24240208028603932,0.9592741148016284
0.24256460263286203,0.9592741148016284
0.24256460263286203,0.959289137260204
0.2427271249796847,0.959289137260204
0.24280838615309605,0.959289137260204
0.24280838615309605,0.9593191821773551
0.24280838615309605,0.9593492270945063
0.24280838615309605,0.9593792720116574
0.24280838615309605,0.9594243393873841
0.24297090849991873,0.9594243393873841
0.24297090849991873,0.9594543843045353
0.24305216967333007,0.9594543843045353
0.24305216967333007,0.9595745639731399
0.24329595319356412,0.9595745639731399
0.24329595319356412,0.9595895864317154
0.24353973671379814,0.9595895864317154
0.24353973671379814,0.9596346538074422
0.24370225906062085,0.9596346538074422
0.24370225906062085,0.9596646987245933
0.24386478140744353,0.9596646987245933
0.2440273037542662,0.9596646987245933
0.2440273037542662,0.95970976610032
0.24410856492767755,0.95970976610032
0.24410856492767755,0.9597548334760467
0.24418982610108889,0.9597548334760467
0.24418982610108889,0.9597848783931978
0.24418982610108889,0.959814923310349
0.24418982610108889,0.9598299457689246
0.2443523484479116,0.9598299457689246
0.2443523484479116,0.9598900356032268
0.2443523484479116,0.9599200805203779
0.2443523484479116,0.9599351029789536
0.2443523484479116,0.9599651478961047
0.2443523484479116,0.9599801703546802
0.2443523484479116,0.9600252377304069
0.2443523484479116,0.9600402601889825
0.2443523484479116,0.9600703051061337
0.2445961319681456,0.9600703051061337
0.2445961319681456,0.9601003500232849
0.24475865431496832,0.9601003500232849
0.24475865431496832,0.960130394940436
0.24483991548837966,0.960130394940436
0.24483991548837966,0.9601604398575871
0.24483991548837966,0.9601904847747382
0.244921176661791,0.9601904847747382
0.244921176661791,0.9602205296918894
0.24500243783520234,0.9602205296918894
0.24500243783520234,0.9602505746090405
0.24516496018202502,0.9602505746090405
0.24516496018202502,0.9602956419847672
0.24532748252884773,0.9602956419847672
0.24532748252884773,0.9603106644433428
0.24540874370225907,0.9603106644433428
0.24540874370225907,0.960340709360494
0.2454900048756704,0.960340709360494
0.2454900048756704,0.9603557318190695
0.24557126604908175,0.9603557318190695
0.24557126604908175,0.9604007991947963
0.2456525272224931,0.9604007991947963
0.2456525272224931,0.9604158216533718
0.24573378839590443,0.9604158216533718
0.24573378839590443,0.9604608890290985
0.24581504956931577,0.9604608890290985
0.24597757191613848,0.9604608890290985
0.24597757191613848,0.9605059564048252
0.24630261660978384,0.9605059564048252
0.24630261660978384,0.9605209788634008
0.24638387778319518,0.9605209788634008
0.24638387778319518,0.9605660462391274
0.24646513895660654,0.9605660462391274
0.24646513895660654,0.9605810686977031
0.24654640013001788,0.9605810686977031
0.24654640013001788,0.9606111136148542
0.24662766130342922,0.9606111136148542
0.24662766130342922,0.9606261360734297
0.24662766130342922,0.9606561809905809
0.24662766130342922,0.960686225907732
0.24670892247684056,0.960686225907732
0.24670892247684056,0.9607463157420344
0.2467901836502519,0.9607463157420344
0.2467901836502519,0.9607613382006099
0.2467901836502519,0.960791383117761
0.2467901836502519,0.9608214280349122
0.24687144482366324,0.9608214280349122
0.24687144482366324,0.9608364504934878
0.2471152283438973,0.9608364504934878
0.2471152283438973,0.9608514729520633
0.2471152283438973,0.96089654032779
0.2473590118641313,0.96089654032779
0.2473590118641313,0.9609115627863656
0.24744027303754265,0.9609115627863656
0.24744027303754265,0.9609265852449412
0.24784657890459938,0.9609265852449412
0.24784657890459938,0.9609566301620923
0.24792784007801072,0.9609566301620923
0.24792784007801072,0.9609866750792435
0.24792784007801072,0.9610167199963946
0.24809036242483343,0.9610167199963946
0.24809036242483343,0.9610317424549701
0.24817162359824477,0.9610317424549701
0.24817162359824477,0.9611068547478481
0.2484154071184788,0.9611068547478481
0.2484154071184788,0.9611368996649992
0.24849666829189013,0.9611368996649992
0.24849666829189013,0.9611669445821504
0.24857792946530147,0.9611669445821504
0.24857792946530147,0.9611969894993014
0.24865919063871283,0.9611969894993014
0.24865919063871283,0.9612270344164526
0.2489842353323582,0.9612270344164526
0.2489842353323582,0.9612420568750282
0.24906549650576953,0.9612420568750282
0.24906549650576953,0.9613622365436327
0.24922801885259224,0.9613622365436327
0.24922801885259224,0.9614673937536617
0.2495530635462376,0.9614673937536617
0.2495530635462376,0.9614824162122373
0.24963432471964894,0.9614824162122373
0.24963432471964894,0.9615124611293885
0.24963432471964894,0.9615425060465396
0.24971558589306028,0.9615425060465396
0.24971558589306028,0.9615725509636908
0.24979684706647165,0.9615725509636908
0.24979684706647165,0.961632640797993
0.249878108239883,0.961632640797993
0.249878108239883,0.9616777081737197
0.24995936941329433,0.9616777081737197
0.24995936941329433,0.9617077530908709
0.250121891760117,0.9617077530908709
0.250121891760117,0.9617828653837487
0.25020315293352835,0.9617828653837487
0.25020315293352835,0.9617978878423242
0.25020315293352835,0.9618279327594754
0.2502844141069397,0.9618279327594754
0.2502844141069397,0.9618730001352022
0.25036567528035103,0.9618730001352022
0.25036567528035103,0.9619030450523532
0.2505281976271737,0.9619030450523532
0.2505281976271737,0.9619330899695044
0.2508532423208191,0.9619330899695044
0.2508532423208191,0.96194811242808
0.2508532423208191,0.9619781573452311
0.25093450349423047,0.9619781573452311
0.25093450349423047,0.9620082022623823
0.2510157646676418,0.9620082022623823
0.2510157646676418,0.9620232247209578
0.2511782870144645,0.9620232247209578
0.2511782870144645,0.9620382471795335
0.2512595481878758,0.9620382471795335
0.2512595481878758,0.9620682920966845
0.2514220705346985,0.9620682920966845
0.2514220705346985,0.9620833145552601
0.25150333170810985,0.9620833145552601
0.25150333170810985,0.9621283819309868
0.2516658540549326,0.9621283819309868
0.2516658540549326,0.9621734493067136
0.2516658540549326,0.9622034942238646
0.25182837640175526,0.9622034942238646
0.25182837640175526,0.9622485615995914
0.25199089874857794,0.9622485615995914
0.25199089874857794,0.9622786065167426
0.2520721599219893,0.9622786065167426
0.2520721599219893,0.9623086514338937
0.2521534210954006,0.9623086514338937
0.2521534210954006,0.9623386963510449
0.25223468226881196,0.9623386963510449
0.25223468226881196,0.9623687412681959
0.25239720461563464,0.9623687412681959
0.25239720461563464,0.9623987861853471
0.25239720461563464,0.9624438535610738
0.25264098813586866,0.9624438535610738
0.25264098813586866,0.9624588760196494
0.25272224930928,0.9624588760196494
0.25272224930928,0.962473898478225
0.2528035104826914,0.962473898478225
0.2528035104826914,0.9625189658539517
0.2528035104826914,0.9625339883125272
0.2529660328295141,0.9625339883125272
0.2529660328295141,0.9625490107711028
0.2530472940029254,0.9625490107711028
0.2530472940029254,0.9625940781468295
0.25312855517633676,0.9625940781468295
0.25312855517633676,0.9626241230639806
0.25329107752315944,0.9626241230639806
0.25329107752315944,0.9626391455225562
0.25329107752315944,0.9626992353568585
0.25329107752315944,0.9627142578154341
0.2533723386965708,0.9627142578154341
0.2533723386965708,0.9627292802740096
0.2534535998699821,0.9627292802740096
0.25369738339021614,0.9627292802740096
0.25369738339021614,0.9627443027325853
0.25369738339021614,0.9627893701083119
0.25369738339021614,0.9628494599426142
0.2537786445636275,0.9628494599426142
0.2539411669104502,0.9628494599426142
0.25402242808386155,0.9628494599426142
0.25402242808386155,0.9629245722354921
0.2541036892572729,0.9629245722354921
0.2541036892572729,0.9629395946940676
0.2541036892572729,0.9629696396112187
0.2545099951243296,0.9629696396112187
0.2545099951243296,0.9629996845283699
0.25459125629774093,0.9629996845283699
0.25459125629774093,0.9630147069869455
0.25467251747115227,0.9630147069869455
0.25467251747115227,0.9630597743626722
0.2547537786445636,0.9630597743626722
0.2547537786445636,0.9631048417383989
0.25483503981797495,0.9631048417383989
0.25483503981797495,0.9631499091141256
0.2549163009913863,0.9631499091141256
0.2549163009913863,0.9631949764898523
0.25532260685844305,0.9631949764898523
0.25532260685844305,0.9632250214070035
0.25556639037867707,0.9632250214070035
0.25556639037867707,0.9632851112413058
0.2556476515520884,0.9632851112413058
0.2556476515520884,0.9633301786170325
0.2556476515520884,0.9633752459927591
0.2558101738989111,0.9633752459927591
0.2558101738989111,0.9633902684513348
0.2560539574191451,0.9633902684513348
0.2560539574191451,0.9634052909099103
0.2563790021127905,0.9634052909099103
0.2563790021127905,0.9634353358270614
0.25662278563302454,0.9634353358270614
0.25662278563302454,0.9634503582856371
0.2567853079798472,0.9634503582856371
0.2567853079798472,0.9634653807442126
0.25686656915325856,0.9634653807442126
0.25686656915325856,0.9635254705785149
0.257191613846904,0.9635254705785149
0.257191613846904,0.9635404930370904
0.257191613846904,0.9635705379542416
0.257191613846904,0.9635855604128172
0.25735413619372666,0.9635855604128172
0.25735413619372666,0.9636156053299683
0.257435397367138,0.9636156053299683
0.257435397367138,0.9636306277885439
0.25751665854054934,0.9636306277885439
0.25751665854054934,0.9636756951642705
0.25751665854054934,0.9637207625399973
0.25751665854054934,0.9637508074571485
0.2575979197139607,0.9637508074571485
0.2575979197139607,0.9637958748328751
0.2578417032341947,0.9637958748328751
0.2578417032341947,0.9638559646671774
0.25865431496830815,0.9638559646671774
0.25865431496830815,0.9638860095843286
0.25865431496830815,0.9639310769600553
0.2587355761417195,0.9639310769600553
0.2587355761417195,0.963976144335782
0.25889809848854217,0.963976144335782
0.25889809848854217,0.9639911667943576
0.2589793596619535,0.9639911667943576
0.2589793596619535,0.9640061892529331
0.25906062083536485,0.9640061892529331
0.25906062083536485,0.9640212117115087
0.2591418820087762,0.9640212117115087
0.2591418820087762,0.9640512566286599
0.25930440435559887,0.9640512566286599
0.25930440435559887,0.9640963240043866
0.2594669267024216,0.9640963240043866
0.2594669267024216,0.9641413913801132
0.2598732325694783,0.9641413913801132
0.2598732325694783,0.9641564138386889
0.25995449374288965,0.9641564138386889
0.25995449374288965,0.9642014812144155
0.260035754916301,0.9642014812144155
0.260035754916301,0.9642315261315667
0.2601170160897123,0.9642315261315667
0.2601170160897123,0.9642615710487178
0.26019827726312367,0.9642615710487178
0.26019827726312367,0.9642765935072934
0.26036079960994635,0.9642765935072934
0.26036079960994635,0.9643517058001713
0.2605233219567691,0.9643517058001713
0.2605233219567691,0.9643667282587468
0.2606045831301804,0.9643667282587468
0.2606045831301804,0.9644268180930491
0.2607671054770031,0.9644268180930491
0.2607671054770031,0.9644418405516246
0.26084836665041444,0.9644418405516246
0.26084836665041444,0.9644568630102003
0.26084836665041444,0.9644869079273514
0.26084836665041444,0.9645019303859269
0.2609296278238258,0.9645019303859269
0.2609296278238258,0.9645169528445026
0.26109215017064846,0.9645169528445026
0.2611734113440598,0.9645169528445026
0.2611734113440598,0.9645620202202292
0.2613359336908825,0.9645620202202292
0.2613359336908825,0.9645920651373804
0.26149845603770516,0.9645920651373804
0.26149845603770516,0.9646821998888339
0.2618235007313506,0.9646821998888339
0.26198602307817326,0.9646821998888339
0.26214854542499594,0.9646821998888339
0.26214854542499594,0.9646972223474094
0.2623110677718186,0.9646972223474094
0.26239232894522996,0.9646972223474094
0.26239232894522996,0.9647272672645605
0.2624735901186413,0.9647272672645605
0.2624735901186413,0.9647573121817117
0.26255485129205264,0.9647573121817117
0.26255485129205264,0.9647873570988628
0.2627173736388753,0.9647873570988628
0.2627173736388753,0.9648023795574384
0.2627986348122867,0.9648023795574384
0.2631236795059321,0.9648023795574384
0.2631236795059321,0.9648324244745895
0.2632049406793434,0.9648324244745895
0.2632049406793434,0.964847446933165
0.26344872419957743,0.964847446933165
0.2635299853729888,0.964847446933165
0.2635299853729888,0.9648624693917407
0.2637737688932228,0.9648624693917407
0.2637737688932228,0.9648774918503162
0.26418007476027955,0.9648774918503162
0.26418007476027955,0.9648925143088918
0.26434259710710223,0.9648925143088918
0.26434259710710223,0.9649075367674673
0.26442385828051357,0.9649075367674673
0.26442385828051357,0.9649375816846185
0.2645051194539249,0.9649375816846185
0.2645051194539249,0.9649526041431941
0.26458638062733625,0.9649526041431941
0.26458638062733625,0.9649676266017696
0.2646676418007476,0.9649676266017696
0.2646676418007476,0.9650126939774963
0.26474890297415893,0.9650126939774963
0.26474890297415893,0.9650277164360719
0.26474890297415893,0.9650577613532231
0.26474890297415893,0.9651178511875254
0.26474890297415893,0.9651478961046764
0.2649114253209816,0.9651478961046764
0.2649114253209816,0.9652830982318567
0.264992686494393,0.9652830982318567
0.264992686494393,0.9652981206904322
0.2651552088412157,0.9652981206904322
0.2651552088412157,0.9653131431490077
0.265236470014627,0.9653131431490077
0.265236470014627,0.96537323298331
0.26531773118803836,0.96537323298331
0.26531773118803836,0.9653882554418857
0.26531773118803836,0.9654183003590368
0.26531773118803836,0.9655084351104902
0.26548025353486104,0.9655084351104902
0.26548025353486104,0.9655384800276413
0.2655615147082724,0.9655384800276413
0.2655615147082724,0.9655685249447925
0.2655615147082724,0.9656286147790948
0.2656427758816837,0.9656286147790948
0.2656427758816837,0.9656887046133971
0.26572403705509506,0.9656887046133971
0.26572403705509506,0.9657187495305481
0.2658052982285064,0.9657187495305481
0.2658052982285064,0.9657337719891237
0.26588655940191774,0.9657337719891237
0.26588655940191774,0.9657638169062749
0.2660490817487405,0.9657638169062749
0.2661303429221518,0.9657638169062749
0.2661303429221518,0.9658088842820016
0.2662928652689745,0.9658088842820016
0.2662928652689745,0.9658239067405772
0.2664553876157972,0.9658239067405772
0.2664553876157972,0.9658389291991527
0.2669429546562652,0.9658389291991527
0.2669429546562652,0.9659290639506062
0.2669429546562652,0.9659591088677573
0.2669429546562652,0.9659891537849085
0.2671054770030879,0.9659891537849085
0.2671054770030879,0.9660492436192107
0.267349260523322,0.9660492436192107
0.267349260523322,0.9660943109949375
0.26751178287014465,0.9660943109949375
0.2679993499106127,0.9660943109949375
0.2679993499106127,0.9661243559120886
0.2681618722574354,0.9661243559120886
0.2681618722574354,0.9661694232878153
0.2681618722574354,0.9661994682049664
0.2681618722574354,0.9662595580392687
0.2682431334308467,0.9662595580392687
0.2682431334308467,0.9662896029564199
0.2683243946042581,0.9662896029564199
0.2683243946042581,0.9663046254149954
0.2683243946042581,0.9663346703321466
0.2684869169510808,0.9663346703321466
0.2684869169510808,0.9664548500007512
0.26856817812449213,0.9664548500007512
0.26856817812449213,0.9664848949179022
0.26864943929790347,0.9664848949179022
0.26864943929790347,0.9665149398350534
0.2687307004713148,0.9665149398350534
0.2687307004713148,0.966529962293629
0.2688932228181375,0.966529962293629
0.2688932228181375,0.9665600072107802
0.26897448399154883,0.9665600072107802
0.26897448399154883,0.9665750296693557
0.26897448399154883,0.9666050745865068
0.26897448399154883,0.9666200970450824
0.26905574516496017,0.9666200970450824
0.26905574516496017,0.9666651644208091
0.26921826751178285,0.9666651644208091
0.26921826751178285,0.9666801868793847
0.2692995286851942,0.9666801868793847
0.2692995286851942,0.9667853440894136
0.26954331220542826,0.9667853440894136
0.26954331220542826,0.9668003665479893
0.26970583455225094,0.9668003665479893
0.26970583455225094,0.9668905012994427
0.2697870957256623,0.9668905012994427
0.26994961807248496,0.9668905012994427
0.26994961807248496,0.9669055237580182
0.2700308792458963,0.9669055237580182
0.2700308792458963,0.9669205462165938
0.27011214041930764,0.9669205462165938
0.27011214041930764,0.9669656135923205
0.27035592393954166,0.9669656135923205
0.27035592393954166,0.9669956585094717
0.2705184462863644,0.9669956585094717
0.2705184462863644,0.9670257034266228
0.27059970745977574,0.9670257034266228
0.27059970745977574,0.9670407258851984
0.2706809686331871,0.9670407258851984
0.2706809686331871,0.967085793260925
0.2709247521534211,0.967085793260925
0.2709247521534211,0.9671308606366518
0.2709247521534211,0.967160905553803
0.27100601332683244,0.967160905553803
0.27100601332683244,0.967190950470954
0.2710872745002438,0.967190950470954
0.2710872745002438,0.9672059729295297
0.2711685356736551,0.9672059729295297
0.2711685356736551,0.9672510403052563
0.2713310580204778,0.9672510403052563
0.2713310580204778,0.9672810852224075
0.2713310580204778,0.9672961076809831
0.2714935803673005,0.9672961076809831
0.2714935803673005,0.9673111301395586
0.2715748415407119,0.9673111301395586
0.2715748415407119,0.9673411750567098
0.2718186250609459,0.9673411750567098
0.2718186250609459,0.9674162873495876
0.27189988623435724,0.9674162873495876
0.27189988623435724,0.9674313098081632
0.2720624085811799,0.9674313098081632
0.2720624085811799,0.9674463322667388
0.27214366975459126,0.9674463322667388
0.27214366975459126,0.9674613547253144
0.27214366975459126,0.9674913996424654
0.27214366975459126,0.9675064221010411
0.27214366975459126,0.9675364670181922
0.27214366975459126,0.9675514894767677
0.2722249309280026,0.9675514894767677
0.2722249309280026,0.9675815343939189
0.27230619210141394,0.9675815343939189
0.27230619210141394,0.9676416242282212
0.2723874532748253,0.9676416242282212
0.2723874532748253,0.9676866916039479
0.2723874532748253,0.967716736521099
0.2724687144482366,0.967716736521099
0.2726312367950593,0.967716736521099
0.2726312367950593,0.9677317589796746
0.2727124979684707,0.9677317589796746
0.2727124979684707,0.9677467814382502
0.2727124979684707,0.9677768263554013
0.27279375914188203,0.9677768263554013
0.27279375914188203,0.9678068712725525
0.27287502031529337,0.967821893731128
0.2729562814887047,0.967821893731128
0.2729562814887047,0.9678669611068548
0.2731188038355274,0.9678669611068548
0.2731188038355274,0.9678970060240059
0.2731188038355274,0.9679120284825815
0.27320006500893873,0.9679120284825815
0.27320006500893873,0.967927050941157
0.27344384852917275,0.967927050941157
0.27344384852917275,0.9679420733997326
0.2735251097025841,0.9679420733997326
0.2735251097025841,0.9680021632340349
0.27360637087599543,0.9680021632340349
0.27360637087599543,0.9680171856926104
0.27368763204940677,0.9680171856926104
0.27368763204940677,0.9680322081511861
0.2737688932228181,0.9680322081511861
0.2737688932228181,0.9680472306097616
0.2740939379164635,0.9680472306097616
0.2740939379164635,0.9680622530683372
0.27417519908987487,0.9680622530683372
0.27417519908987487,0.9680772755269127
0.27417519908987487,0.9681073204440639
0.27417519908987487,0.9681824327369417
0.27433772143669755,0.9681824327369417
0.27433772143669755,0.9681974551955173
0.2745002437835202,0.9681974551955173
0.2745002437835202,0.9682575450298195
0.27458150495693157,0.9682575450298195
0.27458150495693157,0.9683326573226975
0.2748252884771656,0.9683326573226975
0.2748252884771656,0.9683927471569997
0.2749878108239883,0.9683927471569997
0.2749878108239883,0.9684077696155753
0.2749878108239883,0.9684378145327264
0.2749878108239883,0.968452836991302
0.275150333170811,0.968452836991302
0.275150333170811,0.9684678594498776
0.2753128555176337,0.9684678594498776
0.2753128555176337,0.9685279492841798
0.27547537786445636,0.9685279492841798
0.27547537786445636,0.9685429717427554
0.2757191613846904,0.9685429717427554
0.2757191613846904,0.9686030615770577
0.2758004225581017,0.9686030615770577
0.2758004225581017,0.9686180840356333
0.27588168373151306,0.9686180840356333
0.27588168373151306,0.9686331064942089
0.2759629449049244,0.9686331064942089
0.2759629449049244,0.9686481289527844
0.2760442060783358,0.9686481289527844
0.2760442060783358,0.9686931963285111
0.2760442060783358,0.9687232412456622
0.27612546725174714,0.9687232412456622
0.27612546725174714,0.9687382637042379
0.2762067284251585,0.9687382637042379
0.27636925077198116,0.9687382637042379
0.2764505119453925,0.9687382637042379
0.2764505119453925,0.9687532861628134
0.2766130342922152,0.9687532861628134
0.2766130342922152,0.9687983535385402
0.2766942954656265,0.9687983535385402
0.2766942954656265,0.9688283984556912
0.2766942954656265,0.9688584433728424
0.27677555663903786,0.9688584433728424
0.27677555663903786,0.9688884882899935
0.2768568178124492,0.9688884882899935
0.2768568178124492,0.9689035107485691
0.2771006013326832,0.9689035107485691
0.2771006013326832,0.9689485781242958
0.27742564602632863,0.9689485781242958
0.2775881683731513,0.9689485781242958
0.2775881683731513,0.968978623041447
0.2775881683731513,0.9690086679585981
0.2775881683731513,0.9690236904171736
0.27766942954656265,0.9690236904171736
0.27783195189338533,0.9690236904171736
0.27783195189338533,0.9690387128757493
0.27807573541361935,0.9690387128757493
0.27807573541361935,0.9690537353343248
0.2781569965870307,0.9690537353343248
0.2781569965870307,0.9690687577929004
0.2782382577604421,0.9690687577929004
0.2782382577604421,0.9690988027100516
0.2783195189338534,0.9690988027100516
0.2783195189338534,0.9691588925443538
0.27840078010726477,0.9691588925443538
0.27856330245408745,0.9691588925443538
0.27856330245408745,0.9691889374615049
0.2786445636274988,0.9691889374615049
0.2786445636274988,0.9692189823786561
0.2786445636274988,0.9692340048372317
0.2787258248009101,0.9692340048372317
0.2787258248009101,0.9692490272958072
0.2788883471477328,0.9692490272958072
0.2790508694945555,0.9692490272958072
0.2790508694945555,0.9692940946715339
0.27921339184137817,0.9692940946715339
0.27921339184137817,0.9693091171301095
0.2792946530147895,0.9693091171301095
0.2792946530147895,0.9693241395886851
0.27945717536161224,0.9693241395886851
0.27945717536161224,0.9693692069644118
0.2797822200552576,0.9693692069644118
0.2797822200552576,0.9693842294229874
0.2800260035754916,0.9693842294229874
0.2800260035754916,0.969399251881563
0.28010726474890296,0.969399251881563
0.28010726474890296,0.9694142743401385
0.28026978709572564,0.9694142743401385
0.28026978709572564,0.969429296798714
0.2804323094425484,0.969429296798714
0.2804323094425484,0.9694593417158652
0.2806760929627824,0.9694593417158652
0.2806760929627824,0.9694893866330163
0.28075735413619374,0.9694893866330163
0.28075735413619374,0.9695194315501675
0.2809198764830164,0.9695194315501675
0.2809198764830164,0.969534454008743
0.28100113765642776,0.969534454008743
0.28100113765642776,0.9695644989258942
0.2810823988298391,0.9695644989258942
0.2810823988298391,0.9695945438430453
0.2810823988298391,0.9696095663016209
0.2812449211766618,0.9696095663016209
0.2812449211766618,0.9696245887601965
0.2812449211766618,0.9696696561359232
0.2813261823500731,0.9696696561359232
0.2813261823500731,0.9696997010530743
0.28140744352348446,0.9696997010530743
0.28140744352348446,0.9697147235116499
0.2814887046968958,0.9697147235116499
0.2814887046968958,0.9697297459702254
0.2814887046968958,0.9697597908873766
0.2815699658703072,0.9697597908873766
0.2815699658703072,0.9698349031802544
0.2818137493905412,0.9698349031802544
0.2819762717373639,0.9698349031802544
0.28205753291077523,0.9698349031802544
0.28205753291077523,0.9698949930145567
0.2821387940841866,0.9698949930145567
0.2821387940841866,0.9699100154731324
0.2821387940841866,0.9699400603902835
0.28230131643100925,0.9699400603902835
0.2823825776044206,0.9699400603902835
0.2823825776044206,0.9700001502245857
0.28246383877783193,0.9700001502245857
0.28246383877783193,0.9700151726831613
0.2826263611246546,0.9700151726831613
0.282707622298066,0.9700151726831613
0.282707622298066,0.970060240058888
0.282707622298066,0.9700902849760392
0.2828701446448887,0.9700902849760392
0.2828701446448887,0.9701203298931903
0.2831139281651227,0.9701203298931903
0.28319518933853405,0.9701203298931903
0.28319518933853405,0.9701353523517658
0.28343897285876807,0.9701353523517658
0.2836827563790021,0.9701353523517658
0.2836827563790021,0.9701804197274926
0.2837640175524135,0.9701804197274926
0.2837640175524135,0.9701954421860681
0.2840078010726475,0.9701954421860681
0.2840078010726475,0.9702254871032193
0.2840078010726475,0.9702555320203704
0.28408906224605884,0.9702555320203704
0.28408906224605884,0.9703005993960971
0.2841703234194702,0.9703005993960971
0.2841703234194702,0.9703306443132483
0.2842515845928815,0.9703306443132483
0.2844141069397042,0.9703306443132483
0.28449536811311554,0.9703306443132483
0.28449536811311554,0.9703907341475506
0.2846578904599382,0.9703907341475506
0.2846578904599382,0.9704057566061262
0.28473915163334956,0.9704057566061262
0.28473915163334956,0.9704207790647017
0.2849016739801723,0.9704207790647017
0.2849016739801723,0.9704658464404284
0.28498293515358364,0.9704658464404284
0.28498293515358364,0.9704958913575796
0.28498293515358364,0.9705259362747307
0.28498293515358364,0.9705409587333063
0.285064196326995,0.9705409587333063
0.285064196326995,0.9705710036504575
0.2851454575004063,0.9705710036504575
0.2851454575004063,0.970586026109033
0.2851454575004063,0.9706160710261842
0.2851454575004063,0.9706611384019108
0.28522671867381766,0.9706611384019108
0.28522671867381766,0.970691183319062
0.28538924102064034,0.970691183319062
0.28538924102064034,0.9707512731533643
0.2854705021940517,0.9707512731533643
0.2854705021940517,0.970796340529091
0.28563302454087436,0.970796340529091
0.28563302454087436,0.9708414079048177
0.28579554688769704,0.9708414079048177
0.28579554688769704,0.9708564303633933
0.28612059158134245,0.9708564303633933
0.28612059158134245,0.9708864752805444
0.2862018527547538,0.9708864752805444
0.2862018527547538,0.9709165201976956
0.28628311392816513,0.9709165201976956
0.28628311392816513,0.9709766100319979
0.2863643751015765,0.9709766100319979
0.2863643751015765,0.971006654949149
0.2863643751015765,0.9710366998663001
0.2864456362749878,0.9710366998663001
0.2864456362749878,0.9710517223248757
0.28652689744839915,0.9710517223248757
0.28668941979522183,0.9710517223248757
0.2868519421420445,0.9710517223248757
0.2870957256622786,0.9710517223248757
0.28717698683568993,0.9710517223248757
0.28717698683568993,0.971111812159178
0.28725824800910127,0.971111812159178
0.28725824800910127,0.9711418570763292
0.2873395091825126,0.9711418570763292
0.2873395091825126,0.9711869244520558
0.28742077035592395,0.9711869244520558
0.28758329270274663,0.9711869244520558
0.28758329270274663,0.9712019469106314
0.28766455387615797,0.9712019469106314
0.28766455387615797,0.971216969369207
0.2877458150495693,0.971216969369207
0.2877458150495693,0.9712920816620848
0.28782707622298065,0.9712920816620848
0.28782707622298065,0.9714122613306894
0.28807085974321467,0.9714122613306894
0.28807085974321467,0.9714573287064161
0.288152120916626,0.9714573287064161
0.288152120916626,0.9714723511649916
0.2883959044368601,0.9714723511649916
0.2883959044368601,0.9715023960821428
0.28872094913050544,0.9715023960821428
0.2888834714773281,0.9715023960821428
0.2888834714773281,0.9715775083750207
0.28896473265073946,0.9715775083750207
0.28896473265073946,0.9715925308335962
0.28896473265073946,0.9716225757507474
0.28896473265073946,0.9716375982093229
0.28896473265073946,0.9716826655850497
0.2892085161709735,0.9716826655850497
0.2892085161709735,0.9716976880436252
0.2893710385177962,0.9716976880436252
0.2893710385177962,0.9717127105022008
0.2896960832114416,0.9717127105022008
0.2896960832114416,0.9717277329607764
0.2897773443848529,0.9717277329607764
0.2899398667316756,0.9717277329607764
0.29002112790508694,0.9717277329607764
0.2901836502519096,0.9717277329607764
0.29026491142532096,0.9717277329607764
0.29026491142532096,0.9717577778779275
0.2903461725987323,0.9717577778779275
0.2903461725987323,0.971772800336503
0.29050869494555503,0.971772800336503
0.29050869494555503,0.9718028452536542
0.29050869494555503,0.971847912629381
0.2905899561189664,0.971847912629381
0.2905899561189664,0.9718629350879565
0.2906712172923777,0.9718629350879565
0.2906712172923777,0.9718779575465321
0.29075247846578905,0.9718779575465321
0.29075247846578905,0.9718929800051076
0.29091500081261173,0.9718929800051076
0.29091500081261173,0.9719680922979855
0.29091500081261173,0.9719981372151366
0.2909962619860231,0.9719981372151366
0.2909962619860231,0.9720281821322878
0.2910775231594344,0.9720281821322878
0.2910775231594344,0.9720432045908634
0.29132130667966843,0.9720432045908634
0.29132130667966843,0.9720582270494389
0.29148382902649117,0.9720582270494389
0.29148382902649117,0.9721032944251656
0.2915650901999025,0.9721032944251656
0.2915650901999025,0.9721333393423167
0.2917276125467252,0.9721333393423167
0.2917276125467252,0.9721483618008924
0.29205265724037055,0.9721483618008924
0.29205265724037055,0.9721784067180435
0.29221517958719323,0.9721784067180435
0.29221517958719323,0.9722084516351946
0.29229644076060457,0.9722084516351946
0.29229644076060457,0.9722535190109213
0.29245896310742725,0.9722535190109213
0.29245896310742725,0.9722685414694969
0.29262148545425,0.9722685414694969
0.29262148545425,0.9722835639280725
0.2927027466276613,0.9722835639280725
0.2927027466276613,0.9723586762209503
0.2927027466276613,0.9723736986795259
0.2930277913213067,0.9723736986795259
0.2930277913213067,0.9723887211381015
0.2930277913213067,0.9724337885138282
0.29319031366812937,0.9724337885138282
0.29319031366812937,0.9724788558895548
0.2932715748415407,0.9724788558895548
0.2932715748415407,0.972508900806706
0.2936778807085974,0.972508900806706
0.2936778807085974,0.9725389457238571
0.2937591418820088,0.9725389457238571
0.2937591418820088,0.9725689906410083
0.2937591418820088,0.9725990355581594
0.29384040305542014,0.9725990355581594
0.29384040305542014,0.9727041927681884
0.2939216642288315,0.9727041927681884
0.2939216642288315,0.972719215226764
0.29408418657565416,0.972719215226764
0.29408418657565416,0.972824372436793
0.29424670892247684,0.972824372436793
0.29424670892247684,0.9728544173539442
0.29424670892247684,0.9728694398125197
0.2943279700958882,0.9728694398125197
0.2943279700958882,0.9728844622710953
0.2944092312692995,0.9728844622710953
0.2944092312692995,0.9729145071882465
0.29449049244271086,0.9729145071882465
0.29449049244271086,0.972929529646822
0.29465301478953354,0.972929529646822
0.29465301478953354,0.9729445521053975
0.2947342759629449,0.9729445521053975
0.2947342759629449,0.9729595745639732
0.2948155371363563,0.9729595745639732
0.2948155371363563,0.9729745970225487
0.2950593206565903,0.9729745970225487
0.2950593206565903,0.9730046419396998
0.295221843003413,0.9730046419396998
0.295221843003413,0.9730196643982755
0.2953031041768243,0.9730196643982755
0.2953031041768243,0.9730647317740021
0.2956281488704697,0.9730647317740021
0.2956281488704697,0.9730797542325778
0.295709410043881,0.9730797542325778
0.295709410043881,0.9730947766911533
0.29603445473752643,0.9730947766911533
0.2961969770843491,0.9730947766911533
0.29652202177799447,0.9730947766911533
0.29652202177799447,0.97313984406688
0.29652202177799447,0.9731698889840311
0.2967658052982285,0.9731698889840311
0.2967658052982285,0.9731999339011823
0.2973346335121079,0.9731999339011823
0.2973346335121079,0.9732149563597579
0.29741589468551927,0.9732149563597579
0.29741589468551927,0.9732299788183334
0.29757841703234195,0.9732299788183334
0.2977409393791646,0.9732299788183334
0.29782220055257597,0.9732299788183334
0.29782220055257597,0.9732450012769089
0.29798472289939865,0.9732450012769089
0.29806598407281,0.9732450012769089
0.29806598407281,0.9732600237354846
0.2982285064196327,0.9732600237354846
0.2982285064196327,0.9732750461940601
0.29847228993986674,0.9732750461940601
0.29847228993986674,0.9733351360283624
0.2985535511132781,0.9733351360283624
0.2985535511132781,0.9733802034040892
0.2985535511132781,0.9733952258626647
0.29871607346010076,0.9733952258626647
0.29871607346010076,0.9734102483212402
0.2987973346335121,0.9734102483212402
0.2987973346335121,0.9734252707798158
0.29887859580692344,0.9734252707798158
0.29887859580692344,0.9734402932383914
0.29912237932715746,0.9734402932383914
0.29912237932715746,0.9734703381555425
0.2992036405005688,0.9734703381555425
0.2992036405005688,0.9735154055312693
0.2995286851942142,0.9735154055312693
0.2995286851942142,0.9735304279898448
0.29960994636762556,0.9735304279898448
0.29960994636762556,0.9735454504484203
0.29977246871444824,0.9735454504484203
0.29977246871444824,0.9735754953655715
0.2999349910612709,0.9735754953655715
0.2999349910612709,0.9735905178241471
0.2999349910612709,0.9736205627412983
0.2999349910612709,0.9736355851998738
0.30001625223468226,0.9736355851998738
0.30001625223468226,0.9736506076584494
0.3000975134080936,0.9736506076584494
0.3000975134080936,0.973665630117025
0.3000975134080936,0.9736956750341761
0.3000975134080936,0.9737106974927516
0.30017877458150494,0.9737106974927516
0.30017877458150494,0.9737257199513273
0.300422558101739,0.9737257199513273
0.300422558101739,0.9737407424099028
0.300422558101739,0.9737858097856296
0.30050381927515035,0.9737858097856296
0.30050381927515035,0.9738008322442051
0.30066634162197303,0.9738008322442051
0.30066634162197303,0.9738158547027806
0.30074760279538437,0.9738158547027806
0.30074760279538437,0.9738609220785074
0.3008288639687957,0.9738609220785074
0.3008288639687957,0.9738909669956585
0.30091012514220705,0.9738909669956585
0.30091012514220705,0.9739360343713852
0.30107264748902973,0.9739360343713852
0.30107264748902973,0.9739961242056875
0.3012351698358524,0.9739961242056875
0.3012351698358524,0.9740261691228387
0.30131643100926375,0.9740261691228387
0.30131643100926375,0.9740411915814142
0.3014789533560865,0.9740411915814142
0.3014789533560865,0.9740712364985653
0.30204778156996587,0.9740712364985653
0.30204778156996587,0.9741012814157165
0.3021290427433772,0.9741012814157165
0.3021290427433772,0.9741313263328676
0.3022915650901999,0.9741313263328676
0.3023728262636112,0.9741313263328676
0.3023728262636112,0.9741613712500188
0.30245408743702257,0.9741613712500188
0.3026166097838453,0.9741613712500188
0.3028603933040793,0.9741613712500188
0.3028603933040793,0.9741763937085943
0.30294165447749066,0.9741763937085943
0.30294165447749066,0.9742064386257455
0.30310417682431334,0.9742064386257455
0.30310417682431334,0.9742214610843211
0.30334796034454736,0.9742214610843211
0.30334796034454736,0.9742364835428966
0.3037542662116041,0.9742364835428966
0.3037542662116041,0.9742815509186233
0.30383552738501546,0.9742815509186233
0.30383552738501546,0.9742965733771989
0.3039167885584268,0.9742965733771989
0.3039167885584268,0.9743266182943501
0.3039167885584268,0.9743416407529256
0.30399804973183814,0.9743416407529256
0.30399804973183814,0.9743716856700768
0.30399804973183814,0.9744017305872279
0.3040793109052495,0.9744017305872279
0.3040793109052495,0.9744467979629546
0.3041605720786608,0.9744467979629546
0.3041605720786608,0.9744618204215302
0.30424183325207216,0.9744618204215302
0.30424183325207216,0.9745068877972569
0.3043230944254835,0.9745068877972569
0.3044856167723062,0.9745068877972569
0.3044856167723062,0.9745219102558325
0.30464813911912886,0.9745219102558325
0.30464813911912886,0.974536932714408
0.3047294002925402,0.974536932714408
0.3047294002925402,0.9746571123830126
0.3049731838127743,0.9746571123830126
0.3049731838127743,0.9746721348415882
0.3050544449861856,0.9746721348415882
0.3050544449861856,0.9747021797587393
0.3050544449861856,0.9747322246758905
0.3052169673330083,0.9747322246758905
0.3052169673330083,0.9747923145101928
0.305623273200065,0.9747923145101928
0.305623273200065,0.974852404344495
0.30570453437347633,0.974852404344495
0.30570453437347633,0.9749124941787973
0.3057857955468877,0.9749124941787973
0.3057857955468877,0.9749725840130996
0.30586705672029907,0.9749725840130996
0.30586705672029907,0.9750176513888263
0.30602957906712175,0.9750176513888263
0.30602957906712175,0.9750326738474019
0.3061108402405331,0.9750326738474019
0.3061108402405331,0.9750476963059774
0.3061108402405331,0.9750777412231286
0.30619210141394443,0.9750777412231286
0.30619210141394443,0.9751378310574309
0.3063546237607671,0.9751378310574309
0.3063546237607671,0.9751528535160064
0.30659840728100113,0.9751528535160064
0.30659840728100113,0.975167875974582
0.3067609296278238,0.975167875974582
0.3067609296278238,0.9751828984331575
0.3069234519746465,0.9751828984331575
0.3070859743214692,0.9751828984331575
0.30797984722899396,0.9751828984331575
0.30797984722899396,0.9752129433503087
0.3080611084024053,0.9752129433503087
0.3080611084024053,0.9752429882674598
0.3080611084024053,0.9753181005603377
0.30822363074922804,0.9753181005603377
0.30846741426946206,0.9753181005603377
0.30846741426946206,0.9753481454774888
0.3085486754428734,0.9753481454774888
0.3085486754428734,0.9753631679360644
0.30887372013651876,0.9753631679360644
0.30903624248334144,0.9753631679360644
0.30903624248334144,0.9754833476046689
0.3094425483503982,0.9754833476046689
0.3094425483503982,0.9754983700632446
0.30952380952380953,0.9754983700632446
0.30952380952380953,0.9755133925218201
0.3098488542174549,0.9755133925218201
0.3098488542174549,0.9755284149803957
0.3100113765642776,0.9755284149803957
0.3100113765642776,0.9755584598975469
0.3100113765642776,0.9755885048146979
0.3100113765642776,0.9756185497318491
0.31017389891110025,0.9756185497318491
0.31017389891110025,0.9756335721904247
0.3102551600845116,0.9756335721904247
0.3102551600845116,0.9756485946490002
0.31049894360474567,0.9756485946490002
0.31049894360474567,0.9756636171075759
0.310580204778157,0.9756636171075759
0.310580204778157,0.9757237069418782
0.31066146595156835,0.9757237069418782
0.31066146595156835,0.9757537518590292
0.31066146595156835,0.9757687743176048
0.3107427271249797,0.9757687743176048
0.3107427271249797,0.9757837967761804
0.31082398829839103,0.9757837967761804
0.31082398829839103,0.975798819234756
0.31131155533885907,0.975798819234756
0.31131155533885907,0.9758589090690583
0.31155533885909314,0.9758589090690583
0.31155533885909314,0.9758739315276338
0.3117178612059158,0.9758739315276338
0.31179912237932716,0.9758739315276338
0.31179912237932716,0.9758889539862093
0.31196164472614984,0.9758889539862093
0.31196164472614984,0.975903976444785
0.3122866894197952,0.975903976444785
0.3122866894197952,0.9759189989033605
0.3125304729400293,0.9759189989033605
0.3125304729400293,0.9759640662790873
0.3127742564602633,0.9759640662790873
0.312936778807086,0.9759640662790873
0.312936778807086,0.9759790887376628
0.3133430846741427,0.9759790887376628
0.3133430846741427,0.9759941111962384
0.31350560702096536,0.9759941111962384
0.31350560702096536,0.9760542010305406
0.31374939054119944,0.9760542010305406
0.31374939054119944,0.9760992684062674
0.3139119128880221,0.9760992684062674
0.3139119128880221,0.9761743806991452
0.31399317406143346,0.9761743806991452
0.31399317406143346,0.9761894031577208
0.3142369575816675,0.9761894031577208
0.3142369575816675,0.9762494929920231
0.3143182187550788,0.9762494929920231
0.3143182187550788,0.9762795379091742
0.31439947992849016,0.9762795379091742
0.31439947992849016,0.976324605284901
0.31472452462213557,0.976324605284901
0.31472452462213557,0.9763396277434765
0.31488704696895825,0.9763396277434765
0.3149683081423696,0.9763396277434765
0.3149683081423696,0.9764147400363543
0.31504956931578093,0.9764147400363543
0.31504956931578093,0.9764447849535055
0.31513083048919227,0.9764447849535055
0.31513083048919227,0.9764748298706566
0.31529335283601495,0.9764748298706566
0.31529335283601495,0.9764898523292322
0.3156183975296603,0.9764898523292322
0.3156183975296603,0.9765048747878078
0.31569965870307165,0.9765048747878078
0.31569965870307165,0.9765499421635345
0.3158621810498944,0.9765499421635345
0.31602470339671707,0.9765499421635345
0.3161059645701284,0.9765499421635345
0.3161059645701284,0.9765799870806856
0.31618722574353975,0.9765799870806856
0.31618722574353975,0.9765950095392611
0.3165122704371851,0.9765950095392611
0.3165122704371851,0.9766250544564123
0.3166747927840078,0.9766250544564123
0.3166747927840078,0.9766550993735634
0.3169185763042418,0.9766550993735634
0.3169185763042418,0.9766701218321391
0.3169998374776532,0.9766701218321391
0.3169998374776532,0.9767001667492902
0.31708109865106454,0.9767001667492902
0.31732488217129856,0.9767001667492902
0.31748740451812124,0.9767001667492902
0.31773118803835526,0.9767001667492902
0.31773118803835526,0.9767903015007436
0.3178124492117666,0.9767903015007436
0.3178124492117666,0.9768053239593192
0.31789371038517794,0.9768053239593192
0.31789371038517794,0.9768503913350459
0.3179749715585893,0.9768503913350459
0.3179749715585893,0.9768954587107727
0.31821875507882336,0.9768954587107727
0.31838127742564604,0.9768954587107727
0.31838127742564604,0.9769104811693482
0.3184625385990574,0.9769104811693482
0.3184625385990574,0.9769405260864993
0.31862506094588006,0.9769405260864993
0.31862506094588006,0.9769555485450749
0.3189501056395254,0.9769555485450749
0.31903136681293676,0.9769555485450749
0.31903136681293676,0.9769705710036505
0.3191126279863481,0.9769705710036505
0.3191126279863481,0.976985593462226
0.31935641150658217,0.976985593462226
0.31935641150658217,0.9770006159208016
0.3194376726799935,0.9770006159208016
0.3194376726799935,0.9770156383793772
0.3196001950268162,0.9770156383793772
0.3196001950268162,0.9770757282136795
0.3196001950268162,0.9771057731308306
0.3196001950268162,0.9771358180479818
0.3196001950268162,0.9771658629651329
0.3196001950268162,0.9772559977165863
0.31992523972046155,0.9772559977165863
0.31992523972046155,0.9772710201751619
0.3200065008938729,0.9772710201751619
0.3200065008938729,0.977301065092313
0.32025028441410697,0.977301065092313
0.32025028441410697,0.9773461324680397
0.3205753291077523,0.9773461324680397
0.3205753291077523,0.9773611549266152
0.32081911262798635,0.9773611549266152
0.32081911262798635,0.977406222302342
0.3209003738013977,0.977406222302342
0.3209003738013977,0.9774212447609175
0.320981634974809,0.9774212447609175
0.320981634974809,0.9774362672194932
0.32106289614822037,0.9774362672194932
0.32106289614822037,0.9774663121366443
0.3211441573216317,0.9774663121366443
0.3211441573216317,0.9774813345952199
0.3213066796684544,0.9774813345952199
0.3213066796684544,0.9775564468880977
0.3214692020152771,0.9775564468880977
0.3214692020152771,0.9775714693466733
0.32171298553551114,0.9775714693466733
0.32171298553551114,0.9775864918052488
0.3218755078823338,0.9775864918052488
0.3218755078823338,0.9776165367224
0.32195676905574516,0.9776165367224
0.32195676905574516,0.9776465816395511
0.3220380302291565,0.9776465816395511
0.3220380302291565,0.9776766265567023
0.3222005525759792,0.9776766265567023
0.3222005525759792,0.9777066714738534
0.3225255972696246,0.9777066714738534
0.3225255972696246,0.9777517388495801
0.3226881196164473,0.9777517388495801
0.3226881196164473,0.9777968062253068
0.3226881196164473,0.9778118286838824
0.3226881196164473,0.9778418736010336
0.32285064196326996,0.9778418736010336
0.32285064196326996,0.9778719185181847
0.32285064196326996,0.9779019634353359
0.32301316431009264,0.9779019634353359
0.32325694783032666,0.9779019634353359
0.32325694783032666,0.9779169858939114
0.32341947017714934,0.9779169858939114
0.3235819925239721,0.9779169858939114
0.3238257760442061,0.9779169858939114
0.3238257760442061,0.977932008352487
0.32390703721761743,0.977932008352487
0.32390703721761743,0.9779470308110625
0.3239882983910288,0.9779470308110625
0.3239882983910288,0.9779770757282137
0.3239882983910288,0.978067210479667
0.3240695595644401,0.978067210479667
0.3240695595644401,0.9780822329382427
0.32431334308467413,0.9780822329382427
0.32431334308467413,0.9781573452311205
0.3243946042580855,0.9781573452311205
0.3246383877783195,0.9781573452311205
0.3246383877783195,0.9781873901482717
0.3247196489517309,0.9781873901482717
0.3247196489517309,0.9782324575239983
0.32480091012514223,0.9782324575239983
0.32480091012514223,0.978247479982574
0.3251259548187876,0.978247479982574
0.3251259548187876,0.9782625024411495
0.32520721599219893,0.9782625024411495
0.32520721599219893,0.9782775248997251
0.32528847716561027,0.9782775248997251
0.32528847716561027,0.9783075698168763
0.32528847716561027,0.9783225922754518
0.3255322606858443,0.9783225922754518
0.32569478303266697,0.9783225922754518
0.3258573053794897,0.9783225922754518
0.3258573053794897,0.9783376147340274
0.32593856655290104,0.9783376147340274
0.32593856655290104,0.9783676596511786
0.3261010888997237,0.9783676596511786
0.3261010888997237,0.9783826821097541
0.32618235007313506,0.9783826821097541
0.32618235007313506,0.9783977045683296
0.3262636112465464,0.9783977045683296
0.3262636112465464,0.9784127270269052
0.32634487241995774,0.9784127270269052
0.32634487241995774,0.9784878393197831
0.3264261335933691,0.9784878393197831
0.3264261335933691,0.9785028617783587
0.32658865594019176,0.9785028617783587
0.32675117828701444,0.9785028617783587
0.32675117828701444,0.9785178842369342
0.3269949618072485,0.9785178842369342
0.3269949618072485,0.9785329066955097
0.32707622298065986,0.9785329066955097
0.32707622298065986,0.9785479291540854
0.3271574841540712,0.9785479291540854
0.3271574841540712,0.9785779740712365
0.32723874532748254,0.9785779740712365
0.32748252884771656,0.9785779740712365
0.32748252884771656,0.978592996529812
0.32788883471477326,0.978592996529812
0.32788883471477326,0.9786080189883877
0.3279700958881846,0.9786080189883877
0.3279700958881846,0.9786230414469632
0.32813261823500733,0.9786230414469632
0.32813261823500733,0.97866810882269
0.3282138794084187,0.97866810882269
0.3282138794084187,0.9786831312812655
0.32829514058183,0.9786831312812655
0.32829514058183,0.978698153739841
0.32837640175524135,0.978698153739841
0.32837640175524135,0.9787432211155678
0.32878270762229805,0.9787432211155678
0.32878270762229805,0.978773266032719
0.32878270762229805,0.9788183334084456
0.3288639687957094,0.9788183334084456
0.3288639687957094,0.9788333558670212
0.32894522996912073,0.9788333558670212
0.32894522996912073,0.9788634007841723
0.3290264911425321,0.9788634007841723
0.3290264911425321,0.9788934457013235
0.32927027466276615,0.9788934457013235
0.32943279700958883,0.9788934457013235
0.32951405818300017,0.9788934457013235
0.32951405818300017,0.9789385130770502
0.32967658052982285,0.9789385130770502
0.32967658052982285,0.9789685579942013
0.3297578417032342,0.9789685579942013
0.3297578417032342,0.9789986029113524
0.32983910287664553,0.9789986029113524
0.32983910287664553,0.9790136253699281
0.32992036405005687,0.9790136253699281
0.32992036405005687,0.9790436702870792
0.32992036405005687,0.9790586927456547
0.3300016252234682,0.9790586927456547
0.3300016252234682,0.9790737152042304
0.3301641475702909,0.9790737152042304
0.3301641475702909,0.9790887376628059
0.3303266699171136,0.9790887376628059
0.3303266699171136,0.9791037601213815
0.33040793109052496,0.9791037601213815
0.33040793109052496,0.979118782579957
0.33057045343734764,0.979118782579957
0.33057045343734764,0.9791338050385326
0.330651714610759,0.9791338050385326
0.330651714610759,0.9791788724142593
0.330895498130993,0.9791788724142593
0.330895498130993,0.9791938948728349
0.331139281651227,0.9791938948728349
0.331139281651227,0.9792089173314105
0.3313018039980497,0.9792089173314105
0.3313830651714611,0.9792089173314105
0.3316268486916951,0.9792089173314105
0.33187063221192914,0.9792089173314105
0.33187063221192914,0.9792389622485616
0.3319518933853405,0.9792389622485616
0.3319518933853405,0.9792539847071372
0.3320331545587518,0.9792539847071372
0.3320331545587518,0.9792690071657127
0.3321956769055745,0.9792690071657127
0.3321956769055745,0.9792840296242883
0.33227693807898584,0.9792840296242883
0.33227693807898584,0.9793140745414395
0.3324394604258086,0.9793140745414395
0.3324394604258086,0.979329097000015
0.33260198277263125,0.979329097000015
0.33260198277263125,0.9793441194585906
0.33260198277263125,0.9793741643757418
0.3328457662928653,0.9793741643757418
0.3328457662928653,0.9793891868343173
0.3328457662928653,0.9794192317514685
0.33317081098651063,0.9794192317514685
0.33317081098651063,0.979434254210044
0.333252072159922,0.979434254210044
0.333252072159922,0.9794793215857708
0.3333333333333333,0.9794793215857708
0.3333333333333333,0.9794943440443463
0.33341459450674465,0.9794943440443463
0.3335771168535674,0.9794943440443463
0.3335771168535674,0.9795394114200731
0.33373963920039007,0.9795394114200731
0.33373963920039007,0.9796145237129509
0.33373963920039007,0.979644568630102
0.3338209003738014,0.979644568630102
0.3338209003738014,0.9796746135472532
0.33390216154721275,0.9796746135472532
0.33406468389403543,0.9796746135472532
0.33406468389403543,0.9796896360058287
0.33430846741426945,0.9796896360058287
0.33430846741426945,0.9797046584644042
0.33455225093450347,0.9797046584644042
0.33455225093450347,0.9797347033815554
0.33463351210791487,0.9797347033815554
0.33479603445473755,0.9797347033815554
0.3349585568015602,0.9797347033815554
0.3349585568015602,0.9797647482987065
0.33503981797497157,0.9797647482987065
0.33520234032179425,0.9797647482987065
0.33520234032179425,0.9797797707572822
0.3355273850154396,0.9797797707572822
0.3357711685356737,0.9797797707572822
0.3357711685356737,0.9797947932158577
0.33609621322931904,0.9797947932158577
0.33609621322931904,0.9798098156744333
0.3362587355761417,0.9798098156744333
0.3362587355761417,0.9798248381330088
0.3362587355761417,0.97985488305016
0.3365837802697871,0.97985488305016
0.3365837802697871,0.9798849279673111
0.3366650414431984,0.9798849279673111
0.3366650414431984,0.9799299953430378
0.3368275637900211,0.9799299953430378
0.33699008613684384,0.9799299953430378
0.3370713473102552,0.9799299953430378
0.3370713473102552,0.9799450178016134
0.3371526084836665,0.9799450178016134
0.3373151308304892,0.9799450178016134
0.3373151308304892,0.979960040260189
0.3374776531773119,0.979960040260189
0.3374776531773119,0.9799750627187646
0.3378839590443686,0.9799750627187646
0.3378839590443686,0.9799900851773401
0.33796522021777997,0.9799900851773401
0.33812774256460265,0.9799900851773401
0.33829026491142533,0.9799900851773401
0.33829026491142533,0.9800201300944913
0.33853404843165935,0.9800201300944913
0.33853404843165935,0.9800351525530668
0.3388590931253047,0.9800351525530668
0.3388590931253047,0.9800501750116424
0.33926539899236147,0.9800501750116424
0.33926539899236147,0.9800802199287936
0.3393466601657728,0.9800802199287936
0.3393466601657728,0.9800952423873691
0.3395091825125955,0.9800952423873691
0.3397529660328295,0.9800952423873691
0.3399967495530635,0.9800952423873691
0.3399967495530635,0.9801102648459447
0.34007801072647487,0.9801102648459447
0.34007801072647487,0.9801252873045203
0.34032179424670894,0.9801252873045203
0.3404030554201203,0.9801252873045203
0.3404030554201203,0.9801403097630959
0.3404843165935316,0.9801403097630959
0.3404843165935316,0.9801553322216714
0.34072810011376564,0.9801553322216714
0.34072810011376564,0.9801703546802469
0.34097188363399966,0.9801703546802469
0.34097188363399966,0.9802003995973981
0.3413781895010564,0.9802003995973981
0.3413781895010564,0.9802154220559737
0.34162197302129044,0.9802154220559737
0.34162197302129044,0.9802304445145492
0.34162197302129044,0.9802604894317004
0.3417032341947018,0.9802604894317004
0.3417032341947018,0.9802905343488515
0.34227206240858116,0.9802905343488515
0.3424345847554039,0.9802905343488515
0.3424345847554039,0.9803055568074271
0.3428408906224606,0.9803055568074271
0.3428408906224606,0.9803356017245782
0.3432471964895173,0.9803356017245782
0.3432471964895173,0.9803506241831538
0.3432471964895173,0.980380669100305
0.34332845766292863,0.980380669100305
0.34332845766292863,0.980410714017456
0.34349098000975137,0.980410714017456
0.34349098000975137,0.9804257364760317
0.34389728587680807,0.9804257364760317
0.34389728587680807,0.9804407589346072
0.34405980822363075,0.9804407589346072
0.34405980822363075,0.9804708038517583
0.3442223305704534,0.9804708038517583
0.3442223305704534,0.980485826310334
0.34430359174386477,0.980485826310334
0.34430359174386477,0.9805008487689095
0.34446611409068745,0.9805008487689095
0.34446611409068745,0.9805308936860606
0.3445473752640988,0.9805308936860606
0.3445473752640988,0.9805759610617873
0.3446286364375102,0.9805759610617873
0.3446286364375102,0.9806210284375141
0.3448724199577442,0.9806210284375141
0.3448724199577442,0.9806360508960896
0.34609133755891436,0.9806360508960896
0.34609133755891436,0.9806811182718164
0.3461725987323257,0.9806811182718164
0.3461725987323257,0.9807111631889676
0.34649764342597106,0.9807111631889676
0.34649764342597106,0.9807562305646942
0.3468226881196165,0.9807562305646942
0.3468226881196165,0.9807862754818454
0.3469039492930278,0.9807862754818454
0.3469039492930278,0.9808012979404209
0.3472289939866732,0.9808012979404209
0.3472289939866732,0.9808463653161477
0.34755403868031853,0.9808463653161477
0.34755403868031853,0.9808613877747232
0.3477165610271412,0.9808613877747232
0.3477165610271412,0.9808764102332987
0.34828538924102065,0.9808764102332987
0.34828538924102065,0.9808914326918744
0.34852917276125467,0.9808914326918744
0.34852917276125467,0.9809064551504499
0.34869169510807735,0.9809064551504499
0.34869169510807735,0.980936500067601
0.3487729562814887,0.980936500067601
0.3487729562814887,0.9809515225261767
0.34885421745490003,0.9809515225261767
0.34885421745490003,0.9809665449847522
0.34901673980172276,0.9809665449847522
0.3493417844953681,0.9809665449847522
0.3493417844953681,0.9809815674433278
0.3495043068421908,0.9809815674433278
0.3495043068421908,0.9809965899019033
0.34999187388265884,0.9809965899019033
0.34999187388265884,0.9810266348190545
0.3500731350560702,0.9810266348190545
0.3500731350560702,0.9810717021947812
0.35031691857630426,0.9810717021947812
0.35031691857630426,0.9810867246533568
0.3503981797497156,0.9810867246533568
0.3503981797497156,0.9811017471119323
0.35047944092312694,0.9811017471119323
0.35047944092312694,0.9811317920290835
0.35047944092312694,0.9811468144876591
0.3508044856167723,0.9811468144876591
0.3508044856167723,0.9811768594048101
0.3510482691370063,0.9811768594048101
0.3510482691370063,0.9812669941562636
0.35112953031041766,0.9812669941562636
0.35112953031041766,0.9812820166148392
0.351210791483829,0.9812820166148392
0.351210791483829,0.9813120615319904
0.35161709735088575,0.9813120615319904
0.35161709735088575,0.9813421064491414
0.3516983585242971,0.9813421064491414
0.3516983585242971,0.9813571289077171
0.35177961969770843,0.9813571289077171
0.35177961969770843,0.9813721513662926
0.3519421420445311,0.9813721513662926
0.3519421420445311,0.9814021962834437
0.35218592556476513,0.9814021962834437
0.35218592556476513,0.9814322412005949
0.35251097025841055,0.9814322412005949
0.35251097025841055,0.9814472636591705
0.3525922314318219,0.9814472636591705
0.3525922314318219,0.9814773085763216
0.35267349260523323,0.9814773085763216
0.3529985372988786,0.9814773085763216
0.3529985372988786,0.9814923310348972
0.35307979847228993,0.9814923310348972
0.35307979847228993,0.9815373984106239
0.35307979847228993,0.981567443327775
0.35307979847228993,0.9815974882449262
0.35316105964570127,0.9815974882449262
0.35316105964570127,0.9816425556206528
0.35332358199252395,0.9816425556206528
0.35332358199252395,0.9816575780792285
0.3534861043393467,0.9816575780792285
0.3534861043393467,0.9816876229963796
0.353567365512758,0.9816876229963796
0.353567365512758,0.9817026454549551
0.3537298878595807,0.9817026454549551
0.3537298878595807,0.9817176679135308
0.3539736713798147,0.9817176679135308
0.3539736713798147,0.9817326903721063
0.35405493255322606,0.9817326903721063
0.35405493255322606,0.9817477128306819
0.3542987160734601,0.9817477128306819
0.3542987160734601,0.981777757747833
0.3547862831139282,0.981777757747833
0.3547862831139282,0.9817927802064086
0.3550300666341622,0.9817927802064086
0.3550300666341622,0.9818228251235597
0.35535511132780756,0.9818228251235597
0.35535511132780756,0.981882914957862
0.3554363725012189,0.981882914957862
0.3554363725012189,0.9819129598750131
0.35551763367463024,0.9819129598750131
0.35551763367463024,0.9819430047921642
0.355680156021453,0.9819430047921642
0.355680156021453,0.9819580272507399
0.3563302454087437,0.9819580272507399
0.3563302454087437,0.9819730497093154
0.3565740289289777,0.9819730497093154
0.3565740289289777,0.9820030946264666
0.35665529010238906,0.9820030946264666
0.3568178124492118,0.9820030946264666
0.35689907362262313,0.9820030946264666
0.35689907362262313,0.9820331395436177
0.35698033479603447,0.9820331395436177
0.35698033479603447,0.9820481620021932
0.3572241183162685,0.9820481620021932
0.35738664066309117,0.9820481620021932
0.35738664066309117,0.9820631844607689
0.35754916300991385,0.9820631844607689
0.35754916300991385,0.98209322937792
0.3576304241833252,0.98209322937792
0.3576304241833252,0.9821232742950712
0.35803673005038195,0.9821232742950712
0.35803673005038195,0.9821382967536467
0.35803673005038195,0.9821683416707978
0.3581992523972046,0.9821683416707978
0.3581992523972046,0.9822734988808268
0.35828051357061597,0.9822734988808268
0.35828051357061597,0.9822885213394024
0.3583617747440273,0.9822885213394024
0.3583617747440273,0.9823185662565536
0.3583617747440273,0.9823335887151291
0.35852429709085,0.9823335887151291
0.35852429709085,0.9823786560908558
0.3586055582642613,0.9823786560908558
0.3586055582642613,0.9824087010080069
0.358768080611084,0.9824087010080069
0.358768080611084,0.9824237234665826
0.35884934178449535,0.9824237234665826
0.3590931253047294,0.9824237234665826
0.3590931253047294,0.9824687908423092
0.35917438647814076,0.9824687908423092
0.3594181699983748,0.9824687908423092
0.3594181699983748,0.9824838133008849
0.3596619535186088,0.9824838133008849
0.3596619535186088,0.9824988357594604
0.3601495205590769,0.9824988357594604
0.3601495205590769,0.9825288806766115
0.36023078173248824,0.9825288806766115
0.36023078173248824,0.9825589255937627
0.3603933040793109,0.9825589255937627
0.3603933040793109,0.982619015428065
0.3603933040793109,0.9826490603452162
0.3603933040793109,0.9826640828037917
0.3605558264261336,0.9826640828037917
0.3605558264261336,0.9826791052623672
0.36063708759954494,0.9826791052623672
0.36063708759954494,0.9826941277209428
0.36088087111977896,0.9826941277209428
0.36088087111977896,0.982724172638094
0.361124654640013,0.982724172638094
0.361124654640013,0.9827391950966695
0.3612871769868357,0.9827391950966695
0.3614496993336584,0.9827391950966695
0.3614496993336584,0.9827842624723963
0.3614496993336584,0.9828143073895473
0.3618560052007151,0.9828143073895473
0.3618560052007151,0.9828443523066985
0.36218104989436045,0.9828443523066985
0.36218104989436045,0.9829194645995764
0.3624248334145945,0.9829194645995764
0.3624248334145945,0.9829344870581519
0.3628311392816512,0.9829344870581519
0.3628311392816512,0.9829795544338786
0.36331870632211927,0.9829795544338786
0.36331870632211927,0.9829945768924542
0.36331870632211927,0.9830246218096054
0.36331870632211927,0.9830396442681809
0.36339996749553066,0.9830396442681809
0.36339996749553066,0.9830546667267565
0.363481228668942,0.9830546667267565
0.363481228668942,0.9830696891853321
0.36356248984235334,0.9830696891853321
0.36356248984235334,0.9831448014782099
0.363725012189176,0.9831448014782099
0.363725012189176,0.9831598239367855
0.36380627336258736,0.9831598239367855
0.36380627336258736,0.983174846395361
0.3638875345359987,0.983174846395361
0.3638875345359987,0.9831898688539367
0.36396879570941004,0.9831898688539367
0.3641313180562327,0.9831898688539367
0.3641313180562327,0.9832048913125122
0.3642938404030554,0.9832048913125122
0.3647814074435235,0.9832048913125122
0.3647814074435235,0.9832199137710878
0.36510645213716886,0.9832199137710878
0.36510645213716886,0.983249958688239
0.3651877133105802,0.983249958688239
0.3651877133105802,0.9832649811468145
0.36526897448399154,0.9832649811468145
0.3655940191776369,0.9832649811468145
0.3656752803510483,0.9832649811468145
0.3656752803510483,0.98328000360539
0.36575654152445963,0.98328000360539
0.36575654152445963,0.9833100485225412
0.365837802697871,0.9833100485225412
0.365837802697871,0.9833250709811168
0.36616284739151633,0.9833250709811168
0.36616284739151633,0.983355115898268
0.366325369738339,0.983355115898268
0.366325369738339,0.9833701383568435
0.3664878920851617,0.9833701383568435
0.3664878920851617,0.983385160815419
0.3668129367788071,0.983385160815419
0.3668129367788071,0.9834001832739946
0.3669754591256298,0.9834001832739946
0.3669754591256298,0.9834302281911458
0.36713798147245247,0.9834302281911458
0.36713798147245247,0.9834452506497213
0.3672192426458638,0.9834452506497213
0.3672192426458638,0.9835203629425991
0.3672192426458638,0.9835504078597503
0.3676255485129205,0.9835504078597503
0.3676255485129205,0.9835654303183259
0.3678693320331546,0.9835654303183259
0.3678693320331546,0.9835804527769014
0.3679505932065659,0.9835804527769014
0.3679505932065659,0.9835954752354771
0.36819437672679994,0.9835954752354771
0.36819437672679994,0.9836104976940526
0.3683568990736226,0.9836104976940526
0.3683568990736226,0.9836705875283549
0.36843816024703396,0.9836705875283549
0.36843816024703396,0.9836856099869304
0.3685194214204453,0.9836856099869304
0.3685194214204453,0.9837156549040816
0.36860068259385664,0.9837156549040816
0.36860068259385664,0.9837456998212327
0.36892572728750206,0.9837456998212327
0.36892572728750206,0.9837607222798083
0.3691695108077361,0.9837607222798083
0.36933203315455876,0.9837607222798083
0.36933203315455876,0.983805789655535
0.36949455550138144,0.983805789655535
0.36949455550138144,0.9838208121141105
0.3695758166747928,0.9838208121141105
0.3695758166747928,0.9838358345726862
0.3695758166747928,0.9838658794898373
0.3695758166747928,0.9838959244069885
0.3696570778482041,0.9838959244069885
0.3696570778482041,0.9839259693241396
0.3696570778482041,0.9839409917827152
0.36973833902161546,0.9839409917827152
0.3699821225418495,0.9839409917827152
0.3699821225418495,0.9839560142412908
0.3700633837152609,0.9839710366998663
0.3703071672354949,0.9839710366998663
0.3703071672354949,0.9840010816170175
0.37038842840890623,0.9840010816170175
0.37038842840890623,0.9840311265341686
0.3704696895823176,0.9840311265341686
0.3704696895823176,0.9840461489927441
0.3705509507557289,0.9840461489927441
0.3705509507557289,0.9841062388270464
0.37063221192914025,0.9841062388270464
0.37063221192914025,0.9841362837441976
0.3707134731025516,0.9841362837441976
0.3707134731025516,0.9841513062027731
0.3708759954493743,0.9841513062027731
0.3708759954493743,0.9841663286613487
0.37103851779619695,0.9841663286613487
0.37103851779619695,0.9842113960370754
0.3714448236632537,0.9842113960370754
0.3714448236632537,0.984226418495651
0.37176986835689907,0.984226418495651
0.37176986835689907,0.9842414409542266
0.37193239070372175,0.9842414409542266
0.37193239070372175,0.9842714858713777
0.37217617422395577,0.9842714858713777
0.3723386965707785,0.9842714858713777
0.3723386965707785,0.9842865083299532
0.37241995774418984,0.9842865083299532
0.37241995774418984,0.9843015307885289
0.37266374126442386,0.9843015307885289
0.37266374126442386,0.9843616206228312
0.37282626361124654,0.9843616206228312
0.3729887859580692,0.9843616206228312
0.3729887859580692,0.9844066879985578
0.37323256947830324,0.9844066879985578
0.37323256947830324,0.984436732915709
0.3733138306517146,0.984436732915709
0.3733138306517146,0.9844667778328601
0.373395091825126,0.9844667778328601
0.373395091825126,0.9844818002914357
0.3734763529985373,0.9844818002914357
0.3734763529985373,0.9844968227500113
0.37412644238582804,0.9844968227500113
0.37412644238582804,0.9845268676671624
0.3742077035592394,0.9845268676671624
0.3742077035592394,0.984541890125738
0.3745327482528848,0.984541890125738
0.3745327482528848,0.9845569125843135
0.37461400942629614,0.9845569125843135
0.37461400942629614,0.9846170024186158
0.3747765317731188,0.9846170024186158
0.3747765317731188,0.9846320248771914
0.37502031529335283,0.9846320248771914
0.37502031529335283,0.984647047335767
0.3751828376401755,0.984647047335767
0.3753453599869982,0.984647047335767
0.3753453599869982,0.9846620697943426
0.37558914350723227,0.9846620697943426
0.37558914350723227,0.9846921147114936
0.3760767105477003,0.9846921147114936
0.3760767105477003,0.9847071371700693
0.37632049406793433,0.9847071371700693
0.37632049406793433,0.9847221596286448
0.376483016414757,0.9847221596286448
0.376483016414757,0.9847522045457959
0.37656427758816835,0.9847522045457959
0.37656427758816835,0.9847672270043716
0.37705184462863645,0.9847672270043716
0.3772143669754591,0.9847672270043716
0.3772143669754591,0.9847822494629471
0.3773768893222818,0.9847822494629471
0.3773768893222818,0.9847972719215227
0.37745815049569315,0.9847972719215227
0.37745815049569315,0.9848273168386739
0.3775394116691045,0.9848273168386739
0.3775394116691045,0.9848723842144005
0.3776206728425158,0.9848723842144005
0.3776206728425158,0.9848874066729761
0.3778644563627499,0.9848874066729761
0.3778644563627499,0.9849024291315517
0.3780269787095726,0.9849024291315517
0.3780269787095726,0.9849174515901272
0.3781082398829839,0.9849174515901272
0.3781082398829839,0.9849324740487028
0.3786770680968633,0.9849324740487028
0.3786770680968633,0.9849474965072784
0.37875832927027464,0.9849474965072784
0.3789208516170974,0.9849474965072784
0.3791646351373314,0.9849474965072784
0.3791646351373314,0.9849775414244295
0.3800585080448562,0.9849775414244295
0.3800585080448562,0.984992563883005
0.38013976921826753,0.984992563883005
0.38013976921826753,0.9850376312587318
0.3804648139119129,0.9850376312587318
0.38062733625873557,0.9850376312587318
0.3807085974321469,0.9850376312587318
0.3807085974321469,0.9850526537173073
0.38078985860555825,0.9850526537173073
0.38078985860555825,0.9851127435516096
0.38111490329920367,0.9851127435516096
0.38111490329920367,0.9851427884687608
0.38127742564602635,0.9851427884687608
0.38127742564602635,0.9851578109273363
0.381439947992849,0.9851578109273363
0.381439947992849,0.9851878558444875
0.3816024703396717,0.9851878558444875
0.3816024703396717,0.9852028783030631
0.3818462538599057,0.9852028783030631
0.3818462538599057,0.9852179007616386
0.3824963432471965,0.9852179007616386
0.3824963432471965,0.9852329232202143
0.38257760442060784,0.9852329232202143
0.3827401267674305,0.9852329232202143
0.3827401267674305,0.9852479456787898
0.38282138794084186,0.9852479456787898
0.38298391028766454,0.9852479456787898
0.38298391028766454,0.9852629681373654
0.38347147732813264,0.9852629681373654
0.38347147732813264,0.9852779905959409
0.383552738501544,0.9852779905959409
0.383552738501544,0.9852930130545166
0.38371526084836666,0.9852930130545166
0.38371526084836666,0.9853080355130921
0.38387778319518934,0.9853080355130921
0.38387778319518934,0.9853230579716676
0.3842028278888347,0.9853230579716676
0.3842028278888347,0.9853380804302432
0.3843653502356574,0.9853380804302432
0.3843653502356574,0.9853531028888188
0.3844466114090688,0.9853531028888188
0.3844466114090688,0.9853981702645455
0.3845278725824801,0.9853981702645455
0.3845278725824801,0.9854131927231211
0.3846903949293028,0.9854131927231211
0.3846903949293028,0.9854432376402722
0.3852592231431822,0.9854432376402722
0.3852592231431822,0.9854582600988477
0.38542174549000485,0.9854582600988477
0.38542174549000485,0.9854883050159989
0.38542174549000485,0.9855033274745745
0.38590931253047295,0.9855033274745745
0.38590931253047295,0.98551834993315
0.3859905737038843,0.98551834993315
0.3859905737038843,0.9855634173088768
0.38615309605070697,0.9855634173088768
0.38615309605070697,0.985593462226028
0.3862343572241183,0.985593462226028
0.386396879570941,0.985593462226028
0.38664066309117506,0.985593462226028
0.38664066309117506,0.9856084846846035
0.3871282301316431,0.9856084846846035
0.3871282301316431,0.9856385296017546
0.3873720136518771,0.9856385296017546
0.3873720136518771,0.9856685745189058
0.38745327482528846,0.9856685745189058
0.38745327482528846,0.9856835969774813
0.3876970583455225,0.9856835969774813
0.3878595806923452,0.9856835969774813
0.38834714773281326,0.9856835969774813
0.38834714773281326,0.9856986194360569
0.3885909312530473,0.9856986194360569
0.3885909312530473,0.9857136418946325
0.3886721924264586,0.9857136418946325
0.3886721924264586,0.985728664353208
0.38883471477328135,0.985728664353208
0.38883471477328135,0.9857436868117836
0.3890784982935154,0.9857436868117836
0.3890784982935154,0.9857587092703591
0.3893222818137494,0.9857587092703591
0.3894848041605721,0.9857587092703591
0.3895660653339834,0.9857587092703591
0.3895660653339834,0.9857887541875103
0.38964732650739475,0.9857887541875103
0.38964732650739475,0.9858037766460859
0.3897285876808061,0.9858037766460859
0.3897285876808061,0.9858187991046614
0.3898911100276288,0.9858187991046614
0.3898911100276288,0.9858338215632371
0.38997237120104017,0.9858338215632371
0.38997237120104017,0.9858488440218126
0.3900536323744515,0.9858488440218126
0.3900536323744515,0.9858788889389638
0.39029741589468553,0.9858788889389638
0.39029741589468553,0.9858939113975393
0.3906224605883309,0.9858939113975393
0.3906224605883309,0.9859239563146904
0.39078498293515357,0.9859239563146904
0.39078498293515357,0.9859389787732661
0.39078498293515357,0.9859690236904172
0.391353811149033,0.9859690236904172
0.391353811149033,0.9860140910661439
0.3915163334958557,0.9860140910661439
0.3915163334958557,0.986044135983295
0.39167885584267836,0.986044135983295
0.3919226393629124,0.986044135983295
0.3919226393629124,0.9860591584418706
0.39208516170973506,0.9860591584418706
0.39208516170973506,0.9860741809004462
0.3924914675767918,0.9860741809004462
0.3924914675767918,0.9860892033590217
0.39257272875020316,0.9860892033590217
0.39257272875020316,0.9861192482761729
0.3926539899236145,0.9861192482761729
0.3928165122704372,0.9861192482761729
0.3928165122704372,0.9861793381104752
0.39297903461725986,0.9861793381104752
0.39297903461725986,0.9862093830276263
0.3930602957906712,0.9862093830276263
0.3930602957906712,0.9862244054862018
0.39346660165772795,0.9862244054862018
0.39346660165772795,0.9862394279447775
0.3937916463513733,0.9862394279447775
0.393954168698196,0.9862394279447775
0.393954168698196,0.986254450403353
0.39419795221843,0.986254450403353
0.3944417357386641,0.986254450403353
0.3944417357386641,0.9862694728619286
0.39452299691207543,0.9862694728619286
0.39452299691207543,0.9862844953205041
0.39460425808548677,0.9862844953205041
0.39460425808548677,0.9862995177790798
0.39460425808548677,0.9863295626962308
0.39460425808548677,0.9863445851548064
0.3946855192588981,0.9863445851548064
0.3946855192588981,0.986359607613382
0.3948480416057208,0.986359607613382
0.3948480416057208,0.9863746300719576
0.3950918251259548,0.9863746300719576
0.3950918251259548,0.9863896525305331
0.39517308629936615,0.9863896525305331
0.39517308629936615,0.9864196974476843
0.3952543474727775,0.9864196974476843
0.3952543474727775,0.986464764823411
0.39549813099301157,0.986464764823411
0.3955793921664229,0.986464764823411
0.3955793921664229,0.9864797872819866
0.39590443686006827,0.9864797872819866
0.3967170485941817,0.9864797872819866
0.3967170485941817,0.9865098321991377
0.39679830976759306,0.9865098321991377
0.39679830976759306,0.9865248546577133
0.3970420932878271,0.9865248546577133
0.3970420932878271,0.98656992203344
0.3971233544612384,0.98656992203344
0.3971233544612384,0.9865999669505912
0.3971233544612384,0.9866300118677422
0.3971233544612384,0.9866600567848934
0.39720461563464976,0.9866600567848934
0.39720461563464976,0.986675079243469
0.3972858768080611,0.986675079243469
0.3972858768080611,0.9867051241606202
0.3975296603282951,0.9867051241606202
0.39769218267511786,0.9867051241606202
0.39785470502194054,0.9867051241606202
0.39785470502194054,0.9867351690777713
0.3979359661953519,0.9867351690777713
0.39809848854217456,0.9867351690777713
0.39809848854217456,0.9867652139949225
0.39850479440923126,0.9867652139949225
0.3987485779294653,0.9867652139949225
0.3987485779294653,0.986780236453498
0.39882983910287667,0.986780236453498
0.39882983910287667,0.9868253038292247
0.398911100276288,0.9868253038292247
0.3990736226231107,0.9868253038292247
0.39939866731675605,0.9868253038292247
0.39939866731675605,0.9868403262878003
0.3994799284901674,0.9868403262878003
0.39964245083699007,0.9868403262878003
0.3997237120104014,0.9868403262878003
0.3997237120104014,0.9868553487463758
0.4000487567040468,0.9868553487463758
0.4000487567040468,0.9868703712049514
0.4000487567040468,0.9869004161221026
0.40013001787745817,0.9869004161221026
0.40013001787745817,0.9869454834978293
0.40029254022428085,0.9869454834978293
0.40029254022428085,0.9869605059564048
0.4008613684381602,0.9869605059564048
0.40102389078498296,0.9869605059564048
0.40118641313180564,0.9869605059564048
0.40118641313180564,0.9869755284149804
0.4016739801722737,0.9869755284149804
0.4016739801722737,0.9870055733321316
0.401755241345685,0.9870055733321316
0.4019177636925077,0.9870055733321316
0.40199902486591904,0.9870055733321316
0.40199902486591904,0.9870356182492827
0.4020802860393304,0.9870356182492827
0.4020802860393304,0.9870506407078582
0.4029741589468552,0.9870506407078582
0.40321794246708925,0.9870506407078582
0.40346172598732327,0.9870506407078582
0.40346172598732327,0.9870957080835849
0.4037055095075573,0.9870957080835849
0.4037055095075573,0.9871107305421605
0.4039492930277913,0.9871107305421605
0.40427433772143667,0.9871107305421605
0.40427433772143667,0.9871257530007361
0.40435559889484807,0.9871257530007361
0.40435559889484807,0.9871407754593117
0.40451812124167075,0.9871407754593117
0.4046806435884934,0.9871407754593117
0.40492442710872745,0.9871407754593117
0.40492442710872745,0.9871708203764629
0.40516821062896147,0.9871708203764629
0.40516821062896147,0.9871858428350384
0.4057370388428409,0.9871858428350384
0.4057370388428409,0.987200865293614
0.40581830001625224,0.987200865293614
0.40581830001625224,0.9872309102107651
0.4059808223630749,0.9872309102107651
0.40606208353648626,0.9872309102107651
0.40606208353648626,0.9872759775864918
0.4067934340971884,0.9872759775864918
0.4067934340971884,0.9872910000450674
0.4068746952705997,0.9872910000450674
0.4068746952705997,0.987306022503643
0.40695595644401106,0.987306022503643
0.40695595644401106,0.9873210449622185
0.40711847879083374,0.9873210449622185
0.40711847879083374,0.9873510898793697
0.40736226231106776,0.9873510898793697
0.40736226231106776,0.9873661123379452
0.40752478465789044,0.9873661123379452
0.40752478465789044,0.9873961572550963
0.40752478465789044,0.9874562470893986
0.40801235169835853,0.9874562470893986
0.40801235169835853,0.9874712695479743
0.4081748740451812,0.9874712695479743
0.4081748740451812,0.9874862920065498
0.4083373963920039,0.9874862920065498
0.4083373963920039,0.9875163369237009
0.40866244108564925,0.9875163369237009
0.40866244108564925,0.9875313593822765
0.40890622460588333,0.9875313593822765
0.40890622460588333,0.9875914492165788
0.40898748577929467,0.9875914492165788
0.40898748577929467,0.9876214941337299
0.40915000812611735,0.9876214941337299
0.40939379164635137,0.9876214941337299
0.40939379164635137,0.9876365165923054
0.40971883633999673,0.9876365165923054
0.40971883633999673,0.9876515390508811
0.40980009751340807,0.9876515390508811
0.40980009751340807,0.9876665615094566
0.4099626198602308,0.9876665615094566
0.4099626198602308,0.9876966064266077
0.41004388103364214,0.9876966064266077
0.4105314480741102,0.9876966064266077
0.4105314480741102,0.9877266513437589
0.4106127092475215,0.9877266513437589
0.4106127092475215,0.9877416738023345
0.41069397042093286,0.9877416738023345
0.41069397042093286,0.9877867411780612
0.4110190151145783,0.9877867411780612
0.4110190151145783,0.9878017636366367
0.41118153746140096,0.9878017636366367
0.41118153746140096,0.9878167860952124
0.41175036567528034,0.9878167860952124
0.41199414919551436,0.9878167860952124
0.41207541036892575,0.9878167860952124
0.41223793271574843,0.9878167860952124
0.41248171623598245,0.9878167860952124
0.41248171623598245,0.9878318085537879
0.4125629774093938,0.9878318085537879
0.4125629774093938,0.9878468310123635
0.41264423858280513,0.9878468310123635
0.4128067609296278,0.9878468310123635
0.4128067609296278,0.9878768759295147
0.41305054444986183,0.9878768759295147
0.41305054444986183,0.9878918983880902
0.41353811149032993,0.9878918983880902
0.41353811149032993,0.9879069208466658
0.4137006338371526,0.9879069208466658
0.4137006338371526,0.9879219433052413
0.41394441735738663,0.9879219433052413
0.41394441735738663,0.987936965763817
0.41402567853079797,0.987936965763817
0.41402567853079797,0.9879519882223925
0.4143507232244434,0.9879519882223925
0.4143507232244434,0.9879970555981192
0.4150008126117341,0.9879970555981192
0.4151633349585568,0.9879970555981192
0.4152445961319681,0.9879970555981192
0.4152445961319681,0.9880120780566948
0.41581342434584756,0.9880120780566948
0.41581342434584756,0.9880421229738459
0.4160572078660816,0.9880421229738459
0.4160572078660816,0.9880571454324215
0.4161384690394929,0.9880571454324215
0.4161384690394929,0.9880871903495726
0.4163009913863156,0.9880871903495726
0.4163009913863156,0.9881022128081481
0.41638225255972694,0.9881022128081481
0.4165447749065497,0.9881022128081481
0.41670729725337236,0.9881022128081481
0.41670729725337236,0.9881172352667238
0.41711360312042906,0.9881172352667238
0.41711360312042906,0.9881322577252993
0.41751990898748575,0.9881322577252993
0.41751990898748575,0.9881472801838749
0.41776369250771983,0.9881472801838749
0.41776369250771983,0.9881623026424504
0.4179262148545425,0.9881623026424504
0.4179262148545425,0.9881923475596016
0.41800747602795385,0.9881923475596016
0.41800747602795385,0.9882073700181772
0.4180887372013652,0.9882073700181772
0.4180887372013652,0.9882223924767527
0.4184950430684219,0.9882223924767527
0.4184950430684219,0.988282482311055
0.41865756541524457,0.988282482311055
0.4188200877620673,0.988282482311055
0.41898261010889,0.988282482311055
0.41898261010889,0.9882975047696306
0.41914513245571267,0.9882975047696306
0.41914513245571267,0.9883275496867817
0.419470177149358,0.9883275496867817
0.419470177149358,0.9883425721453573
0.41955143832276937,0.9883425721453573
0.41955143832276937,0.9883726170625085
0.4197952218430034,0.9883726170625085
0.4197952218430034,0.988387639521084
0.4197952218430034,0.9884327068968107
0.4199577441898261,0.9884327068968107
0.4199577441898261,0.9884627518139619
0.42003900536323746,0.9884627518139619
0.42003900536323746,0.9884777742725375
0.42020152771006014,0.9884777742725375
0.42020152771006014,0.988492796731113
0.4203640500568828,0.988492796731113
0.4206890947505282,0.988492796731113
0.4206890947505282,0.9885829314825665
0.4207703559239395,0.9885829314825665
0.4207703559239395,0.9886129763997176
0.42093287827076226,0.9886129763997176
0.4210141394441736,0.9886129763997176
0.4210141394441736,0.9886580437754443
0.42109540061758494,0.9886580437754443
0.42109540061758494,0.9886730662340198
0.4212579229644076,0.9886730662340198
0.4212579229644076,0.9886880886925954
0.4212579229644076,0.9887181336097466
0.4214204453112303,0.9887181336097466
0.4214204453112303,0.9887632009854733
0.42150170648464164,0.9887632009854733
0.42150170648464164,0.9887782234440489
0.421826751178287,0.9887782234440489
0.421826751178287,0.9887932459026244
0.4219892735251097,0.9887932459026244
0.4219892735251097,0.9888082683612
0.4221517958719324,0.9888082683612
0.4221517958719324,0.9888232908197756
0.42263936291240045,0.9888232908197756
0.42263936291240045,0.9888833806540779
0.42280188525922313,0.9888833806540779
0.42280188525922313,0.9888984031126534
0.42288314643263447,0.9888984031126534
0.42288314643263447,0.9889284480298045
0.42304566877945715,0.9889284480298045
0.42304566877945715,0.9889434704883802
0.42312692995286855,0.9889434704883802
0.42312692995286855,0.9889735154055312
0.4232081911262799,0.9889735154055312
0.4232081911262799,0.9889885378641068
0.42337071347310257,0.9889885378641068
0.42337071347310257,0.9890035603226824
0.4236144969933366,0.9890035603226824
0.4236144969933366,0.989018582781258
0.4236957581667479,0.989018582781258
0.4236957581667479,0.9890336052398335
0.4238582805135706,0.9890336052398335
0.4241020640338046,0.9890336052398335
0.4241020640338046,0.9890636501569847
0.4241020640338046,0.9890786726155603
0.4253209816349748,0.9890786726155603
0.4253209816349748,0.9891087175327115
0.4254835039817975,0.9891087175327115
0.42572728750203154,0.9891087175327115
0.42572728750203154,0.989123739991287
0.4258085486754429,0.989123739991287
0.4258085486754429,0.9891387624498625
0.42637737688932226,0.9891387624498625
0.42637737688932226,0.9891537849084381
0.426539899236145,0.9891537849084381
0.426539899236145,0.9891838298255893
0.426539899236145,0.9891988522841648
0.4267024215829677,0.9891988522841648
0.42686494392979035,0.9891988522841648
0.4271899886234357,0.9891988522841648
0.4271899886234357,0.9892439196598916
0.42727124979684705,0.9892439196598916
0.42727124979684705,0.9892739645770426
0.42727124979684705,0.9892889870356183
0.42743377214366973,0.9892889870356183
0.42759629449049247,0.9892889870356183
0.42792133918413783,0.9892889870356183
0.42792133918413783,0.9893040094941938
0.42816512270437185,0.9893040094941938
0.4283276450511945,0.9893040094941938
0.42840890622460587,0.9893040094941938
0.42857142857142855,0.9893040094941938
0.4288152120916626,0.9893040094941938
0.4288152120916626,0.9893190319527694
0.42905899561189664,0.9893190319527694
0.42905899561189664,0.9893490768699206
0.42979034617259876,0.9893490768699206
0.42979034617259876,0.9893640993284961
0.4300341296928328,0.9893640993284961
0.43019665203965546,0.9893640993284961
0.43019665203965546,0.9893791217870717
0.4302779132130668,0.9893791217870717
0.4302779132130668,0.9894241891627984
0.4304404355598895,0.9894241891627984
0.4304404355598895,0.9894392116213739
0.4309280026003576,0.9894392116213739
0.4309280026003576,0.9894692565385251
0.4311717861205916,0.9894692565385251
0.4311717861205916,0.9895143239142518
0.4313343084674143,0.9895143239142518
0.4313343084674143,0.9895293463728274
0.4314155696408256,0.9895293463728274
0.4314155696408256,0.989544368831403
0.4318218755078823,0.989544368831403
0.4318218755078823,0.989574413748554
0.4320656590281164,0.989574413748554
0.43222818137493907,0.989574413748554
0.4323094425483504,0.989574413748554
0.4323094425483504,0.9895894362071297
0.43239070372176175,0.9895894362071297
0.43239070372176175,0.9896044586657052
0.4327157484154071,0.9896044586657052
0.4327157484154071,0.9896345035828563
0.43295953193564113,0.9896345035828563
0.43295953193564113,0.9896645485000075
0.43295953193564113,0.989679570958583
0.43304079310905247,0.989679570958583
0.4332033154558752,0.989679570958583
0.4333658378026979,0.989679570958583
0.4333658378026979,0.9896945934171586
0.43352836014952056,0.9896945934171586
0.43369088249634324,0.9896945934171586
0.43369088249634324,0.9897096158757342
0.4341784495368113,0.9897096158757342
0.434340971883634,0.9897096158757342
0.43442223305704536,0.9897096158757342
0.43442223305704536,0.9897396607928853
0.4347472777506907,0.9897396607928853
0.4349098000975134,0.9897396607928853
0.4350723224443361,0.9897396607928853
0.43523484479115876,0.9897396607928853
0.43523484479115876,0.989754683251461
0.43612871769868355,0.989754683251461
0.43612871769868355,0.9897847281686121
0.43645376239232897,0.9897847281686121
0.43645376239232897,0.9897997506271876
0.4365350235657403,0.9897997506271876
0.43677880708597433,0.9897997506271876
0.43686006825938567,0.9897997506271876
0.43686006825938567,0.9898147730857633
0.43718511295303103,0.9898147730857633
0.43718511295303103,0.9898297955443388
0.4373476352998537,0.9898297955443388
0.4373476352998537,0.9898448180029144
0.43742889647326505,0.9898448180029144
0.4375914188200878,0.9898448180029144
0.4375914188200878,0.9898598404614899
0.4376726799934991,0.9898598404614899
0.4376726799934991,0.9898748629200655
0.4382415082073785,0.9898748629200655
0.4382415082073785,0.9899049078372166
0.4384852917276125,0.9899049078372166
0.4384852917276125,0.9899199302957922
0.43856655290102387,0.9899199302957922
0.43856655290102387,0.9899649976715189
0.4387290752478466,0.9899649976715189
0.4387290752478466,0.9899800201300945
0.4391353811149033,0.9899800201300945
0.4391353811149033,0.9899950425886701
0.43946042580854866,0.9899950425886701
0.43946042580854866,0.9900100650472456
0.43962294815537134,0.9900100650472456
0.43962294815537134,0.9900250875058212
0.4397854705021941,0.9900250875058212
0.4397854705021941,0.9900401099643967
0.4400292540224281,0.9900401099643967
0.4401917763692508,0.9900401099643967
0.4401917763692508,0.9900701548815479
0.4402730375426621,0.9900701548815479
0.4402730375426621,0.9900851773401235
0.44051682106289614,0.9900851773401235
0.44051682106289614,0.990100199798699
0.44076060458313016,0.990100199798699
0.44076060458313016,0.9901152222572747
0.44084186575654155,0.9901152222572747
0.44084186575654155,0.9901302447158502
0.44100438810336423,0.9901302447158502
0.44100438810336423,0.9901452671744257
0.4411669104501869,0.9901452671744257
0.4413294327970096,0.9901452671744257
0.44149195514383227,0.9901452671744257
0.44149195514383227,0.9901903345501525
0.4415732163172436,0.9901903345501525
0.4415732163172436,0.990205357008728
0.4420607833577117,0.990205357008728
0.4420607833577117,0.9902354019258792
0.44214204453112305,0.9902354019258792
0.44238582805135707,0.9902354019258792
0.44254835039817975,0.9902354019258792
0.4426296115715911,0.9902354019258792
0.4426296115715911,0.9902654468430303
0.44303591743864784,0.9902654468430303
0.44303591743864784,0.9902804693016058
0.4431984397854705,0.9902804693016058
0.44344222330570454,0.9902804693016058
0.44384852917276124,0.9902804693016058
0.44384852917276124,0.990310514218757
0.44384852917276124,0.9903255366773326
0.4439297903461726,0.9903255366773326
0.4439297903461726,0.9903405591359081
0.4440110515195839,0.9903405591359081
0.4440110515195839,0.9903555815944838
0.444254835039818,0.9903555815944838
0.444254835039818,0.9903706040530593
0.444498618560052,0.9903706040530593
0.444498618560052,0.9904006489702105
0.44457987973346336,0.9904006489702105
0.44474240208028604,0.9904006489702105
0.4448236632536974,0.9904006489702105
0.4448236632536974,0.9904156714287861
0.4450674467739314,0.9904156714287861
0.4450674467739314,0.9904457163459371
0.4452299691207541,0.9904457163459371
0.44547375264098815,0.9904457163459371
0.44563627498781083,0.9904457163459371
0.44563627498781083,0.9904607388045128
0.4457987973346335,0.9904607388045128
0.4459613196814562,0.9904607388045128
0.4464488867219243,0.9904607388045128
0.4464488867219243,0.9904757612630883
0.4469364537623923,0.9904757612630883
0.4469364537623923,0.9904907837216639
0.447342759629449,0.9904907837216639
0.447342759629449,0.9905058061802394
0.4477490654965058,0.9905058061802394
0.4477490654965058,0.9905358510973906
0.4479928490167398,0.9905358510973906
0.4479928490167398,0.9905508735559662
0.4482366325369738,0.9905508735559662
0.4482366325369738,0.9905658960145417
0.44831789371038516,0.9905658960145417
0.44831789371038516,0.9905809184731174
0.44880546075085326,0.9905809184731174
0.44880546075085326,0.9905959409316929
0.44896798309767594,0.9905959409316929
0.44896798309767594,0.9906109633902684
0.4490492442710873,0.9906109633902684
0.4490492442710873,0.9906410083074196
0.44921176661790996,0.9906410083074196
0.44937428896473264,0.9906410083074196
0.44937428896473264,0.9906560307659952
0.449455550138144,0.9906560307659952
0.4497805948317894,0.9906560307659952
0.4500243783520234,0.9906560307659952
0.4500243783520234,0.9906710532245707
0.45010563952543475,0.9906710532245707
0.45010563952543475,0.9907010981417219
0.45026816187225743,0.9907010981417219
0.45083699008613687,0.9907010981417219
0.45083699008613687,0.9907161206002975
0.4509182512595482,0.9907161206002975
0.4509182512595482,0.990731143058873
0.4514870794734276,0.990731143058873
0.4514870794734276,0.9907611879760242
0.45181212416707295,0.9907611879760242
0.45181212416707295,0.9907762104345997
0.45213716886071836,0.9907762104345997
0.45213716886071836,0.9907912328931753
0.4522184300341297,0.9907912328931753
0.4522184300341297,0.9908062553517508
0.45229969120754104,0.9908062553517508
0.45229969120754104,0.9908212778103265
0.4523809523809524,0.9908212778103265
0.4523809523809524,0.9908663451860531
0.45254347472777506,0.9908663451860531
0.4526247359011864,0.9908663451860531
0.4527872582480091,0.9908663451860531
0.45303104176824316,0.9908663451860531
0.45303104176824316,0.9908813676446288
0.4535186088087112,0.9908813676446288
0.4535186088087112,0.9908963901032043
0.4536811311555339,0.9908963901032043
0.4536811311555339,0.9909114125617798
0.45400617584917924,0.9909114125617798
0.45400617584917924,0.9909865248546578
0.454168698196002,0.9909865248546578
0.454168698196002,0.9910165697718089
0.45449374288964733,0.9910165697718089
0.45449374288964733,0.9910315922303844
0.45465626523647,0.9910315922303844
0.45473752640988135,0.9910315922303844
0.4549813099301154,0.9910315922303844
0.4549813099301154,0.99104661468896
0.4553063546237608,0.99104661468896
0.45563139931740615,0.99104661468896
0.45579392166422883,0.99104661468896
0.4561189663578742,0.99104661468896
0.4561189663578742,0.9910616371475356
0.45636274987810826,0.9910616371475356
0.45636274987810826,0.9911067045232623
0.45652527222493094,0.9911067045232623
0.45652527222493094,0.9911217269818379
0.45693157809198764,0.9911217269818379
0.45693157809198764,0.9911367494404134
0.457012839265399,0.9911367494404134
0.457012839265399,0.991151771898989
0.4577441898261011,0.991151771898989
0.4577441898261011,0.9911667943575646
0.4581504956931578,0.9911667943575646
0.4583942792133918,0.9911667943575646
0.4583942792133918,0.9912118617332912
0.4586380627336259,0.9912118617332912
0.4586380627336259,0.9912268841918669
0.4592068909475053,0.9912268841918669
0.4592068909475053,0.9912419066504424
0.45936941329432796,0.9912419066504424
0.45953193564115064,0.9912419066504424
0.4597757191613847,0.9912419066504424
0.4597757191613847,0.991256929109018
0.46001950268161873,0.991256929109018
0.46001950268161873,0.9912719515675935
0.46010076385503007,0.9912719515675935
0.46010076385503007,0.9912869740261692
0.46026328620185275,0.9912869740261692
0.46026328620185275,0.9913170189433202
0.4603445473752641,0.9913170189433202
0.46050706972208677,0.9913170189433202
0.46050706972208677,0.991362086319047
0.4605883308954981,0.991362086319047
0.4605883308954981,0.9913921312361981
0.4609133755891435,0.9913921312361981
0.4609133755891435,0.9914071536947737
0.46180724849666827,0.9914071536947737
0.46180724849666827,0.9914221761533493
0.46188850967007966,0.9914221761533493
0.46205103201690234,0.9914221761533493
0.46229481553713636,0.9914221761533493
0.4625385990573704,0.9914221761533493
0.4625385990573704,0.9914371986119248
0.46318868844466116,0.9914371986119248
0.46318868844466116,0.9914522210705004
0.46335121079148384,0.9914522210705004
0.46335121079148384,0.991467243529076
0.4635137331383065,0.991467243529076
0.4635137331383065,0.9914822659876515
0.46375751665854054,0.9914822659876515
0.46375751665854054,0.9915123109048026
0.4644076060458313,0.9915123109048026
0.4644076060458313,0.9915273333633783
0.46448886721924265,0.9915273333633783
0.46448886721924265,0.9915423558219538
0.46448886721924265,0.9915724007391049
0.46448886721924265,0.9915874231976806
0.46473265073947667,0.9915874231976806
0.46489517308629935,0.9915874231976806
0.46489517308629935,0.9916324905734073
0.46505769543312203,0.9916324905734073
0.46505769543312203,0.9916625354905584
0.46522021777994477,0.9916625354905584
0.46538274012676745,0.9916625354905584
0.46538274012676745,0.9916775579491339
0.4655452624735901,0.9916775579491339
0.4655452624735901,0.9916925804077096
0.46603282951405817,0.9916925804077096
0.46603282951405817,0.9917076028662851
0.4661140906874695,0.9917076028662851
0.4661140906874695,0.9917226253248607
0.4667641800747603,0.9917226253248607
0.4667641800747603,0.9917376477834362
0.467170485941817,0.9917376477834362
0.467170485941817,0.9917526702420119
0.46757679180887374,0.9917526702420119
0.46782057532910776,0.9917526702420119
0.46782057532910776,0.9917676927005874
0.46798309767593044,0.9917676927005874
0.4680643588493418,0.9917676927005874
0.4680643588493418,0.9917827151591629
0.46822688119616446,0.9917827151591629
0.4684706647163985,0.9917827151591629
0.4684706647163985,0.9917977376177385
0.4684706647163985,0.9918277825348897
0.4685519258898099,0.9918277825348897
0.4685519258898099,0.9918428049934652
0.4689582317568666,0.9918428049934652
0.4689582317568666,0.9918578274520408
0.4690394929302779,0.9918578274520408
0.4690394929302779,0.991887872369192
0.46985210466439137,0.991887872369192
0.47001462701121405,0.991887872369192
0.4700958881846254,0.991887872369192
0.4700958881846254,0.9919028948277675
0.47042093287827075,0.9919028948277675
0.47042093287827075,0.9919329397449187
0.4705834552250934,0.9919329397449187
0.47074597757191616,0.9919329397449187
0.47074597757191616,0.9919629846620698
0.4708272387453275,0.9919629846620698
0.4708272387453275,0.9919780071206453
0.47090849991873884,0.9919780071206453
0.4712335446123842,0.9919780071206453
0.47131480578579554,0.9919780071206453
0.47131480578579554,0.991993029579221
0.47172111165285224,0.991993029579221
0.47172111165285224,0.9920230744963721
0.471883633999675,0.9920230744963721
0.47220867869332034,0.9920230744963721
0.47220867869332034,0.9920531194135233
0.472371201040143,0.9920531194135233
0.472371201040143,0.9920681418720988
0.47245246221355436,0.9920681418720988
0.47245246221355436,0.9920981867892499
0.4725337233869657,0.9920981867892499
0.4725337233869657,0.9921282317064011
0.4726962457337884,0.9921282317064011
0.47285876808061106,0.9921282317064011
0.47285876808061106,0.9921582766235522
0.4731838127742565,0.9921582766235522
0.4731838127742565,0.9921732990821278
0.4734275962944905,0.9921732990821278
0.4734275962944905,0.9921883215407034
0.47350885746790183,0.9921883215407034
0.47350885746790183,0.9922033439992789
0.4736713798147245,0.9922033439992789
0.4738339021615472,0.9922033439992789
0.4743214692020153,0.9922033439992789
0.4743214692020153,0.9922183664578544
0.474727775069072,0.9922183664578544
0.474727775069072,0.9922634338335812
0.474971558589306,0.9922634338335812
0.474971558589306,0.9922784562921568
0.47505281976271735,0.9922784562921568
0.4752966032829514,0.9922784562921568
0.47578417032341946,0.9922784562921568
0.47578417032341946,0.9922934787507324
0.4760279538436535,0.9922934787507324
0.4761092150170648,0.9922934787507324
0.47627173736388756,0.9922934787507324
0.4763529985372989,0.9922934787507324
0.4763529985372989,0.9923085012093079
0.4770030879245896,0.9923085012093079
0.4770030879245896,0.9923235236678835
0.4771656102714123,0.9923235236678835
0.4771656102714123,0.9923385461264591
0.47724687144482364,0.9923385461264591
0.47724687144482364,0.9923535685850347
0.47732813261823503,0.9923535685850347
0.47732813261823503,0.9923685910436102
0.4774906549650577,0.9923685910436102
0.4774906549650577,0.9923836135021857
0.47773443848529173,0.9923836135021857
0.47797822200552575,0.9923836135021857
0.4783032666991711,0.9923836135021857
0.4783032666991711,0.9923986359607614
0.4783032666991711,0.992443703336488
0.4783032666991711,0.9924587257950637
0.47862831139281653,0.9924587257950637
0.47862831139281653,0.9924737482536392
0.47870957256622787,0.9924737482536392
0.47870957256622787,0.9924887707122148
0.47887209491305055,0.9924887707122148
0.47887209491305055,0.992518815629366
0.47887209491305055,0.9925338380879415
0.47903461725987323,0.9925338380879415
0.47911587843328457,0.9925338380879415
0.47911587843328457,0.992548860546517
0.4791971396066959,0.992548860546517
0.4791971396066959,0.9925638830050926
0.47927840078010725,0.9925638830050926
0.47927840078010725,0.9925789054636682
0.47960344547375267,0.9925789054636682
0.47976596782057535,0.9925789054636682
0.48017227368763205,0.9925789054636682
0.4804973183812774,0.9925789054636682
0.4807411019015115,0.9925789054636682
0.4807411019015115,0.9926089503808193
0.48106614659515684,0.9926089503808193
0.48106614659515684,0.9926239728393949
0.4815537136356249,0.9926239728393949
0.4815537136356249,0.9926389952979705
0.48196001950268164,0.9926389952979705
0.48196001950268164,0.992654017756546
0.4821225418495043,0.992654017756546
0.4821225418495043,0.9926690402151216
0.48236632536973834,0.9926690402151216
0.48236632536973834,0.9926840626736971
0.48326019827726313,0.9926840626736971
0.48326019827726313,0.9927141075908483
0.4834227206240858,0.9927141075908483
0.4834227206240858,0.9927291300494239
0.48350398179749715,0.9927291300494239
0.48350398179749715,0.9927591749665751
0.48423533235819927,0.9927591749665751
0.48423533235819927,0.9927741974251506
0.48439785470502195,0.9927741974251506
0.4845603770518446,0.9927741974251506
0.4845603770518446,0.9927892198837261
0.4847228993986673,0.9927892198837261
0.4847228993986673,0.9928042423423017
0.48504794409231267,0.9928042423423017
0.48512920526572406,0.9928042423423017
0.48512920526572406,0.9928192648008773
0.4856167723061921,0.9928192648008773
0.4857792946530148,0.9928192648008773
0.4860230781732488,0.9928192648008773
0.4860230781732488,0.9928493097180284
0.48610433934666014,0.9928493097180284
0.48610433934666014,0.9928793546351796
0.4862668616934829,0.9928793546351796
0.4862668616934829,0.9928943770937552
0.4863481228668942,0.9928943770937552
0.4863481228668942,0.9929244220109064
0.48642938404030556,0.9929244220109064
0.4866731675605396,0.9929244220109064
0.4866731675605396,0.9929394444694819
0.48683568990736226,0.9929394444694819
0.4870794734275963,0.9929394444694819
0.48732325694783035,0.9929394444694819
0.48756704046806437,0.9929394444694819
0.48756704046806437,0.9929544669280574
0.48789208516170973,0.9929544669280574
0.4880546075085324,0.9929544669280574
0.48829839102876643,0.9929544669280574
0.48829839102876643,0.992969489386633
0.48837965220217777,0.992969489386633
0.4885421745490005,0.992969489386633
0.4885421745490005,0.9929845118452086
0.4887046968958232,0.9929845118452086
0.4887046968958232,0.9929995343037842
0.4889484804160572,0.9929995343037842
0.4889484804160572,0.9930145567623597
0.4891110027628799,0.9930145567623597
0.4893547862831139,0.9930145567623597
0.48943604745652525,0.9930145567623597
0.48943604745652525,0.9930295792209353
0.48992361449699334,0.9930295792209353
0.48992361449699334,0.9930446016795109
0.4900048756704047,0.9930446016795109
0.49016739801722736,0.9930446016795109
0.49016739801722736,0.9931046915138132
0.4902486591906387,0.9931046915138132
0.4904111815374614,0.9931046915138132
0.49065496505769546,0.9931046915138132
0.49065496505769546,0.9931197139723887
0.4911425320981635,0.9931197139723887
0.4911425320981635,0.9931347364309643
0.49122379327157484,0.9931347364309643
0.49122379327157484,0.9931497588895398
0.4917926214854543,0.9931497588895398
0.492198927352511,0.9931497588895398
0.492198927352511,0.9931647813481155
0.49252397204615633,0.9931647813481155
0.49252397204615633,0.9931948262652666
0.4926052332195677,0.9931948262652666
0.4926052332195677,0.9932248711824178
0.49284901673980175,0.9932248711824178
0.49301153908662443,0.9932248711824178
0.4931740614334471,0.9932248711824178
0.4931740614334471,0.9932699385581444
0.4933365837802698,0.9932699385581444
0.49390541199414917,0.9932699385581444
0.49390541199414917,0.99328496101672
0.49398667316756056,0.99328496101672
0.49398667316756056,0.9933300283924467
0.4940679343409719,0.9933300283924467
0.4940679343409719,0.9933450508510223
0.4942304566877946,0.9933450508510223
0.4942304566877946,0.9933600733095979
0.49439297903461726,0.9933600733095979
0.4944742402080286,0.9933600733095979
0.4944742402080286,0.9933750957681734
0.4947180237282626,0.9933750957681734
0.4948805460750853,0.9933750957681734
0.49504306842190804,0.9933750957681734
0.49504306842190804,0.9934051406853246
0.49544937428896474,0.9934051406853246
0.49544937428896474,0.9934201631439001
0.4955306354623761,0.9934201631439001
0.4955306354623761,0.9934351856024757
0.49609946367625546,0.9934351856024757
0.49609946367625546,0.9934802529782024
0.49618072484966685,0.9934802529782024
0.49618072484966685,0.993495275436778
0.4965057695433122,0.993495275436778
0.4965057695433122,0.9935253203539292
0.49674955306354623,0.9935253203539292
0.4968308142369576,0.9935253203539292
0.4968308142369576,0.9935403428125047
0.49715585893060293,0.9935403428125047
0.497399642450837,0.9935403428125047
0.49772468714448237,0.9935403428125047
0.49772468714448237,0.9935553652710802
0.49829351535836175,0.9935553652710802
0.49829351535836175,0.9935703877296559
0.4985372988785958,0.9935703877296559
0.4986998212254185,0.9935703877296559
0.49918738826588654,0.9935703877296559
0.49918738826588654,0.9935854101882314
0.4993499106127092,0.9935854101882314
0.4993499106127092,0.993600432646807
0.49951243295953196,0.993600432646807
0.49991873882658866,0.993600432646807
0.49991873882658866,0.9936154551053825
0.5000812611734113,0.9936154551053825
0.5000812611734113,0.9936304775639582
0.5001625223468227,0.9936304775639582
0.5001625223468227,0.9936455000225337
0.500243783520234,0.9936455000225337
0.500243783520234,0.9936605224811093
0.5006500893872907,0.9936605224811093
0.5008126117341134,0.9936605224811093
0.5009751340809361,0.9936605224811093
0.5009751340809361,0.9936905673982604
0.5010563952543474,0.9936905673982604
0.5013001787745816,0.9936905673982604
0.5020315293352836,0.9936905673982604
0.5020315293352836,0.993705589856836
0.502112790508695,0.993705589856836
0.502112790508695,0.9937206123154115
0.5022753128555176,0.9937206123154115
0.5027628798959857,0.9937206123154115
0.5034942304566878,0.9937206123154115
0.5034942304566878,0.9937356347739871
0.5036567528035105,0.9937356347739871
0.5036567528035105,0.9937506572325627
0.5038192751503332,0.9937506572325627
0.5041443198439786,0.9937506572325627
0.5046318868844466,0.9937506572325627
0.5047944092312693,0.9937506572325627
0.5047944092312693,0.9937656796911383
0.5050381927515033,0.9937656796911383
0.5050381927515033,0.9937807021497138
0.5051194539249146,0.9937807021497138
0.5052819762717373,0.9937807021497138
0.50544449861856,0.9937807021497138
0.50544449861856,0.9937957246082894
0.5057695433122055,0.9937957246082894
0.5057695433122055,0.993810747066865
0.5058508044856168,0.993810747066865
0.5058508044856168,0.9938407919840161
0.5060133268324395,0.9938407919840161
0.5060133268324395,0.9938558144425916
0.5060945880058508,0.9938558144425916
0.5060945880058508,0.9938708369011673
0.5063383715260849,0.9938708369011673
0.5063383715260849,0.9939159042768939
0.5064196326994962,0.9939159042768939
0.5065821550463189,0.9939159042768939
0.5067446773931416,0.9939159042768939
0.5069071997399642,0.9939159042768939
0.5069884609133756,0.9939159042768939
0.5071509832601983,0.9939159042768939
0.5071509832601983,0.9939309267354696
0.5073135056070209,0.9939309267354696
0.5073135056070209,0.9939459491940451
0.5074760279538436,0.9939459491940451
0.5079635949943118,0.9939459491940451
0.5081261173411344,0.9939459491940451
0.5081261173411344,0.9939759941111962
0.5090199902486592,0.9939759941111962
0.5090199902486592,0.9939910165697718
0.5091825125954819,0.9939910165697718
0.5094262961157159,0.9939910165697718
0.5098326019827726,0.9939910165697718
0.5099951243295954,0.9939910165697718
0.5099951243295954,0.9940210614869229
0.5103201690232407,0.9940210614869229
0.5103201690232407,0.9940360839454985
0.5105639525434748,0.9940360839454985
0.5105639525434748,0.9940961737798008
0.5112140419307655,0.9940961737798008
0.5112140419307655,0.9941111962383764
0.5112140419307655,0.9941412411555275
0.5113765642775882,0.9941412411555275
0.5113765642775882,0.994156263614103
0.5115390866244108,0.994156263614103
0.5121079148382902,0.994156263614103
0.5121079148382902,0.9941863085312542
0.5123516983585243,0.9941863085312542
0.5123516983585243,0.9942013309898298
0.5124329595319357,0.9942013309898298
0.5125954818787584,0.9942013309898298
0.5126767430521697,0.9942013309898298
0.5128392653989924,0.9942013309898298
0.5128392653989924,0.994231375906981
0.5131643100926377,0.994231375906981
0.5131643100926377,0.9942463983655565
0.5137331383065171,0.9942463983655565
0.5140581830001625,0.9942463983655565
0.5140581830001625,0.994261420824132
0.5141394441735738,0.994261420824132
0.5143019665203965,0.994261420824132
0.5143019665203965,0.9942764432827077
0.5144644888672193,0.9942764432827077
0.514627011214042,0.9942764432827077
0.5147895335608647,0.9942764432827077
0.5147895335608647,0.9942914657412832
0.5149520559076873,0.9942914657412832
0.51511457825451,0.9942914657412832
0.515358361774744,0.9942914657412832
0.515358361774744,0.9943215106584343
0.5155208841215667,0.9943215106584343
0.5155208841215667,0.99433653311701
0.5160084511620348,0.99433653311701
0.5161709735088574,0.99433653311701
0.5162522346822688,0.99433653311701
0.5162522346822688,0.9943515555755855
0.5164960182025028,0.9943515555755855
0.5164960182025028,0.9943665780341611
0.5167398017227369,0.9943665780341611
0.5167398017227369,0.9943816004927366
0.5168210628961483,0.9943816004927366
0.5168210628961483,0.9943966229513123
0.5169023240695596,0.9943966229513123
0.5169023240695596,0.9944116454098878
0.5171461075897936,0.9944116454098878
0.5171461075897936,0.9944266678684633
0.5177961969770843,0.9944266678684633
0.5177961969770843,0.9944416903270389
0.518202502844141,0.9944416903270389
0.518202502844141,0.9944567127856145
0.5184462863643751,0.9944567127856145
0.5184462863643751,0.9944717352441901
0.5190963757516659,0.9944717352441901
0.5192588980984886,0.9944717352441901
0.5192588980984886,0.9944867577027656
0.5196652039655453,0.9944867577027656
0.5196652039655453,0.9945017801613412
0.519827726312368,0.9945017801613412
0.5199902486591906,0.9945017801613412
0.5199902486591906,0.9945168026199168
0.520071509832602,0.9945168026199168
0.520071509832602,0.9945468475370679
0.5204778156996587,0.9945468475370679
0.5204778156996587,0.9945618699956434
0.5206403380464814,0.9945618699956434
0.5209653827401267,0.9945618699956434
0.5213716886071835,0.9945618699956434
0.5213716886071835,0.9945768924542191
0.5215342109540062,0.9945768924542191
0.5215342109540062,0.9946069373713702
0.5216154721274175,0.9946069373713702
0.5216154721274175,0.9946219598299457
0.5216967333008289,0.9946219598299457
0.5218592556476516,0.9946219598299457
0.5220217779944742,0.9946219598299457
0.5220217779944742,0.9946369822885214
0.5225906062083536,0.9946369822885214
0.5225906062083536,0.9946670272056725
0.5228343897285876,0.9946670272056725
0.5228343897285876,0.9946970721228237
0.5233219567690558,0.9946970721228237
0.5233219567690558,0.9947271170399747
0.5234032179424671,0.9947271170399747
0.5235657402892898,0.9947271170399747
0.5236470014627012,0.9947271170399747
0.5236470014627012,0.9947421394985503
0.5244596131968146,0.9947421394985503
0.5244596131968146,0.9947721844157015
0.5245408743702259,0.9947721844157015
0.5245408743702259,0.994787206874277
0.5247033967170486,0.994787206874277
0.5248659190638713,0.994787206874277
0.5248659190638713,0.9948172517914282
0.5251097025841053,0.9948172517914282
0.525272224930928,0.9948172517914282
0.5254347472777506,0.9948172517914282
0.5254347472777506,0.9948322742500038
0.5255972696245734,0.9948322742500038
0.5257597919713961,0.9948322742500038
0.5259223143182188,0.9948322742500038
0.5262473590118641,0.9948322742500038
0.5263286201852755,0.9948322742500038
0.5263286201852755,0.9948472967085793
0.5264098813586868,0.9948472967085793
0.5264098813586868,0.994862319167155
0.5276287989598569,0.994862319167155
0.5276287989598569,0.9948773416257305
0.5279538436535024,0.9948773416257305
0.5280351048269137,0.9948773416257305
0.5280351048269137,0.994892364084306
0.5281163660003251,0.994892364084306
0.5281163660003251,0.9949073865428816
0.5283601495205591,0.9949073865428816
0.5286851942142045,0.9949073865428816
0.5290102389078498,0.9949073865428816
0.5291727612546725,0.9949073865428816
0.5292540224280838,0.9949073865428816
0.5292540224280838,0.9949374314600328
0.5293352836014952,0.9949374314600328
0.5293352836014952,0.9949524539186083
0.5297415894685519,0.9949524539186083
0.5297415894685519,0.9949674763771839
0.5299041118153747,0.9949674763771839
0.5300666341621973,0.9949674763771839
0.5300666341621973,0.9949824988357595
0.53022915650902,0.9949824988357595
0.5308792458963107,0.9949824988357595
0.5310417682431334,0.9949824988357595
0.5313668129367788,0.9949824988357595
0.5313668129367788,0.994997521294335
0.5314480741101901,0.994997521294335
0.5314480741101901,0.9950125437529106
0.5320169023240695,0.9950125437529106
0.5321794246708923,0.9950125437529106
0.5331545587518284,0.9950125437529106
0.5331545587518284,0.9950275662114861
0.5335608646188851,0.9950275662114861
0.5335608646188851,0.9950576111286373
0.5338859093125304,0.9950576111286373
0.5338859093125304,0.9950726335872129
0.5342109540061758,0.9950726335872129
0.5342109540061758,0.9951026785043641
0.5346172598732326,0.9951026785043641
0.5346172598732326,0.9951327234215152
0.534698521046644,0.9951327234215152
0.534698521046644,0.9951477458800907
0.5348610433934666,0.9951477458800907
0.5348610433934666,0.9951777907972419
0.5350235657402893,0.9951777907972419
0.535186088087112,0.9951777907972419
0.535186088087112,0.9951928132558174
0.53567365512758,0.9951928132558174
0.5359986998212254,0.9951928132558174
0.5360799609946367,0.9951928132558174
0.5362424833414594,0.9951928132558174
0.5364050056882821,0.9951928132558174
0.5364050056882821,0.995207835714393
0.5365675280351049,0.995207835714393
0.5366487892085162,0.995207835714393
0.5366487892085162,0.9952228581729686
0.5370550950755729,0.9952228581729686
0.5370550950755729,0.9952378806315442
0.5372988785958069,0.9952378806315442
0.5376239232894523,0.9952378806315442
0.5376239232894523,0.9952529030901197
0.5377051844628636,0.9952529030901197
0.5377051844628636,0.9952679255486953
0.5379489679830977,0.9952679255486953
0.538030229156509,0.9952679255486953
0.5381927515033317,0.9952679255486953
0.538274012676743,0.9952679255486953
0.538274012676743,0.9952829480072709
0.5385990573703884,0.9952829480072709
0.5387615797172112,0.9952829480072709
0.5390866244108565,0.9952829480072709
0.5390866244108565,0.9952979704658464
0.5392491467576792,0.9952979704658464
0.5392491467576792,0.995312992924422
0.5396554526247359,0.995312992924422
0.5396554526247359,0.9953280153829975
0.5397367137981472,0.9953280153829975
0.5398992361449699,0.9953280153829975
0.5399804973183813,0.9953280153829975
0.540143019665204,0.9953280153829975
0.540874370225906,0.9953280153829975
0.540874370225906,0.9953430378415732
0.5413619372663742,0.9953430378415732
0.5413619372663742,0.9953730827587243
0.5416869819600195,0.9953730827587243
0.5416869819600195,0.9953881052172998
0.5417682431334309,0.9953881052172998
0.5420932878270762,0.9953881052172998
0.5423370713473102,0.9953881052172998
0.5424995936941329,0.9953881052172998
0.5427433772143669,0.9953881052172998
0.5429058995611896,0.9953881052172998
0.5437185112953031,0.9953881052172998
0.5437185112953031,0.9954331725930265
0.5442873395091825,0.9954331725930265
0.5442873395091825,0.9954481950516021
0.5443686006825939,0.9954481950516021
0.5443686006825939,0.9954632175101777
0.5449374288964732,0.9954632175101777
0.5449374288964732,0.9954782399687533
0.5451812124167073,0.9954782399687533
0.5454249959369414,0.9954782399687533
0.5455875182837641,0.9954782399687533
0.5460750853242321,0.9954782399687533
0.5460750853242321,0.99552330734448
0.5477815699658704,0.99552330734448
0.5477815699658704,0.9955383298030556
0.5478628311392817,0.9955383298030556
0.5478628311392817,0.9955833971787823
0.5486754428733951,0.9955833971787823
0.5486754428733951,0.9955984196373578
0.5487567040468064,0.9955984196373578
0.5489192263936291,0.9955984196373578
0.5490004875670405,0.9955984196373578
0.5491630099138631,0.9955984196373578
0.5492442710872745,0.9955984196373578
0.5492442710872745,0.9956134420959334
0.5502194051682107,0.9956134420959334
0.5503819275150333,0.9956134420959334
0.5503819275150333,0.995628464554509
0.5507069722086787,0.995628464554509
0.5507069722086787,0.9956434870130846
0.5508694945555014,0.9956434870130846
0.5511945392491467,0.9956434870130846
0.5516008451162034,0.9956434870130846
0.5517633674630261,0.9956434870130846
0.552413456850317,0.9956434870130846
0.5527385015439623,0.9956434870130846
0.5532260685844304,0.9956434870130846
0.5532260685844304,0.9956585094716601
0.553388590931253,0.9956585094716601
0.5537136356248984,0.9956585094716601
0.5537136356248984,0.9957035768473869
0.5538761579717211,0.9957035768473869
0.5538761579717211,0.995733621764538
0.5542824638387779,0.995733621764538
0.5542824638387779,0.9957636666816891
0.5546887697058346,0.9957636666816891
0.5549325532260686,0.9957636666816891
0.5549325532260686,0.9957786891402647
0.5550950755728913,0.9957786891402647
0.5550950755728913,0.9957937115988402
0.5558264261335933,0.9957937115988402
0.5558264261335933,0.9958237565159914
0.5560702096538274,0.9958237565159914
0.5560702096538274,0.995838778974567
0.5563139931740614,0.995838778974567
0.5564765155208842,0.995838778974567
0.5564765155208842,0.9958688238917182
0.5568828213879409,0.9958688238917182
0.5570453437347636,0.9958688238917182
0.5572891272549976,0.9958688238917182
0.5572891272549976,0.9958838463502937
0.5576954331220543,0.9958838463502937
0.5576954331220543,0.9959138912674448
0.5579392166422883,0.9959138912674448
0.5579392166422883,0.9959289137260204
0.5582642613359337,0.9959289137260204
0.5582642613359337,0.995943936184596
0.5588330895498131,0.995943936184596
0.5589956118966358,0.995943936184596
0.5598894848041606,0.995943936184596
0.5598894848041606,0.9959890035603227
0.5606208353648626,0.9959890035603227
0.5606208353648626,0.9960040260188983
0.5607833577116853,0.9960040260188983
0.5607833577116853,0.9960190484774738
0.5609458800585081,0.9960190484774738
0.5611084024053308,0.9960190484774738
0.5611084024053308,0.9960340709360493
0.5611896635787421,0.9960340709360493
0.5611896635787421,0.996049093394625
0.5615959694457988,0.996049093394625
0.5617584917926215,0.996049093394625
0.5620835364862669,0.996049093394625
0.5622460588330895,0.996049093394625
0.5626523647001462,0.996049093394625
0.5628148870469689,0.996049093394625
0.5628961482203803,0.996049093394625
0.5628961482203803,0.9960641158532005
0.563058670567203,0.9960641158532005
0.563058670567203,0.9960791383117761
0.5632211929140257,0.9960791383117761
0.5632211929140257,0.9961091832289273
0.5633837152608484,0.9961091832289273
0.5633837152608484,0.9961242056875028
0.5645213716886072,0.9961242056875028
0.5646838940354298,0.9961242056875028
0.5650901999024865,0.9961242056875028
0.5650901999024865,0.9961392281460784
0.5651714610758979,0.9961392281460784
0.5651714610758979,0.996154250604654
0.5654965057695434,0.996154250604654
0.5654965057695434,0.9961692730632296
0.5658215504631887,0.9961692730632296
0.5660653339834227,0.9961692730632296
0.5666341621973021,0.9961692730632296
0.5666341621973021,0.9961842955218051
0.5667154233707135,0.9961842955218051
0.5667154233707135,0.9962143404389563
0.5676905574516496,0.9962143404389563
0.5676905574516496,0.9962443853561074
0.5678530797984723,0.9962443853561074
0.5678530797984723,0.9962744302732586
0.5685844303591744,0.9962744302732586
0.5685844303591744,0.9962894527318341
0.5689907362262311,0.9962894527318341
0.5689907362262311,0.9963044751904097
0.5699658703071673,0.9963044751904097
0.57012839265399,0.9963044751904097
0.5702096538274013,0.9963044751904097
0.5702096538274013,0.9963194976489852
0.570859743214692,0.9963194976489852
0.570859743214692,0.9963495425661364
0.5709410043881034,0.9963495425661364
0.5709410043881034,0.9963645650247119
0.5718348772956281,0.9963645650247119
0.5719973996424509,0.9963645650247119
0.5724037055095076,0.9963645650247119
0.5725662278563303,0.9963645650247119
0.5728912725499756,0.9963645650247119
0.5728912725499756,0.9964096324004387
0.5732975784170323,0.9964096324004387
0.5732975784170323,0.9964396773175898
0.5737851454575004,0.9964396773175898
0.573947667804323,0.9964396773175898
0.5742727124979685,0.9964396773175898
0.5742727124979685,0.9964546997761654
0.5743539736713799,0.9964546997761654
0.5743539736713799,0.996469722234741
0.5747602795384366,0.996469722234741
0.5747602795384366,0.996499767151892
0.5748415407118479,0.996499767151892
0.5748415407118479,0.9965147896104677
0.5756541524459613,0.9965147896104677
0.5756541524459613,0.9965448345276188
0.5759791971396067,0.9965448345276188
0.5762229806598407,0.9965448345276188
0.576304241833252,0.9965448345276188
0.5765480253534861,0.9965448345276188
0.5767918088737202,0.9965448345276188
0.5767918088737202,0.9965598569861943
0.5769543312205428,0.9965598569861943
0.5769543312205428,0.99657487944477
0.5772793759141882,0.99657487944477
0.5772793759141882,0.996604924361921
0.5773606370875995,0.996604924361921
0.5775231594344222,0.996604924361921
0.5776044206078336,0.996604924361921
0.5778482041280676,0.996604924361921
0.5779294653014789,0.996604924361921
0.5782545099951243,0.996604924361921
0.5782545099951243,0.9966199468204966
0.5793109052494718,0.9966199468204966
0.5793109052494718,0.9966349692790722
0.5794734275962945,0.9966349692790722
0.5796359499431172,0.9966349692790722
0.5796359499431172,0.9966499917376478
0.5797984722899399,0.9966499917376478
0.5801235169835852,0.9966499917376478
0.5801235169835852,0.9966800366547989
0.5802047781569966,0.9966800366547989
0.5803673005038192,0.9966800366547989
0.5805298228506419,0.9966800366547989
0.5805298228506419,0.9966950591133745
0.5806110840240533,0.9966950591133745
0.5806110840240533,0.9967100815719501
0.5809361287176987,0.9967100815719501
0.5809361287176987,0.9967401264891012
0.5811799122379327,0.9967401264891012
0.5811799122379327,0.9967551489476768
0.5815049569315781,0.9967551489476768
0.5815049569315781,0.9967701714062523
0.5815862181049894,0.9967701714062523
0.5815862181049894,0.9967851938648279
0.5816674792784008,0.9967851938648279
0.5816674792784008,0.9968152387819791
0.5820737851454575,0.9968152387819791
0.5822363074922802,0.9968152387819791
0.5823988298391028,0.9968152387819791
0.5823988298391028,0.9968302612405546
0.5827238745327482,0.9968302612405546
0.5827238745327482,0.9968603061577058
0.583373963920039,0.9968603061577058
0.583373963920039,0.9968753286162814
0.5834552250934504,0.9968753286162814
0.5834552250934504,0.9968903510748569
0.5846741426946205,0.9968903510748569
0.5846741426946205,0.9969053735334324
0.5847554038680318,0.9969053735334324
0.5847554038680318,0.9969203959920081
0.5849179262148545,0.9969203959920081
0.5849179262148545,0.9969354184505836
0.5852429709085,0.9969354184505836
0.585486754428734,0.9969354184505836
0.5856492767755567,0.9969354184505836
0.5861368438160247,0.9969354184505836
0.5862993661628474,0.9969354184505836
0.5862993661628474,0.9969654633677347
0.5876808061108403,0.9969654633677347
0.587843328457663,0.9969654633677347
0.588818462538599,0.9969654633677347
0.588818462538599,0.9969955082848859
0.5888997237120104,0.9969955082848859
0.5890622460588331,0.9969955082848859
0.5891435072322444,0.9969955082848859
0.5891435072322444,0.9970105307434615
0.5901186413131806,0.9970105307434615
0.5901186413131806,0.997025553202037
0.5906062083536486,0.997025553202037
0.5907687307004713,0.997025553202037
0.5925564765155209,0.997025553202037
0.5927189988623436,0.997025553202037
0.5928815212091663,0.997025553202037
0.5928815212091663,0.9970405756606127
0.5929627823825776,0.9970405756606127
0.5929627823825776,0.9970555981191882
0.5931253047294003,0.9970555981191882
0.5931253047294003,0.9970706205777637
0.5932065659028116,0.9970706205777637
0.5932065659028116,0.9970856430363393
0.5933690882496343,0.9970856430363393
0.5933690882496343,0.9971006654949149
0.5942629611571592,0.9971006654949149
0.5942629611571592,0.9971156879534905
0.5950755728912726,0.9971156879534905
0.5953193564115066,0.9971156879534905
0.5962944904924428,0.9971156879534905
0.5962944904924428,0.997130710412066
0.5965382740126768,0.997130710412066
0.5967007963594995,0.997130710412066
0.5971071022265562,0.997130710412066
0.5972696245733788,0.997130710412066
0.5978384527872582,0.997130710412066
0.5980009751340809,0.997130710412066
0.5982447586543149,0.997130710412066
0.5984072810011376,0.997130710412066
0.5985698033479604,0.997130710412066
0.5985698033479604,0.9971457328706416
0.5988948480416058,0.9971457328706416
0.5990573703884284,0.9971457328706416
0.5993011539086625,0.9971457328706416
0.5993011539086625,0.9971757777877928
0.6000325044693645,0.9971757777877928
0.6000325044693645,0.9972058227049438
0.6011701608971234,0.9972058227049438
0.6013326832439461,0.9972058227049438
0.6018202502844141,0.9972058227049438
0.6019827726312368,0.9972058227049438
0.6021452949780595,0.9972058227049438
0.6023890784982935,0.9972058227049438
0.6035267349260524,0.9972058227049438
0.6035267349260524,0.9972208451635195
0.603689257272875,0.9972208451635195
0.603689257272875,0.997235867622095
0.6038517796196977,0.997235867622095
0.6038517796196977,0.9972659125392461
0.6040143019665204,0.9972659125392461
0.6045018690069884,0.9972659125392461
0.6045018690069884,0.9972809349978218
0.6045831301803998,0.9972809349978218
0.6045831301803998,0.9973260023735484
0.6052332195676906,0.9973260023735484
0.6053957419145133,0.9973260023735484
0.6056395254347473,0.9973260023735484
0.6058833089549813,0.9973260023735484
0.6061270924752153,0.9973260023735484
0.606289614822038,0.9973260023735484
0.606289614822038,0.9973410248321241
0.6063708759954494,0.9973410248321241
0.6063708759954494,0.9973560472906996
0.6064521371688607,0.9973560472906996
0.6066146595156834,0.9973560472906996
0.6066959206890947,0.9973560472906996
0.6066959206890947,0.9973710697492751
0.6070209653827401,0.9973710697492751
0.6071834877295628,0.9973710697492751
0.6074272712497969,0.9973710697492751
0.6075897935966196,0.9973710697492751
0.6075897935966196,0.9973860922078507
0.6077523159434423,0.9973860922078507
0.6077523159434423,0.9974011146664263
0.6078335771168536,0.9974011146664263
0.6078335771168536,0.9974161371250019
0.6085649276775557,0.9974161371250019
0.6087274500243783,0.9974161371250019
0.6089712335446124,0.9974161371250019
0.609133755891435,0.9974161371250019
0.6099463676255485,0.9974161371250019
0.6099463676255485,0.9974461820421531
0.6100276287989599,0.9974461820421531
0.6103526734926052,0.9974461820421531
0.610758979359662,0.9974461820421531
0.610758979359662,0.9974612045007286
0.611002762879896,0.9974612045007286
0.6118966357874208,0.9974612045007286
0.6122216804810662,0.9974612045007286
0.6126279863481229,0.9974612045007286
0.6127905086949456,0.9974612045007286
0.6128717698683569,0.9974612045007286
0.6130342922151796,0.9974612045007286
0.6131155533885909,0.9974612045007286
0.6133593369088249,0.9974612045007286
0.6135218592556476,0.9974612045007286
0.6135218592556476,0.9974762269593042
0.6136843816024703,0.9974762269593042
0.6149032992036405,0.9974762269593042
0.6149032992036405,0.9974912494178797
0.6157159109377539,0.9974912494178797
0.6158784332845766,0.9974912494178797
0.6163660003250447,0.9974912494178797
0.6165285226718674,0.9974912494178797
0.6166910450186901,0.9974912494178797
0.6166910450186901,0.9975212943350309
0.6171786120591581,0.9975212943350309
0.6171786120591581,0.9975363167936064
0.618803835527385,0.9975363167936064
0.618803835527385,0.997551339252182
0.6197789696083211,0.997551339252182
0.6200227531285551,0.997551339252182
0.620672842515846,0.997551339252182
0.62091662603608,0.997551339252182
0.6210791483829027,0.997551339252182
0.6210791483829027,0.9975663617107576
0.6212416707297254,0.9975663617107576
0.6212416707297254,0.9975964066279087
0.6214854542499594,0.9975964066279087
0.6216479765967821,0.9975964066279087
0.6229481553713636,0.9975964066279087
0.6229481553713636,0.9976114290864843
0.623273200065009,0.9976114290864843
0.6234357224118316,0.9976114290864843
0.6240858117991224,0.9976114290864843
0.6240858117991224,0.997656496462211
0.624248334145945,0.997656496462211
0.624248334145945,0.9976715189207865
0.6246546400130017,0.9976715189207865
0.6249796847066471,0.9976715189207865
0.6253859905737039,0.9976715189207865
0.6255485129205266,0.9976715189207865
0.6257110352673493,0.9976715189207865
0.6260360799609946,0.9976715189207865
0.6262798634812287,0.9976715189207865
0.6265236470014627,0.9976715189207865
0.6265236470014627,0.9976865413793622
0.6267674305216967,0.9976865413793622
0.6267674305216967,0.9977015638379377
0.6269299528685194,0.9977015638379377
0.6269299528685194,0.9977165862965133
0.6276613034292216,0.9977165862965133
0.6276613034292216,0.9977316087550888
0.6278238257760442,0.9977316087550888
0.6279863481228669,0.9977316087550888
0.6279863481228669,0.9977766761308156
0.6283113928165123,0.9977766761308156
0.628473915163335,0.9977766761308156
0.628473915163335,0.9977916985893911
0.6286364375101576,0.9977916985893911
0.6287989598569803,0.9977916985893911
0.6290427433772143,0.9977916985893911
0.629205265724037,0.9977916985893911
0.6296928327645052,0.9977916985893911
0.6296928327645052,0.9978067210479667
0.6297740939379165,0.9978067210479667
0.6297740939379165,0.9978217435065423
0.6307492280188526,0.9978217435065423
0.6307492280188526,0.9978367659651178
0.6310742727124979,0.9978367659651178
0.6310742727124979,0.997866810882269
0.631318056232732,0.997866810882269
0.631318056232732,0.9978968557994201
0.6319681456200228,0.9978968557994201
0.6321306679668455,0.9978968557994201
0.6331058020477816,0.9978968557994201
0.6331058020477816,0.9979118782579957
0.6336746302616609,0.9979118782579957
0.6336746302616609,0.9979269007165713
0.6343247196489518,0.9979269007165713
0.6343247196489518,0.9979419231751468
0.6344872419957744,0.9979419231751468
0.6344872419957744,0.9979569456337224
0.6366000325044694,0.9979569456337224
0.6369250771981148,0.9979569456337224
0.6369250771981148,0.9979869905508736
0.6374939054119941,0.9979869905508736
0.6374939054119941,0.9980020130094491
0.6375751665854055,0.9980020130094491
0.6375751665854055,0.9980170354680247
0.6378189501056395,0.9980170354680247
0.6380627336258735,0.9980170354680247
0.6380627336258735,0.9980320579266002
0.6387128230131643,0.9980320579266002
0.6389566065333984,0.9980320579266002
0.6392816512270437,0.9980320579266002
0.6396066959206891,0.9980320579266002
0.6405818300016253,0.9980320579266002
0.6409068746952706,0.9980320579266002
0.640988135868682,0.9980320579266002
0.640988135868682,0.9980470803851759
0.6413131805623273,0.9980470803851759
0.6413131805623273,0.9980621028437514
0.6418820087762067,0.9980621028437514
0.6420445311230294,0.9980621028437514
0.6424508369900861,0.9980621028437514
0.6426133593369088,0.9980621028437514
0.6430196652039656,0.9980621028437514
0.6432634487241996,0.9980621028437514
0.643588493417845,0.9980621028437514
0.6439135381114903,0.9980621028437514
0.6439135381114903,0.9980921477609026
0.644076060458313,0.9980921477609026
0.644563627498781,0.9980921477609026
0.6447261498456037,0.9980921477609026
0.6449699333658379,0.9980921477609026
0.6459450674467739,0.9980921477609026
0.6459450674467739,0.9981221926780537
0.6470827238745327,0.9981221926780537
0.6472452462213555,0.9981221926780537
0.6474077685681782,0.9981221926780537
0.6477328132618235,0.9981221926780537
0.6479765967820575,0.9981221926780537
0.6479765967820575,0.9981372151366292
0.6497643425971071,0.9981372151366292
0.6499268649439298,0.9981372151366292
0.6500081261173412,0.9981372151366292
0.6501706484641638,0.9981372151366292
0.6502519096375752,0.9981372151366292
0.6504144319843979,0.9981372151366292
0.6508207378514546,0.9981372151366292
0.6508207378514546,0.9981522375952049
0.6512270437185113,0.9981522375952049
0.6515520884121567,0.9981522375952049
0.6518771331058021,0.9981522375952049
0.6518771331058021,0.9981672600537804
0.6520396554526248,0.9981672600537804
0.6520396554526248,0.998182282512356
0.6521209166260361,0.998182282512356
0.6524459613196815,0.998182282512356
0.6526084836665041,0.998182282512356
0.6527710060133268,0.998182282512356
0.6528522671867382,0.998182282512356
0.6530147895335608,0.998182282512356
0.6531773118803835,0.998182282512356
0.6531773118803835,0.9981973049709315
0.6533398342272062,0.9981973049709315
0.6535836177474402,0.9981973049709315
0.6537461400942629,0.9981973049709315
0.6538274012676744,0.9981973049709315
0.6538274012676744,0.9982123274295072
0.6544774906549651,0.9982123274295072
0.6544774906549651,0.9982273498880827
0.6546400130017878,0.9982273498880827
0.6546400130017878,0.9982423723466582
0.6552901023890785,0.9982423723466582
0.6555338859093125,0.9982423723466582
0.6559401917763692,0.9982423723466582
0.6559401917763692,0.9982573948052338
0.6562652364700147,0.9982573948052338
0.6564277588168373,0.9982573948052338
0.6572403705509507,0.9982573948052338
0.6575654152445961,0.9982573948052338
0.6576466764180074,0.9982573948052338
0.6578904599382415,0.9982573948052338
0.6590281163660003,0.9982573948052338
0.659190638712823,0.9982573948052338
0.6592718998862344,0.9982573948052338
0.6597594669267024,0.9982573948052338
0.6613846903949293,0.9982573948052338
0.661547212741752,0.9982573948052338
0.661547212741752,0.9982724172638094
0.6621973021290427,0.9982724172638094
0.6623598244758654,0.9982724172638094
0.6628473915163335,0.9982724172638094
0.6628473915163335,0.998287439722385
0.6634974809036243,0.998287439722385
0.6636600032504469,0.998287439722385
0.6662603607996099,0.998287439722385
0.6664228831464326,0.998287439722385
0.6668291890134893,0.998287439722385
0.6670729725337234,0.998287439722385
0.6672354948805461,0.998287439722385
0.6689419795221843,0.998287439722385
0.6689419795221843,0.9983024621809605
0.6730862993661628,0.9983024621809605
0.6735738664066309,0.9983024621809605
0.6736551275800422,0.9983024621809605
0.6736551275800422,0.9983174846395361
0.6739801722736877,0.9983174846395361
0.674305216967333,0.9983174846395361
0.6744677393141557,0.9983174846395361
0.6751178287014464,0.9983174846395361
0.6751178287014464,0.9983325070981117
0.6752803510482691,0.9983325070981117
0.6754428733950918,0.9983325070981117
0.6754428733950918,0.9983475295566873
0.6756053957419145,0.9983475295566873
0.6757679180887372,0.9983475295566873
0.676174223955794,0.9983475295566873
0.6763367463026166,0.9983475295566873
0.676418007476028,0.9983475295566873
0.6768243133430847,0.9983475295566873
0.6782870144644889,0.9983475295566873
0.6784495368113116,0.9983475295566873
0.6784495368113116,0.9983625520152628
0.678774581504957,0.9983625520152628
0.678774581504957,0.9983775744738383
0.679262148545425,0.9983775744738383
0.679262148545425,0.998392596932414
0.6796684544124817,0.998392596932414
0.6798309767593044,0.998392596932414
0.6799122379327157,0.998392596932414
0.6805623273200065,0.998392596932414
0.681862506094588,0.998392596932414
0.681862506094588,0.9984076193909895
0.682350073135056,0.9984076193909895
0.6825125954818787,0.9984076193909895
0.6826751178287015,0.9984076193909895
0.6826751178287015,0.9984376643081406
0.6838127742564603,0.9984376643081406
0.6838127742564603,0.9984526867667163
0.6838940354298716,0.9984526867667163
0.6838940354298716,0.9984677092252918
0.6838940354298716,0.9984977541424429
0.6840565577766943,0.9984977541424429
0.684219080123517,0.9984977541424429
0.6850316918576305,0.9984977541424429
0.6850316918576305,0.9985127766010186
0.6854379977246872,0.9985127766010186
0.6856005200715098,0.9985127766010186
0.6860068259385665,0.9985127766010186
0.6860068259385665,0.9985277990595941
0.6864131318056232,0.9985277990595941
0.6865756541524459,0.9985277990595941
0.6867381764992686,0.9985277990595941
0.6869819600195027,0.9985277990595941
0.6874695270599708,0.9985277990595941
0.6876320494067935,0.9985277990595941
0.6878758329270275,0.9985277990595941
0.6881196164472615,0.9985277990595941
0.6882821387940842,0.9985277990595941
0.6886884446611409,0.9985277990595941
0.6888509670079636,0.9985277990595941
0.6889322281813749,0.9985277990595941
0.6890947505281976,0.9985277990595941
0.6895010563952544,0.9985277990595941
0.6895010563952544,0.9985428215181696
0.6899073622623111,0.9985428215181696
0.6899073622623111,0.9985578439767452
0.6902324069559564,0.9985578439767452
0.6903949293027791,0.9985578439767452
0.6906387128230131,0.9985578439767452
0.6906387128230131,0.9985728664353208
0.6908012351698358,0.9985728664353208
0.6909637575166585,0.9985728664353208
0.6916138469039493,0.9985728664353208
0.6918576304241834,0.9985728664353208
0.692020152771006,0.9985728664353208
0.6923451974646514,0.9985728664353208
0.6926702421582968,0.9985728664353208
0.6929952868519421,0.9985728664353208
0.6931578091987648,0.9985728664353208
0.6937266374126443,0.9985728664353208
0.6937266374126443,0.9985878888938964
0.6942954656265237,0.9985878888938964
0.6942954656265237,0.9986029113524719
0.6944579879733463,0.9986029113524719
0.694620510320169,0.9986029113524719
0.6955143832276938,0.9986029113524719
0.6955143832276938,0.9986179338110475
0.69648951730863,0.9986179338110475
0.69648951730863,0.9986329562696231
0.6973833902161547,0.9986329562696231
0.6975459125629774,0.9986329562696231
0.6978709572566227,0.9986329562696231
0.6978709572566227,0.9986479787281987
0.6981147407768569,0.9986479787281987
0.6981147407768569,0.9986630011867742
0.6984397854705022,0.9986630011867742
0.6984397854705022,0.9986780236453497
0.6987648301641476,0.9986780236453497
0.6989273525109703,0.9986780236453497
0.700065008938729,0.9986780236453497
0.7003900536323745,0.9986780236453497
0.7006338371526085,0.9986780236453497
0.7007963594994312,0.9986780236453497
0.7007963594994312,0.9986930461039254
0.7015277100601333,0.9986930461039254
0.7015277100601333,0.9987080685625009
0.7020152771006013,0.9987080685625009
0.7020152771006013,0.9987230910210765
0.7022590606208353,0.9987230910210765
0.7027466276613035,0.9987230910210765
0.7027466276613035,0.9987381134796521
0.7043718511295303,0.9987381134796521
0.7043718511295303,0.9987531359382277
0.7046156346497643,0.9987531359382277
0.7046968958231757,0.9987531359382277
0.7048594181699984,0.9987531359382277
0.7050219405168211,0.9987531359382277
0.7050219405168211,0.9987681583968032
0.7051844628636438,0.9987681583968032
0.7053469852104665,0.9987681583968032
0.7055095075572891,0.9987681583968032
0.7057532910775232,0.9987681583968032
0.7063221192914025,0.9987681583968032
0.7065659028116366,0.9987681583968032
0.7067284251584592,0.9987681583968032
0.706890947505282,0.9987681583968032
0.7069722086786934,0.9987681583968032
0.7069722086786934,0.9987831808553788
0.7072972533723387,0.9987831808553788
0.7075410368925728,0.9987831808553788
0.7080286039330408,0.9987831808553788
0.7080286039330408,0.9987982033139544
0.7089224768405655,0.9987982033139544
0.7091662603607997,0.9987982033139544
0.7098163497480904,0.9987982033139544
0.7098163497480904,0.99881322577253
0.7101413944417357,0.99881322577253
0.7101413944417357,0.9988282482311055
0.71160409556314,0.9988282482311055
0.7117666179099627,0.9988282482311055
0.7124979684706647,0.9988282482311055
0.7124979684706647,0.998843270689681
0.7133105802047781,0.998843270689681
0.7136356248984236,0.998843270689681
0.7137168860718349,0.998843270689681
0.7139606695920689,0.998843270689681
0.714204453112303,0.998843270689681
0.7143669754591256,0.998843270689681
0.7147732813261823,0.998843270689681
0.7147732813261823,0.9988582931482567
0.714935803673005,0.9988582931482567
0.7150983260198277,0.9988582931482567
0.7159921989273526,0.9988582931482567
0.7161547212741752,0.9988582931482567
0.7163985047944093,0.9988582931482567
0.7165610271412319,0.9988582931482567
0.716804810661466,0.9988582931482567
0.7169673330082886,0.9988582931482567
0.7171298553551113,0.9988582931482567
0.7171298553551113,0.9988733156068322
0.7185925564765155,0.9988733156068322
0.7187550788233382,0.9988733156068322
0.7190801235169836,0.9988733156068322
0.7190801235169836,0.9988883380654078
0.7197302129042743,0.9988883380654078
0.7201365187713311,0.9988883380654078
0.7202177799447425,0.9988883380654078
0.7203803022915651,0.9988883380654078
0.7207866081586218,0.9988883380654078
0.7207866081586218,0.9989033605239833
0.7214366975459126,0.9989033605239833
0.7215992198927352,0.9989033605239833
0.7217617422395579,0.9989033605239833
0.7217617422395579,0.998918382982559
0.7219242645863806,0.998918382982559
0.7220867869332033,0.998918382982559
0.7220867869332033,0.9989334054411345
0.7229806598407281,0.9989334054411345
0.7231431821875508,0.9989334054411345
0.7239557939216642,0.9989334054411345
0.7239557939216642,0.9989634503582856
0.724849666829189,0.9989634503582856
0.724849666829189,0.9989784728168613
0.7250934503494231,0.9989784728168613
0.7250934503494231,0.9989934952754368
0.7257435397367138,0.9989934952754368
0.7259873232569478,0.9989934952754368
0.7262311067771818,0.9989934952754368
0.7263936291240045,0.9989934952754368
0.7268811961644727,0.9989934952754368
0.7268811961644727,0.9990085177340123
0.7272875020315294,0.9990085177340123
0.727450024378352,0.9990085177340123
0.7275312855517634,0.9990085177340123
0.7275312855517634,0.9990235401925879
0.7276938078985861,0.9990235401925879
0.7278563302454087,0.9990235401925879
0.7280188525922314,0.9990235401925879
0.7280188525922314,0.9990385626511635
0.7282626361124654,0.9990385626511635
0.7282626361124654,0.9990535851097391
0.7291565090199903,0.9990535851097391
0.729319031366813,0.9990535851097391
0.7299691207541037,0.9990535851097391
0.7301316431009264,0.9990535851097391
0.7302129042743377,0.9990535851097391
0.7302129042743377,0.9990686075683146
0.730294165447749,0.9990686075683146
0.7304566877945717,0.9990686075683146
0.7308629936616284,0.9990686075683146
0.7312692995286852,0.9990686075683146
0.73216317243621,0.9990686075683146
0.7323256947830327,0.9990686075683146
0.7327320006500894,0.9990686075683146
0.7327320006500894,0.9990836300268902
0.7329757841703234,0.9990836300268902
0.7329757841703234,0.9990986524854658
0.7330570453437347,0.9990986524854658
0.7332195676905574,0.9990986524854658
0.7333820900373801,0.9990986524854658
0.7335446123842029,0.9990986524854658
0.7341947017714936,0.9990986524854658
0.734519746465139,0.9990986524854658
0.734763529985373,0.9990986524854658
0.7349260523321957,0.9990986524854658
0.7353323581992524,0.9990986524854658
0.735494880546075,0.9990986524854658
0.7361449699333659,0.9990986524854658
0.7363887534535999,0.9990986524854658
0.7366325369738339,0.9990986524854658
0.7366325369738339,0.9991136749440414
0.7372826263611246,0.9991136749440414
0.7372826263611246,0.9991437198611924
0.7378514545750041,0.9991437198611924
0.7378514545750041,0.9991587423197681
0.7389891110027629,0.9991587423197681
0.7391516333495856,0.9991587423197681
0.7393954168698196,0.9991587423197681
0.7397204615634649,0.9991587423197681
0.7404518121241671,0.9991587423197681
0.7406143344709898,0.9991587423197681
0.7419145132455712,0.9991587423197681
0.7419145132455712,0.9991737647783436
0.7424833414594507,0.9991737647783436
0.7424833414594507,0.9991887872369192
0.7426458638062734,0.9991887872369192
0.7429709084999188,0.9991887872369192
0.7430521696733301,0.9991887872369192
0.7430521696733301,0.9992038096954947
0.7441898261010889,0.9992038096954947
0.7445148707947343,0.9992038096954947
0.745164960182025,0.9992038096954947
0.7453274825288477,0.9992038096954947
0.7467089224768406,0.9992038096954947
0.7467089224768406,0.9992188321540704
0.7471964895173087,0.9992188321540704
0.7473590118641313,0.9992188321540704
0.7476027953843654,0.9992188321540704
0.7476027953843654,0.9992338546126459
0.7478465789045994,0.9992338546126459
0.7480091012514221,0.9992338546126459
0.7486591906387128,0.9992338546126459
0.7488217129855355,0.9992338546126459
0.7489029741589469,0.9992338546126459
0.7489029741589469,0.9992488770712215
0.7491467576791809,0.9992488770712215
0.7491467576791809,0.999263899529797
0.7494718023728263,0.999263899529797
0.7515845928815212,0.999263899529797
0.7517471152283439,0.999263899529797
0.7520721599219893,0.999263899529797
0.752234682268812,0.999263899529797
0.7523159434422233,0.999263899529797
0.752478465789046,0.999263899529797
0.7535348610433935,0.999263899529797
0.7535348610433935,0.9992789219883726
0.7536161222168049,0.9992789219883726
0.7536161222168049,0.9992939444469482
0.7539411669104502,0.9992939444469482
0.7539411669104502,0.9993089669055237
0.7543474727775069,0.9993089669055237
0.7545912562977409,0.9993089669055237
0.7547537786445636,0.9993089669055237
0.7554851292052657,0.9993089669055237
0.7554851292052657,0.9993390118226749
0.7562977409393792,0.9993390118226749
0.7565415244596132,0.9993390118226749
0.7567040468064359,0.9993390118226749
0.7569478303266699,0.9993390118226749
0.7577604420607834,0.9993390118226749
0.7579229644076061,0.9993390118226749
0.7584105314480741,0.9993390118226749
0.7585730537948968,0.9993390118226749
0.7588980984885422,0.9993390118226749
0.7588980984885422,0.9993540342812505
0.7589793596619535,0.9993540342812505
0.7592231431821875,0.9993540342812505
0.7596294490492442,0.9993540342812505
0.7596294490492442,0.999369056739826
0.7597919713960669,0.999369056739826
0.760035754916301,0.999369056739826
0.7602795384365351,0.999369056739826
0.7604420607833577,0.999369056739826
0.7606858443035918,0.999369056739826
0.7612546725174711,0.999369056739826
0.7614171948642938,0.999369056739826
0.762636112465464,0.999369056739826
0.7627986348122867,0.999369056739826
0.762879895985698,0.999369056739826
0.762879895985698,0.9993840791984017
0.7633674630261661,0.9993840791984017
0.7635299853729888,0.9993840791984017
0.7636112465464001,0.9993840791984017
0.7637737688932228,0.9993840791984017
0.7640988135868682,0.9993840791984017
0.7642613359336908,0.9993840791984017
0.7662116040955631,0.9993840791984017
0.7665366487892085,0.9993840791984017
0.7671867381764993,0.9993840791984017
0.7671867381764993,0.9993991016569772
0.7684869169510807,0.9993991016569772
0.7684869169510807,0.9994141241155527
0.7690557451649602,0.9994141241155527
0.7692995286851942,0.9994141241155527
0.7692995286851942,0.9994441690327039
0.7708434909800097,0.9994441690327039
0.7708434909800097,0.9994591914912795
0.7713310580204779,0.9994591914912795
0.7714935803673005,0.9994591914912795
0.7721436697545913,0.9994591914912795
0.7724687144482366,0.9994591914912795
0.7742564602632862,0.9994591914912795
0.7742564602632862,0.999474213949855
0.7749065496505769,0.999474213949855
0.7749065496505769,0.9994892364084306
0.775150333170811,0.9994892364084306
0.775394116691045,0.9994892364084306
0.775394116691045,0.9995042588670062
0.7756379002112791,0.9995042588670062
0.7758004225581018,0.9995042588670062
0.7773443848529172,0.9995042588670062
0.7775069071997399,0.9995042588670062
0.7775881683731513,0.9995042588670062
0.7775881683731513,0.9995343037841573
0.777750690719974,0.9995343037841573
0.7779132130667967,0.9995343037841573
0.7780757354136194,0.9995343037841573
0.7781569965870307,0.9995343037841573
0.7783195189338534,0.9995343037841573
0.7792946530147895,0.9995343037841573
0.7796196977084349,0.9995343037841573
0.7800260035754917,0.9995343037841573
0.7802697870957257,0.9995343037841573
0.780351048269137,0.9995343037841573
0.7805135706159597,0.9995343037841573
0.7805948317893711,0.9995343037841573
0.7833577116853567,0.9995343037841573
0.7842515845928815,0.9995343037841573
0.7844953681131156,0.9995343037841573
0.7847391516333496,0.9995343037841573
0.7847391516333496,0.9995493262427328
0.7849016739801723,0.9995493262427328
0.785064196326995,0.9995493262427328
0.785551763367463,0.9995493262427328
0.7857142857142857,0.9995493262427328
0.7862831139281651,0.9995493262427328
0.7864456362749878,0.9995493262427328
0.7868519421420446,0.9995493262427328
0.7870144644888672,0.9995493262427328
0.7875020315293353,0.9995493262427328
0.7878270762229806,0.9995493262427328
0.7896148220380302,0.9995493262427328
0.7897773443848529,0.9995493262427328
0.7910775231594345,0.9995493262427328
0.7912400455062572,0.9995493262427328
0.7913213066796685,0.9995493262427328
0.7915650901999025,0.9995493262427328
0.7924589631074272,0.9995493262427328
0.7924589631074272,0.9995643487013085
0.7927840078010726,0.9995643487013085
0.7929465301478953,0.9995643487013085
0.7935966195351861,0.9995643487013085
0.7939216642288315,0.9995643487013085
0.7957094100438811,0.9995643487013085
0.7957094100438811,0.999579371159884
0.7957906712172924,0.999579371159884
0.7957906712172924,0.9995943936184596
0.7967658052982285,0.9995943936184596
0.7969283276450512,0.9995943936184596
0.7974971558589306,0.9995943936184596
0.7974971558589306,0.9996094160770351
0.7979034617259874,0.9996094160770351
0.79806598407281,0.9996094160770351
0.7989598569803348,0.9996094160770351
0.7991223793271575,0.9996094160770351
0.800422558101739,0.9996094160770351
0.8005850804485617,0.9996094160770351
0.800910125142207,0.9996094160770351
0.8011539086624411,0.9996094160770351
0.8017227368763205,0.9996094160770351
0.8021290427433773,0.9996094160770351
0.8026978709572566,0.9996094160770351
0.8029416544774907,0.9996094160770351
0.8035917438647814,0.9996094160770351
0.8037542662116041,0.9996094160770351
0.8039980497318381,0.9996094160770351
0.8044856167723062,0.9996094160770351
0.805379489679831,0.9996094160770351
0.8055420120266537,0.9996094160770351
0.8057857955468877,0.9996094160770351
0.8061921014139444,0.9996094160770351
0.8062733625873557,0.9996094160770351
0.8065171461075898,0.9996094160770351
0.8068421908012352,0.9996094160770351
0.8070047131480579,0.9996094160770351
0.8071672354948806,0.9996094160770351
0.8071672354948806,0.9996394609941863
0.8075735413619373,0.9996394609941863
0.8077360637087599,0.9996394609941863
0.8090362424833415,0.9996394609941863
0.8090362424833415,0.9996544834527619
0.8095238095238095,0.9996544834527619
0.8096863318706322,0.9996544834527619
0.8098488542174549,0.9996544834527619
0.8100113765642776,0.9996544834527619
0.8118803835527385,0.9996544834527619
0.8120429058995612,0.9996544834527619
0.8122054282463839,0.9996544834527619
0.8123679505932065,0.9996544834527619
0.8131805623273201,0.9996544834527619
0.8131805623273201,0.9996695059113374
0.8133430846741427,0.9996695059113374
0.8135056070209654,0.9996695059113374
0.8142369575816675,0.9996695059113374
0.8145620022753128,0.9996695059113374
0.8151308304891922,0.9996695059113374
0.8151308304891922,0.9996845283699131
0.8177311880383553,0.9996845283699131
0.8177311880383553,0.9996995508284886
0.8182187550788234,0.9996995508284886
0.8184625385990574,0.9996995508284886
0.8188688444661141,0.9996995508284886
0.8190313668129368,0.9996995508284886
0.8193564115065821,0.9996995508284886
0.8193564115065821,0.9997145732870641
0.820006500893873,0.9997145732870641
0.8203315455875183,0.9997145732870641
0.8215504631886884,0.9997145732870641
0.8217129855355111,0.9997145732870641
0.8225255972696246,0.9997145732870641
0.8226881196164473,0.9997145732870641
0.823094425483504,0.9997145732870641
0.823338209003738,0.9997145732870641
0.8248009101251422,0.9997145732870641
0.8249634324719649,0.9997145732870641
0.8252072159921989,0.9997145732870641
0.8253697383390216,0.9997145732870641
0.8255322606858443,0.9997145732870641
0.8257760442060783,0.9997145732870641
0.8268324394604258,0.9997145732870641
0.8269949618072485,0.9997145732870641
0.8273200065008939,0.9997145732870641
0.8274825288477166,0.9997145732870641
0.8276450511945392,0.9997145732870641
0.8278075735413619,0.9997145732870641
0.8288639687957094,0.9997145732870641
0.8291077523159435,0.9997145732870641
0.8295140581830002,0.9997145732870641
0.8299203640500569,0.9997145732870641
0.8308142369575817,0.9997145732870641
0.8309767593044044,0.9997145732870641
0.8312205428246384,0.9997145732870641
0.8312205428246384,0.9997446182042153
0.8313830651714611,0.9997446182042153
0.8315455875182838,0.9997446182042153
0.8319518933853405,0.9997446182042153
0.8321144157321632,0.9997446182042153
0.833008288639688,0.9997446182042153
0.8333333333333334,0.9997446182042153
0.8348772956281488,0.9997446182042153
0.8348772956281488,0.9997596406627909
0.8365837802697871,0.9997596406627909
0.8367463026166098,0.9997596406627909
0.8370713473102551,0.9997596406627909
0.8373151308304891,0.9997596406627909
0.837721436697546,0.9997596406627909
0.8378839590443686,0.9997596406627909
0.838452787258248,0.9997596406627909
0.838452787258248,0.9997746631213664
0.8391028766455387,0.9997746631213664
0.8392653989923614,0.9997746631213664
0.8402405330732976,0.9997746631213664
0.840565577766943,0.9997746631213664
0.8407281001137656,0.9997746631213664
0.8409718836339997,0.9997746631213664
0.8442223305704535,0.9997746631213664
0.8442223305704535,0.999789685579942
0.8443848529172762,0.999789685579942
0.8459288152120916,0.999789685579942
0.8462538599057371,0.999789685579942
0.8464976434259711,0.999789685579942
0.8470664716398505,0.999789685579942
0.8470664716398505,0.9998047080385176
0.8472289939866732,0.9998047080385176
0.8473915163334959,0.9998047080385176
0.8474727775069072,0.9998047080385176
0.8476352998537299,0.9998047080385176
0.8485291727612547,0.9998047080385176
0.8488542174549001,0.9998047080385176
0.8491792621485454,0.9998047080385176
0.8491792621485454,0.9998197304970932
0.8495043068421908,0.9998197304970932
0.8498293515358362,0.9998197304970932
0.8499106127092475,0.9998197304970932
0.8500731350560702,0.9998197304970932
0.8511295303104177,0.9998197304970932
0.8512920526572404,0.9998197304970932
0.8513733138306517,0.9998197304970932
0.8515358361774744,0.9998197304970932
0.8546237607671054,0.9998197304970932
0.8547862831139281,0.9998197304970932
0.8573866406630912,0.9998197304970932
0.8575491630099139,0.9998197304970932
0.8576304241833252,0.9998197304970932
0.8577929465301479,0.9998197304970932
0.8591743864781407,0.9998197304970932
0.8594181699983747,0.9998197304970932
0.8595806923451975,0.9998197304970932
0.8595806923451975,0.9998347529556687
0.8598244758654315,0.9998347529556687
0.8599869982122542,0.9998347529556687
0.8603120429058996,0.9998347529556687
0.8603120429058996,0.9998497754142442
0.8604745652527223,0.9998497754142442
0.8606370875995449,0.9998497754142442
0.861124654640013,0.9998497754142442
0.8612871769868357,0.9998497754142442
0.8615309605070697,0.9998497754142442
0.861612221680481,0.9998497754142442
0.8618560052007151,0.9998497754142442
0.8629124004550626,0.9998497754142442
0.8630749228018852,0.9998497754142442
0.8648626686169348,0.9998497754142442
0.8650251909637575,0.9998497754142442
0.8651064521371689,0.9998497754142442
0.8653502356574029,0.9998497754142442
0.8657565415244596,0.9998497754142442
0.8662441085649277,0.9998497754142442
0.8663253697383391,0.9998497754142442
0.8664878920851617,0.9998497754142442
0.8681131155533885,0.9998497754142442
0.8682756379002112,0.9998497754142442
0.8693320331545588,0.9998497754142442
0.8694945555013814,0.9998497754142442
0.8696570778482041,0.9998497754142442
0.8698196001950268,0.9998497754142442
0.8713635624898424,0.9998497754142442
0.871526084836665,0.9998497754142442
0.8723386965707784,0.9998497754142442
0.8723386965707784,0.9998647978728199
0.8726637412644238,0.9998647978728199
0.8726637412644238,0.9998798203313954
0.8727450024378351,0.9998798203313954
0.8729075247846579,0.9998798203313954
0.873882658865594,0.9998798203313954
0.8742077035592394,0.9998798203313954
0.8744514870794734,0.9998798203313954
0.8746140094262961,0.9998798203313954
0.8747765317731188,0.9998798203313954
0.8749390541199414,0.9998798203313954
0.8752640988135869,0.9998798203313954
0.8755078823338209,0.9998798203313954
0.8764017552413457,0.9998798203313954
0.8766455387615797,0.9998798203313954
0.8773768893222819,0.9998798203313954
0.8775394116691045,0.9998798203313954
0.8779457175361612,0.9998798203313954
0.8781082398829839,0.9998798203313954
0.878595806923452,0.9998798203313954
0.8787583292702746,0.9998798203313954
0.8790021127905087,0.9998798203313954
0.8791646351373313,0.9998798203313954
0.881439947992849,0.9998798203313954
0.8816024703396717,0.9998798203313954
0.8816837315130831,0.9998798203313954
0.8818462538599058,0.9998798203313954
0.8825776044206078,0.9998798203313954
0.8827401267674305,0.9998798203313954
0.8837965220217779,0.9998798203313954
0.8839590443686007,0.9998798203313954
0.8849341784495368,0.9998798203313954
0.8850967007963595,0.9998798203313954
0.8854217454900049,0.9998798203313954
0.8855842678368275,0.9998798203313954
0.8863156183975297,0.9998798203313954
0.8868844466114091,0.9998798203313954
0.8882658865594019,0.9998798203313954
0.8884284089062247,0.9998798203313954
0.8894035429871607,0.9998798203313954
0.8896473265073948,0.9998798203313954
0.8900536323744515,0.9998798203313954
0.8902161547212741,0.9998798203313954
0.8905411994149196,0.9998798203313954
0.8907037217617423,0.9998798203313954
0.891110027628799,0.9998798203313954
0.8912725499756217,0.9998798203313954
0.891353811149033,0.9998798203313954
0.891597594669267,0.9998798203313954
0.8923289452299691,0.9998798203313954
0.8924914675767918,0.9998798203313954
0.8932228181374939,0.9998798203313954
0.8933853404843166,0.9998798203313954
0.8942792133918414,0.9998798203313954
0.894441735738664,0.9998798203313954
0.8948480416057207,0.9998798203313954
0.8950105639525435,0.9998798203313954
0.8963920039005363,0.9998798203313954
0.8967170485941817,0.9998798203313954
0.8972858768080612,0.9998798203313954
0.8974483991548838,0.9998798203313954
0.8976921826751179,0.9998798203313954
0.8978547050219405,0.9998798203313954
0.8987485779294653,0.9998798203313954
0.8989923614496993,0.9998798203313954
0.8998049731838128,0.9998798203313954
0.8999674955306355,0.9998798203313954
0.9011051519583942,0.9998798203313954
0.9011051519583942,0.999894842789971
0.901511457825451,0.999894842789971
0.9016739801722737,0.999894842789971
0.9019990248659191,0.999894842789971
0.9021615472127418,0.999894842789971
0.9023240695595645,0.999894842789971
0.9026491142532098,0.999894842789971
0.9028928977734438,0.999894842789971
0.9030554201202665,0.999894842789971
0.9031366812936779,0.999894842789971
0.9032992036405005,0.999894842789971
0.904111815374614,0.999894842789971
0.9043555988948481,0.999894842789971
0.9046806435884934,0.999894842789971
0.9048431659353161,0.999894842789971
0.9054119941491955,0.999894842789971
0.9058995611896635,0.999894842789971
0.9066309117503657,0.999894842789971
0.9067934340971884,0.999894842789971
0.9073622623110678,0.999894842789971
0.9076873070047131,0.999894842789971
0.90931253047294,0.999894842789971
0.9094750528197627,0.999894842789971
0.9118316268486917,0.999894842789971
0.9119941491955144,0.999894842789971
0.9139444173573866,0.999894842789971
0.9141069397042093,0.999894842789971
0.9145945067446773,0.999894842789971
0.9145945067446773,0.9999098652485465
0.9152445961319682,0.9999098652485465
0.9154071184787909,0.9999098652485465
0.9188200877620673,0.9999098652485465
0.9189826101088899,0.9999098652485465
0.9190638712823013,0.9999098652485465
0.9193889159759467,0.9999098652485465
0.9197139606695921,0.9999098652485465
0.9198764830164148,0.9999098652485465
0.9206890947505282,0.9999098652485465
0.9210141394441735,0.9999098652485465
0.9227206240858118,0.9999098652485465
0.9227206240858118,0.9999248877071222
0.9232081911262798,0.9999248877071222
0.9233707134731025,0.9999248877071222
0.9237770193401593,0.9999248877071222
0.9240208028603933,0.9999248877071222
0.924183325207216,0.9999248877071222
0.9243458475540387,0.9999248877071222
0.9255647651552088,0.9999248877071222
0.9258898098488543,0.9999248877071222
0.926296115715911,0.9999248877071222
0.926783682756379,0.9999248877071222
0.9275150333170811,0.9999248877071222
0.9276775556639038,0.9999248877071222
0.9277588168373151,0.9999248877071222
0.9279213391841378,0.9999248877071222
0.9287339509182513,0.9999248877071222
0.928896473265074,0.9999248877071222
0.9290589956118966,0.9999248877071222
0.9293027791321307,0.9999248877071222
0.9307654802535349,0.9999248877071222
0.9307654802535349,0.9999399101656977
0.9308467414269462,0.9999399101656977
0.9310092637737689,0.9999399101656977
0.9311717861205916,0.9999399101656977
0.931496830814237,0.9999399101656977
0.9332033154558752,0.9999399101656977
0.9334470989761092,0.9999399101656977
0.9335283601495206,0.9999399101656977
0.9338534048431659,0.9999399101656977
0.9346660165772793,0.9999399101656977
0.9346660165772793,0.9999549326242733
0.9359661953518609,0.9999549326242733
0.9361287176986836,0.9999549326242733
0.9364537623923289,0.9999549326242733
0.9366162847391516,0.9999549326242733
0.9366975459125629,0.9999549326242733
0.9368600682593856,0.9999549326242733
0.9384852917276125,0.9999549326242733
0.9387290752478465,0.9999549326242733
0.9388915975946692,0.9999549326242733
0.9391353811149032,0.9999549326242733
0.9391353811149032,0.9999699550828488
0.9398667316756054,0.9999699550828488
0.9400292540224281,0.9999699550828488
0.9401105151958394,0.9999699550828488
0.9402730375426621,0.9999699550828488
0.9407606045831302,0.9999699550828488
0.9409231269299528,0.9999699550828488
0.9413294327970095,0.9999699550828488
0.941654477490655,0.9999699550828488
0.9420607833577117,0.9999699550828488
0.9422233057045344,0.9999699550828488
0.9425483503981797,0.9999699550828488
0.9425483503981797,0.9999849775414245
0.9427921339184138,0.9999849775414245
0.9429546562652364,0.9999849775414245
0.944742402080286,0.9999849775414245
0.9449861856005201,0.9999849775414245
0.9453112302941654,0.9999849775414245
0.9456362749878108,0.9999849775414245
0.9458800585080449,0.9999849775414245
0.9472614984560377,0.9999849775414245
0.9474240208028604,0.9999849775414245
0.9477490654965057,0.9999849775414245
0.9480741101901512,0.9999849775414245
0.9483178937103852,0.9999849775414245
0.9484804160572079,0.9999849775414245
0.9487241995774419,0.9999849775414245
0.9488867219242646,0.9999849775414245
0.9505932065659028,0.9999849775414245
0.9507557289127255,0.9999849775414245
0.9523809523809523,0.9999849775414245
0.9526247359011865,0.9999849775414245
0.9530310417682432,0.9999849775414245
0.9531935641150658,0.9999849775414245
0.9536811311555339,0.9999849775414245
0.9538436535023566,0.9999849775414245
0.9548187875832927,0.9999849775414245
0.9549813099301154,0.9999849775414245
0.9551438322769381,0.9999849775414245
0.9554688769705835,0.9999849775414245
0.9563627498781082,0.9999849775414245
0.9566877945717536,0.9999849775414245
0.9572566227856331,0.9999849775414245
0.9574191451324557,0.9999849775414245
0.9578254509995124,0.9999849775414245
0.9579879733463351,0.9999849775414245
0.9602632862018528,0.9999849775414245
0.9605070697220868,0.9999849775414245
0.9616447261498456,0.9999849775414245
0.9618885096700797,0.9999849775414245
0.9620510320169023,0.9999849775414245
0.962213554363725,0.9999849775414245
0.9629449049244271,0.9999849775414245
0.9631886884446611,0.9999849775414245
0.964570128392654,0.9999849775414245
0.9647326507394767,0.9999849775414245
0.9653827401267674,0.9999849775414245
0.9655452624735901,0.9999849775414245
0.9656265236470014,0.9999849775414245
0.9658703071672355,0.9999849775414245
0.9663578742077036,0.9999849775414245
0.9665203965545263,0.9999849775414245
0.9668454412481716,0.9999849775414245
0.9670079635949943,0.9999849775414245
0.9684706647163985,0.9999849775414245
0.9686331870632212,0.9999849775414245
0.9696895823175686,0.9999849775414245
0.9698521046643913,0.9999849775414245
0.9705834552250935,0.9999849775414245
0.9707459775719162,0.9999849775414245
0.9709897610921502,0.9999849775414245
0.9735901186413132,0.9999849775414245
0.9737526409881359,0.9999849775414245
0.9742402080286039,0.9999849775414245
0.9744027303754266,0.9999849775414245
0.9744839915488379,0.9999849775414245
0.9746465138956607,0.9999849775414245
0.9753778644563628,0.9999849775414245
0.9755403868031854,0.9999849775414245
0.9765155208841215,0.9999849775414245
0.9766780432309442,0.9999849775414245
0.976840565577767,0.9999849775414245
0.9770030879245897,0.9999849775414245
0.9796034454737527,0.9999849775414245
0.9797659678205753,0.9999849775414245
0.980172273687632,0.9999849775414245
0.9803347960344547,0.9999849775414245
0.9818787583292703,0.9999849775414245
0.982041280676093,0.9999849775414245
0.9831789371038517,0.9999849775414245
0.9833414594506744,0.9999849775414245
0.9838290264911426,0.9999849775414245
0.9839915488379652,0.9999849775414245
0.9842353323581993,0.9999849775414245
0.9847228993986673,0.9999849775414245
0.98488542174549,0.9999849775414245
0.9860230781732489,0.9999849775414245
0.9862668616934829,0.9999849775414245
0.9864293840403056,0.9999849775414245
0.987729562814887,0.9999849775414245
0.9878920851617098,0.9999849775414245
0.9889484804160572,0.9999849775414245
0.9891110027628799,0.9999849775414245
0.9894360474565252,0.9999849775414245
0.9895985698033479,0.9999849775414245
0.989842353323582,0.9999849775414245
0.9908987485779295,0.9999849775414245
0.9912237932715748,0.9999849775414245
0.9916300991386315,0.9999849775414245
0.9917926214854542,0.9999849775414245
0.9922801885259224,0.9999849775414245
0.992442710872745,0.9999849775414245
0.9931740614334471,0.9999849775414245
0.9931740614334471,1.0
0.9949618072484967,1.0
0.9951243295953194,1.0
0.9975621647976597,1.0
0.9977246871444824,1.0
1.0,1.0
