fpr,tpr
0.0,0.0
0.0,1.5022458575570477e-05
0.0,0.00012017966860456382
0.0,0.00015022458575570478
0.0,0.0003605390058136915
0.0,0.00040560638154040293
0.0,0.0005107635915693962
0.0,0.0005408085087205372
0.0,0.0006760106359006715
0.0,0.000721078011627383
0.0,0.0007811678459296649
0.0,0.0008112127630808059
0.0,0.0009313924316853696
0.0,0.0009914822659876515
0.0,0.0011717517688944973
0.0,0.0012017966860456383
0.0,0.0012618865203479202
0.0,0.0012919314374990611
0.0,0.001412111106103625
0.0,0.001442156023254766
0.0,0.0014872233989814774
0.0,0.0015172683161326183
0.0,0.0015923806090104708
0.0,0.0016224255261616117
0.0,0.0016825153604638934
0.0,0.0017125602776150344
0.0,0.0018928297805218802
0.0,0.0019228746976730211
0.0,0.002103144200579867
0.0,0.002133189117731008
0.0,0.0022233238691844307
0.0,0.0022834137034867127
0.0,0.0024787056649691287
0.0,0.0025087505821202697
0.0,0.0025538179578469813
0.0,0.0025838628749981223
0.0,0.0026589751678759745
0.0,0.0026890200850271154
0.0,0.002734087460753827
0.0,0.002764132377904968
0.0,0.002884312046509532
0.0,0.002914356963660673
0.0,0.0029744467979629548
0.0,0.003019514173689666
0.0,0.0030345366322652367
0.0,0.0030645815494163777
0.0,0.0032598735108987937
0.0,0.0032899184280499347
0.0,0.003304940886625505
0.0,0.0033500082623522166
0.0,0.00377063710246819
0.0,0.003800682019619331
0.0,0.003905839229648324
0.0,0.003965929063950606
0.0,0.004191265942584163
0.0,0.004236333318310875
0.0,0.004341490528339868
0.0,0.0043865579040665795
0.0,0.00441660282121772
0.0,0.004476692655520002
0.0,0.0046719846170024185
0.0,0.00470202953415356
0.0,0.004777141827031412
0.0,0.004807186744182553
0.0,0.0048372316613336935
0.0,0.004867276578484835
0.0,0.0048973214956359755
0.0,0.004987456247089399
0.0,0.005062568539967251
0.0,0.005092613457118392
0.0,0.005152703291420674
0.0,0.005197770667147385
0.0,0.005242838042874097
0.0,0.005302927877176379
0.0,0.00533297279432752
0.0,0.005438130004356513
0.0,0.005468174921507654
0.0,0.005588354590112218
0.0,0.0056183995072633585
0.0,0.005723556717292352
0.0,0.005753601634443493
0.0,0.005873781303048057
0.0,0.0059038262201991975
0.0,0.005963916054501479
0.0,0.005993960971652621
0.0,0.006069073264530473
0.0,0.006129163098832755
0.0,0.006444634728919735
0.0,0.006474679646070876
0.0,0.006564814397524299
0.0,0.00660988177325101
0.0,0.006639926690402151
0.0,0.006669971607553292
0.0,0.006715038983280004
0.0,0.006745083900431144
0.0,0.00692535340333799
0.0,0.0069553983204891316
0.0,0.007195757657698259
0.0,0.0072258025748494
0.0,0.007345982243453964
0.0,0.007376027160605105
0.0,0.0074060720777562455
0.0,0.007436116994907387
0.0,0.00754127420493638
0.0,0.007601364039238662
0.0,0.007811678459296648
0.0,0.00784172337644779
0.0,0.007871768293598931
0.0,0.00790181321075007
0.0,0.008067060255081346
0.0,0.008097105172232487
0.0,0.00815719500653477
0.0,0.008397554343743898
0.0,0.008547778929499601
0.0,0.008577823846650743
0.0,0.009073564979644568
0.0,0.00910360989679571
0.0,0.009374014151155978
0.0,0.00940405906830712
0.0,0.00941908152688269
0.0,0.009449126444033831
0.0,0.009554283654062823
0.0,0.009584328571213965
0.0,0.009599351029789536
0.0,0.009629395946940676
0.0,0.009794642991271951
0.0,0.009839710366998662
0.0,0.01005002478705665
0.0,0.010095092162783361
0.0,0.010155181997085642
0.0,0.010185226914236784
0.0,0.010215271831387925
0.0,0.010260339207114636
0.0,0.010410563792870342
0.0,0.010440608710021481
0.0,0.010500698544323764
0.0,0.010530743461474906
0.0,0.010891282467288597
0.0,0.010921327384439737
0.0,0.011011462135893161
0.0,0.0110415070530443
0.0,0.011071551970195442
0.0,0.011131641804497725
0.0,0.011417068517433564
0.0,0.011447113434584703
0.0,0.01164240539606712
0.0,0.011672450313218261
0.0,0.011792629981822825
0.0,0.011837697357549536
0.0,0.011912809650427389
0.0,0.01194285456757853
0.0,0.012919314374990611
0.0,0.012949359292141752
0.0,0.013009449126444033
0.0,0.013039494043595175
0.0,0.013264830922228733
0.0,0.013309898297955444
0.0,0.013415055507984436
0.0,0.013460122883711147
0.0,0.01350519025943786
0.0,0.013535235176589
0.0,0.013580302552315711
0.0,0.013610347469466853
0.0,0.013820661889524839
0.0,0.01385070680667598
0.0,0.014030976309582827
0.0,0.014061021226733967
0.0,0.014091066143885108
0.0,0.01412111106103625
0.0,0.014226268271065242
0.0,0.014256313188216383
0.0,0.014271335646791955
0.0,0.014316403022518666
0.0,0.014376492856820947
0.0,0.014406537773972088
0.0,0.0144516051496988
0.0,0.014481650066849941
0.0,0.014601829735454505
0.0,0.014631874652605646
0.0,0.014827166614088061
0.0,0.014857211531239202
0.0,0.014872233989814774
0.0,0.014932323824117055
0.0,0.014962368741268196
0.0,0.015037481034146049
0.0,0.01508254840987276
0.0,0.015127615785599471
0.0,0.015247795454204035
0.0,0.015277840371355177
0.0,0.015443087415686452
0.0,0.015473132332837591
0.0,0.015608334460017727
0.0,0.015638379377168866
0.0,0.01571349167004672
0.0,0.015758559045773432
0.0,0.01580362642150014
0.0,0.015833671338651285
0.0,0.01599891838298256
0.0,0.0160289633001337
0.0,0.016059008217284843
0.0,0.016089053134435982
0.0,0.016179187885889405
0.0,0.016209232803040544
0.0,0.016254300178767257
0.0,0.01631439001306954
0.0,0.01637447984737182
0.0,0.016389502305947393
0.0,0.016509681974551955
0.0,0.016584794267429807
0.0,0.01662986164315652
0.0,0.01665990656030766
0.0,0.016704973936034373
0.0,0.016825153604638935
0.0,0.016855198521790075
0.0,0.01696035573181907
0.0,0.01699040064897021
0.0,0.017050490483272493
0.0,0.017080535400423633
0.0,0.01718569261045263
0.0,0.017245782444754908
0.0,0.01729084982048162
0.0,0.01732089473763276
0.0,0.017456096864812896
0.0,0.01751618669911518
0.0,0.01759129899199303
0.0,0.01763636636771974
0.0,0.01766641128487088
0.0,0.017681433743446454
0.0,0.017711478660597593
0.0,0.0178617032463533
0.0,0.017906770622080008
0.0,0.01796686045638229
0.0,0.018011927832109004
0.0,0.018041972749260143
0.0,0.018072017666411287
0.0,0.018102062583562426
0.0,0.018147129959289136
0.0,0.01820721979359142
0.0,0.01823726471074256
0.0,0.01849264650652726
0.0,0.01853771388225397
0.0,0.01885318551234095
0.0,0.018898252888067662
0.0,0.01916865714242793
0.0,0.019213724518154642
0.0,0.019724488109724037
0.0,0.019754533026875177
0.0,0.019979869905508735
0.0,0.020009914822659878
0.0,0.02011507203268887
0.0,0.02016013940841558
0.0,0.020250274159869006
0.0,0.020280319077020145
0.0,0.020325386452746858
0.0,0.020355431369897998
0.0,0.020505655955653703
0.0,0.020535700872804843
0.0,0.02074601529286283
0.0,0.02077606021001397
0.0,0.020911262337194106
0.0,0.020941307254345246
0.0,0.020956329712920815
0.0,0.02100139708864753
0.0,0.02109153184010095
0.0,0.02112157675725209
0.0,0.021151621674403234
0.0,0.021211711508705516
0.0,0.02133189117731008
0.0,0.021361936094461218
0.0,0.02139198101161236
0.0,0.02143704838733907
0.0,0.021452070845914644
0.0,0.021482115763065784
0.0,0.021512160680216923
0.0,0.021542205597368067
0.0,0.021812609851728334
0.0,0.021872699686030617
0.0,0.021932789520332896
0.0,0.02199287935463518
0.0,0.022098036564664175
0.0,0.022143103940390884
0.0,0.022503642946204577
0.0,0.022533687863355717
0.0,0.02257875523908243
0.0,0.02260880015623357
0.0,0.02265386753196028
0.0,0.022683912449111422
0.0,0.022789069659140414
0.0,0.022849159493442697
0.0,0.022999384079198402
0.0,0.023029428996349542
0.0,0.02323974341640753
0.0,0.02326978833355867
0.0,0.023329878167860953
0.0,0.023374945543587662
0.0,0.023389968002163235
0.0,0.023420012919314375
0.0,0.023435035377889945
0.0,0.023495125212192228
0.0,0.02360028242222122
0.0,0.023630327339372363
0.0,0.023705439632250216
0.0,0.023735484549401355
0.0,0.023750507007976925
0.0,0.023780551925128065
0.0,0.02423122568239518
0.0,0.02426127059954632
0.0,0.024381450268150886
0.0,0.024411495185302026
0.0,0.024606787146784444
0.0,0.024636832063935583
0.0,0.024666876981086723
0.0,0.024696921898237866
0.0,0.024726966815389006
0.0,0.02477203419111572
0.0,0.02486216894256914
0.0,0.02489221385972028
0.0,0.025057460904051556
0.0,0.0250875058212027
0.0,0.02513257319692941
0.0,0.025162618114080552
0.0,0.02522270794838283
0.0,0.025252752865533974
0.0,0.025282797782685114
0.0,0.025342887616987397
0.0,0.02552315711989424
0.0,0.02555320203704538
0.0,0.025613291871347664
0.0,0.025643336788498807
0.0,0.025898718584283505
0.0,0.025958808418585787
0.0,0.026018898252888067
0.0,0.02604894317003921
0.0,0.02609401054576592
0.0,0.026124055462917063
0.0,0.026214190214370485
0.0,0.026259257590097194
0.0,0.026454549551579613
0.0,0.026484594468730752
0.0,0.026544684303033035
8.126117341134406e-05,0.026544684303033035
8.126117341134406e-05,0.026619796595910888
8.126117341134406e-05,0.026664863971637597
8.126117341134406e-05,0.026679886430213167
8.126117341134406e-05,0.02672495380593988
8.126117341134406e-05,0.026920245767422295
8.126117341134406e-05,0.026980335601724578
8.126117341134406e-05,0.027205672480358135
8.126117341134406e-05,0.027265762314660418
8.126117341134406e-05,0.027310829690387128
8.126117341134406e-05,0.02737091952468941
8.126117341134406e-05,0.027446031817567263
8.126117341134406e-05,0.027476076734718403
8.126117341134406e-05,0.027536166569020686
8.126117341134406e-05,0.027566211486171825
8.126117341134406e-05,0.027806570823380953
8.126117341134406e-05,0.027836615740532096
8.126117341134406e-05,0.027851638199107666
8.126117341134406e-05,0.027881683116258806
8.126117341134406e-05,0.028107019994892363
8.126117341134406e-05,0.028137064912043507
8.126117341134406e-05,0.02833235687352592
8.126117341134406e-05,0.028377424249252634
8.126117341134406e-05,0.028452536542130483
8.126117341134406e-05,0.028512626376432766
8.126117341134406e-05,0.028768008172217464
8.126117341134406e-05,0.028828098006519746
8.126117341134406e-05,0.028843120465095316
8.126117341134406e-05,0.02888818784082203
8.126117341134406e-05,0.028948277675124312
8.126117341134406e-05,0.029068457343728874
8.126117341134406e-05,0.029098502260880017
8.126117341134406e-05,0.02921868192948458
8.126117341134406e-05,0.029263749305211292
8.126117341134406e-05,0.02932383913951357
8.126117341134406e-05,0.029353884056664715
8.126117341134406e-05,0.029383928973815854
8.126117341134406e-05,0.029444018808118137
8.126117341134406e-05,0.029474063725269277
8.126117341134406e-05,0.02950410864242042
8.126117341134406e-05,0.029684378145327265
8.126117341134406e-05,0.029729445521053974
8.126117341134406e-05,0.02983460273108297
8.126117341134406e-05,0.02986464764823411
8.126117341134406e-05,0.029924737482536393
8.126117341134406e-05,0.029984827316838675
8.126117341134406e-05,0.03015007436116995
8.126117341134406e-05,0.03018011927832109
8.126117341134406e-05,0.030240209112623373
8.126117341134406e-05,0.030270254029774513
8.126117341134406e-05,0.030300298946925652
8.126117341134406e-05,0.030330343864076795
8.126117341134406e-05,0.030705905328466055
8.126117341134406e-05,0.030735950245617198
8.126117341134406e-05,0.03081106253849505
8.126117341134406e-05,0.03084110745564619
8.126117341134406e-05,0.030976309582826326
8.126117341134406e-05,0.031021376958553035
8.126117341134406e-05,0.03105142187570418
8.126117341134406e-05,0.03162227530157585
8.126117341134406e-05,0.03168236513587814
8.126117341134406e-05,0.03202788168311626
8.126117341134406e-05,0.0320579266002674
8.126117341134406e-05,0.03237339823035438
8.126117341134406e-05,0.03240344314750552
8.126117341134406e-05,0.03268886986044136
8.126117341134406e-05,0.0327189147775925
8.126117341134406e-05,0.032914206739074914
8.126117341134406e-05,0.03294425165622606
8.126117341134406e-05,0.03298931903195277
8.126117341134406e-05,0.03301936394910391
8.126117341134406e-05,0.03324470082773747
8.126117341134406e-05,0.03328976820346418
8.126117341134406e-05,0.03330479066203975
8.126117341134406e-05,0.03334985803776646
8.126117341134406e-05,0.033455015247795455
8.126117341134406e-05,0.033485060164946595
8.126117341134406e-05,0.0336352847507023
8.126117341134406e-05,0.03366532966785344
8.126117341134406e-05,0.03392071146363814
8.126117341134406e-05,0.03396577883936485
8.126117341134406e-05,0.0340408911322427
8.126117341134406e-05,0.034116003425120556
8.126117341134406e-05,0.034191115717998405
8.126117341134406e-05,0.03422116063514955
8.126117341134406e-05,0.03437138522090526
8.126117341134406e-05,0.034401430138056396
8.126117341134406e-05,0.034491564889509815
8.126117341134406e-05,0.034521609806660955
8.126117341134406e-05,0.03456667718238767
8.126117341134406e-05,0.034837081436747935
8.126117341134406e-05,0.03492721618820136
8.126117341134406e-05,0.03503237339823036
8.126117341134406e-05,0.0350624183153815
8.126117341134406e-05,0.03522766535971277
8.126117341134406e-05,0.03525771027686391
8.126117341134406e-05,0.03539291240404405
8.126117341134406e-05,0.035422957321195186
8.126117341134406e-05,0.035437979779770756
8.126117341134406e-05,0.035468024696921896
8.126117341134406e-05,0.03552811453122418
8.126117341134406e-05,0.03558820436552646
8.126117341134406e-05,0.03563327174125317
8.126117341134406e-05,0.03566331665840432
8.126117341134406e-05,0.035813541244160016
8.126117341134406e-05,0.03584358616131116
8.126117341134406e-05,0.0359787882884913
8.126117341134406e-05,0.03600883320564244
8.126117341134406e-05,0.03608394549852029
8.126117341134406e-05,0.036113990415671426
8.126117341134406e-05,0.03614403533282257
8.126117341134406e-05,0.03617408024997371
8.126117341134406e-05,0.0362792374600027
8.126117341134406e-05,0.03632430483572942
8.126117341134406e-05,0.03635434975288056
8.126117341134406e-05,0.03644448450433398
8.126117341134406e-05,0.03647452942148512
8.126117341134406e-05,0.03680502351014767
8.126117341134406e-05,0.03686511334444995
8.126117341134406e-05,0.03695524809590338
8.126117341134406e-05,0.03698529301305452
8.126117341134406e-05,0.03718058497453693
8.126117341134406e-05,0.03721062989168807
8.126117341134406e-05,0.03736085447744378
8.126117341134406e-05,0.03742094431174606
8.126117341134406e-05,0.03748103414604834
8.126117341134406e-05,0.03754112398035062
8.126117341134406e-05,0.03757116889750176
8.126117341134406e-05,0.03760121381465291
8.126117341134406e-05,0.03763125873180405
8.126117341134406e-05,0.03766130364895519
8.126117341134406e-05,0.03773641594183304
8.126117341134406e-05,0.037781483317559754
8.126117341134406e-05,0.03835233674343143
8.126117341134406e-05,0.03838238166058257
8.126117341134406e-05,0.038397404119158145
8.126117341134406e-05,0.038427449036309284
8.126117341134406e-05,0.038487538870611564
8.126117341134406e-05,0.0385175837877627
8.126117341134406e-05,0.03854762870491384
8.126117341134406e-05,0.03857767362206499
8.126117341134406e-05,0.03859269608064056
8.126117341134406e-05,0.0386227409977917
8.126117341134406e-05,0.03866780837351841
8.126117341134406e-05,0.03890816771072754
8.126117341134406e-05,0.03893821262787868
8.126117341134406e-05,0.03899830246218096
8.126117341134406e-05,0.039088437213634385
8.126117341134406e-05,0.039118482130785524
8.126117341134406e-05,0.039133504589361094
8.126117341134406e-05,0.039163549506512234
8.126117341134406e-05,0.03922363934081452
8.126117341134406e-05,0.03925368425796566
8.126117341134406e-05,0.039494043595174784
8.126117341134406e-05,0.03952408851232593
8.126117341134406e-05,0.0395391109709015
8.126117341134406e-05,0.03956915588805264
8.126117341134406e-05,0.03967431309808163
8.126117341134406e-05,0.039719380473808345
8.126117341134406e-05,0.039794492766686194
8.126117341134406e-05,0.039824537683837334
8.126117341134406e-05,0.040004807186744186
8.126117341134406e-05,0.040034852103895326
8.126117341134406e-05,0.040335301275406736
8.126117341134406e-05,0.040365346192557876
8.126117341134406e-05,0.040485525861162434
8.126117341134406e-05,0.04051557077831358
8.126117341134406e-05,0.04081601994982499
8.126117341134406e-05,0.04084606486697613
8.126117341134406e-05,0.04089113224270284
8.126117341134406e-05,0.04092117715985398
8.126117341134406e-05,0.04098126699415627
8.126117341134406e-05,0.041011311911307406
8.126117341134406e-05,0.041041356828458546
8.126117341134406e-05,0.041071401745609686
8.126117341134406e-05,0.041086424204185255
8.126117341134406e-05,0.041116469121336395
8.126117341134406e-05,0.04117655895563868
8.126117341134406e-05,0.04123664878994096
8.126117341134406e-05,0.041386873375696666
8.126117341134406e-05,0.041416918292847806
8.126117341134406e-05,0.04150705304430123
8.126117341134406e-05,0.04153709796145237
8.126117341134406e-05,0.04158216533717908
8.126117341134406e-05,0.0416272327129058
8.126117341134406e-05,0.04165727763005694
8.126117341134406e-05,0.041687322547208076
8.126117341134406e-05,0.041717367464359216
8.126117341134406e-05,0.041762434840085925
8.126117341134406e-05,0.04195772680156835
8.126117341134406e-05,0.04198777171871949
8.126117341134406e-05,0.04234831072453318
8.126117341134406e-05,0.042378355641684316
8.126117341134406e-05,0.042408400558835456
8.126117341134406e-05,0.0424384454759866
8.126117341134406e-05,0.04260369252031788
8.126117341134406e-05,0.04264875989604459
8.126117341134406e-05,0.04291916415040486
8.126117341134406e-05,0.042949209067556
8.126117341134406e-05,0.04314450102903841
8.126117341134406e-05,0.04318956840476512
8.126117341134406e-05,0.04326468069764298
8.126117341134406e-05,0.04329472561479412
8.126117341134406e-05,0.04330974807336969
8.126117341134406e-05,0.04336983790767197
8.126117341134406e-05,0.04359517478630553
8.126117341134406e-05,0.04362521970345667
8.126117341134406e-05,0.04367028707918338
8.126117341134406e-05,0.04370033199633452
8.126117341134406e-05,0.04380548920636351
8.126117341134406e-05,0.04383553412351465
8.126117341134406e-05,0.04388060149924137
8.126117341134406e-05,0.04391064641639251
8.126117341134406e-05,0.04397073625069479
8.126117341134406e-05,0.044045848543572644
8.126117341134406e-05,0.04407589346072378
8.126117341134406e-05,0.04419607312932835
8.126117341134406e-05,0.04422611804647949
8.126117341134406e-05,0.044376342632235194
8.126117341134406e-05,0.044406387549386334
8.126117341134406e-05,0.04524764522961828
8.126117341134406e-05,0.04527769014676942
8.126117341134406e-05,0.04529271260534499
8.126117341134406e-05,0.045382847356798414
8.126117341134406e-05,0.045442937191100694
8.126117341134406e-05,0.04547298210825183
8.126117341134406e-05,0.04554809440112969
8.126117341134406e-05,0.04557813931828083
8.126117341134406e-05,0.045653251611158685
8.126117341134406e-05,0.045713341445460964
8.126117341134406e-05,0.04583352111406553
8.126117341134406e-05,0.04586356603121667
8.126117341134406e-05,0.04587858848979224
8.126117341134406e-05,0.04590863340694338
8.126117341134406e-05,0.046073880451274654
8.126117341134406e-05,0.046103925368425794
8.126117341134406e-05,0.046614688959995196
8.126117341134406e-05,0.046644733877146335
8.126117341134406e-05,0.046704823711448615
8.126117341134406e-05,0.046749891087175324
8.126117341134406e-05,0.047020295341535595
8.126117341134406e-05,0.047065362717262305
8.126117341134406e-05,0.04744092418165157
8.126117341134406e-05,0.04747096909880271
8.126117341134406e-05,0.04751603647452942
8.126117341134406e-05,0.04754608139168056
8.126117341134406e-05,0.04757612630883171
8.126117341134406e-05,0.04781648564604083
8.126117341134406e-05,0.04784653056319197
8.126117341134406e-05,0.04787657548034311
8.126117341134406e-05,0.04792164285606983
8.126117341134406e-05,0.047936665314645396
8.126117341134406e-05,0.047966710231796536
8.126117341134406e-05,0.04822209202758124
8.126117341134406e-05,0.04825213694473238
8.126117341134406e-05,0.048342271696185796
8.126117341134406e-05,0.04843240644763922
8.126117341134406e-05,0.048627698409121636
8.126117341134406e-05,0.048657743326272776
8.126117341134406e-05,0.049003259873510896
8.126117341134406e-05,0.04903330479066204
8.126117341134406e-05,0.04927366412787117
8.126117341134406e-05,0.049303709045022306
8.126117341134406e-05,0.0494088662550513
8.126117341134406e-05,0.04943891117220244
8.126117341134406e-05,0.04948397854792915
8.126117341134406e-05,0.0495140234650803
8.126117341134406e-05,0.04994967476377184
8.126117341134406e-05,0.04997971968092298
8.126117341134406e-05,0.050640707858248084
8.126117341134406e-05,0.05067075277539922
8.126117341134406e-05,0.05077590998542821
8.126117341134406e-05,0.05080595490257936
8.126117341134406e-05,0.05109138161551519
8.126117341134406e-05,0.05112142653266634
8.126117341134406e-05,0.05116649390839305
8.126117341134406e-05,0.05119653882554419
8.126117341134406e-05,0.051316718494148754
8.126117341134406e-05,0.051346763411299894
8.126117341134406e-05,0.05136178586987546
8.126117341134406e-05,0.0513918307870266
8.126117341134406e-05,0.05142187570417774
8.126117341134406e-05,0.05146694307990446
8.126117341134406e-05,0.05148196553848003
8.126117341134406e-05,0.05151201045563117
8.126117341134406e-05,0.051617167665660164
8.126117341134406e-05,0.051662235041386874
8.126117341134406e-05,0.051917616837171575
8.126117341134406e-05,0.051947661754322715
8.126117341134406e-05,0.0521579761743807
8.126117341134406e-05,0.05220304355010741
8.126117341134406e-05,0.05223308846725855
8.126117341134406e-05,0.052383313053014254
8.126117341134406e-05,0.0524133579701654
8.126117341134406e-05,0.05248847026304325
8.126117341134406e-05,0.05251851518019439
8.126117341134406e-05,0.052578605014496675
8.126117341134406e-05,0.052608649931647815
8.126117341134406e-05,0.052623672390223385
8.126117341134406e-05,0.052653717307374524
8.126117341134406e-05,0.052683762224525664
8.126117341134406e-05,0.052713807141676804
8.126117341134406e-05,0.052939144020310365
8.126117341134406e-05,0.052969188937461505
8.126117341134406e-05,0.05305932368891493
8.126117341134406e-05,0.05311941352321721
8.126117341134406e-05,0.053239593191821775
8.126117341134406e-05,0.053269638108972915
8.126117341134406e-05,0.053344750401850764
8.126117341134406e-05,0.05337479531900191
8.126117341134406e-05,0.05341986269472862
8.126117341134406e-05,0.05344990761187976
8.126117341134406e-05,0.05350999744618204
8.126117341134406e-05,0.053585109739059895
8.126117341134406e-05,0.053645199573362175
8.126117341134406e-05,0.05379542415911788
8.126117341134406e-05,0.05384049153484459
8.126117341134406e-05,0.053885558910571306
8.126117341134406e-05,0.053945648744873585
8.126117341134406e-05,0.05412591824778043
8.126117341134406e-05,0.05415596316493157
8.126117341134406e-05,0.05417098562350715
8.126117341134406e-05,0.054216052999233856
8.126117341134406e-05,0.054276142833536135
8.126117341134406e-05,0.05433623266783842
8.126117341134406e-05,0.05436627758498956
8.126117341134406e-05,0.05474183904937882
8.126117341134406e-05,0.0548019288836811
8.126117341134406e-05,0.05483197380083225
8.126117341134406e-05,0.054907086093710096
8.126117341134406e-05,0.054937131010861236
8.126117341134406e-05,0.05502726576231466
8.126117341134406e-05,0.05507233313804137
8.126117341134406e-05,0.05513242297234365
8.126117341134406e-05,0.0551624678894948
8.126117341134406e-05,0.05537278230955278
8.126117341134406e-05,0.05540282722670392
8.126117341134406e-05,0.055613141646761906
8.126117341134406e-05,0.05564318656391305
8.126117341134406e-05,0.05630417474123815
8.126117341134406e-05,0.05634924211696486
8.126117341134406e-05,0.05636426457554043
8.126117341134406e-05,0.05639430949269157
8.126117341134406e-05,0.05655955653702285
8.126117341134406e-05,0.05660462391274956
8.126117341134406e-05,0.05686000570853426
8.126117341134406e-05,0.0568900506256854
8.126117341134406e-05,0.05695014045998768
8.126117341134406e-05,0.05699520783571439
8.126117341134406e-05,0.05708534258716782
8.126117341134406e-05,0.0571454324214701
8.126117341134406e-05,0.05737076930010365
8.126117341134406e-05,0.0574008142172548
8.126117341134406e-05,0.057581083720161644
8.126117341134406e-05,0.05761112863731278
8.126117341134406e-05,0.05768624093019063
8.126117341134406e-05,0.05771628584734178
8.126117341134406e-05,0.05813691468745775
8.126117341134406e-05,0.05816695960460889
8.126117341134406e-05,0.05840731894181802
8.126117341134406e-05,0.05843736385896916
8.126117341134406e-05,0.05851247615184701
8.126117341134406e-05,0.058542521068998155
8.126117341134406e-05,0.058602610903300434
8.126117341134406e-05,0.058632655820451574
8.126117341134406e-05,0.05866270073760271
8.126117341134406e-05,0.05869274565475386
8.126117341134406e-05,0.058978172367689694
8.126117341134406e-05,0.05900821728484084
8.126117341134406e-05,0.05902323974341641
8.126117341134406e-05,0.05905328466056755
8.126117341134406e-05,0.059203509246323255
8.126117341134406e-05,0.059233554163474395
8.126117341134406e-05,0.059293643997776674
8.126117341134406e-05,0.05932368891492782
8.126117341134406e-05,0.059594093169288084
8.126117341134406e-05,0.059624138086439224
8.126117341134406e-05,0.0597893851307705
8.126117341134406e-05,0.059834452506497215
8.126117341134406e-05,0.059879519882223925
8.126117341134406e-05,0.059939609716526204
8.126117341134406e-05,0.05999969955082849
8.126117341134406e-05,0.06002974446797963
8.126117341134406e-05,0.06008983430228191
8.126117341134406e-05,0.06011987921943305
8.126117341134406e-05,0.060164946595159766
8.126117341134406e-05,0.060194991512310905
8.126117341134406e-05,0.060240058888037615
8.126117341134406e-05,0.060270103805188754
8.126117341134406e-05,0.06034521609806661
8.126117341134406e-05,0.06037526101521775
8.126117341134406e-05,0.06043535084952003
8.126117341134406e-05,0.060465395766671176
8.126117341134406e-05,0.06076584493818258
8.126117341134406e-05,0.060825934772484866
8.126117341134406e-05,0.060871002148211575
8.126117341134406e-05,0.06093109198251386
8.126117341134406e-05,0.06102122673396728
8.126117341134406e-05,0.06105127165111842
8.126117341134406e-05,0.061186473778298556
8.126117341134406e-05,0.061216518695449695
8.126117341134406e-05,0.06129163098832755
8.126117341134406e-05,0.06132167590547869
8.126117341134406e-05,0.06139678819835654
8.126117341134406e-05,0.06142683311550769
8.126117341134406e-05,0.06144185557408326
8.126117341134406e-05,0.061471900491234396
8.126117341134406e-05,0.06163714753556567
8.126117341134406e-05,0.06166719245271681
8.126117341134406e-05,0.06171225982844352
8.126117341134406e-05,0.06174230474559467
8.126117341134406e-05,0.06177234966274581
8.126117341134406e-05,0.061817417038472516
8.126117341134406e-05,0.061832439497048086
8.126117341134406e-05,0.061877506872774796
8.126117341134406e-05,0.0621328886685595
8.126117341134406e-05,0.062177956044286206
8.126117341134406e-05,0.062208000961437346
8.126117341134406e-05,0.06223804587858849
8.126117341134406e-05,0.06240329292291977
8.126117341134406e-05,0.06243333784007091
8.126117341134406e-05,0.06250845013294876
8.126117341134406e-05,0.0625384950500999
8.126117341134406e-05,0.06256853996725104
8.126117341134406e-05,0.06259858488440218
8.126117341134406e-05,0.06268871963585561
8.126117341134406e-05,0.06271876455300675
8.126117341134406e-05,0.06306428110024487
8.126117341134406e-05,0.06318446076884943
8.126117341134406e-05,0.06325957306172728
8.126117341134406e-05,0.06328961797887843
8.126117341134406e-05,0.06348490994036084
8.126117341134406e-05,0.06352997731608755
8.126117341134406e-05,0.06360508960896541
8.126117341134406e-05,0.06363513452611655
8.126117341134406e-05,0.0637102468189944
8.126117341134406e-05,0.06377033665329668
8.126117341134406e-05,0.06378535911187225
8.126117341134406e-05,0.06381540402902339
8.126117341134406e-05,0.06450643712349963
8.126117341134406e-05,0.06453648204065077
8.126117341134406e-05,0.06465666170925534
8.126117341134406e-05,0.06470172908498205
8.126117341134406e-05,0.06480688629501104
8.126117341134406e-05,0.06483693121216218
8.126117341134406e-05,0.06492706596361561
8.126117341134406e-05,0.06495711088076675
8.126117341134406e-05,0.06500217825649346
8.126117341134406e-05,0.0650322231736446
8.126117341134406e-05,0.06506226809079574
8.126117341134406e-05,0.06509231300794688
8.126117341134406e-05,0.06527258251085373
8.126117341134406e-05,0.06530262742800487
8.126117341134406e-05,0.06536271726230715
8.126117341134406e-05,0.06542280709660943
8.126117341134406e-05,0.06563312151666742
8.126117341134406e-05,0.06567818889239413
8.126117341134406e-05,0.06570823380954527
8.126117341134406e-05,0.06573827872669641
8.126117341134406e-05,0.06576832364384755
8.126117341134406e-05,0.06579836856099869
8.126117341134406e-05,0.06590352577102769
8.126117341134406e-05,0.06593357068817883
8.126117341134406e-05,0.06623401985969024
8.126117341134406e-05,0.06627908723541695
8.126117341134406e-05,0.06639926690402151
8.126117341134406e-05,0.06642931182117265
8.126117341134406e-05,0.06663962624123064
8.126117341134406e-05,0.06669971607553292
8.126117341134406e-05,0.0667598059098352
8.126117341134406e-05,0.06678985082698634
8.126117341134406e-05,0.06683491820271306
8.126117341134406e-05,0.0668649631198642
8.126117341134406e-05,0.06709029999849775
8.126117341134406e-05,0.06715038983280004
8.126117341134406e-05,0.06736070425285802
8.126117341134406e-05,0.06739074917000916
8.126117341134406e-05,0.06743581654573587
8.126117341134406e-05,0.06748088392146259
8.126117341134406e-05,0.06755599621434044
8.126117341134406e-05,0.06761608604864272
8.126117341134406e-05,0.06770622080009614
8.126117341134406e-05,0.06773626571724728
8.126117341134406e-05,0.06779635555154957
8.126117341134406e-05,0.06782640046870071
8.126117341134406e-05,0.06835218651884567
8.126117341134406e-05,0.06838223143599681
8.126117341134406e-05,0.06853245602175252
8.126117341134406e-05,0.06857752339747923
8.126117341134406e-05,0.06869770306608379
8.126117341134406e-05,0.06875779290038608
8.126117341134406e-05,0.0688479276518395
8.126117341134406e-05,0.06887797256899064
8.126117341134406e-05,0.06890801748614178
8.126117341134406e-05,0.06893806240329292
8.126117341134406e-05,0.06898312977901963
8.126117341134406e-05,0.06901317469617077
8.126117341134406e-05,0.06944882599486232
8.126117341134406e-05,0.06947887091201346
8.126117341134406e-05,0.06955398320489131
8.126117341134406e-05,0.06959905058061802
8.126117341134406e-05,0.06961407303919359
8.126117341134406e-05,0.0696591404149203
8.126117341134406e-05,0.06974927516637373
8.126117341134406e-05,0.06979434254210044
8.126117341134406e-05,0.06982438745925158
8.126117341134406e-05,0.06988447729355386
8.126117341134406e-05,0.06992954466928057
8.126117341134406e-05,0.07009479171361185
8.126117341134406e-05,0.070124836630763
8.126117341134406e-05,0.07030510613366983
8.126117341134406e-05,0.07033515105082097
8.126117341134406e-05,0.07044030826084997
8.126117341134406e-05,0.07050039809515225
8.126117341134406e-05,0.07056048792945453
8.126117341134406e-05,0.07059053284660567
8.126117341134406e-05,0.07065062268090795
8.126117341134406e-05,0.0706806675980591
8.126117341134406e-05,0.07075577989093695
8.126117341134406e-05,0.07080084726666366
8.126117341134406e-05,0.07086093710096594
8.126117341134406e-05,0.07090600447669265
8.126117341134406e-05,0.07093604939384379
8.126117341134406e-05,0.07096609431099493
8.126117341134406e-05,0.07099613922814609
8.126117341134406e-05,0.0710412066038728
8.126117341134406e-05,0.07113134135532621
8.126117341134406e-05,0.07116138627247735
8.126117341134406e-05,0.07117640873105292
8.126117341134406e-05,0.07120645364820406
8.126117341134406e-05,0.07135667823395977
8.126117341134406e-05,0.07138672315111091
8.126117341134406e-05,0.07140174560968648
8.126117341134406e-05,0.07143179052683762
8.126117341134406e-05,0.0714918803611399
8.126117341134406e-05,0.07155197019544218
8.126117341134406e-05,0.07197259903555817
8.126117341134406e-05,0.07201766641128488
8.126117341134406e-05,0.07228807066564515
8.126117341134406e-05,0.07231811558279629
8.126117341134406e-05,0.07234816049994743
8.126117341134406e-05,0.07239322787567413
8.126117341134406e-05,0.07264860967145884
8.126117341134406e-05,0.07267865458860998
8.126117341134406e-05,0.07270869950576112
8.126117341134406e-05,0.07273874442291225
8.126117341134406e-05,0.07344479997596406
8.126117341134406e-05,0.0734748448931152
8.126117341134406e-05,0.07350488981026634
8.126117341134406e-05,0.07353493472741748
8.126117341134406e-05,0.07385040635750446
8.126117341134406e-05,0.0738804512746556
8.126117341134406e-05,0.07403067586041132
8.126117341134406e-05,0.07406072077756246
8.126117341134406e-05,0.0740907656947136
8.126117341134406e-05,0.0741358330704403
8.126117341134406e-05,0.07427103519762045
8.126117341134406e-05,0.07430108011477159
8.126117341134406e-05,0.0743461474904983
8.126117341134406e-05,0.07437619240764944
8.126117341134406e-05,0.074391214866225
8.126117341134406e-05,0.07442125978337615
8.126117341134406e-05,0.07472170895488756
8.126117341134406e-05,0.0747517538720387
8.126117341134406e-05,0.07484188862349211
8.126117341134406e-05,0.07490197845779441
8.126117341134406e-05,0.07496206829209669
8.126117341134406e-05,0.0750522030435501
8.126117341134406e-05,0.07557798909369508
8.126117341134406e-05,0.07560803401084622
8.126117341134406e-05,0.0756681238451485
8.126117341134406e-05,0.07569816876229964
8.126117341134406e-05,0.07578830351375306
8.126117341134406e-05,0.07583337088947978
8.126117341134406e-05,0.07586341580663092
8.126117341134406e-05,0.07590848318235763
8.126117341134406e-05,0.07605870776811333
8.126117341134406e-05,0.07608875268526447
8.126117341134406e-05,0.07614884251956676
8.126117341134406e-05,0.07619390989529347
8.126117341134406e-05,0.07625399972959575
8.126117341134406e-05,0.07628404464674689
8.126117341134406e-05,0.07652440398395602
8.126117341134406e-05,0.07655444890110716
8.126117341134406e-05,0.07661453873540944
8.126117341134406e-05,0.07664458365256058
8.126117341134406e-05,0.07668965102828729
8.126117341134406e-05,0.07671969594543843
8.126117341134406e-05,0.0767797857797407
8.126117341134406e-05,0.07680983069689186
8.126117341134406e-05,0.076839875614043
8.126117341134406e-05,0.07689996544834528
8.126117341134406e-05,0.07721543707843226
8.126117341134406e-05,0.0772454819955834
8.126117341134406e-05,0.07730557182988568
8.126117341134406e-05,0.07736566166418796
8.126117341134406e-05,0.07738068412276353
8.126117341134406e-05,0.07744077395706582
8.126117341134406e-05,0.07754593116709481
8.126117341134406e-05,0.07757597608424595
8.126117341134406e-05,0.07820691934441991
8.126117341134406e-05,0.07823696426157105
8.126117341134406e-05,0.07829705409587333
8.126117341134406e-05,0.07834212147160004
8.126117341134406e-05,0.07835714393017561
8.126117341134406e-05,0.07838718884732675
8.126117341134406e-05,0.0784172337644779
8.126117341134406e-05,0.07844727868162904
8.126117341134406e-05,0.07861252572596031
8.126117341134406e-05,0.07865759310168702
8.126117341134406e-05,0.07879279522886716
8.126117341134406e-05,0.0788228401460183
8.126117341134406e-05,0.07891297489747172
8.126117341134406e-05,0.07894301981462286
8.126117341134406e-05,0.07895804227319843
8.126117341134406e-05,0.07898808719034957
8.126117341134406e-05,0.07903315456607628
8.126117341134406e-05,0.07912328931752971
8.126117341134406e-05,0.07913831177610528
8.126117341134406e-05,0.07918337915183199
8.126117341134406e-05,0.07924346898613427
8.126117341134406e-05,0.07928853636186098
8.126117341134406e-05,0.07939369357188998
8.126117341134406e-05,0.07942373848904112
8.126117341134406e-05,0.07954391815764568
8.126117341134406e-05,0.07957396307479682
8.126117341134406e-05,0.07958898553337239
8.126117341134406e-05,0.07961903045052353
8.126117341134406e-05,0.07967912028482581
8.126117341134406e-05,0.07970916520197696
8.126117341134406e-05,0.08003965929063951
8.126117341134406e-05,0.08006970420779065
8.126117341134406e-05,0.08012979404209293
8.126117341134406e-05,0.08015983895924407
8.126117341134406e-05,0.08067060255081347
8.126117341134406e-05,0.08070064746796461
8.126117341134406e-05,0.08073069238511575
8.126117341134406e-05,0.08077575976084246
8.126117341134406e-05,0.0810611864737783
8.126117341134406e-05,0.08109123139092944
8.126117341134406e-05,0.08113629876665615
8.126117341134406e-05,0.08118136614238286
8.126117341134406e-05,0.081211411059534
8.126117341134406e-05,0.08127150089383628
8.126117341134406e-05,0.08130154581098743
8.126117341134406e-05,0.08139168056244085
8.126117341134406e-05,0.08142172547959199
8.126117341134406e-05,0.08157195006534769
8.126117341134406e-05,0.08160199498249883
8.126117341134406e-05,0.08166208481680112
8.126117341134406e-05,0.08169212973395226
8.126117341134406e-05,0.08170715219252783
8.126117341134406e-05,0.08173719710967897
8.126117341134406e-05,0.08224796070124836
8.126117341134406e-05,0.08227800561839951
8.126117341134406e-05,0.08236814036985293
8.126117341134406e-05,0.08239818528700407
8.126117341134406e-05,0.0825934772484865
8.126117341134406e-05,0.0826385446242132
8.126117341134406e-05,0.08283383658569561
8.126117341134406e-05,0.08286388150284675
8.126117341134406e-05,0.08287890396142232
8.126117341134406e-05,0.08290894887857347
8.126117341134406e-05,0.08292397133714904
8.126117341134406e-05,0.08295401625430018
8.126117341134406e-05,0.08307419592290474
8.126117341134406e-05,0.08310424084005588
8.126117341134406e-05,0.08323944296723602
8.126117341134406e-05,0.08337464509441615
8.126117341134406e-05,0.08356993705589857
8.126117341134406e-05,0.08359998197304971
8.126117341134406e-05,0.08399056589601454
8.126117341134406e-05,0.08402061081316568
8.126117341134406e-05,0.08403563327174125
8.126117341134406e-05,0.08408070064746796
8.126117341134406e-05,0.08415581294034581
8.126117341134406e-05,0.08420088031607253
8.126117341134406e-05,0.08424594769179924
8.126117341134406e-05,0.08427599260895038
8.126117341134406e-05,0.08430603752610152
8.126117341134406e-05,0.08433608244325266
8.126117341134406e-05,0.08456141932188622
8.126117341134406e-05,0.08459146423903736
8.126117341134406e-05,0.08465155407333964
8.126117341134406e-05,0.08468159899049078
8.126117341134406e-05,0.0847717337419442
8.126117341134406e-05,0.08481680111767091
8.126117341134406e-05,0.08522240749921133
8.126117341134406e-05,0.08525245241636246
8.126117341134406e-05,0.08544774437784487
8.126117341134406e-05,0.08550783421214717
8.126117341134406e-05,0.08570312617362957
8.126117341134406e-05,0.08573317109078071
8.126117341134406e-05,0.08574819354935628
8.126117341134406e-05,0.08577823846650742
8.126117341134406e-05,0.085898418135112
8.126117341134406e-05,0.08592846305226313
8.126117341134406e-05,0.08601859780371655
8.126117341134406e-05,0.08606366517944326
8.126117341134406e-05,0.08613877747232113
8.126117341134406e-05,0.08616882238947227
8.126117341134406e-05,0.08627397959950125
8.126117341134406e-05,0.08631904697522796
8.126117341134406e-05,0.08633406943380353
8.126117341134406e-05,0.08636411435095467
8.126117341134406e-05,0.08637913680953024
8.126117341134406e-05,0.08640918172668138
8.126117341134406e-05,0.08654438385386153
8.126117341134406e-05,0.0866044736881638
8.126117341134406e-05,0.08663451860531494
8.126117341134406e-05,0.08666456352246608
8.126117341134406e-05,0.0867546982739195
8.126117341134406e-05,0.08678474319107066
8.126117341134406e-05,0.08691994531825079
8.126117341134406e-05,0.08694999023540192
8.126117341134406e-05,0.08710021482115764
8.126117341134406e-05,0.08713025973830878
8.126117341134406e-05,0.08716030465545992
8.126117341134406e-05,0.08719034957261106
8.126117341134406e-05,0.08749079874412247
0.00016252234682268812,0.08749079874412247
0.00016252234682268812,0.08755088857842475
0.00016252234682268812,0.0876260008713026
0.00016252234682268812,0.08777622545705831
0.00016252234682268812,0.08783631529136059
0.00016252234682268812,0.08801658479426742
0.00016252234682268812,0.08804662971141856
0.00016252234682268812,0.088136764462872
0.00016252234682268812,0.08816680938002314
0.00016252234682268812,0.08821187675574985
0.00016252234682268812,0.08845223609295898
0.00016252234682268812,0.08848228101011012
0.00016252234682268812,0.0885874382201391
0.00016252234682268812,0.08861748313729025
0.00016252234682268812,0.08867757297159252
0.00016252234682268812,0.08870761788874368
0.00016252234682268812,0.08897802214310394
0.00016252234682268812,0.08902308951883066
0.00016252234682268812,0.0892033590217375
0.00016252234682268812,0.0892484263974642
0.00016252234682268812,0.08927847131461535
0.00016252234682268812,0.08932353869034206
0.00016252234682268812,0.08936860606606878
0.00016252234682268812,0.08942869590037106
0.00016252234682268812,0.0894587408175222
0.00016252234682268812,0.08948878573467334
0.00016252234682268812,0.08956389802755119
0.00016252234682268812,0.0897141226133069
0.00016252234682268812,0.08974416753045804
0.00016252234682268812,0.09004461670196945
0.00016252234682268812,0.09007466161912059
0.00016252234682268812,0.09023990866345186
0.00016252234682268812,0.090269953580603
0.00016252234682268812,0.09033004341490529
0.00016252234682268812,0.09036008833205643
0.00016252234682268812,0.09039013324920757
0.00016252234682268812,0.09042017816635871
0.00016252234682268812,0.09045022308350985
0.00016252234682268812,0.09048026800066099
0.00016252234682268812,0.09054035783496327
0.00016252234682268812,0.0905704027521144
0.00016252234682268812,0.09073564979644569
0.00016252234682268812,0.09076569471359683
0.00016252234682268812,0.09084080700647468
0.00016252234682268812,0.09087085192362582
0.00016252234682268812,0.0909309417579281
0.00016252234682268812,0.09105112142653267
0.00016252234682268812,0.09108116634368381
0.00016252234682268812,0.09130650322231737
0.00016252234682268812,0.09133654813946851
0.00016252234682268812,0.09135157059804408
0.00016252234682268812,0.09139663797377079
0.00016252234682268812,0.09172713206243334
0.00016252234682268812,0.09175717697958448
0.00016252234682268812,0.09186233418961347
0.00016252234682268812,0.09189237910676461
0.00016252234682268812,0.09192242402391576
0.00016252234682268812,0.09196749139964247
0.00016252234682268812,0.09225291811257831
0.00016252234682268812,0.09229798548830502
0.00016252234682268812,0.09258341220124086
0.00016252234682268812,0.09264350203554314
0.00016252234682268812,0.09267354695269428
0.00016252234682268812,0.09274865924557213
0.00016252234682268812,0.0927636817041477
0.00016252234682268812,0.09279372662129884
0.00016252234682268812,0.09285381645560112
0.00016252234682268812,0.09288386137275226
0.00016252234682268812,0.09295897366563012
0.00016252234682268812,0.09298901858278126
0.00016252234682268812,0.09304910841708354
0.00016252234682268812,0.09309417579281025
0.00016252234682268812,0.09321435546141482
0.00016252234682268812,0.09324440037856596
0.00016252234682268812,0.09325942283714153
0.00016252234682268812,0.09328946775429267
0.00016252234682268812,0.09330449021286824
0.00016252234682268812,0.09334955758859495
0.00016252234682268812,0.09361996184295522
0.00016252234682268812,0.09365000676010636
0.00016252234682268812,0.0938302762630132
0.00016252234682268812,0.09386032118016435
0.00016252234682268812,0.09411570297594904
0.00016252234682268812,0.09414574789310018
0.00016252234682268812,0.09429597247885589
0.00016252234682268812,0.09432601739600703
0.00016252234682268812,0.09467153394324515
0.00016252234682268812,0.09471660131897186
0.00016252234682268812,0.09497198311475656
0.00016252234682268812,0.0950020280319077
0.00016252234682268812,0.09501705049048327
0.00016252234682268812,0.09504709540763441
0.00016252234682268812,0.09524238736911683
0.00016252234682268812,0.09527243228626797
0.00016252234682268812,0.0955127916234771
0.00016252234682268812,0.09555785899920381
0.00016252234682268812,0.0960686225907732
0.00016252234682268812,0.09609866750792434
0.00016252234682268812,0.09621884717652891
0.00016252234682268812,0.09624889209368005
0.00016252234682268812,0.09633902684513347
0.00016252234682268812,0.09636907176228461
0.00016252234682268812,0.09692490272958072
0.00016252234682268812,0.09695494764673186
0.00016252234682268812,0.09707512731533643
0.00016252234682268812,0.09712019469106314
0.00016252234682268812,0.09730046419396998
0.00016252234682268812,0.09733050911112112
0.00016252234682268812,0.0973905989454234
0.00016252234682268812,0.0974506887797257
0.00016252234682268812,0.09758589090690582
0.00016252234682268812,0.09761593582405696
0.00016252234682268812,0.09766100319978367
0.00016252234682268812,0.09769104811693481
0.00016252234682268812,0.0977511379512371
0.00016252234682268812,0.09805158712274852
0.00016252234682268812,0.09812669941562636
0.00016252234682268812,0.09820181170850421
0.00016252234682268812,0.09823185662565535
0.00016252234682268812,0.09827692400138206
0.00016252234682268812,0.09833701383568434
0.00016252234682268812,0.09848723842144005
0.00016252234682268812,0.0985172833385912
0.00016252234682268812,0.09862244054862018
0.00016252234682268812,0.09865248546577132
0.00016252234682268812,0.09866750792434689
0.00016252234682268812,0.09869755284149805
0.00016252234682268812,0.0990731143058873
0.00016252234682268812,0.09911818168161401
0.00016252234682268812,0.0991782715159163
0.00016252234682268812,0.09920831643306743
0.00016252234682268812,0.09926840626736971
0.00016252234682268812,0.09937356347739872
0.00016252234682268812,0.09940360839454986
0.00016252234682268812,0.09944867577027657
0.00016252234682268812,0.09949374314600327
0.00016252234682268812,0.09953881052172998
0.00016252234682268812,0.09959890035603226
0.00016252234682268812,0.09964396773175897
0.00016252234682268812,0.09967401264891013
0.00016252234682268812,0.09982423723466582
0.00016252234682268812,0.09986930461039253
0.00016252234682268812,0.10004957411329939
0.00016252234682268812,0.1000946414890261
0.00016252234682268812,0.10027491099193293
0.00016252234682268812,0.10030495590908409
0.00016252234682268812,0.10051527032914206
0.00016252234682268812,0.10056033770486877
0.00016252234682268812,0.10084576441780461
0.00016252234682268812,0.10089083179353132
0.00016252234682268812,0.1012063034236183
0.00016252234682268812,0.10123634834076944
0.00016252234682268812,0.10161190980515872
0.00016252234682268812,0.10165697718088543
0.00016252234682268812,0.10170204455661214
0.00016252234682268812,0.10176213439091442
0.00016252234682268812,0.1018222242252167
0.00016252234682268812,0.10185226914236784
0.00016252234682268812,0.10189733651809454
0.00016252234682268812,0.1019273814352457
0.00016252234682268812,0.10254330223684407
0.00016252234682268812,0.10257334715399523
0.00016252234682268812,0.10266348190544865
0.00016252234682268812,0.10270854928117536
0.00016252234682268812,0.10285877386693106
0.00016252234682268812,0.10291886370123335
0.00016252234682268812,0.10297895353553563
0.00016252234682268812,0.10302402091126234
0.00016252234682268812,0.10323433533132033
0.00016252234682268812,0.10326438024847147
0.00016252234682268812,0.10342962729280274
0.00016252234682268812,0.10347469466852945
0.00016252234682268812,0.10351976204425617
0.00016252234682268812,0.10359487433713402
0.00016252234682268812,0.10371505400573858
0.00016252234682268812,0.10374509892288972
0.00016252234682268812,0.103805188757192
0.00016252234682268812,0.10383523367434315
0.00016252234682268812,0.10392536842579657
0.00016252234682268812,0.10395541334294771
0.00016252234682268812,0.10400048071867442
0.00016252234682268812,0.10409061547012784
0.00016252234682268812,0.10412066038727898
0.00016252234682268812,0.10422581759730798
0.00016252234682268812,0.10427088497303469
0.00016252234682268812,0.10454128922739496
0.00016252234682268812,0.1045713341445461
0.00016252234682268812,0.10464644643742395
0.00016252234682268812,0.10467649135457509
0.00016252234682268812,0.10476662610602851
0.00016252234682268812,0.10479667102317965
0.00016252234682268812,0.10487178331605751
0.00016252234682268812,0.10490182823320865
0.00016252234682268812,0.10505205281896435
0.00016252234682268812,0.10508209773611549
0.00016252234682268812,0.10545765920050476
0.00016252234682268812,0.10550272657623147
0.00016252234682268812,0.10562290624483603
0.00016252234682268812,0.10566797362056274
0.00016252234682268812,0.10577313083059174
0.00016252234682268812,0.10581819820631845
0.00016252234682268812,0.10592335541634744
0.00016252234682268812,0.10595340033349858
0.00016252234682268812,0.10608860246067872
0.00016252234682268812,0.10613366983640543
0.00016252234682268812,0.10622380458785885
0.00016252234682268812,0.10625384950500999
0.00016252234682268812,0.10638905163219012
0.00016252234682268812,0.10641909654934127
0.00016252234682268812,0.10647918638364355
0.00016252234682268812,0.10650923130079469
0.00016252234682268812,0.10676461309657939
0.00016252234682268812,0.10682470293088167
0.00016252234682268812,0.10709510718524194
0.00016252234682268812,0.10712515210239308
0.00016252234682268812,0.10726035422957321
0.00016252234682268812,0.10729039914672435
0.00016252234682268812,0.10733546652245106
0.00016252234682268812,0.1073655114396022
0.00016252234682268812,0.10739555635675335
0.00016252234682268812,0.10742560127390449
0.00016252234682268812,0.1078762750311716
0.00016252234682268812,0.10790631994832274
0.00016252234682268812,0.10798143224120059
0.00016252234682268812,0.10802649961692731
0.00016252234682268812,0.10805654453407845
0.00016252234682268812,0.10816170174410744
0.00016252234682268812,0.10819174666125858
0.00016252234682268812,0.10831192632986314
0.00016252234682268812,0.10835699370558986
0.00016252234682268812,0.10873255516997912
0.00016252234682268812,0.10877762254570583
0.00016252234682268812,0.10922829630297294
0.00016252234682268812,0.10925834122012408
0.00016252234682268812,0.10961888022593777
0.00016252234682268812,0.10964892514308892
0.00016252234682268812,0.10973905989454234
0.00016252234682268812,0.10976910481169348
0.00016252234682268812,0.10990430693887361
0.00016252234682268812,0.10993435185602475
0.00016252234682268812,0.11003950906605375
0.00016252234682268812,0.11012964381750717
0.00016252234682268812,0.11033995823756516
0.00016252234682268812,0.1103700031547163
0.00016252234682268812,0.11046013790616972
0.00016252234682268812,0.11049018282332086
0.00016252234682268812,0.11050520528189643
0.00016252234682268812,0.11053525019904757
0.00016252234682268812,0.110625384950501
0.00016252234682268812,0.11068547478480328
0.00016252234682268812,0.11113614854207039
0.00016252234682268812,0.11122628329352381
0.00016252234682268812,0.11131641804497724
0.00016252234682268812,0.1113915303378551
0.00016252234682268812,0.11145162017215737
0.00016252234682268812,0.11148166508930851
0.00016252234682268812,0.11152673246503522
0.00016252234682268812,0.11157179984076195
0.00016252234682268812,0.1119022939294245
0.00016252234682268812,0.11196238376372677
0.00016252234682268812,0.11203749605660462
0.00016252234682268812,0.11206754097375576
0.00016252234682268812,0.11241305752099388
0.00016252234682268812,0.11244310243814502
0.00016252234682268812,0.11262337194105188
0.00016252234682268812,0.11265341685820301
0.00016252234682268812,0.1127135066925053
0.00016252234682268812,0.11274355160965643
0.00016252234682268812,0.11277359652680757
0.00016252234682268812,0.11280364144395871
0.00016252234682268812,0.11281866390253428
0.00016252234682268812,0.112863731278261
0.00016252234682268812,0.11287875373683658
0.00016252234682268812,0.11290879865398772
0.00016252234682268812,0.11295386602971443
0.00016252234682268812,0.11298391094686557
0.00016252234682268812,0.11304400078116784
0.00016252234682268812,0.11307404569831898
0.00016252234682268812,0.11310409061547012
0.00016252234682268812,0.11313413553262126
0.00016252234682268812,0.11320924782549913
0.00016252234682268812,0.11323929274265027
0.00016252234682268812,0.11358480928988839
0.00016252234682268812,0.11361485420703953
0.00016252234682268812,0.1138852584613998
0.00016252234682268812,0.11391530337855094
0.00016252234682268812,0.1139303258371265
0.00016252234682268812,0.11399041567142879
0.00016252234682268812,0.11430588730151577
0.00016252234682268812,0.1143359322186669
0.00016252234682268812,0.11441104451154475
0.00016252234682268812,0.1144410894286959
0.00016252234682268812,0.11489176318596302
0.00016252234682268812,0.11493683056168973
0.00016252234682268812,0.114996920395992
0.00016252234682268812,0.11502696531314315
0.00016252234682268812,0.11507203268886985
0.00016252234682268812,0.11510207760602101
0.00016252234682268812,0.11514714498174772
0.00016252234682268812,0.11517718989889886
0.00016252234682268812,0.11522225727462557
0.00016252234682268812,0.11534243694323013
0.00016252234682268812,0.11537248186038127
0.00016252234682268812,0.11543257169468356
0.00016252234682268812,0.1154626166118347
0.00016252234682268812,0.11556777382186369
0.00016252234682268812,0.11564288611474154
0.00016252234682268812,0.11582315561764839
0.00016252234682268812,0.11585320053479953
0.00016252234682268812,0.1158682229933751
0.00016252234682268812,0.1159132903691018
0.00016252234682268812,0.1163188967506422
0.00016252234682268812,0.11634894166779335
0.00016252234682268812,0.11642405396067121
0.00016252234682268812,0.11646912133639792
0.00016252234682268812,0.1165292111707002
0.00016252234682268812,0.11684468280078718
0.00016252234682268812,0.11687472771793832
0.00016252234682268812,0.1169798849279673
0.00016252234682268812,0.11700992984511845
0.00016252234682268812,0.1170399747622696
0.00016252234682268812,0.11707001967942074
0.00016252234682268812,0.11708504213799631
0.00016252234682268812,0.11711508705514745
0.00016252234682268812,0.1171901993480253
0.00016252234682268812,0.11722024426517644
0.00016252234682268812,0.11756576081241456
0.00016252234682268812,0.11761082818814127
0.00016252234682268812,0.11767091802244355
0.00016252234682268812,0.1177009629395947
0.00016252234682268812,0.11776105277389698
0.00016252234682268812,0.11779109769104812
0.00016252234682268812,0.1181065693211351
0.00016252234682268812,0.11813661423828624
0.00016252234682268812,0.11822674898973966
0.00016252234682268812,0.1182567939068908
0.00016252234682268812,0.11830186128261751
0.00016252234682268812,0.11833190619976866
0.00016252234682268812,0.1183619511169198
0.00016252234682268812,0.11840701849264651
0.00016252234682268812,0.11869244520558235
0.00016252234682268812,0.11873751258130906
0.00016252234682268812,0.11885769224991362
0.00016252234682268812,0.11888773716706476
0.00016252234682268812,0.11923325371430288
0.00016252234682268812,0.11926329863145402
0.00016252234682268812,0.11927832109002959
0.00016252234682268812,0.11930836600718074
0.00016252234682268812,0.11960881517869215
0.00016252234682268812,0.11965388255441886
0.00016252234682268812,0.11968392747157
0.00016252234682268812,0.11974401730587228
0.00016252234682268812,0.11978908468159899
0.00016252234682268812,0.11986419697447684
0.00016252234682268812,0.11989424189162798
0.00016252234682268812,0.11995433172593027
0.00016252234682268812,0.11999939910165698
0.00016252234682268812,0.12004446647738369
0.00016252234682268812,0.12007451139453483
0.00016252234682268812,0.12010455631168597
0.00016252234682268812,0.12013460122883711
0.00016252234682268812,0.12042002794177295
0.00016252234682268812,0.12046509531749966
0.00016252234682268812,0.12051016269322637
0.00016252234682268812,0.12054020761037751
0.00016252234682268812,0.1206002974446798
0.00016252234682268812,0.12063034236183094
0.00016252234682268812,0.12090074661619121
0.00016252234682268812,0.12094581399191792
0.00016252234682268812,0.12133639791488275
0.00016252234682268812,0.12136644283203389
0.00016252234682268812,0.12139648774918503
0.00016252234682268812,0.12142653266633617
0.00016252234682268812,0.12145657758348731
0.00016252234682268812,0.12148662250063845
0.00016252234682268812,0.1216668920035453
0.00016252234682268812,0.12172698183784758
0.00016252234682268812,0.12175702675499872
0.00016252234682268812,0.12178707167214986
0.00016252234682268812,0.12184716150645214
0.00016252234682268812,0.1218772064236033
0.00016252234682268812,0.12202743100935899
0.00016252234682268812,0.1220724983850857
0.00016252234682268812,0.12235792509802154
0.00016252234682268812,0.12238797001517268
0.00016252234682268812,0.12244805984947496
0.00016252234682268812,0.1224781047666261
0.00016252234682268812,0.12249312722520167
0.00016252234682268812,0.12252317214235282
0.00016252234682268812,0.12264335181095738
0.00016252234682268812,0.12267339672810852
0.00016252234682268812,0.1228386437724398
0.00016252234682268812,0.12286868868959094
0.00016252234682268812,0.12289873360674208
0.00016252234682268812,0.12292877852389322
0.00016252234682268812,0.12295882344104436
0.00016252234682268812,0.12300389081677107
0.00016252234682268812,0.12306398065107335
0.00016252234682268812,0.12312407048537563
0.00016252234682268812,0.12315411540252678
0.00016252234682268812,0.12318416031967792
0.00016252234682268812,0.12321420523682906
0.00016252234682268812,0.1232442501539802
0.00016252234682268812,0.12348460949118933
0.00016252234682268812,0.12351465440834047
0.00016252234682268812,0.12355972178406718
0.00016252234682268812,0.12358976670121832
0.00016252234682268812,0.12363483407694503
0.00016252234682268812,0.12387519341415416
0.00016252234682268812,0.1239052383313053
0.00016252234682268812,0.12399537308275872
0.00016252234682268812,0.12402541799990986
0.00016252234682268812,0.12413057520993886
0.00016252234682268812,0.12422070996139228
0.00016252234682268812,0.12428079979569456
0.00016252234682268812,0.12434088962999684
0.00016252234682268812,0.12444604684002585
0.00016252234682268812,0.12447609175717698
0.00016252234682268812,0.12450613667432812
0.00016252234682268812,0.12453618159147926
0.00016252234682268812,0.12455120405005483
0.00016252234682268812,0.12458124896720597
0.00016252234682268812,0.12468640617723496
0.00016252234682268812,0.1247164510943861
0.00016252234682268812,0.12489672059729295
0.00016252234682268812,0.12495681043159523
0.00016252234682268812,0.1251671248516532
0.00016252234682268812,0.12519716976880435
0.00016252234682268812,0.12539246173028679
0.00016252234682268812,0.12542250664743793
0.00016252234682268812,0.1254375291060135
0.00016252234682268812,0.12546757402316464
0.00016252234682268812,0.12570793336037375
0.00016252234682268812,0.1257379782775249
0.00016252234682268812,0.1259032253218562
0.00016252234682268812,0.12593327023900733
0.00016252234682268812,0.12615860711764088
0.00016252234682268812,0.12618865203479201
0.00016252234682268812,0.1262487418690943
0.00016252234682268812,0.12627878678624543
0.00016252234682268812,0.12632385416197214
0.00016252234682268812,0.12635389907912328
0.00016252234682268812,0.12642901137200113
0.00016252234682268812,0.12645905628915227
0.00016252234682268812,0.12651914612345455
0.00016252234682268812,0.12654919104060572
0.00016252234682268812,0.12668439316778585
0.00016252234682268812,0.126714438084937
0.00016252234682268812,0.12683461775354155
0.00016252234682268812,0.12686466267069268
0.00016252234682268812,0.12702990971502395
0.00016252234682268812,0.1270599546321751
0.00016252234682268812,0.12724022413508196
0.00016252234682268812,0.1272702690522331
0.00016252234682268812,0.12734538134511095
0.00016252234682268812,0.1273754262622621
0.00016252234682268812,0.12743551609656437
0.00016252234682268812,0.12748058347229108
0.00016252234682268812,0.12758574068232006
0.00016252234682268812,0.12763080805804677
0.00016252234682268812,0.12779605510237804
0.00016252234682268812,0.12787116739525592
0.00016252234682268812,0.1278861898538315
0.00016252234682268812,0.1279312572295582
0.00016252234682268812,0.1281265491910406
0.00016252234682268812,0.12815659410819175
0.00016252234682268812,0.12829179623537187
0.00016252234682268812,0.12832184115252301
0.00016252234682268812,0.128426998362552
0.00016252234682268812,0.12845704327970314
0.00016252234682268812,0.12853215557258102
0.00016252234682268812,0.12857722294830773
0.00016252234682268812,0.12866735769976115
0.00016252234682268812,0.1286974026169123
0.00016252234682268812,0.12872744753406343
0.00016252234682268812,0.12877251490979014
0.00016252234682268812,0.12895278441269697
0.00016252234682268812,0.12898282932984811
0.00016252234682268812,0.12902789670557482
0.00016252234682268812,0.12911803145702827
0.00016252234682268812,0.12919314374990612
0.00016252234682268812,0.12922318866705726
0.00016252234682268812,0.1292532335842084
0.00016252234682268812,0.12928327850135954
0.00016252234682268812,0.1294034581699641
0.00016252234682268812,0.12943350308711524
0.00016252234682268812,0.12946354800426638
0.00016252234682268812,0.1295086153799931
0.00016252234682268812,0.1301095137230159
0.00016252234682268812,0.13013955864016705
0.00016252234682268812,0.1302146709330449
0.00016252234682268812,0.1302597383087716
0.00016252234682268812,0.13031982814307388
0.00016252234682268812,0.1306202773145853
0.00016252234682268812,0.13065032223173645
0.00016252234682268812,0.13095077140324785
0.00016252234682268812,0.13101086123755012
0.00016252234682268812,0.1310409061547013
0.00016252234682268812,0.13117610828188142
0.00016252234682268812,0.13122117565760813
0.00016252234682268812,0.13125122057475927
0.00016252234682268812,0.1312812654919104
0.00016252234682268812,0.13131131040906155
0.00016252234682268812,0.1314314900776661
0.00016252234682268812,0.13146153499481725
0.00016252234682268812,0.13150660237054396
0.00016252234682268812,0.13155166974627067
0.00016252234682268812,0.13176198416632867
0.00016252234682268812,0.1317920290834798
0.00016252234682268812,0.1318521189177821
0.00016252234682268812,0.13188216383493323
0.00016252234682268812,0.13216759054786906
0.00016252234682268812,0.1321976354650202
0.00016252234682268812,0.13272342151516517
0.00016252234682268812,0.1327534664323163
0.00016252234682268812,0.13284360118376973
0.00016252234682268812,0.13287364610092087
0.00016252234682268812,0.13288866855949644
0.00016252234682268812,0.13293373593522315
0.00016252234682268812,0.13315907281385672
0.00016252234682268812,0.13320414018958343
0.00016252234682268812,0.1334745444439437
0.00016252234682268812,0.13350458936109483
0.00016252234682268812,0.13354965673682154
0.00016252234682268812,0.13360974657112382
0.00016252234682268812,0.13362476902969941
0.00016252234682268812,0.13365481394685055
0.00016252234682268812,0.13366983640542612
0.00016252234682268812,0.13369988132257726
0.00016252234682268812,0.13382006099118182
0.00016252234682268812,0.13385010590833296
0.00016252234682268812,0.13410548770411765
0.00016252234682268812,0.1341355326212688
0.00016252234682268812,0.13424068983129778
0.00016252234682268812,0.13427073474844894
0.00016252234682268812,0.13433082458275122
0.00016252234682268812,0.13436086949990236
0.00016252234682268812,0.1344359817927802
0.00016252234682268812,0.13446602670993135
0.00016252234682268812,0.13451109408565806
0.00016252234682268812,0.1345411390028092
0.00016252234682268812,0.1346913635885649
0.00016252234682268812,0.13472140850571604
0.00016252234682268812,0.13475145342286718
0.00016252234682268812,0.1347965207985939
0.00016252234682268812,0.13485661063289617
0.00016252234682268812,0.13497679030150075
0.00016252234682268812,0.1350068352186519
0.00016252234682268812,0.13559271110309914
0.00016252234682268812,0.13562275602025028
0.00016252234682268812,0.13574293568885484
0.00016252234682268812,0.13577298060600598
0.00016252234682268812,0.13584809289888383
0.00016252234682268812,0.1359081827331861
0.00016252234682268812,0.13643396878333108
0.00016252234682268812,0.13646401370048222
0.00016252234682268812,0.1365691709105112
0.00016252234682268812,0.13659921582766235
0.00016252234682268812,0.13665930566196463
0.00016252234682268812,0.13668935057911577
0.00016252234682268812,0.1368245527062959
0.00016252234682268812,0.13686962008202264
0.00016252234682268812,0.13753060825934774
0.00016252234682268812,0.13756065317649888
0.00016252234682268812,0.1376507879279523
0.00016252234682268812,0.13768083284510343
0.00016252234682268812,0.13774092267940571
0.00016252234682268812,0.13777096759655685
0.00016252234682268812,0.137801012513708
0.00016252234682268812,0.13783105743085913
0.00016252234682268812,0.1378460798894347
0.00016252234682268812,0.13787612480658584
0.00016252234682268812,0.13790616972373698
0.00016252234682268812,0.13793621464088812
0.00016252234682268812,0.13826670872955069
0.00016252234682268812,0.1383117761052774
0.00016252234682268812,0.13879249477969566
0.00016252234682268812,0.13883756215542237
0.00016252234682268812,0.13885258461399794
0.00016252234682268812,0.13888262953114908
0.00016252234682268812,0.13906289903405591
0.00016252234682268812,0.13909294395120705
0.00016252234682268812,0.13915303378550933
0.00016252234682268812,0.13918307870266047
0.00016252234682268812,0.13934832574699174
0.00016252234682268812,0.13937837066414288
0.00016252234682268812,0.13939339312271845
0.00016252234682268812,0.13945348295702076
0.00016252234682268812,0.13970886475280545
0.00016252234682268812,0.13973890966995658
0.00016252234682268812,0.1398741117971367
0.00016252234682268812,0.13990415671428785
0.00016252234682268812,0.14005438130004358
0.00016252234682268812,0.1400994486757703
0.00016252234682268812,0.1403398080129794
0.00016252234682268812,0.14038487538870612
0.00016252234682268812,0.14041492030585725
0.00016252234682268812,0.1404449652230084
0.00016252234682268812,0.14062523472591523
0.00016252234682268812,0.14065527964306637
0.00016252234682268812,0.1408055042288221
0.00016252234682268812,0.14083554914597324
0.00016252234682268812,0.1411510207760602
0.00016252234682268812,0.14118106569321134
0.00016252234682268812,0.1413012453618159
0.00016252234682268812,0.1413613351961182
0.00016252234682268812,0.14152658224044948
0.00016252234682268812,0.14155662715760062
0.00016252234682268812,0.14170685174335632
0.00016252234682268812,0.1417669415776586
0.00016252234682268812,0.1420223233734433
0.00016252234682268812,0.14206739074917002
0.00016252234682268812,0.142172547959199
0.00016252234682268812,0.14220259287635015
0.00016252234682268812,0.14224766025207686
0.00016252234682268812,0.14230775008637914
0.00016252234682268812,0.14239788483783256
0.00016252234682268812,0.1424279297549837
0.00016252234682268812,0.14253308696501268
0.00016252234682268812,0.14256313188216382
0.00016252234682268812,0.1425781543407394
0.00016252234682268812,0.14260819925789053
0.00016252234682268812,0.1426833115507684
0.00016252234682268812,0.14271335646791955
0.00016252234682268812,0.14305887301515766
0.00016252234682268812,0.14310394039088437
0.00016252234682268812,0.1431339853080355
0.00016252234682268812,0.14322412005948892
0.00016252234682268812,0.14325416497664006
0.00016252234682268812,0.14332927726951794
0.00016252234682268812,0.14337434464524465
0.00016252234682268812,0.14338936710382022
0.00016252234682268812,0.14343443447954693
0.00016252234682268812,0.1437499061096339
0.00016252234682268812,0.14377995102678504
0.00016252234682268812,0.1441104451154476
0.00016252234682268812,0.14414049003259874
0.00016252234682268812,0.1441555124911743
0.00016252234682268812,0.14418555740832545
0.00016252234682268812,0.14420057986690102
0.00016252234682268812,0.14423062478405216
0.00016252234682268812,0.14427569215977887
0.00016252234682268812,0.14430573707693
0.00016252234682268812,0.1443658269112323
0.00016252234682268812,0.14439587182838343
0.00016252234682268812,0.14442591674553457
0.00016252234682268812,0.1444559616626857
0.00016252234682268812,0.14448600657983685
0.00016252234682268812,0.14454609641413912
0.00016252234682268812,0.1447714332927727
0.00016252234682268812,0.1448165006684994
0.00016252234682268812,0.14484654558565055
0.00016252234682268812,0.14486156804422612
0.00016252234682268812,0.14489161296137726
0.00016252234682268812,0.14498174771283068
0.00016252234682268812,0.14501179262998182
0.00016252234682268812,0.1450718824642841
0.00016252234682268812,0.14510192738143524
0.00016252234682268812,0.14519206213288866
0.00016252234682268812,0.14522210705003982
0.00016252234682268812,0.1452821968843421
0.00016252234682268812,0.14540237655294666
0.00016252234682268812,0.1455826460558535
0.00016252234682268812,0.14564273589015578
0.00016252234682268812,0.1457779380173359
0.00016252234682268812,0.14582300539306262
0.00016252234682268812,0.1459882524373939
0.00016252234682268812,0.14603331981312062
0.00016252234682268812,0.14606336473027176
0.00016252234682268812,0.1460934096474229
0.00016252234682268812,0.14615349948172518
0.00016252234682268812,0.14618354439887632
0.00016252234682268812,0.1461985668574519
0.00016252234682268812,0.1462436342331786
0.00016252234682268812,0.14640888127750987
0.00016252234682268812,0.146438926194661
0.00016252234682268812,0.1464990160289633
0.00016252234682268812,0.14654408340469002
0.00016252234682268812,0.14657412832184116
0.00016252234682268812,0.14684453257620142
0.00016252234682268812,0.14693466732765484
0.00016252234682268812,0.14702480207910826
0.00016252234682268812,0.14706986945483497
0.00016252234682268812,0.14719004912343955
0.00016252234682268812,0.1472200940405907
0.00016252234682268812,0.14723511649916626
0.00016252234682268812,0.1472651614163174
0.00016252234682268812,0.14735529616777082
0.00016252234682268812,0.14738534108492196
0.00016252234682268812,0.14750552075352652
0.00016252234682268812,0.14753556567067766
0.00016252234682268812,0.14764072288070665
0.00016252234682268812,0.1476707677978578
0.00016252234682268812,0.14800126188652035
0.00016252234682268812,0.1480763741793982
0.00016252234682268812,0.14824162122372947
0.00016252234682268812,0.14828668859945618
0.00016252234682268812,0.14839184580948517
0.00016252234682268812,0.14845193564378747
0.00016252234682268812,0.14849700301951418
0.00016252234682268812,0.14855709285381646
0.00016252234682268812,0.14870731743957216
0.00016252234682268812,0.1487373623567233
0.00016252234682268812,0.1489326543182057
0.00016252234682268812,0.14896269923535685
0.00016252234682268812,0.14948848528550182
0.00016252234682268812,0.14951853020265296
0.00016252234682268812,0.14953355266122853
0.00016252234682268812,0.14956359757837967
0.00016252234682268812,0.1497588895398621
0.00016252234682268812,0.14978893445701325
0.00016252234682268812,0.1504198777171872
0.00016252234682268812,0.15044992263433835
0.00016252234682268812,0.15047996755148949
0.00016252234682268812,0.15051001246864062
0.00016252234682268812,0.15060014722009404
0.00016252234682268812,0.15063019213724518
0.00016252234682268812,0.15079543918157645
0.00016252234682268812,0.15084050655730316
0.00016252234682268812,0.15111091081166345
0.00016252234682268812,0.15117100064596573
0.00016252234682268812,0.1514263824417504
0.00016252234682268812,0.15145642735890155
0.00016252234682268812,0.1514864722760527
0.00016252234682268812,0.15156158456893054
0.00016252234682268812,0.15190710111616867
0.00016252234682268812,0.15193714603331981
0.00016252234682268812,0.1521925278291045
0.00016252234682268812,0.15222257274625564
0.00016252234682268812,0.15241786470773808
0.00016252234682268812,0.15244790962488922
0.00016252234682268812,0.15264320158637162
0.00016252234682268812,0.15267324650352276
0.00016252234682268812,0.15279342617212732
0.00016252234682268812,0.15282347108927846
0.00016252234682268812,0.15292862829930745
0.00016252234682268812,0.1529736956750342
0.00016252234682268812,0.15307885288506318
0.00016252234682268812,0.15310889780221432
0.00016252234682268812,0.1531689876365166
0.00016252234682268812,0.15322907747081888
0.00016252234682268812,0.15328916730512115
0.00016252234682268812,0.15333423468084786
0.00016252234682268812,0.153364279597999
0.00016252234682268812,0.15345441434945242
0.00016252234682268812,0.15348445926660356
0.00016252234682268812,0.15360463893520815
0.00016252234682268812,0.1536346838523593
0.00016252234682268812,0.15366472876951043
0.00016252234682268812,0.15369477368666157
0.00016252234682268812,0.15379993089669056
0.00016252234682268812,0.1538299758138417
0.00016252234682268812,0.15399522285817296
0.00016252234682268812,0.15404029023389967
0.00016252234682268812,0.15420553727823094
0.00016252234682268812,0.15425060465395768
0.00016252234682268812,0.1543407394054111
0.00016252234682268812,0.15437078432256224
0.00016252234682268812,0.15452100890831794
0.00016252234682268812,0.15455105382546908
0.00016252234682268812,0.15465621103549806
0.00016252234682268812,0.15470127841122477
0.00016252234682268812,0.1548364805384049
0.00016252234682268812,0.1548965703727072
0.00016252234682268812,0.15492661528985835
0.00016252234682268812,0.1549566602070095
0.00016252234682268812,0.1551519521684919
0.00016252234682268812,0.15521204200279418
0.00016252234682268812,0.15549746871573
0.00016252234682268812,0.15552751363288117
0.00016252234682268812,0.15554253609145674
0.00016252234682268812,0.15558760346718345
0.00016252234682268812,0.1556627157600613
0.00016252234682268812,0.15572280559436358
0.00016252234682268812,0.15588805263869485
0.00016252234682268812,0.15594814247299713
0.00016252234682268812,0.15597818739014827
0.00016252234682268812,0.15618850181020627
0.00016252234682268812,0.15623356918593298
0.00016252234682268812,0.1565189958988688
0.00016252234682268812,0.15654904081601995
0.00016252234682268812,0.15656406327459552
0.00016252234682268812,0.15659410819174666
0.00016252234682268812,0.15674433277750235
0.00016252234682268812,0.1567743776946535
0.00016252234682268812,0.15678940015322906
0.00016252234682268812,0.15681944507038023
0.00016252234682268812,0.15692460228040922
0.00016252234682268812,0.15696966965613593
0.00016252234682268812,0.1569846921147115
0.00016252234682268812,0.15701473703186264
0.00016252234682268812,0.15705980440758935
0.00016252234682268812,0.1570898493247405
0.00016252234682268812,0.15727011882764733
0.00016252234682268812,0.1573302086619496
0.00016252234682268812,0.15761563537488546
0.00016252234682268812,0.1576456802920366
0.00016252234682268812,0.15793110700497243
0.00016252234682268812,0.1579911968392747
0.00016252234682268812,0.15814142142503043
0.00016252234682268812,0.15817146634218157
0.00016252234682268812,0.15827662355221056
0.00016252234682268812,0.15833671338651284
0.00016252234682268812,0.15844187059654183
0.00016252234682268812,0.15847191551369297
0.00016252234682268812,0.15862214009944867
0.00016252234682268812,0.1586521850165998
0.00016252234682268812,0.15871227485090209
0.00016252234682268812,0.15874231976805325
0.00016252234682268812,0.1591629486081692
0.00016252234682268812,0.1592230384424715
0.00016252234682268812,0.1595234876139829
0.00016252234682268812,0.15955353253113405
0.00016252234682268812,0.15968873465831418
0.00016252234682268812,0.15974882449261646
0.00016252234682268812,0.15986900416122102
0.00016252234682268812,0.15989904907837216
0.00016252234682268812,0.15997416137125
0.00016252234682268812,0.16000420628840115
0.00016252234682268812,0.16001922874697674
0.00016252234682268812,0.16004927366412788
0.00016252234682268812,0.160184475791308
0.00016252234682268812,0.16021452070845915
0.00016252234682268812,0.16027461054276143
0.00016252234682268812,0.16030465545991257
0.00016252234682268812,0.16036474529421485
0.00016252234682268812,0.160394790211366
0.00016252234682268812,0.16052999233854612
0.00016252234682268812,0.16056003725569726
0.00016252234682268812,0.16068021692430184
0.00024378352023403217,0.16068021692430184
0.00024378352023403217,0.16098066609581324
0.00024378352023403217,0.16101071101296438
0.00024378352023403217,0.16143133985308036
0.00024378352023403217,0.1614613847702315
0.00024378352023403217,0.16149142968738264
0.00024378352023403217,0.16155151952168492
0.00024378352023403217,0.16158156443883606
0.00024378352023403217,0.1616566767317139
0.00024378352023403217,0.16168672164886505
0.00024378352023403217,0.16177685640031847
0.00024378352023403217,0.1618069013174696
0.00024378352023403217,0.16183694623462075
0.00024378352023403217,0.16189703606892303
0.00024378352023403217,0.16204726065467875
0.00024378352023403217,0.16209232803040546
0.00024378352023403217,0.16219748524043445
0.00024378352023403217,0.1622275301575856
0.00024378352023403217,0.16233268736761458
0.00024378352023403217,0.16236273228476572
0.00024378352023403217,0.16279838358345727
0.00024378352023403217,0.16285847341775955
0.00024378352023403217,0.16294860816921297
0.00024378352023403217,0.16302372046209082
0.00024378352023403217,0.1636396412636892
0.00024378352023403217,0.16366968618084035
0.00024378352023403217,0.16368470863941592
0.00024378352023403217,0.16371475355656706
0.00024378352023403217,0.16400018026950292
0.00024378352023403217,0.16403022518665406
0.00024378352023403217,0.1640602701038052
0.00024378352023403217,0.16412035993810747
0.00024378352023403217,0.16422551714813646
0.00024378352023403217,0.1642555620652876
0.00024378352023403217,0.16443583156819444
0.00024378352023403217,0.16446587648534558
0.00024378352023403217,0.16470623582255473
0.00024378352023403217,0.16475130319828143
0.00024378352023403217,0.16532215662415312
0.00024378352023403217,0.16535220154130426
0.00024378352023403217,0.16545735875133324
0.00024378352023403217,0.16548740366848438
0.00024378352023403217,0.1655775384199378
0.00024378352023403217,0.16560758333708894
0.00024378352023403217,0.1656826956299668
0.00024378352023403217,0.16571274054711793
0.00024378352023403217,0.16613336938723391
0.00024378352023403217,0.1661934592215362
0.00024378352023403217,0.16629861643156518
0.00024378352023403217,0.1663436838072919
0.00024378352023403217,0.16637372872444303
0.00024378352023403217,0.16640377364159417
0.00024378352023403217,0.1664338185587453
0.00024378352023403217,0.1666591554373789
0.00024378352023403217,0.16668920035453003
0.00024378352023403217,0.16677933510598345
0.00024378352023403217,0.16680938002313458
0.00024378352023403217,0.167214986404675
0.00024378352023403217,0.16724503132182614
0.00024378352023403217,0.16729009869755285
0.00024378352023403217,0.167320143614704
0.00024378352023403217,0.16735018853185513
0.00024378352023403217,0.16738023344900627
0.00024378352023403217,0.16757552541048867
0.00024378352023403217,0.16762059278621538
0.00024378352023403217,0.16775579491339554
0.00024378352023403217,0.16778583983054668
0.00024378352023403217,0.16793606441630238
0.00024378352023403217,0.16796610933345352
0.00024378352023403217,0.16823651358781377
0.00024378352023403217,0.1682665585049649
0.00024378352023403217,0.16846185046644735
0.00024378352023403217,0.1684918953835985
0.00024378352023403217,0.16862709751077862
0.00024378352023403217,0.16865714242792976
0.00024378352023403217,0.16870220980365647
0.00024378352023403217,0.1687322547208076
0.00024378352023403217,0.16891252422371444
0.00024378352023403217,0.16897261405801672
0.00024378352023403217,0.16900265897516786
0.00024378352023403217,0.1690477263508946
0.00024378352023403217,0.16910781618519688
0.00024378352023403217,0.16916790601949916
0.00024378352023403217,0.16921297339522587
0.00024378352023403217,0.16928808568810372
0.00024378352023403217,0.16933315306383043
0.00024378352023403217,0.16936319798098157
0.00024378352023403217,0.16955848994246397
0.00024378352023403217,0.16958853485961511
0.00024378352023403217,0.16960355731819068
0.00024378352023403217,0.16963360223534182
0.00024378352023403217,0.1696486246939174
0.00024378352023403217,0.1697087145282197
0.00024378352023403217,0.16979884927967312
0.00024378352023403217,0.16982889419682426
0.00024378352023403217,0.16993405140685325
0.00024378352023403217,0.1699640963240044
0.00024378352023403217,0.17038472516412037
0.00024378352023403217,0.1704147700812715
0.00024378352023403217,0.17045983745699822
0.00024378352023403217,0.17048988237414936
0.00024378352023403217,0.1705649946670272
0.00024378352023403217,0.17064010695990506
0.00024378352023403217,0.1707753090870852
0.00024378352023403217,0.17080535400423633
0.00024378352023403217,0.17095557858999202
0.00024378352023403217,0.1709856235071432
0.00024378352023403217,0.17106073580002104
0.00024378352023403217,0.17109078071717218
0.00024378352023403217,0.17112082563432332
0.00024378352023403217,0.17115087055147446
0.00024378352023403217,0.1712259828443523
0.00024378352023403217,0.1712860726786546
0.00024378352023403217,0.17136118497153244
0.00024378352023403217,0.17139122988868358
0.00024378352023403217,0.17145131972298586
0.00024378352023403217,0.171481364640137
0.00024378352023403217,0.17170670151877057
0.00024378352023403217,0.1717367464359217
0.00024378352023403217,0.17202217314885754
0.00024378352023403217,0.17205221806600868
0.00024378352023403217,0.17241275707182238
0.00024378352023403217,0.1724578244475491
0.00024378352023403217,0.17248786936470023
0.00024378352023403217,0.17251791428185137
0.00024378352023403217,0.1725479591990025
0.00024378352023403217,0.1726080490333048
0.00024378352023403217,0.1727582736190605
0.00024378352023403217,0.1728033409947872
0.00024378352023403217,0.17287845328766505
0.00024378352023403217,0.1729084982048162
0.00024378352023403217,0.17304370033199634
0.00024378352023403217,0.17307374524914748
0.00024378352023403217,0.17314885754202533
0.00024378352023403217,0.17317890245917647
0.00024378352023403217,0.17322396983490318
0.00024378352023403217,0.17325401475205432
0.00024378352023403217,0.17344930671353673
0.00024378352023403217,0.17347935163068787
0.00024378352023403217,0.1735694863821413
0.00024378352023403217,0.1736295762164436
0.00024378352023403217,0.1736746435921703
0.00024378352023403217,0.17370468850932144
0.00024378352023403217,0.173719710967897
0.00024378352023403217,0.17374975588504815
0.00024378352023403217,0.17389998047080385
0.00024378352023403217,0.173930025387955
0.00024378352023403217,0.1739750927636817
0.00024378352023403217,0.1740802499737107
0.00024378352023403217,0.17411029489086183
0.00024378352023403217,0.17414033980801297
0.00024378352023403217,0.1741854071837397
0.00024378352023403217,0.1743806991452221
0.00024378352023403217,0.1744407889795244
0.00024378352023403217,0.1746360809410068
0.00024378352023403217,0.1746811483167335
0.00024378352023403217,0.1747412381510358
0.00032504469364537625,0.1747412381510358
0.00032504469364537625,0.17477128306818693
0.00032504469364537625,0.17481635044391364
0.00032504469364537625,0.17501164240539607
0.00032504469364537625,0.1750416873225472
0.00032504469364537625,0.17526702420118076
0.00032504469364537625,0.1752970691183319
0.00032504469364537625,0.17547733862123877
0.00032504469364537625,0.1755073835383899
0.00032504469364537625,0.17583787762705244
0.00032504469364537625,0.17589796746135472
0.00032504469364537625,0.175958057295657
0.00032504469364537625,0.17615334925713944
0.00032504469364537625,0.17618339417429058
0.00032504469364537625,0.17625850646716842
0.00032504469364537625,0.17628855138431956
0.00032504469364537625,0.1763185963014707
0.00032504469364537625,0.17634864121862184
0.00032504469364537625,0.1769795844787958
0.00032504469364537625,0.17703967431309808
0.00032504469364537625,0.17711478660597593
0.00032504469364537625,0.1771748764402782
0.00032504469364537625,0.1772349662745805
0.00032504469364537625,0.1772800336503072
0.00032504469364537625,0.17741523577748736
0.00032504469364537625,0.1774452806946385
0.00032504469364537625,0.1774903480703652
0.00032504469364537625,0.17753541544609192
0.00032504469364537625,0.17756546036324306
0.00032504469364537625,0.17765559511469647
0.00032504469364537625,0.17771568494899875
0.00032504469364537625,0.17785088707617888
0.00032504469364537625,0.17788093199333002
0.00032504469364537625,0.17813631378911474
0.00032504469364537625,0.17816635870626588
0.00032504469364537625,0.17837667312632385
0.00032504469364537625,0.178406718043475
0.00032504469364537625,0.1784968527949284
0.00032504469364537625,0.17852689771207955
0.00032504469364537625,0.1786020100049574
0.00032504469364537625,0.17863205492210854
0.00032504469364537625,0.17869214475641085
0.00032504469364537625,0.178722189673562
0.00032504469364537625,0.1789174816350444
0.00032504469364537625,0.17894752655219553
0.00032504469364537625,0.1791578409722535
0.00032504469364537625,0.17923295326513136
0.00032504469364537625,0.17929304309943364
0.00032504469364537625,0.17932308801658478
0.00032504469364537625,0.1798188291495786
0.00032504469364537625,0.17984887406672975
0.00032504469364537625,0.1799840761939099
0.00032504469364537625,0.18001412111106105
0.00032504469364537625,0.18017936815539232
0.00032504469364537625,0.18020941307254346
0.00032504469364537625,0.18026950290684574
0.00032504469364537625,0.18029954782399688
0.00032504469364537625,0.180855378791293
0.00032504469364537625,0.1809004461670197
0.00032504469364537625,0.18096053600132198
0.00032504469364537625,0.18100560337704868
0.00032504469364537625,0.1810506707527754
0.00032504469364537625,0.18108071566992653
0.00032504469364537625,0.18118587287995552
0.00032504469364537625,0.18121591779710666
0.00032504469364537625,0.18123094025568223
0.00032504469364537625,0.18129103008998454
0.00032504469364537625,0.18144125467574024
0.00032504469364537625,0.18147129959289138
0.00032504469364537625,0.18150134451004252
0.00032504469364537625,0.18153138942719366
0.00032504469364537625,0.18187690597443176
0.00032504469364537625,0.18190695089158293
0.00032504469364537625,0.18205717547733863
0.00032504469364537625,0.18208722039448977
0.00032504469364537625,0.18214731022879205
0.00032504469364537625,0.1821773551459432
0.00032504469364537625,0.18243273694172787
0.00032504469364537625,0.18246278185887901
0.00032504469364537625,0.18259798398605917
0.00032504469364537625,0.18264305136178588
0.00032504469364537625,0.1826881187375126
0.00032504469364537625,0.18271816365466373
0.00032504469364537625,0.18285336578184386
0.00032504469364537625,0.182883410698995
0.00032504469364537625,0.1829284780747217
0.00032504469364537625,0.18298856790902399
0.00032504469364537625,0.1835443988763201
0.00032504469364537625,0.1835894662520468
0.00032504469364537625,0.18387489296498266
0.00032504469364537625,0.18391996034070937
0.00032504469364537625,0.1841603196779185
0.00032504469364537625,0.18419036459506963
0.00032504469364537625,0.1843105442636742
0.00032504469364537625,0.1843556116394009
0.00032504469364537625,0.18468610572806346
0.00032504469364537625,0.1847161506452146
0.00032504469364537625,0.18479126293809245
0.00032504469364537625,0.18483633031381916
0.00032504469364537625,0.185016599816726
0.00032504469364537625,0.18504664473387714
0.00032504469364537625,0.18530202652966185
0.00032504469364537625,0.18534709390538856
0.00032504469364537625,0.18564754307689996
0.00032504469364537625,0.1856775879940511
0.00032504469364537625,0.1859329697898358
0.00032504469364537625,0.18597803716556252
0.00032504469364537625,0.18602310454128923
0.00032504469364537625,0.18605314945844037
0.00032504469364537625,0.18606817191701594
0.00032504469364537625,0.18609821683416708
0.00032504469364537625,0.18621839650277164
0.00032504469364537625,0.18626346387849835
0.00032504469364537625,0.18630853125422506
0.00032504469364537625,0.1863385761713762
0.00032504469364537625,0.18663902534288762
0.00032504469364537625,0.1866991151771899
0.00032504469364537625,0.18690942959724788
0.00032504469364537625,0.1869544969729746
0.00032504469364537625,0.18698454189012573
0.00032504469364537625,0.18701458680727687
0.00032504469364537625,0.18711974401730588
0.00032504469364537625,0.18717983385160816
0.00032504469364537625,0.18719485631018373
0.00032504469364537625,0.18722490122733487
0.00032504469364537625,0.18728499106163715
0.00032504469364537625,0.1873150359787883
0.00032504469364537625,0.18767557498460197
0.00032504469364537625,0.18770561990175313
0.00032504469364537625,0.18776570973605541
0.00032504469364537625,0.18785584448750883
0.00032504469364537625,0.1879760241561134
0.00032504469364537625,0.18803611399041567
0.00032504469364537625,0.18820136103474694
0.00032504469364537625,0.18824642841047365
0.00032504469364537625,0.1882764733276248
0.00032504469364537625,0.18830651824477593
0.00032504469364537625,0.1883215407033515
0.00032504469364537625,0.18835158562050267
0.00032504469364537625,0.18841167545480494
0.00032504469364537625,0.18844172037195608
0.00032504469364537625,0.18854687758198507
0.00032504469364537625,0.1885769224991362
0.00032504469364537625,0.18908768609070561
0.00032504469364537625,0.18911773100785675
0.00032504469364537625,0.18976369672660628
0.00032504469364537625,0.189808764102333
0.00032504469364537625,0.18986885393663527
0.00032504469364537625,0.1898988988537864
0.00032504469364537625,0.18992894377093755
0.00032504469364537625,0.18997401114666426
0.00032504469364537625,0.1901092132738444
0.00032504469364537625,0.1901542806495711
0.00032504469364537625,0.19021437048387338
0.00032504469364537625,0.19024441540102452
0.00032504469364537625,0.19027446031817566
0.00032504469364537625,0.19030450523532683
0.00032504469364537625,0.19034957261105354
0.00032504469364537625,0.1905598870311115
0.00032504469364537625,0.19058993194826265
0.00032504469364537625,0.1906199768654138
0.00032504469364537625,0.19065002178256493
0.00032504469364537625,0.19083029128547177
0.00032504469364537625,0.19089038111977405
0.00032504469364537625,0.19096549341265193
0.00032504469364537625,0.19101056078837864
0.00032504469364537625,0.19116078537413433
0.00032504469364537625,0.19119083029128547
0.00032504469364537625,0.1912809650427389
0.00032504469364537625,0.19135607733561674
0.00032504469364537625,0.19167154896570374
0.00032504469364537625,0.19170159388285488
0.00032504469364537625,0.19182177355145943
0.00032504469364537625,0.19185181846861057
0.00032504469364537625,0.19192693076148842
0.00032504469364537625,0.19195697567863956
0.00032504469364537625,0.19210720026439526
0.00032504469364537625,0.1921372451815464
0.00032504469364537625,0.19221235747442428
0.00032504469364537625,0.19224240239157542
0.00032504469364537625,0.19237760451875555
0.00032504469364537625,0.19240764943590669
0.00032504469364537625,0.19242267189448226
0.00032504469364537625,0.1924527168116334
0.00032504469364537625,0.19263298631454023
0.00032504469364537625,0.1926930761488425
0.00032504469364537625,0.19270809860741808
0.00032504469364537625,0.19273814352456922
0.00032504469364537625,0.1927531659831448
0.00032504469364537625,0.19281325581744707
0.00032504469364537625,0.1929634804032028
0.00032504469364537625,0.19299352532035394
0.00032504469364537625,0.1930085477789295
0.00032504469364537625,0.19303859269608065
0.00032504469364537625,0.19305361515465622
0.00032504469364537625,0.19308366007180736
0.00032504469364537625,0.19318881728183634
0.00032504469364537625,0.19323388465756305
0.00032504469364537625,0.19336908678474318
0.00032504469364537625,0.1934141541604699
0.00032504469364537625,0.19359442366337676
0.00032504469364537625,0.1936244685805279
0.00032504469364537625,0.19436056905073085
0.00032504469364537625,0.19442065888503313
0.00032504469364537625,0.1947361305151201
0.00032504469364537625,0.19476617543227123
0.00032504469364537625,0.19482626526657354
0.00032504469364537625,0.19485631018372468
0.00032504469364537625,0.1949013775594514
0.00032504469364537625,0.19493142247660253
0.00032504469364537625,0.19506662460378266
0.00032504469364537625,0.19511169197950937
0.00032504469364537625,0.19518680427238722
0.00032504469364537625,0.19521684918953836
0.00032504469364537625,0.19578770261541004
0.00032504469364537625,0.19586281490828789
0.00032504469364537625,0.1959078822840146
0.00032504469364537625,0.19593792720116573
0.00032504469364537625,0.19596797211831687
0.00032504469364537625,0.19599801703546801
0.00032504469364537625,0.1962233539141016
0.00032504469364537625,0.19629846620697944
0.00032504469364537625,0.196418645875584
0.00032504469364537625,0.19644869079273514
0.00032504469364537625,0.19650878062703742
0.00032504469364537625,0.19653882554418856
0.00032504469364537625,0.19664398275421754
0.00032504469364537625,0.19668905012994425
0.00032504469364537625,0.1968242522571244
0.00032504469364537625,0.19685429717427555
0.00032504469364537625,0.19738008322442052
0.00032504469364537625,0.19741012814157166
0.00032504469364537625,0.19762044256162964
0.00032504469364537625,0.19765048747878078
0.00032504469364537625,0.19780071206453648
0.00032504469364537625,0.19783075698168762
0.00032504469364537625,0.19811618369462347
0.00032504469364537625,0.1981462286117746
0.00032504469364537625,0.19861192482761728
0.00032504469364537625,0.19864196974476842
0.00032504469364537625,0.19868703712049515
0.00032504469364537625,0.1987170820376463
0.00032504469364537625,0.1988072167890997
0.00032504469364537625,0.19883726170625085
0.00032504469364537625,0.19885228416482642
0.00032504469364537625,0.19888232908197756
0.00032504469364537625,0.19913771087776225
0.00032504469364537625,0.1991677557949134
0.00032504469364537625,0.1994682049664248
0.00032504469364537625,0.19949824988357595
0.00032504469364537625,0.1996184295521805
0.00032504469364537625,0.1996785193864828
0.00032504469364537625,0.19979869905508735
0.00032504469364537625,0.1998287439722385
0.00032504469364537625,0.2003395075638079
0.00032504469364537625,0.2003845749395346
0.00032504469364537625,0.20044466477383688
0.00032504469364537625,0.2004897321495636
0.00032504469364537625,0.20050475460813916
0.00032504469364537625,0.2005347995252903
0.00032504469364537625,0.20056484444244144
0.00032504469364537625,0.20060991181816817
0.00032504469364537625,0.20062493427674374
0.00032504469364537625,0.20068502411104602
0.00032504469364537625,0.2007000465696216
0.00032504469364537625,0.20073009148677273
0.00032504469364537625,0.20082022623822615
0.00032504469364537625,0.2008502711553773
0.00032504469364537625,0.2009404059068307
0.00032504469364537625,0.20097045082398185
0.00032504469364537625,0.20116574278546426
0.00032504469364537625,0.2011957877026154
0.00032504469364537625,0.20146619195697568
0.00032504469364537625,0.20149623687412682
0.00032504469364537625,0.20188682079709167
0.00032504469364537625,0.20193188817281837
0.00032504469364537625,0.2020670902999985
0.00032504469364537625,0.2021121576757252
0.00032504469364537625,0.2022623822614809
0.00032504469364537625,0.20229242717863205
0.00032504469364537625,0.20239758438866104
0.00032504469364537625,0.20242762930581218
0.00032504469364537625,0.2024726966815389
0.00032504469364537625,0.20250274159869003
0.00032504469364537625,0.20254780897441677
0.00032504469364537625,0.20263794372587018
0.00032504469364537625,0.202923370438806
0.00032504469364537625,0.20295341535595715
0.00032504469364537625,0.2029834602731083
0.00032504469364537625,0.203028527648835
0.00032504469364537625,0.20305857256598614
0.00032504469364537625,0.20308861748313728
0.00032504469364537625,0.2035392912404044
0.00032504469364537625,0.2035843586161311
0.00032504469364537625,0.20376462811903795
0.00032504469364537625,0.2038096954947647
0.00032504469364537625,0.2038547628704914
0.00032504469364537625,0.20388480778764254
0.00032504469364537625,0.2038998302462181
0.00032504469364537625,0.20392987516336925
0.00032504469364537625,0.20397494253909595
0.00032504469364537625,0.20402000991482266
0.00032504469364537625,0.2040500548319738
0.00032504469364537625,0.2042002794177295
0.00032504469364537625,0.20423032433488064
0.00032504469364537625,0.2042453467934562
0.0004063058670567203,0.2042453467934562
0.0004063058670567203,0.20426036925203178
0.0004063058670567203,0.20429041416918292
0.0004063058670567203,0.20444063875493862
0.0004063058670567203,0.2044706836720898
0.0004063058670567203,0.20469602055072333
0.0004063058670567203,0.20472606546787447
0.0004063058670567203,0.2058827947781934
0.0004063058670567203,0.20591283969534455
0.0004063058670567203,0.20597292952964683
0.0004063058670567203,0.20600297444679797
0.0004063058670567203,0.2061381765739781
0.0004063058670567203,0.20616822149112923
0.0004063058670567203,0.20636351345261164
0.0004063058670567203,0.2063935583697628
0.0004063058670567203,0.20663391770697193
0.0004063058670567203,0.20667898508269864
0.0004063058670567203,0.2067991647513032
0.0004063058670567203,0.20682920966845433
0.0004063058670567203,0.2068892995027566
0.0004063058670567203,0.20691934441990775
0.0004063058670567203,0.20693436687848332
0.0004063058670567203,0.20696441179563446
0.0004063058670567203,0.20709961392281462
0.0004063058670567203,0.20714468129854133
0.0004063058670567203,0.2072648609671459
0.0004063058670567203,0.20729490588429703
0.0004063058670567203,0.20741508555290158
0.0004063058670567203,0.20744513047005272
0.0004063058670567203,0.20776060210013972
0.0004063058670567203,0.20779064701729086
0.0004063058670567203,0.207925849144471
0.0004063058670567203,0.20795589406162213
0.0004063058670567203,0.20842159027746482
0.0004063058670567203,0.20845163519461596
0.0004063058670567203,0.2085267474874938
0.0004063058670567203,0.20855679240464495
0.0004063058670567203,0.20860185978037166
0.0004063058670567203,0.2086319046975228
0.0004063058670567203,0.20885724157615634
0.0004063058670567203,0.20888728649330748
0.0004063058670567203,0.20890230895188305
0.0004063058670567203,0.2089323538690342
0.0004063058670567203,0.2089924437033365
0.0004063058670567203,0.20902248862048764
0.0004063058670567203,0.2092928928748479
0.0004063058670567203,0.20932293779199904
0.0004063058670567203,0.20941307254345246
0.0004063058670567203,0.20945813991917916
0.0004063058670567203,0.20957831958778372
0.0004063058670567203,0.20963840942208603
0.0004063058670567203,0.20974356663211502
0.0004063058670567203,0.20978863400784173
0.0004063058670567203,0.2099088136764463
0.0004063058670567203,0.20993885859359743
0.0004063058670567203,0.2101491730136554
0.0004063058670567203,0.21017921793080654
0.0004063058670567203,0.21025433022368442
0.0004063058670567203,0.21028437514083556
0.0004063058670567203,0.21044962218516683
0.0004063058670567203,0.21049468956089354
0.0004063058670567203,0.21052473447804468
0.0004063058670567203,0.21055477939519582
0.0004063058670567203,0.21067495906380038
0.0004063058670567203,0.21070500398095152
0.0004063058670567203,0.2109754082353118
0.0004063058670567203,0.21100545315246294
0.0004063058670567203,0.21114065527964307
0.0004063058670567203,0.21118572265536978
0.0004063058670567203,0.21120074511394535
0.0004063058670567203,0.21124581248967206
0.0004063058670567203,0.21175657608124146
0.0004063058670567203,0.2117866209983926
0.0004063058670567203,0.21195186804272387
0.0004063058670567203,0.211981912959875
0.0004063058670567203,0.21205702525275286
0.0004063058670567203,0.212087070169904
0.0004063058670567203,0.212297384589962
0.0004063058670567203,0.21232742950711314
0.0004063058670567203,0.21235747442426428
0.0004063058670567203,0.21243258671714213
0.0004063058670567203,0.21276308080580467
0.0004063058670567203,0.21282317064010697
0.0004063058670567203,0.21292832785013596
0.0004063058670567203,0.2129583727672871
0.0004063058670567203,0.2130034401430138
0.0004063058670567203,0.21304850751874052
0.0004063058670567203,0.2130635299773161
0.0004063058670567203,0.21309357489446723
0.0004063058670567203,0.21333393423167635
0.0004063058670567203,0.2133639791488275
0.0004063058670567203,0.21339402406597863
0.0004063058670567203,0.21342406898312977
0.0004063058670567203,0.21354424865173435
0.0004063058670567203,0.21360433848603663
0.0004063058670567203,0.2137695855303679
0.0004063058670567203,0.2138146529060946
0.0004063058670567203,0.21416016945333274
0.0004063058670567203,0.21419021437048388
0.0004063058670567203,0.2142352817462106
0.0004063058670567203,0.21426532666336173
0.0004063058670567203,0.2146859555034777
0.0004063058670567203,0.21471600042062883
0.0004063058670567203,0.2147310228792044
0.0004063058670567203,0.21476106779635556
0.0004063058670567203,0.21488124746496012
0.0004063058670567203,0.21491129238211126
0.0004063058670567203,0.2151366292607448
0.0004063058670567203,0.21521174155362266
0.0004063058670567203,0.2152417864707738
0.0004063058670567203,0.2152868538465005
0.0004063058670567203,0.21531689876365165
0.0004063058670567203,0.2159027746480989
0.0004063058670567203,0.21596286448240118
0.0004063058670567203,0.21615815644388361
0.0004063058670567203,0.21620322381961032
0.0004063058670567203,0.2162182462781859
0.0004063058670567203,0.21624829119533703
0.0004063058670567203,0.21629335857106374
0.0004063058670567203,0.21632340348821488
0.0004063058670567203,0.21659380774257514
0.0004063058670567203,0.21662385265972628
0.0004063058670567203,0.21680412216263314
0.0004063058670567203,0.21683416707978428
0.0004063058670567203,0.21693932428981327
0.0004063058670567203,0.21699941412411555
0.0004063058670567203,0.21735995312992926
0.0004063058670567203,0.2173899980470804
0.0004063058670567203,0.2175402226328361
0.0004063058670567203,0.21757026754998723
0.0004063058670567203,0.21764537984286508
0.0004063058670567203,0.21767542476001622
0.0004063058670567203,0.21775053705289407
0.0004063058670567203,0.2177805819700452
0.0004063058670567203,0.21796085147295205
0.0004063058670567203,0.21799089639010322
0.0004063058670567203,0.21827632310303904
0.0004063058670567203,0.21832139047876575
0.0004063058670567203,0.2183514353959169
0.0004063058670567203,0.21838148031306803
0.0004063058670567203,0.21865188456742832
0.0004063058670567203,0.21868192948457946
0.0004063058670567203,0.21883215407033516
0.0004063058670567203,0.21887722144606186
0.0004063058670567203,0.2195231871648114
0.0004063058670567203,0.2195682545405381
0.0004063058670567203,0.21994381600492738
0.0004063058670567203,0.21997386092207852
0.0004063058670567203,0.22006399567353194
0.0004063058670567203,0.22009404059068308
0.0004063058670567203,0.22024426517643877
0.0004063058670567203,0.22027431009358991
0.0004063058670567203,0.22028933255216548
0.0004063058670567203,0.22031937746931662
0.0004063058670567203,0.22036444484504333
0.0004063058670567203,0.22039448976219447
0.0004063058670567203,0.22055973680652577
0.0004063058670567203,0.2205897817236769
0.0004063058670567203,0.2208902308951883
0.0004063058670567203,0.22092027581233944
0.0004063058670567203,0.22101041056379286
0.0004063058670567203,0.221040455480944
0.0004063058670567203,0.22168642119969353
0.0004063058670567203,0.2217465110339958
0.0004063058670567203,0.2218666907026004
0.0004063058670567203,0.2219117580783271
0.0004063058670567203,0.22204696020550724
0.0004063058670567203,0.22207700512265838
0.0004063058670567203,0.22228731954271636
0.0004063058670567203,0.2223173644598675
0.0004063058670567203,0.2224074992113209
0.0004063058670567203,0.22243754412847205
0.0004063058670567203,0.2226328360899545
0.0004063058670567203,0.22266288100710563
0.0004063058670567203,0.22285817296858804
0.0004063058670567203,0.22288821788573918
0.0004063058670567203,0.22291826280289032
0.0004063058670567203,0.22294830772004146
0.0004063058670567203,0.22303844247149487
0.0004063058670567203,0.22306848738864601
0.0004063058670567203,0.2232337344329773
0.0004063058670567203,0.2232938242672796
0.0004063058670567203,0.22345907131161086
0.0004063058670567203,0.223489116228762
0.0004063058670567203,0.2236844081902444
0.0004063058670567203,0.22371445310739554
0.0004063058670567203,0.22377454294169785
0.0004063058670567203,0.22381961031742456
0.0004063058670567203,0.22386467769315127
0.0004063058670567203,0.2238947226103024
0.0004063058670567203,0.2239548124446047
0.0004063058670567203,0.22398485736175583
0.0004063058670567203,0.22425526161611609
0.0004063058670567203,0.2243003289918428
0.0004063058670567203,0.2244054862018718
0.0004063058670567203,0.22443553111902295
0.0004063058670567203,0.22464584553908093
0.0004063058670567203,0.22467589045623207
0.0004063058670567203,0.22499136208631904
0.0004063058670567203,0.22502140700347018
0.0004063058670567203,0.2251265642134992
0.0004063058670567203,0.22518665404780147
0.0004063058670567203,0.2254270133850106
0.0004063058670567203,0.22545705830216173
0.0004063058670567203,0.225622305346493
0.0004063058670567203,0.22565235026364414
0.0004063058670567203,0.22581759730797543
0.0004063058670567203,0.22586266468370214
0.0004063058670567203,0.22592275451800442
0.0004063058670567203,0.2259828443523067
0.0004063058670567203,0.22616311385521354
0.0004063058670567203,0.22619315877236468
0.0004063058670567203,0.22658374269532952
0.0004063058670567203,0.22661378761248066
0.0004063058670567203,0.22698934907686993
0.0004063058670567203,0.22701939399402107
0.0004063058670567203,0.22706446136974778
0.0004063058670567203,0.22709450628689892
0.0004063058670567203,0.2272597533312302
0.0004063058670567203,0.22728979824838133
0.0004063058670567203,0.22733486562410804
0.0004063058670567203,0.22748509020986374
0.0004063058670567203,0.22751513512701488
0.0004063058670567203,0.22754518004416602
0.0004063058670567203,0.22757522496131716
0.0004063058670567203,0.2276052698784683
0.0004063058670567203,0.22763531479561946
0.0004063058670567203,0.22774047200564845
0.0004063058670567203,0.2277705169227996
0.0004063058670567203,0.22787567413282858
0.0004063058670567203,0.22790571904997972
0.0004063058670567203,0.2279207415085553
0.0004063058670567203,0.22795078642570643
0.0004063058670567203,0.22798083134285757
0.0004063058670567203,0.2280108762600087
0.0004063058670567203,0.22805594363573542
0.0004063058670567203,0.22808598855288656
0.0004063058670567203,0.22814607838718884
0.0004063058670567203,0.22817612330433998
0.0004063058670567203,0.22825123559721783
0.0004063058670567203,0.22829630297294456
0.0004063058670567203,0.22835639280724684
0.0004063058670567203,0.22850661739300254
0.0004063058670567203,0.22853666231015368
0.0004063058670567203,0.2285817296858804
0.0004063058670567203,0.22861177460303153
0.0004063058670567203,0.22912253819460093
0.0004063058670567203,0.22922769540462992
0.0004063058670567203,0.22966334670332147
0.0004063058670567203,0.22969339162047261
0.0004063058670567203,0.22997881833340844
0.0004063058670567203,0.23000886325055958
0.0004063058670567203,0.23020415521204202
0.0004063058670567203,0.23023420012919316
0.0004063058670567203,0.2302642450463443
0.0004063058670567203,0.23029428996349544
0.0004063058670567203,0.230309312422071
0.0004063058670567203,0.23033935733922214
0.0004063058670567203,0.23048958192497784
0.0004063058670567203,0.23054967175928012
0.0004063058670567203,0.2305646942178557
0.0004063058670567203,0.23062478405215797
0.0004063058670567203,0.2306548289693091
0.0004063058670567203,0.23068487388646025
0.0004063058670567203,0.23072994126218696
0.0004063058670567203,0.2307599861793381
0.0004063058670567203,0.23103039043369838
0.0004063058670567203,0.23106043535084952
0.0004063058670567203,0.23110550272657623
0.0004063058670567203,0.23115057010230294
0.0004063058670567203,0.23134586206378535
0.0004063058670567203,0.2313759069809365
0.0004063058670567203,0.23170640106959906
0.0004063058670567203,0.2317364459867502
0.0004063058670567203,0.2319317379482326
0.0004063058670567203,0.23196178286538374
0.0004063058670567203,0.232127029909715
0.0004063058670567203,0.23217209728544175
0.0004063058670567203,0.23265281595985998
0.0004063058670567203,0.23268286087701112
0.0004063058670567203,0.23272792825273783
0.0004063058670567203,0.23275797316988897
0.0004063058670567203,0.23299833250709812
0.0004063058670567203,0.23304339988282483
0.0004063058670567203,0.23334384905433622
0.0004063058670567203,0.23337389397148736
0.0004063058670567203,0.23358420839154537
0.0004063058670567203,0.23364429822584765
0.0004063058670567203,0.2339147024802079
0.0004063058670567203,0.23394474739735904
0.0004063058670567203,0.23420012919314376
0.0004063058670567203,0.2342752414860216
0.0004063058670567203,0.23439542115462617
0.0004063058670567203,0.23445551098892844
0.0004063058670567203,0.2345306232818063
0.0004063058670567203,0.23456066819895743
0.0004063058670567203,0.23471089278471316
0.0004063058670567203,0.234786005077591
0.0004063058670567203,0.23483107245331772
0.0004063058670567203,0.23486111737046886
0.0004063058670567203,0.23490618474619557
0.0004063058670567203,0.2349362296633467
0.0004063058670567203,0.234996319497649
0.0004063058670567203,0.23502636441480013
0.0004063058670567203,0.23516156654198025
0.0004063058670567203,0.2351916114591314
0.0004063058670567203,0.23522165637628253
0.0004063058670567203,0.2352817462105848
0.0004063058670567203,0.23573241996785194
0.0004063058670567203,0.23576246488500308
0.0004063058670567203,0.2359427343879099
0.0004063058670567203,0.23597277930506105
0.0004063058670567203,0.23633331831087476
0.0004063058670567203,0.2363633632280259
0.0004063058670567203,0.23669385731668846
0.0004063058670567203,0.2367239022338396
0.0004063058670567203,0.23690417173674644
0.0004063058670567203,0.23693421665389758
0.0004063058670567203,0.23726471074256011
0.0004063058670567203,0.23732480057686242
0.0004063058670567203,0.23744498024546698
0.0004063058670567203,0.2374900476211937
0.0004063058670567203,0.23791067646130964
0.0004063058670567203,0.2379407213784608
0.0004063058670567203,0.23795574383703638
0.0004063058670567203,0.2380008112127631
0.0004063058670567203,0.23816605825709436
0.0004063058670567203,0.2381961031742455
0.0004063058670567203,0.23825619300854778
0.0004063058670567203,0.23828623792569892
0.0004063058670567203,0.23831628284285006
0.0004063058670567203,0.2383463277600012
0.0004063058670567203,0.2383913951357279
0.0004063058670567203,0.23842144005287905
0.0004063058670567203,0.23857166463863477
0.0004063058670567203,0.2386017095557859
0.0004063058670567203,0.23863175447293705
0.0004063058670567203,0.23867682184866376
0.0004063058670567203,0.23879700151726832
0.0004063058670567203,0.23882704643441946
0.0004063058670567203,0.23899229347875073
0.0004063058670567203,0.23902233839590187
0.0004063058670567203,0.239052383313053
0.0004063058670567203,0.23908242823020415
0.0004063058670567203,0.239157540523082
0.0004063058670567203,0.23918758544023314
0.0004063058670567203,0.23923265281595987
0.0004063058670567203,0.239262697733111
0.0004063058670567203,0.23927772019168658
0.0004063058670567203,0.23930776510883772
0.0004063058670567203,0.23933781002598886
0.0004063058670567203,0.23936785494314
0.0004063058670567203,0.23938287740171557
0.0004063058670567203,0.2394129223188667
0.0004063058670567203,0.23942794477744228
0.00048756704046806434,0.23942794477744228
0.00048756704046806434,0.239473012153169
0.00048756704046806434,0.23953310198747127
0.00048756704046806434,0.23957816936319798
0.00048756704046806434,0.23983355115898267
0.00048756704046806434,0.23986359607613383
0.00048756704046806434,0.23996875328616282
0.00048756704046806434,0.24001382066188953
0.00048756704046806434,0.24025417999909865
0.00048756704046806434,0.2402842249162498
0.00048756704046806434,0.24038938212627878
0.00048756704046806434,0.24041942704342992
0.00048756704046806434,0.24050956179488336
0.00048756704046806434,0.2405396067120345
0.00048756704046806434,0.2405846740877612
0.00048756704046806434,0.24061471900491235
0.00048756704046806434,0.24085507834212147
0.00048756704046806434,0.2408851232592726
0.00048756704046806434,0.24117054997220846
0.00048756704046806434,0.2412005948893596
0.00048756704046806434,0.2413508194751153
0.00048756704046806434,0.24138086439226644
0.00048756704046806434,0.2416062012709
0.00048756704046806434,0.2416512686466267
0.00048756704046806434,0.24180149323238243
0.00048756704046806434,0.24183153814953356
0.00048756704046806434,0.24207189748674268
0.00048756704046806434,0.2421169648624694
0.00048756704046806434,0.24222212207249838
0.00048756704046806434,0.24225216698964952
0.00048756704046806434,0.24228221190680066
0.00048756704046806434,0.24234230174110294
0.00048756704046806434,0.24244745895113196
0.00048756704046806434,0.2424775038682831
0.00048756704046806434,0.2425225712440098
0.00048756704046806434,0.24256763861973651
0.00048756704046806434,0.24265777337118993
0.00048756704046806434,0.24268781828834107
0.00048756704046806434,0.24279297549837006
0.00048756704046806434,0.24283804287409677
0.00048756704046806434,0.24298826745985247
0.00048756704046806434,0.24303333483557918
0.00048756704046806434,0.24309342466988149
0.00048756704046806434,0.24312346958703263
0.00048756704046806434,0.24331876154851503
0.00048756704046806434,0.24334880646566617
0.00048756704046806434,0.24346898613427073
0.00048756704046806434,0.24349903105142187
0.00048756704046806434,0.24369432301290428
0.00048756704046806434,0.24372436793005545
0.00048756704046806434,0.2437544128472066
0.00048756704046806434,0.24378445776435773
0.00048756704046806434,0.24406988447729355
0.00048756704046806434,0.24411495185302026
0.00048756704046806434,0.2441449967701714
0.00048756704046806434,0.24420508660447368
0.00048756704046806434,0.2442501539802004
0.00048756704046806434,0.24452055823456068
0.00048756704046806434,0.24455060315171182
0.00048756704046806434,0.24458064806886295
0.00048756704046806434,0.2446106929860141
0.00048756704046806434,0.24473087265461865
0.00048756704046806434,0.2447609175717698
0.00048756704046806434,0.24506136674328122
0.00048756704046806434,0.24509141166043236
0.00048756704046806434,0.24519656887046135
0.00048756704046806434,0.24524163624618806
0.00048756704046806434,0.24552706295912388
0.00048756704046806434,0.24555710787627502
0.00048756704046806434,0.2456171977105773
0.00048756704046806434,0.24564724262772844
0.00048756704046806434,0.2457373773791819
0.00048756704046806434,0.2457824447549086
0.00048756704046806434,0.2459326693406643
0.00048756704046806434,0.24599275917496657
0.00048756704046806434,0.24618805113644898
0.00048756704046806434,0.24621809605360012
0.00048756704046806434,0.24635329818078028
0.00048756704046806434,0.24638334309793142
0.00048756704046806434,0.24641338801508256
0.00048756704046806434,0.24645845539080927
0.00048756704046806434,0.24647347784938484
0.00048756704046806434,0.24651854522511155
0.00048756704046806434,0.24671383718659395
0.00048756704046806434,0.2467438821037451
0.00048756704046806434,0.24708939865098323
0.00048756704046806434,0.24713446602670994
0.00048756704046806434,0.24737482536391905
0.00048756704046806434,0.24743491519822133
0.00048756704046806434,0.2474499376567969
0.00048756704046806434,0.24747998257394804
0.00048756704046806434,0.2474950050325236
0.00048756704046806434,0.24752504994967475
0.00048756704046806434,0.24769029699400605
0.00048756704046806434,0.2477203419111572
0.00048756704046806434,0.2477654092868839
0.00048756704046806434,0.2485766220499647
0.00048756704046806434,0.2486216894256914
0.00048756704046806434,0.24865173434284255
0.00048756704046806434,0.24899725089008068
0.00048756704046806434,0.24902729580723182
0.00048756704046806434,0.24931272252016765
0.00048756704046806434,0.24934276743731879
0.00048756704046806434,0.24944792464734777
0.0005688282138794084,0.24944792464734777
0.0005688282138794084,0.24973335136028363
0.0005688282138794084,0.24976339627743477
0.0005688282138794084,0.24986855348746376
0.0005688282138794084,0.2498985984046149
0.0005688282138794084,0.25007886790752176
0.0005688282138794084,0.2501089128246729
0.0005688282138794084,0.25028918232757974
0.0005688282138794084,0.2503342497033064
0.0005688282138794084,0.2504093619961843
0.0005688282138794084,0.2504844742890622
0.0005688282138794084,0.25055958658194
0.0005688282138794084,0.25089008067060253
0.0005688282138794084,0.2509201255877537
0.0005688282138794084,0.25107035017350937
0.0005688282138794084,0.2511154175492361
0.0005688282138794084,0.25116048492496285
0.0005688282138794084,0.251190529842114
0.0005688282138794084,0.2512205747592651
0.0005688282138794084,0.25125061967641626
0.0005688282138794084,0.2515660913065032
0.0005688282138794084,0.25161115868222994
0.0005688282138794084,0.2517163158922589
0.0005688282138794084,0.25176138326798564
0.0005688282138794084,0.2517914281851368
0.0005688282138794084,0.2518364955608635
0.0005688282138794084,0.2518815629365902
0.0005688282138794084,0.2519416527708925
0.0005688282138794084,0.25207685489807263
0.0005688282138794084,0.2521369447323749
0.0005688282138794084,0.25236228161100843
0.0005688282138794084,0.25239232652815957
0.0005688282138794084,0.2525425511139153
0.0005688282138794084,0.252587618489642
0.0005688282138794084,0.2526026409482176
0.0005688282138794084,0.25263268586536874
0.0005688282138794084,0.2526477083239443
0.0005688282138794084,0.2526777532410954
0.0005688282138794084,0.25276788799254885
0.0005688282138794084,0.25285802274400226
0.0005688282138794084,0.25300824732975796
0.0005688282138794084,0.2530533147054847
0.0005688282138794084,0.25308335962263584
0.0005688282138794084,0.25309838208121144
0.0005688282138794084,0.2531284269983626
0.0005688282138794084,0.2532035392912404
0.0005688282138794084,0.25323358420839154
0.0005688282138794084,0.25374434779996097
0.0005688282138794084,0.2537743927171121
0.0005688282138794084,0.2539246173028678
0.0005688282138794084,0.25395466222001895
0.0005688282138794084,0.2539997295957456
0.0006500893872907525,0.2539997295957456
0.0006500893872907525,0.25424008893295474
0.0006500893872907525,0.2542701338501059
0.0006500893872907525,0.254300178767257
0.0006500893872907525,0.25433022368440816
0.0006500893872907525,0.25449547072873946
0.0006500893872907525,0.2545255156458906
0.0006500893872907525,0.2547508525245242
0.0006500893872907525,0.2547808974416753
0.0006500893872907525,0.2548860546517043
0.0006500893872907525,0.2549160995688554
0.0006500893872907525,0.25505130169603557
0.0006500893872907525,0.2550963690717623
0.0006500893872907525,0.25572731233193624
0.0006500893872907525,0.2557874021662385
0.0006500893872907525,0.2559977165862965
0.0006500893872907525,0.25602776150344764
0.0006500893872907525,0.2561479411720522
0.0006500893872907525,0.25617798608920334
0.0006500893872907525,0.25634323313353463
0.0006500893872907525,0.25637327805068577
0.0006500893872907525,0.2564784352607148
0.0006500893872907525,0.25653852509501707
0.0006500893872907525,0.2568690191836796
0.0006500893872907525,0.25689906410083074
0.0006500893872907525,0.25706431114516204
0.0006500893872907525,0.2571093785208887
0.0006500893872907525,0.2571244009794643
0.0006500893872907525,0.2571844908137666
0.0006500893872907525,0.25721453573091774
0.0006500893872907525,0.2572445806480689
0.0006500893872907525,0.25728964802379556
0.0006500893872907525,0.2573196929409467
0.0006500893872907525,0.25736476031667344
0.0006500893872907525,0.2573948052338246
0.0006500893872907525,0.2574098276924001
0.0006500893872907525,0.25743987260955126
0.0006500893872907525,0.25745489506812685
0.0006500893872907525,0.25749996244385354
0.0006500893872907525,0.2575600522781558
0.0006500893872907525,0.25760511965388255
0.0006500893872907525,0.25762014211245815
0.0006500893872907525,0.25768023194676043
0.0006500893872907525,0.25786050144966727
0.0006500893872907525,0.2578905463668184
0.0006500893872907525,0.2579506362011207
0.0006500893872907525,0.2579806811182718
0.0006500893872907525,0.25837126504123664
0.0006500893872907525,0.2584013099583878
0.0006500893872907525,0.2584463773341145
0.0006500893872907525,0.25847642225126566
0.0006500893872907525,0.25853651208556794
0.0006500893872907525,0.2587017591298992
0.0006500893872907525,0.2587318040470503
0.0006500893872907525,0.2588970510913816
0.0006500893872907525,0.25892709600853275
0.0006500893872907525,0.2591073655114396
0.0006500893872907525,0.25913741042859073
0.0006500893872907525,0.25939279222437545
0.0006500893872907525,0.2594228371415266
0.0006500893872907525,0.25946790451725327
0.0006500893872907525,0.25951297189298
0.0006500893872907525,0.2596782189373113
0.0006500893872907525,0.2597383087716136
0.0006500893872907525,0.25993360073309596
0.0006500893872907525,0.25999369056739824
0.0006500893872907525,0.2606697012032989
0.0006500893872907525,0.26075983595475233
0.0006500893872907525,0.2607898808719035
0.0006500893872907525,0.26086499316478134
0.0006500893872907525,0.2608950380819325
0.0006500893872907525,0.26097015037481036
0.0006500893872907525,0.2610001952919615
0.0006500893872907525,0.26116544233629274
0.0006500893872907525,0.2611954872534439
0.0006500893872907525,0.26163113855213543
0.0006500893872907525,0.2616912283864377
0.0006500893872907525,0.26172127330358885
0.0006500893872907525,0.26175131822074
0.0006500893872907525,0.26178136313789113
0.0006500893872907525,0.2618414529721934
0.0006500893872907525,0.26187149788934455
0.0006500893872907525,0.26193158772364683
0.0006500893872907525,0.2619916775579491
0.0006500893872907525,0.26203674493367585
0.0006500893872907525,0.2620818123094026
0.0006500893872907525,0.2621118572265537
0.0006500893872907525,0.26220199197800714
0.0006500893872907525,0.2622320368951583
0.0006500893872907525,0.2623221716466117
0.0006500893872907525,0.26235221656376284
0.0006500893872907525,0.26304324965823905
0.0006500893872907525,0.2630732945753902
0.0006500893872907525,0.26314840686826807
0.0006500893872907525,0.2631784517854192
0.0006500893872907525,0.26319347424399475
0.0006500893872907525,0.2632235191611459
0.0006500893872907525,0.2633887662054772
0.0006500893872907525,0.2634188111226283
0.0006500893872907525,0.2634789009569306
0.0006500893872907525,0.26352396833265734
0.0006500893872907525,0.2638394399627443
0.0006500893872907525,0.263884507338471
0.0006500893872907525,0.26389952979704656
0.0008126117341134406,0.26389952979704656
0.0008126117341134406,0.26423002388570915
0.0008126117341134406,0.2642600688028603
0.0008126117341134406,0.26432015863716257
0.0008126117341134406,0.2643502035543137
0.0008126117341134406,0.26453047305722055
0.0008126117341134406,0.2645605179743717
0.0008126117341134406,0.26477083239442967
0.0008126117341134406,0.2648008773115808
0.0008126117341134406,0.2648910120630342
0.0008126117341134406,0.26492105698018537
0.0008126117341134406,0.26499616927306324
0.0008126117341134406,0.2650262141902144
0.0008126117341134406,0.2651013264830922
0.0008126117341134406,0.26513137140024334
0.0008126117341134406,0.26514639385881894
0.0008126117341134406,0.2651764387759701
0.0008126117341134406,0.26529661844457464
0.0008126117341134406,0.2653567082788769
0.0008126117341134406,0.2655069328646326
0.0008126117341134406,0.26553697778178376
0.0008126117341134406,0.26594258416332417
0.0008126117341134406,0.2659726290804753
0.0008126117341134406,0.26609280874907987
0.0008126117341134406,0.266122853666231
0.0008126117341134406,0.2661378761248066
0.0008126117341134406,0.26616792104195774
0.0008126117341134406,0.26670872955067826
0.0008126117341134406,0.26676881938498054
0.0008126117341134406,0.2668439316778584
0.0008126117341134406,0.26687397659500955
0.0008126117341134406,0.26708429101506753
0.0008126117341134406,0.26711433593221867
0.0008126117341134406,0.2671293583907942
0.0008126117341134406,0.26715940330794535
0.0008126117341134406,0.26727958297654997
0.0008126117341134406,0.2673096278937011
0.0008126117341134406,0.26732465035227665
0.0008126117341134406,0.2673546952694278
0.0008126117341134406,0.26741478510373007
0.0008126117341134406,0.26747487493803235
0.0008126117341134406,0.2675349647723346
0.0008126117341134406,0.26756500968948577
0.0008126117341134406,0.26771523427524146
0.0008126117341134406,0.2677603016509682
0.0008126117341134406,0.26779034656811934
0.0008126117341134406,0.2678504364024216
0.0008126117341134406,0.2679105262367239
0.0008126117341134406,0.26803070590532846
0.0008126117341134406,0.2680607508224796
0.0008126117341134406,0.26809079573963074
0.0008938729075247847,0.26809079573963074
0.0008938729075247847,0.26824102032538644
0.0008938729075247847,0.2682860877011132
0.0008938729075247847,0.26840626736971773
0.0008938729075247847,0.2684513347454444
0.0008938729075247847,0.26857151441404903
0.0008938729075247847,0.2686316042483513
0.0008938729075247847,0.26875178391695587
0.0008938729075247847,0.26881187375125815
0.0008938729075247847,0.26888698604413597
0.0008938729075247847,0.2689170309612871
0.0008938729075247847,0.2689320534198627
0.0008938729075247847,0.2689771207955894
0.0008938729075247847,0.2691874352156474
0.0008938729075247847,0.26921748013279856
0.0008938729075247847,0.2692475250499497
0.0008938729075247847,0.26927756996710084
0.0008938729075247847,0.26950290684573436
0.0008938729075247847,0.2695329517628855
0.0008938729075247847,0.26989349076869923
0.0008938729075247847,0.26992353568585037
0.0008938729075247847,0.26996860306157705
0.0008938729075247847,0.2702990971502396
0.0008938729075247847,0.2703291420673907
0.0008938729075247847,0.27037420944311746
0.0008938729075247847,0.27041927681884415
0.0008938729075247847,0.27058452386317544
0.0008938729075247847,0.2706295912389022
0.0008938729075247847,0.27067465861462886
0.0008938729075247847,0.27070470353178
0.0008938729075247847,0.270809860741809
0.0008938729075247847,0.2708549281175357
0.0008938729075247847,0.2708699505761113
0.0008938729075247847,0.27089999549326244
0.0008938729075247847,0.27103519762044254
0.0008938729075247847,0.2710652425375937
0.0008938729075247847,0.2712605344990761
0.0008938729075247847,0.27129057941622725
0.0008938729075247847,0.27135066925052953
0.0008938729075247847,0.27138071416768067
0.0008938729075247847,0.2714107590848318
0.0008938729075247847,0.27144080400198295
0.0008938729075247847,0.2714708489191341
0.0008938729075247847,0.27150089383628523
0.0008938729075247847,0.27169618579776766
0.0008938729075247847,0.2717262307149188
0.0008938729075247847,0.2718313879249478
0.0008938729075247847,0.27186143284209896
0.0008938729075247847,0.27192152267640124
0.0008938729075247847,0.2719515675935524
0.0008938729075247847,0.2721168146378836
0.0008938729075247847,0.27214685955503476
0.0008938729075247847,0.2726576231466042
0.0008938729075247847,0.27268766806375533
0.0008938729075247847,0.27270269052233087
0.0008938729075247847,0.272732735439482
0.0008938729075247847,0.27276278035663315
0.0008938729075247847,0.2727928252737843
0.0008938729075247847,0.27286793756666217
0.0008938729075247847,0.2728979824838133
0.0008938729075247847,0.2731383418210224
0.0008938729075247847,0.27316838673817356
0.0008938729075247847,0.27318340919674916
0.0008938729075247847,0.27322847657247584
0.0008938729075247847,0.27348385836826056
0.0008938729075247847,0.2735139032854117
0.0008938729075247847,0.2735589706611384
0.0008938729075247847,0.2736040380368651
0.0008938729075247847,0.27384439737407423
0.0008938729075247847,0.2738744422912254
0.0008938729075247847,0.2739795995012544
0.0008938729075247847,0.2740547117941322
0.0008938729075247847,0.27408475671128335
0.0008938729075247847,0.2741148016284345
0.0008938729075247847,0.2743852058827948
0.0008938729075247847,0.2744302732585215
0.0008938729075247847,0.27465561013715506
0.0008938729075247847,0.2746856550543062
0.0008938729075247847,0.27471569997145734
0.0008938729075247847,0.2747457448886085
0.0008938729075247847,0.2747757898057596
0.0008938729075247847,0.27480583472291076
0.0008938729075247847,0.27503117160154433
0.0008938729075247847,0.275076238977271
0.0008938729075247847,0.2751513512701489
0.0008938729075247847,0.27518139618730003
0.0008938729075247847,0.27546682290023583
0.0008938729075247847,0.27549686781738697
0.0008938729075247847,0.27566211486171827
0.0008938729075247847,0.275707182237445
0.0008938729075247847,0.27573722715459614
0.0008938729075247847,0.2757672720717473
0.0008938729075247847,0.2757822945303228
0.0008938729075247847,0.27581233944747396
0.0008938729075247847,0.27596256403322966
0.0008938729075247847,0.27602265386753194
0.0008938729075247847,0.2760677212432587
0.0008938729075247847,0.2763982153319212
0.0008938729075247847,0.27644328270764795
0.0008938729075247847,0.2764733276247991
0.0008938729075247847,0.27648835008337463
0.0008938729075247847,0.2765183950005258
0.0008938729075247847,0.27653341745910137
0.0008938729075247847,0.2765634623762525
0.0008938729075247847,0.2768488890891883
0.0008938729075247847,0.27687893400633945
0.0008938729075247847,0.2770141361335196
0.0008938729075247847,0.27704418105067075
0.0008938729075247847,0.2770892484263975
0.0008938729075247847,0.2771643607192753
0.0008938729075247847,0.27719440563642644
0.0008938729075247847,0.27728454038787986
0.0008938729075247847,0.277314585305031
0.0008938729075247847,0.2775849895593913
0.0008938729075247847,0.27761503447654245
0.0008938729075247847,0.27781032643802483
0.0008938729075247847,0.277840371355176
0.0008938729075247847,0.27812579806811183
0.0008938729075247847,0.27815584298526297
0.0008938729075247847,0.27836615740532095
0.0008938729075247847,0.2783962023224721
0.0008938729075247847,0.2785013595325011
0.0008938729075247847,0.27853140444965224
0.0008938729075247847,0.2787266964111346
0.0008938729075247847,0.27877176378686136
0.0008938729075247847,0.2788018087040125
0.0008938729075247847,0.27884687607973924
0.0008938729075247847,0.2788769209968904
0.0008938729075247847,0.27907221295837276
0.0008938729075247847,0.2791022578755239
0.0008938729075247847,0.2791623477098262
0.0008938729075247847,0.2791923926269773
0.0008938729075247847,0.27928252737843073
0.0008938729075247847,0.2793125722955819
0.0008938729075247847,0.2795078642570643
0.0008938729075247847,0.2795679540913666
0.0008938729075247847,0.27964306638424447
0.0008938729075247847,0.2796731113013956
0.0008938729075247847,0.27979329097000016
0.0008938729075247847,0.2798233358871513
0.0008938729075247847,0.27998858293148254
0.0008938729075247847,0.2800186278486337
0.0008938729075247847,0.2802139198101161
0.0008938729075247847,0.28024396472726726
0.0008938729075247847,0.28030405456156954
0.0008938729075247847,0.2803340994787207
0.0008938729075247847,0.2803491219372963
0.0008938729075247847,0.28040921177159855
0.0008938729075247847,0.28045427914732524
0.0008938729075247847,0.2804843240644764
0.0008938729075247847,0.28060450373308093
0.0008938729075247847,0.2806345486502321
0.0008938729075247847,0.28070966094310995
0.0008938729075247847,0.28076975077741223
0.0008938729075247847,0.2808448630702901
0.0008938729075247847,0.28087490798744125
0.0008938729075247847,0.2809049529045924
0.0008938729075247847,0.2809349978217435
0.0008938729075247847,0.2810852224074992
0.0008938729075247847,0.28111526732465036
0.0008938729075247847,0.28162603091621974
0.0008938729075247847,0.2816560758333709
0.0008938729075247847,0.2817462105848243
0.0008938729075247847,0.28177625550197544
0.0008938729075247847,0.282001592380609
0.0008938729075247847,0.28204665975633575
0.0008938729075247847,0.28210674959063803
0.0008938729075247847,0.2821518169663647
0.0008938729075247847,0.28218186188351585
0.0008938729075247847,0.282211906800667
0.0008938729075247847,0.2824672885964517
0.0008938729075247847,0.28249733351360284
0.0008938729075247847,0.2827076479336608
0.0008938729075247847,0.28275271530938756
0.0008938729075247847,0.28281280514368984
0.0008938729075247847,0.2828578725194165
0.0008938729075247847,0.28326347890095693
0.0008938729075247847,0.2832935238181081
0.0008938729075247847,0.28336863611098595
0.0008938729075247847,0.28344374840386377
0.0008938729075247847,0.2834737933210149
0.0008938729075247847,0.28396953445400874
0.0008938729075247847,0.2840146018297355
0.0008938729075247847,0.28443523066985144
0.0008938729075247847,0.2844652755870026
0.0008938729075247847,0.2846455450899094
0.0008938729075247847,0.28467559000706055
0.0008938729075247847,0.2847206573827873
0.0008938729075247847,0.28476572475851397
0.0008938729075247847,0.28484083705139185
0.0008938729075247847,0.284870881968543
0.0008938729075247847,0.28490092688569413
0.0008938729075247847,0.2849459942614208
0.0008938729075247847,0.2852464434329322
0.0008938729075247847,0.2852764883500834
0.0008938729075247847,0.2854717803115658
0.0008938729075247847,0.2855018252287169
0.0008938729075247847,0.28554689260444366
0.0008938729075247847,0.28559195998017034
0.0008938729075247847,0.2856370273558971
0.0008938729075247847,0.28568209473162376
0.0008938729075247847,0.28583231931737946
0.0008938729075247847,0.2858623642345306
0.0008938729075247847,0.28592245406883293
0.0008938729075247847,0.2859675214445596
0.0008938729075247847,0.28605765619601303
0.0008938729075247847,0.2860877011131642
0.0008938729075247847,0.2861928583231932
0.0008938729075247847,0.28622290324034433
0.0008938729075247847,0.2862829930746466
0.0008938729075247847,0.28631303799179775
0.0008938729075247847,0.28638815028467557
0.0008938729075247847,0.2864181952018267
0.0008938729075247847,0.28646326257755345
0.0008938729075247847,0.2865083299532801
0.0008938729075247847,0.28653837487043127
0.0008938729075247847,0.286583442246158
0.0008938729075247847,0.28661348716330914
0.0008938729075247847,0.286688599456187
0.0008938729075247847,0.28670362191476256
0.0008938729075247847,0.2867336668319137
0.0008938729075247847,0.28700407108627396
0.0008938729075247847,0.2870341160034251
0.0008938729075247847,0.28715429567202966
0.0008938729075247847,0.2871843405891808
0.0008938729075247847,0.2876650592635991
0.0008938729075247847,0.2876951041807502
0.0008938729075247847,0.2877551940150525
0.0008938729075247847,0.28778523893220365
0.0008938729075247847,0.28804062072798836
0.0008938729075247847,0.28810071056229064
0.0008938729075247847,0.2881307554794418
0.0008938729075247847,0.2881608003965929
0.0008938729075247847,0.2884612495681043
0.0008938729075247847,0.28849129448525546
0.0008938729075247847,0.2885363618609822
0.0008938729075247847,0.28874667628104017
0.0008938729075247847,0.28880676611534245
0.0008938729075247847,0.28885183349106913
0.0008938729075247847,0.28888187840822027
0.0008938729075247847,0.289242417414034
0.0008938729075247847,0.2893025072483363
0.0008938729075247847,0.28966304625414996
0.0008938729075247847,0.2896930911713011
0.0008938729075247847,0.28981327083990566
0.0008938729075247847,0.2898433157570568
0.0008938729075247847,0.2904592365586552
0.0008938729075247847,0.2904892814758063
0.0008938729075247847,0.2905493713101086
0.0008938729075247847,0.29057941622725975
0.0008938729075247847,0.29066955097871316
0.0008938729075247847,0.29072964081301544
0.0008938729075247847,0.2907747081887422
0.0008938729075247847,0.2908047531058933
0.0008938729075247847,0.29084982048162
0.0008938729075247847,0.2909099103159223
0.0008938729075247847,0.2909399552330734
0.0008938729075247847,0.2911052022774047
0.0008938729075247847,0.29113524719455586
0.0008938729075247847,0.29149578620036953
0.0008938729075247847,0.2915258311175207
0.0008938729075247847,0.29158592095182295
0.0008938729075247847,0.29164601078612523
0.0008938729075247847,0.29175116799615425
0.0008938729075247847,0.291796235371881
0.0008938729075247847,0.2920365947090901
0.0008938729075247847,0.2920816620848168
0.0008938729075247847,0.29229197650487476
0.0008938729075247847,0.2923220214220259
0.0008938729075247847,0.29253233584208393
0.0008938729075247847,0.2925623807592351
0.0008938729075247847,0.2925924256763862
0.0008938729075247847,0.29262247059353735
0.0008938729075247847,0.29266753796926404
0.0008938729075247847,0.2927126053449908
0.0008938729075247847,0.2927276278035663
0.0008938729075247847,0.29275767272071745
0.0008938729075247847,0.2927877176378686
0.0008938729075247847,0.29281776255501973
0.0008938729075247847,0.292877852389322
0.0008938729075247847,0.29290789730647315
0.0008938729075247847,0.2931031892679556
0.0008938729075247847,0.29313323418510673
0.0008938729075247847,0.2932534138537113
0.0008938729075247847,0.293298481229438
0.0008938729075247847,0.2935839079423738
0.0008938729075247847,0.29361395285952496
0.0008938729075247847,0.2936740426938273
0.0008938729075247847,0.29370408761097844
0.0008938729075247847,0.2937641774452807
0.0008938729075247847,0.293824267279583
0.0008938729075247847,0.2939744918653387
0.0008938729075247847,0.29400453678248983
0.0008938729075247847,0.294034581699641
0.0008938729075247847,0.2940646266167921
0.0008938729075247847,0.2941096939925188
0.0008938729075247847,0.29413973890966993
0.0008938729075247847,0.2941697838268211
0.0008938729075247847,0.29456036774978595
0.0008938729075247847,0.2946054351255126
0.0008938729075247847,0.29463548004266377
0.0008938729075247847,0.2946805474183905
0.0008938729075247847,0.2950711313413553
0.0008938729075247847,0.2951312211756576
0.0008938729075247847,0.2952063334685355
0.0008938729075247847,0.2952363783856866
0.0008938729075247847,0.2952964682199889
0.0008938729075247847,0.29532651313714003
0.0008938729075247847,0.29547673772289573
0.0008938729075247847,0.29550678264004687
0.0008938729075247847,0.2956119398500759
0.0008938729075247847,0.29565700722580257
0.0008938729075247847,0.29588234410443615
0.0008938729075247847,0.2959274114801628
0.0008938729075247847,0.29603256869019184
0.0008938729075247847,0.2960776360659185
0.0008938729075247847,0.2960926585244941
0.0008938729075247847,0.29612270344164526
0.0008938729075247847,0.29627292802740096
0.0008938729075247847,0.29633301786170324
0.0008938729075247847,0.29664848949179023
0.0008938729075247847,0.2966935568675169
0.0008938729075247847,0.29672360178466806
0.0008938729075247847,0.2968437814532726
0.0008938729075247847,0.2968738263704238
0.0008938729075247847,0.2969188937461505
0.0008938729075247847,0.29694893866330163
0.0008938729075247847,0.2970841407904818
0.0008938729075247847,0.2971141857076329
0.0008938729075247847,0.29712920816620847
0.0008938729075247847,0.2971742755419352
0.0008938729075247847,0.29718929800051075
0.0008938729075247847,0.2972193429176619
0.0008938729075247847,0.29729445521053977
0.0008938729075247847,0.2973245001276909
0.0008938729075247847,0.29774512896780686
0.0008938729075247847,0.297775173884958
0.0008938729075247847,0.297880331094987
0.0008938729075247847,0.29791037601213816
0.0008938729075247847,0.2979253984707137
0.0008938729075247847,0.29795544338786484
0.0008938729075247847,0.297985488305016
0.0008938729075247847,0.2980155332221671
0.0008938729075247847,0.2982408701008007
0.0008938729075247847,0.29828593747652743
0.0008938729075247847,0.29831598239367857
0.0008938729075247847,0.2983460273108297
0.0008938729075247847,0.298406117145132
0.0008938729075247847,0.29843616206228313
0.0008938729075247847,0.29845118452085867
0.0008938729075247847,0.2984962518965854
0.0008938729075247847,0.2988567909023991
0.0008938729075247847,0.2988868358195502
0.0008938729075247847,0.29899199302957924
0.0008938729075247847,0.29906710532245706
0.0008938729075247847,0.2991121726981838
0.0008938729075247847,0.2993525320353929
0.0008938729075247847,0.29944266678684633
0.0008938729075247847,0.2996680036654799
0.0008938729075247847,0.29969804858263105
0.0008938729075247847,0.2997280934997822
0.0008938729075247847,0.29978818333408447
0.0008938729075247847,0.29993840791984017
0.0008938729075247847,0.2999684528369913
0.0008938729075247847,0.3001937897156249
0.0008938729075247847,0.30025387954992716
0.0008938729075247847,0.3005843736385897
0.0008938729075247847,0.300644463472892
0.0008938729075247847,0.30068953084861866
0.0008938729075247847,0.30071957576576985
0.0008938729075247847,0.3008998452686767
0.0008938729075247847,0.30092989018582783
0.0008938729075247847,0.3009899800201301
0.0008938729075247847,0.30102002493728125
0.0008938729075247847,0.3010350473958568
0.0008938729075247847,0.30108011477158353
0.0008938729075247847,0.3014556762359728
0.0008938729075247847,0.30148572115312394
0.0008938729075247847,0.3017411029489086
0.0008938729075247847,0.3018011927832109
0.0008938729075247847,0.30187630507608876
0.0008938729075247847,0.30192137245181544
0.0008938729075247847,0.30193639491039104
0.0008938729075247847,0.3019664398275422
0.0008938729075247847,0.30202652966184446
0.0008938729075247847,0.3020565745789956
0.0008938729075247847,0.3021316868718735
0.0008938729075247847,0.30219177670617575
0.0008938729075247847,0.3022218216233269
0.0008938729075247847,0.3023119563747803
0.0008938729075247847,0.30234200129193145
0.0008938729075247847,0.30262742800486725
0.0008938729075247847,0.30265747292201844
0.0008938729075247847,0.302777652590623
0.0008938729075247847,0.3028377424249253
0.0008938729075247847,0.30304805684498326
0.0008938729075247847,0.3030781017621344
0.0008938729075247847,0.3031381915964367
0.0008938729075247847,0.3031682365135878
0.0008938729075247847,0.3033184610993435
0.0008938729075247847,0.30334850601649466
0.0008938729075247847,0.3036189102708549
0.0008938729075247847,0.30364895518800605
0.0008938729075247847,0.30370904502230833
0.0008938729075247847,0.30375411239803507
0.0008938729075247847,0.30388931452521517
0.0009751340809361287,0.30388931452521517
0.0009751340809361287,0.3039494043595175
0.0009751340809361287,0.30397944927666865
0.0009751340809361287,0.3042348310724533
0.0009751340809361287,0.30427989844818004
0.0009751340809361287,0.30458034761969144
0.0009751340809361287,0.3046254149954182
0.0009751340809361287,0.3046554599125693
0.0009751340809361287,0.30468550482972045
0.0009751340809361287,0.3047155497468716
0.0009751340809361287,0.30497093154265625
0.0009751340809361287,0.3050009764598074
0.0009751340809361287,0.30504604383553413
0.0009751340809361287,0.3050911112112608
0.0009751340809361287,0.30512115612841195
0.0009751340809361287,0.30524133579701657
0.0009751340809361287,0.3052713807141677
0.0009751340809361287,0.30552676250995237
0.0009751340809361287,0.3055718298856791
0.0009751340809361287,0.30558685234425464
0.0009751340809361287,0.3056168972614058
0.0009751340809361287,0.30590232397434164
0.0009751340809361287,0.30599245872579506
0.0009751340809361287,0.30600748118437066
0.0009751340809361287,0.3060375261015218
0.0009751340809361287,0.3062778854387309
0.0009751340809361287,0.30630793035588205
0.0009751340809361287,0.3067886490303003
0.0009751340809361287,0.3068186939474514
0.0009751340809361287,0.3072994126218697
0.0009751340809361287,0.30732945753902086
0.0009751340809361287,0.3075097270419277
0.0009751340809361287,0.30753977195907883
0.0009751340809361287,0.3077050190034101
0.0009751340809361287,0.3077500863791368
0.0009751340809361287,0.3079754232577704
0.0009751340809361287,0.30802049063349707
0.0009751340809361287,0.3080505355506482
0.0009751340809361287,0.30824582751213064
0.0009751340809361287,0.3082758724292818
0.0009751340809361287,0.30832093980500846
0.0009751340809361287,0.3083660071807352
0.0009751340809361287,0.30880165847942675
0.0009751340809361287,0.30886174831372903
0.0009751340809361287,0.3089218381480313
0.0009751340809361287,0.30895188306518245
0.0009751340809361287,0.3092222873195427
0.0009751340809361287,0.30926735469526945
0.0009751340809361287,0.3092973996124206
0.0009751340809361287,0.3093274445295717
0.0009751340809361287,0.30935748944672287
0.0009751340809361287,0.3093725119052984
0.0009751340809361287,0.30940255682244955
0.0009751340809361287,0.3098532305797167
0.0009751340809361287,0.30988327549686784
0.0009751340809361287,0.3098982979554434
0.0009751340809361287,0.3099283428725945
0.0009751340809361287,0.3100485225411991
0.0009751340809361287,0.3100935899169258
0.0009751340809361287,0.3101386572926525
0.0009751340809361287,0.31016870220980364
0.0009751340809361287,0.31043910646416395
0.0009751340809361287,0.3104691513813151
0.0009751340809361287,0.31063439842564633
0.0009751340809361287,0.3106944882599486
0.0009751340809361287,0.31078462301140203
0.0009751340809361287,0.31082969038712877
0.0009751340809361287,0.31099493743146
0.0009751340809361287,0.3110249823486112
0.0009751340809361287,0.31104000480718674
0.0009751340809361287,0.3110700497243379
0.0009751340809361287,0.31143058873015156
0.0009751340809361287,0.3114756561058783
0.0009751340809361287,0.31170099298451187
0.0009751340809361287,0.311731037901663
0.0009751340809361287,0.31174606036023855
0.0009751340809361287,0.3117761052773897
0.0009751340809361287,0.31183619511169197
0.0009751340809361287,0.3118662400288431
0.0009751340809361287,0.3119263298631454
0.0009751340809361287,0.3120314870731744
0.0009751340809361287,0.31206153199032555
0.0009751340809361287,0.3123469587032614
0.0009751340809361287,0.31237700362041254
0.0009751340809361287,0.3125572731233194
0.0009751340809361287,0.3125873180404705
0.0009751340809361287,0.3126323854161972
0.0009751340809361287,0.3127375426262262
0.0009751340809361287,0.31276758754337736
0.0009751340809361287,0.3127976324605285
0.0009751340809361287,0.31282767737767964
0.0009751340809361287,0.3130379917977376
0.0009751340809361287,0.31308305917346435
0.0009751340809361287,0.3130980816320399
0.0009751340809361287,0.31314314900776663
0.0009751340809361287,0.31321826130064445
0.0009751340809361287,0.3132483062177956
0.0009751340809361287,0.3134135532621269
0.0009751340809361287,0.313443598179278
0.0009751340809361287,0.3137140024336383
0.0009751340809361287,0.31377409226794056
0.0009751340809361287,0.31378911472651616
0.0009751340809361287,0.3138191596436673
0.0009751340809361287,0.3138792494779696
0.0009751340809361287,0.3139092943951207
0.0009751340809361287,0.31393933931227186
0.0009751340809361287,0.313969384229423
0.0009751340809361287,0.31407454143945196
0.0009751340809361287,0.31413463127375424
0.0009751340809361287,0.31414965373232984
0.0009751340809361287,0.314179698649481
0.0009751340809361287,0.31428485585951
0.0009751340809361287,0.31431490077666113
0.0009751340809361287,0.3144350804452657
0.0009751340809361287,0.31446512536241683
0.0009751340809361287,0.31449517027956797
0.0009751340809361287,0.3145252151967191
0.0009751340809361287,0.3145702825724458
0.0009751340809361287,0.31460032748959693
0.0009751340809361287,0.31463037240674807
0.0009751340809361287,0.3146754397824748
0.0009751340809361287,0.3148707317439572
0.0009751340809361287,0.3149007766611084
0.0009751340809361287,0.3149909114125618
0.0009751340809361287,0.3150359787882885
0.0009751340809361287,0.3153364279597999
0.0009751340809361287,0.31539651779410216
0.0009751340809361287,0.3154415851698289
0.0009751340809361287,0.31547163008698004
0.0009751340809361287,0.3158471915513693
0.0009751340809361287,0.315892258927096
0.0009751340809361287,0.3159072813856716
0.0009751340809361287,0.31595234876139827
0.0009751340809361287,0.31601243859570055
0.0009751340809361287,0.31607252843000283
0.0009751340809361287,0.31611759580572957
0.0009751340809361287,0.3161476407228807
0.0009751340809361287,0.316207730557183
0.0009751340809361287,0.31626782039148527
0.0009751340809361287,0.31628284285006086
0.0009751340809361287,0.316312887767212
0.0009751340809361287,0.3163880000600898
0.0009751340809361287,0.31641804497724096
0.0009751340809361287,0.3165382246458455
0.0009751340809361287,0.31658329202157226
0.0009751340809361287,0.3168687187345081
0.0009751340809361287,0.31689876365165925
0.0009751340809361287,0.3169738759445371
0.0009751340809361287,0.3170189433202638
0.0009751340809361287,0.31703396577883936
0.0009751340809361287,0.3170790331545661
0.0009751340809361287,0.31710907807171723
0.0009751340809361287,0.3171241005302928
0.0009751340809361287,0.3171541454474439
0.0009751340809361287,0.3175447293704088
0.0009751340809361287,0.3175747742875599
0.0009751340809361287,0.3176348641218622
0.0009751340809361287,0.31766490903901334
0.0009751340809361287,0.31774002133189116
0.0009751340809361287,0.3177850887076179
0.0009751340809361287,0.31850616671924525
0.0009751340809361287,0.3185362116363964
0.0009751340809361287,0.31861132392927427
0.0009751340809361287,0.3186413688464254
0.0009751340809361287,0.31867141376357655
0.0009751340809361287,0.3187014586807277
0.0009751340809361287,0.31883666080790785
0.0009751340809361287,0.318866705725059
0.0009751340809361287,0.3189568404765124
0.0009751340809361287,0.3190019078522391
0.0009751340809361287,0.31922724473087266
0.0009751340809361287,0.3192572896480238
0.0009751340809361287,0.3193023570237505
0.0009751340809361287,0.3194976489852329
0.0009751340809361287,0.31952769390238406
0.0009751340809361287,0.3197079634052909
0.0009751340809361287,0.31975303078101763
0.0009751340809361287,0.3198131206153199
0.0009751340809361287,0.31984316553247105
0.0009751340809361287,0.31999339011822675
0.0009751340809361287,0.3200234350353779
0.0009751340809361287,0.32014361470398245
0.0009751340809361287,0.3201736596211336
0.0009751340809361287,0.32029383928973815
0.0009751340809361287,0.3203238842068893
0.0009751340809361287,0.3206393558369763
0.0009751340809361287,0.32069944567127856
0.0009751340809361287,0.3208196253398831
0.0009751340809361287,0.32084967025703426
0.0009751340809361287,0.320894737632761
0.0009751340809361287,0.32092478254991214
0.0009751340809361287,0.32121020926284793
0.0009751340809361287,0.3212702990971502
0.0009751340809361287,0.3213454113900281
0.0010563952543474727,0.3213454113900281
0.0010563952543474727,0.3215106584343594
0.0010563952543474727,0.3215407033515105
0.0010563952543474727,0.3216759054786906
0.0010563952543474727,0.32170595039584177
0.0010563952543474727,0.32172097285441736
0.0010563952543474727,0.3217510177715685
0.0010563952543474727,0.32178106268871964
0.0010563952543474727,0.3218111076058708
0.0010563952543474727,0.3219613321916265
0.0010563952543474727,0.3220063995673532
0.0010563952543474727,0.32202142202592876
0.0010563952543474727,0.3220664894016555
0.0010563952543474727,0.3221265792359578
0.0010563952543474727,0.3221566241531089
0.0010563952543474727,0.32233689365601575
0.0010563952543474727,0.3223669385731669
0.0010563952543474727,0.3224120059488936
0.0010563952543474727,0.3224420508660447
0.0010563952543474727,0.32274250003755617
0.0010563952543474727,0.32280258987185845
0.0010563952543474727,0.3228626797061607
0.0010563952543474727,0.32289272462331187
0.0010563952543474727,0.3229678369161897
0.0010563952543474727,0.3229978818333408
0.0010563952543474727,0.3231180615019454
0.0010563952543474727,0.3231631288776721
0.0010563952543474727,0.3232983310048523
0.0010563952543474727,0.32334339838057896
0.0010563952543474727,0.3233734432977301
0.0010563952543474727,0.32340348821488124
0.0010563952543474727,0.3234786005077591
0.0010563952543474727,0.32350864542491026
0.0010563952543474727,0.3235987801763637
0.0010563952543474727,0.3236288250935148
0.0010563952543474727,0.32395931918217735
0.0010563952543474727,0.3240043865579041
0.0010563952543474727,0.32403443147505523
0.0010563952543474727,0.3240794988507819
0.0010563952543474727,0.3240945213093575
0.0010563952543474727,0.32412456622650865
0.0010563952543474727,0.3241395886850842
0.0010563952543474727,0.3241846560608109
0.0010563952543474727,0.32440999293944445
0.0010563952543474727,0.3244400378565956
0.0010563952543474727,0.32513107095107185
0.0010563952543474727,0.325161115868223
0.0010563952543474727,0.32529631799540315
0.0010563952543474727,0.3253263629125543
0.0010563952543474727,0.3255667222497634
0.0010563952543474727,0.3256268120840657
0.0010563952543474727,0.3257169468355191
0.0010563952543474727,0.32574699175267025
0.0010563952543474727,0.32589721633842594
0.0010563952543474727,0.3259573061727282
0.0010563952543474727,0.3259723286313038
0.0010563952543474727,0.32600237354845496
0.0010563952543474727,0.3263779350128442
0.0010563952543474727,0.3264230023885709
0.0010563952543474727,0.32661829435005335
0.0010563952543474727,0.32670842910150677
0.0010563952543474727,0.326873676145838
0.0010563952543474727,0.32690372106298915
0.0010563952543474727,0.326978833355867
0.0010563952543474727,0.3270239007315937
0.0010563952543474727,0.327083990565896
0.0010563952543474727,0.32715910285877386
0.0010563952543474727,0.3272041702345006
0.0010563952543474727,0.32723421515165174
0.0010563952543474727,0.3272492376102273
0.0010563952543474727,0.327294304985954
0.0010563952543474727,0.327399462195983
0.0010563952543474727,0.3274295071131341
0.0010563952543474727,0.3274445295717097
0.0010563952543474727,0.32747457448886086
0.0010563952543474727,0.32751964186458754
0.0010563952543474727,0.3275496867817387
0.0010563952543474727,0.3275947541574654
0.0010563952543474727,0.3276398215331921
0.0010563952543474727,0.32768488890891884
0.0010563952543474727,0.32794027070470355
0.0010563952543474727,0.3279703156218547
0.0010563952543474727,0.32815058512476153
0.0010563952543474727,0.3281956525004882
0.0010563952543474727,0.32822569741763935
0.0010563952543474727,0.32837592200339505
0.0010563952543474727,0.32840596692054624
0.0010563952543474727,0.3284660567548485
0.0010563952543474727,0.32849610167199966
0.0010563952543474727,0.32864632625775536
0.0010563952543474727,0.32869139363348204
0.0010563952543474727,0.3287214385506332
0.0010563952543474727,0.3287514834677843
0.0010563952543474727,0.3288265957606622
0.0010563952543474727,0.32885664067781334
0.0010563952543474727,0.3290819775564469
0.0010563952543474727,0.3291420673907492
0.0010563952543474727,0.32926224705935375
0.0010563952543474727,0.3292922919765049
0.0010563952543474727,0.32932233689365603
0.0010563952543474727,0.3293674042693827
0.0010563952543474727,0.329427494103685
0.0010563952543474727,0.32947256147941173
0.0010563952543474727,0.32960776360659183
0.0010563952543474727,0.32963780852374297
0.0010563952543474727,0.32972794327519644
0.0010563952543474727,0.3297730106509231
0.0010563952543474727,0.3297880331094987
0.0010563952543474727,0.32981807802664986
0.0010563952543474727,0.32986314540237655
0.0010563952543474727,0.3298931903195277
0.0010563952543474727,0.3299983475295567
0.0010563952543474727,0.33002839244670784
0.0010563952543474727,0.33032884161821924
0.0010563952543474727,0.3303588865353704
0.0010563952543474727,0.33041897636967266
0.0010563952543474727,0.33047906620397494
0.0010563952543474727,0.33058422341400395
0.0010563952543474727,0.3306142683311551
0.0010563952543474727,0.3308546276683642
0.0010563952543474727,0.33088467258551535
0.0010563952543474727,0.33092973996124203
0.0010563952543474727,0.33095978487839317
0.0010563952543474727,0.33098982979554437
0.0010563952543474727,0.3310198747126955
0.0010563952543474727,0.3312301891327535
0.0010563952543474727,0.3312602340499046
0.0010563952543474727,0.3314104586356603
0.0010563952543474727,0.33144050355281146
0.0010563952543474727,0.33150059338711374
0.0010563952543474727,0.3315306383042649
0.0010563952543474727,0.3316057505971427
0.0010563952543474727,0.3316357955142939
0.0010563952543474727,0.33181606501720073
0.0010563952543474727,0.3318461099343519
0.0010563952543474727,0.33199633452010757
0.0010563952543474727,0.3320263794372587
0.0010563952543474727,0.3322817612330434
0.0010563952543474727,0.33235687352592125
0.0010563952543474727,0.33261225532170596
0.0010563952543474727,0.3326423002388571
0.0010563952543474727,0.3329577718689441
0.0010563952543474727,0.33298781678609524
0.0010563952543474727,0.3330328841618219
0.0010563952543474727,0.3330929739961242
0.0010563952543474727,0.33313804137185093
0.0010563952543474727,0.3331680862890021
0.0010563952543474727,0.33378400709060047
0.0010563952543474727,0.33384409692490274
0.0010563952543474727,0.333904186759205
0.0010563952543474727,0.33393423167635616
0.0010563952543474727,0.3339642765935073
0.0010563952543474727,0.33399432151065844
0.0010563952543474727,0.3341595685549897
0.0010563952543474727,0.3341896134721408
0.0010563952543474727,0.334219658389292
0.0010563952543474727,0.33424970330644316
0.0010563952543474727,0.33491069148376823
0.0010563952543474727,0.33494073640091937
0.0010563952543474727,0.3349707813180705
0.0010563952543474727,0.33500082623522165
0.0010563952543474727,0.3352111406552796
0.0010563952543474727,0.33524118557243077
0.0010563952543474727,0.3354214550753376
0.0010563952543474727,0.33545149999248874
0.0010563952543474727,0.3355266122853666
0.0010563952543474727,0.33555665720251776
0.0010563952543474727,0.3358120389983025
0.0010563952543474727,0.3358420839154536
0.0010563952543474727,0.3358871512911803
0.0010563952543474727,0.33591719620833144
0.0010563952543474727,0.33593221866690703
0.0010563952543474727,0.3359622635840582
0.0010563952543474727,0.33600733095978486
0.0010563952543474727,0.33612751062838947
0.0010563952543474727,0.33617257800411615
0.0010563952543474727,0.33638289242417413
0.0010563952543474727,0.33641293734132527
0.0010563952543474727,0.33656316192708097
0.0010563952543474727,0.3365932068442321
0.0010563952543474727,0.33662325176138325
0.0010563952543474727,0.3366532966785344
0.0010563952543474727,0.33689365601574356
0.0010563952543474727,0.3369237009328947
0.0010563952543474727,0.3369988132257725
0.0010563952543474727,0.33702885814292366
0.0010563952543474727,0.33750957681734195
0.0010563952543474727,0.3375396217344931
0.0010563952543474727,0.33755464419306863
0.0010563952543474727,0.3376147340273709
0.0010563952543474727,0.3376748238616732
0.0010563952543474727,0.33770486877882433
0.0010563952543474727,0.33794522811603345
0.0010563952543474727,0.3379752730331846
0.0010563952543474727,0.3380203404089113
0.0010563952543474727,0.3381405200775159
0.0010563952543474727,0.338170564994667
0.0010563952543474727,0.3381855874532426
0.0010563952543474727,0.33821563237039376
0.0010563952543474727,0.33826069974612044
0.0010563952543474727,0.3382907446632716
0.0010563952543474727,0.33835083449757386
0.0010563952543474727,0.338380879414725
0.0010563952543474727,0.33865128366908526
0.0010563952543474727,0.3386813285862364
0.0010563952543474727,0.33877146333768987
0.0010563952543474727,0.33881653071341655
0.0010563952543474727,0.33887662054771883
0.0010563952543474727,0.3389968002163234
0.0010563952543474727,0.33904186759205013
0.0010563952543474727,0.33907191250920127
0.0010563952543474727,0.3392371595535325
0.0010563952543474727,0.33926720447068365
0.0010563952543474727,0.33928222692925925
0.0010563952543474727,0.3393122718464104
0.0010563952543474727,0.3397779680622531
0.0010563952543474727,0.3398080129794042
0.0010563952543474727,0.33983805789655536
0.0010563952543474727,0.33989814773085764
0.0010563952543474727,0.34015352952664235
0.0010563952543474727,0.3401835744437935
0.0010563952543474727,0.34034882148812473
0.0010563952543474727,0.340408911322427
0.0010563952543474727,0.340934697372572
0.0010563952543474727,0.34099478720687426
0.0010563952543474727,0.34131025883696126
0.0010563952543474727,0.3413403037541124
0.0010563952543474727,0.3416557753841994
0.0010563952543474727,0.34168582030135053
0.0010563952543474727,0.3419712470142864
0.0010563952543474727,0.3420012919314375
0.0010563952543474727,0.3423468084786756
0.0010563952543474727,0.34237685339582674
0.0010563952543474727,0.34284254961166943
0.0010563952543474727,0.3428725945288206
0.0010563952543474727,0.3429176619045473
0.0010563952543474727,0.34294770682169845
0.0010563952543474727,0.3432932233689366
0.0010563952543474727,0.3433232682860877
0.0010563952543474727,0.3436086949990235
0.0010563952543474727,0.34365376237475026
0.0010563952543474727,0.34378896450193036
0.0010563952543474727,0.3438340318776571
0.0010563952543474727,0.34411945859059295
0.0010563952543474727,0.34416452596631963
0.0010563952543474727,0.3442847056349242
0.0010563952543474727,0.34431475055207533
0.0010563952543474727,0.34451004251355777
0.0010563952543474727,0.3445400874307089
0.0010563952543474727,0.3446452446407379
0.0010563952543474727,0.3446903120164646
0.0010563952543474727,0.3448555590607959
0.0010563952543474727,0.34488560397794704
0.0010563952543474727,0.3450508510222783
0.0010563952543474727,0.3450808959394294
0.0010563952543474727,0.34514098577373176
0.0010563952543474727,0.34518605314945844
0.0010563952543474727,0.34535130019378973
0.0010563952543474727,0.345411390028092
0.0010563952543474727,0.3454564574038187
0.0010563952543474727,0.34548650232096983
0.0010563952543474727,0.34557663707242325
0.0010563952543474727,0.3456066819895744
0.0010563952543474727,0.3456667718238767
0.0010563952543474727,0.3456968167410278
0.0010563952543474727,0.34599726591253926
0.0010563952543474727,0.3460273108296904
0.0010563952543474727,0.3462676701668995
0.0010563952543474727,0.3463277600012018
0.0010563952543474727,0.3464028722940796
0.0010563952543474727,0.3464329172112308
0.0010563952543474727,0.3465681193384109
0.0010563952543474727,0.34659816425556206
0.0010563952543474727,0.3468835909684979
0.0010563952543474727,0.34691363588564905
0.0010563952543474727,0.3471840401400093
0.0010563952543474727,0.34721408505716045
0.0010563952543474727,0.347334264725765
0.0010563952543474727,0.3474243994772184
0.0010563952543474727,0.34745444439436957
0.0010563952543474727,0.3474844893115207
0.0010563952543474727,0.3474995117700963
0.0010563952543474727,0.34752955668724744
0.0010563952543474727,0.34784502831733444
0.0010563952543474727,0.3478750732344856
0.0010563952543474727,0.34793516306878786
0.0010563952543474727,0.347965207985939
0.0010563952543474727,0.34798023044451454
0.0010563952543474727,0.3480252978202413
0.0010563952543474727,0.3482055673231481
0.0010563952543474727,0.34823561224029925
0.0010563952543474727,0.3482656571574504
0.0010563952543474727,0.3483407694503282
0.0010563952543474727,0.3485060164946595
0.0010563952543474727,0.34853606141181065
0.0010563952543474727,0.34859615124611293
0.0010563952543474727,0.34862619616326407
0.0010563952543474727,0.34877642074901977
0.0010563952543474727,0.3488214881247465
0.0010563952543474727,0.3488815779590488
0.0010563952543474727,0.34894166779335106
0.0010563952543474727,0.34898673516907774
0.0010563952543474727,0.3490468250033801
0.0010563952543474727,0.34915198221340904
0.0010563952543474727,0.3491820271305602
0.0010563952543474727,0.34924211696486246
0.0010563952543474727,0.3492871843405892
0.0010563952543474727,0.3494824763020716
0.0010563952543474727,0.3495125212192227
0.0010563952543474727,0.3495876335121006
0.0010563952543474727,0.34961767842925173
0.0010563952543474727,0.3496927907221296
0.0010563952543474727,0.34972283563928075
0.0010563952543474727,0.34978292547358303
0.0010563952543474727,0.34981297039073417
0.0010563952543474727,0.34987306022503645
0.0010563952543474727,0.3499031051421876
0.0010563952543474727,0.34991812760076313
0.0010563952543474727,0.34994817251791427
0.0010563952543474727,0.3500383072693677
0.0010563952543474727,0.3500683521865188
0.0010563952543474727,0.350308711523728
0.0010563952543474727,0.35033875644087914
0.0010563952543474727,0.3503838238166058
0.0010563952543474727,0.35041386873375696
0.0010563952543474727,0.3505340484023615
0.0010563952543474727,0.3505941382366638
0.0010563952543474727,0.35078943019814623
0.0010563952543474727,0.3508194751152974
0.0010563952543474727,0.35102978953535535
0.0010563952543474727,0.3510598344525065
0.0010563952543474727,0.35124010395541333
0.0010563952543474727,0.35127014887256447
0.0010563952543474727,0.35142037345832017
0.0010563952543474727,0.3514504183754713
0.0010563952543474727,0.35158562050265146
0.0010563952543474727,0.3516156654198026
0.0010563952543474727,0.3518410022984362
0.0010563952543474727,0.3518710472155873
0.0010563952543474727,0.35196118196704074
0.0010563952543474727,0.3519912268841919
0.0010563952543474727,0.3520062493427674
0.0010563952543474727,0.35203629425991856
0.0010563952543474727,0.35205131671849416
0.0010563952543474727,0.3520813616356453
0.0010563952543474727,0.3521564739285231
0.0010563952543474727,0.35220154130424985
0.0010563952543474727,0.35230669851427887
0.0010563952543474727,0.35233674343143
0.0010563952543474727,0.35236678834858115
0.0010563952543474727,0.3523968332657323
0.0010563952543474727,0.35251701293433685
0.0010563952543474727,0.352547057851488
0.0010563952543474727,0.3527723947301215
0.0010563952543474727,0.35281746210584825
0.0010563952543474727,0.3528925743987261
0.0010563952543474727,0.3529526642330284
0.0010563952543474727,0.35305782144305736
0.0010563952543474727,0.3531028888187841
0.0010563952543474727,0.3532531134045398
0.0010563952543474727,0.3532981807802665
0.0010563952543474727,0.3535535625760512
0.0010563952543474727,0.35358360749320233
0.0010563952543474727,0.3536587197860802
0.0010563952543474727,0.3537037871618069
0.0010563952543474727,0.35374885453753363
0.0010563952543474727,0.35377889945468477
0.0010563952543474727,0.3538089443718359
0.0010563952543474727,0.35383898928898705
0.0010563952543474727,0.35398921387474275
0.0010563952543474727,0.3540192587918939
0.0010563952543474727,0.3540943710847717
0.0010563952543474727,0.35412441600192285
0.0010563952543474727,0.354259618129103
0.0010563952543474727,0.35428966304625414
0.0010563952543474727,0.3543347304219809
0.0010563952543474727,0.354364775339132
0.0010563952543474727,0.35454504484203886
0.0010563952543474727,0.35457508975919
0.0010563952543474727,0.35460513467634114
0.0011376564277588168,0.35460513467634114
0.0011376564277588168,0.35468024696921896
0.0011376564277588168,0.3547102918863701
0.0011376564277588168,0.35507083089218383
0.0011376564277588168,0.35510087580933497
0.0011376564277588168,0.3553412351465441
0.0011376564277588168,0.3554163474394219
0.0011376564277588168,0.35561163940090434
0.0011376564277588168,0.3556867516937822
0.0011376564277588168,0.3558219538209623
0.0011376564277588168,0.35585199873811346
0.0011376564277588168,0.35591208857241574
0.0011376564277588168,0.3559421334895669
0.0011376564277588168,0.35648294199828745
0.0011376564277588168,0.35655805429116527
0.0011376564277588168,0.3570087280484324
0.0011376564277588168,0.3570537954241591
0.0011376564277588168,0.35708384034131024
0.0011376564277588168,0.3571138852584614
0.0011376564277588168,0.35718899755133926
0.0011376564277588168,0.3572190424684904
0.0011376564277588168,0.35741433442997284
0.0011376564277588168,0.3574744242642751
0.0011376564277588168,0.35763967130860636
0.0011376564277588168,0.3576697162257575
0.0011376564277588168,0.3576847386843331
0.0011376564277588168,0.35771478360148423
0.0011376564277588168,0.3578199408115132
0.0011376564277588168,0.35786500818723993
0.0011376564277588168,0.35795514293869335
0.0011376564277588168,0.3579851878558445
0.0011376564277588168,0.35825559211020475
0.0011376564277588168,0.3582856370273559
0.0011376564277588168,0.3583907942373849
0.0011376564277588168,0.35842083915453604
0.0011376564277588168,0.358525996364565
0.0011376564277588168,0.35855604128171614
0.0011376564277588168,0.3586011086574429
0.0011376564277588168,0.358631153574594
0.0011376564277588168,0.35864617603316956
0.0011376564277588168,0.3587062658674719
0.0011376564277588168,0.35872128832604744
0.0011376564277588168,0.3587663557017742
0.0011376564277588168,0.3587964006189253
0.0011376564277588168,0.3590818273318611
0.0011376564277588168,0.3591419171661634
0.0011376564277588168,0.35921702945904127
0.0011376564277588168,0.3592470743761924
0.0011376564277588168,0.35926209683476795
0.0011376564277588168,0.3592921417519191
0.0011376564277588168,0.35959259092343054
0.0011376564277588168,0.3596226358405817
0.0011376564277588168,0.3597127705920351
0.0011376564277588168,0.3597728604263374
0.0011376564277588168,0.35983295026063966
0.0011376564277588168,0.3598479727192152
0.0011376564277588168,0.35989304009494194
0.0011376564277588168,0.3599230850120931
0.0011376564277588168,0.3599531299292442
0.0011376564277588168,0.3601183769735755
0.0011376564277588168,0.3601634443493022
0.0011376564277588168,0.36020851172502893
0.0011376564277588168,0.3602385566421801
0.0011376564277588168,0.3608845223609296
0.0011376564277588168,0.36091456727808074
0.0011376564277588168,0.3610347469466853
0.0011376564277588168,0.36106479186383644
0.0011376564277588168,0.36160560037255696
0.0011376564277588168,0.3616506677482837
0.0011376564277588168,0.36168071266543483
0.0011376564277588168,0.36181591479261493
0.0011376564277588168,0.3618459597097661
0.0011376564277588168,0.36193609446121955
0.0011376564277588168,0.36198116183694623
0.0011376564277588168,0.3624919254285156
0.0011376564277588168,0.36252197034566674
0.0011376564277588168,0.36264215001427136
0.0011376564277588168,0.36268721738999804
0.0011376564277588168,0.3627172623071492
0.0011376564277588168,0.3627322847657248
0.0011376564277588168,0.3627623296828759
0.0011376564277588168,0.3629125542686316
0.0011376564277588168,0.36294259918578275
0.0011376564277588168,0.363107846230114
0.0011376564277588168,0.36313789114726513
0.0011376564277588168,0.36340829540162545
0.0011376564277588168,0.36345336277735213
0.0011376564277588168,0.3635885649045323
0.0011376564277588168,0.3636186098216834
0.0011376564277588168,0.363843946700317
0.0011376564277588168,0.36387399161746814
0.0011376564277588168,0.3638890140760437
0.0011376564277588168,0.3639340814517704
0.0011376564277588168,0.364054261120375
0.0011376564277588168,0.3640843060375261
0.0011376564277588168,0.3641443958718284
0.0011376564277588168,0.3641894632475551
0.0011376564277588168,0.36439977766761306
0.0012189176011701609,0.36439977766761306
0.0012189176011701609,0.3644298225847642
0.0012189176011701609,0.3645049348776421
0.0012189176011701609,0.3645349797947932
0.0012189176011701609,0.3646852043805489
0.0012189176011701609,0.36471524929770005
0.0012189176011701609,0.36488049634203135
0.0012189176011701609,0.3649105412591825
0.0012189176011701609,0.3649405861763336
0.0012189176011701609,0.36497063109348477
0.0012189176011701609,0.36512085567924046
0.0012189176011701609,0.36518094551354274
0.0012189176011701609,0.3653912599336007
0.0012189176011701609,0.36542130485075186
0.0012189176011701609,0.3654663722264786
0.0012189176011701609,0.36558655189508316
0.0012189176011701609,0.36563161927080984
0.0012189176011701609,0.36584193369086787
0.0012189176011701609,0.36588700106659455
0.0012189176011701609,0.36596211335947243
0.0012189176011701609,0.36599215827662357
0.0012189176011701609,0.366082293028077
0.0012189176011701609,0.36611233794522813
0.0012189176011701609,0.36629260744813497
0.0012189176011701609,0.3663226523652861
0.0012189176011701609,0.3664127871167395
0.0012189176011701609,0.36645785449246626
0.0012189176011701609,0.3669986630011868
0.0012189176011701609,0.3670437303769135
0.0012189176011701609,0.36707377529406465
0.0012189176011701609,0.3673892469241516
0.0012189176011701609,0.36741929184130273
0.0012189176011701609,0.36759956134420957
0.0012189176011701609,0.3676296062613607
0.0012189176011701609,0.36827557198011024
0.0012189176011701609,0.3683056168972614
0.0012189176011701609,0.3683506842729881
0.0012189176011701609,0.36839575164871485
0.0012189176011701609,0.36845584148301713
0.0012189176011701609,0.36848588640016827
0.0012189176011701609,0.3685159313173194
0.0012189176011701609,0.3685609986930461
0.0012189176011701609,0.36860606606877283
0.0012189176011701609,0.3686661559030751
0.0012189176011701609,0.36868117836165065
0.0012189176011701609,0.3687112232788018
0.0012189176011701609,0.36875629065452853
0.0012189176011701609,0.36878633557167967
0.0012189176011701609,0.3692219868703712
0.0012189176011701609,0.36925203178752236
0.0012189176011701609,0.3693722114561269
0.0012189176011701609,0.36940225637327806
0.0012189176011701609,0.36944732374900474
0.0012189176011701609,0.3694773686661559
0.0012189176011701609,0.36959754833476044
0.0012189176011701609,0.36962759325191163
0.0012189176011701609,0.3696576381690628
0.0012189176011701609,0.36970270554478946
0.0012189176011701609,0.3698078627548185
0.0012189176011701609,0.3698379076719696
0.0012189176011701609,0.37010831192632987
0.0012189176011701609,0.370138356843481
0.0012189176011701609,0.37016840176063215
0.0012189176011701609,0.3701984466777833
0.0012189176011701609,0.3702885814292367
0.0012189176011701609,0.37031862634638785
0.0012189176011701609,0.37042378355641686
0.0012189176011701609,0.370453828473568
0.0012189176011701609,0.37055898568359696
0.001300178774581505,0.37055898568359696
0.001300178774581505,0.37087445731368396
0.001300178774581505,0.3709645920651374
0.001300178774581505,0.37108477173374194
0.001300178774581505,0.3711148166508931
0.001300178774581505,0.37118992894377095
0.001300178774581505,0.3712199738609221
0.001300178774581505,0.37149037811528235
0.001300178774581505,0.3715204230324335
0.001300178774581505,0.37164060270103805
0.001300178774581505,0.3716706476181892
0.001300178774581505,0.3720762539997296
0.001300178774581505,0.37210629891688074
0.001300178774581505,0.37225652350263644
0.001300178774581505,0.3722865684197876
0.001300178774581505,0.3724367930055433
0.001300178774581505,0.3724668379226944
0.001300178774581505,0.3725419502155723
0.001300178774581505,0.37260204004987457
0.001300178774581505,0.37266212988417685
0.001300178774581505,0.372692174801328
0.001300178774581505,0.37281235446993255
0.001300178774581505,0.3728574218456593
0.001300178774581505,0.37291751167996157
0.001381439947992849,0.37291751167996157
0.001381439947992849,0.3729325341385371
0.001381439947992849,0.37296257905568825
0.001381439947992849,0.37305271380714167
0.001381439947992849,0.3730827587242928
0.001381439947992849,0.3733080956029264
0.001381439947992849,0.3733381405200775
0.001381439947992849,0.3734883651058332
0.001381439947992849,0.37351841002298436
0.001381439947992849,0.3735634773987111
0.001381439947992849,0.37359352231586224
0.001381439947992849,0.3736235672330134
0.001381439947992849,0.37374374690161793
0.001381439947992849,0.3737737918187691
0.001381439947992849,0.3738038367359202
0.001381439947992849,0.37383388165307135
0.001381439947992849,0.3739540613216759
0.001381439947992849,0.37398410623882705
0.001381439947992849,0.37404419607312933
0.001381439947992849,0.3741193083660072
0.001381439947992849,0.37419442065888503
0.001381439947992849,0.37422446557603617
0.001381439947992849,0.37458500458184985
0.001381439947992849,0.374615049499001
0.001381439947992849,0.37472020670903
0.001381439947992849,0.37475025162618114
0.001381439947992849,0.3748103414604834
0.001381439947992849,0.37484038637763456
0.001381439947992849,0.3749455435876636
0.001381439947992849,0.37500563342196586
0.001381439947992849,0.3751708804662971
0.001381439947992849,0.37520092538344824
0.001381439947992849,0.3752309703005994
0.001381439947992849,0.3752760376763261
0.001381439947992849,0.3755764868478375
0.0014627011214041932,0.3755764868478375
0.0014627011214041932,0.37566662159929093
0.0014627011214041932,0.37569666651644207
0.0014627011214041932,0.37575675635074435
0.0014627011214041932,0.3757868012678955
0.0014627011214041932,0.3759520483122268
0.0014627011214041932,0.3759820932293779
0.0014627011214041932,0.37631258731804046
0.0014627011214041932,0.3763426322351916
0.0014627011214041932,0.3764027220694939
0.0014627011214041932,0.376432766986645
0.0014627011214041932,0.37647783436237175
0.0014627011214041932,0.3765078792795229
0.0014627011214041932,0.3765829915724007
0.0014627011214041932,0.37662805894812745
0.0014627011214041932,0.3766581038652786
0.0014627011214041932,0.37679330599245875
0.0014627011214041932,0.3768233509096099
0.0014627011214041932,0.37685339582676103
0.0014627011214041932,0.37692850811963885
0.0014627011214041932,0.3771388225396968
0.0014627011214041932,0.37716886745684797
0.0014627011214041932,0.3772890471254525
0.0014627011214041932,0.37731909204260367
0.0014627011214041932,0.37734913695975486
0.0014627011214041932,0.377379181876906
0.0014627011214041932,0.3774242492526327
0.0014627011214041932,0.3774542941697838
0.0014627011214041932,0.3774693166283594
0.0014627011214041932,0.37755945137981284
0.0014627011214041932,0.3775744738383884
0.0014627011214041932,0.3776045187555395
0.0014627011214041932,0.37793501284420206
0.0014627011214041932,0.3779800802199288
0.0014627011214041932,0.37826550693286465
0.0014627011214041932,0.3782955518500158
0.0014627011214041932,0.37873120314870734
0.0014627011214041932,0.3787612480658585
0.0014627011214041932,0.37880631544158516
0.0014627011214041932,0.3788363603587363
0.0014627011214041932,0.3790767196959454
0.0014627011214041932,0.3791518319888233
0.0014627011214041932,0.3792269442817011
0.0014627011214041932,0.37925698919885226
0.0014627011214041932,0.3793621464088813
0.0014627011214041932,0.3793921913260324
0.0014627011214041932,0.37942223624318355
0.0014627011214041932,0.3794522811603347
0.0014627011214041932,0.3795574383703637
0.0014627011214041932,0.37958748328751485
0.0014627011214041932,0.38018838163053764
0.0014627011214041932,0.3802184265476888
0.0014627011214041932,0.3803986960505956
0.0014627011214041932,0.38044376342632236
0.0014627011214041932,0.3804587858848979
0.0014627011214041932,0.38048883080204904
0.0014627011214041932,0.3805639430949269
0.0014627011214041932,0.38059398801207805
0.0014627011214041932,0.3806390553878048
0.0014627011214041932,0.38066910030495593
0.0014627011214041932,0.3808343473492872
0.0014627011214041932,0.38089443718358945
0.0014627011214041932,0.3809244821007406
0.0014627011214041932,0.38096954947646733
0.0014627011214041932,0.3810296393107696
0.0014627011214041932,0.38110475160364743
0.0014627011214041932,0.38114981897937417
0.0014627011214041932,0.3812850211065543
0.0014627011214041932,0.38136013339943214
0.0014627011214041932,0.3814953355266123
0.0014627011214041932,0.38152538044376344
0.0014627011214041932,0.38167560502951914
0.0014627011214041932,0.3817056499466703
0.0014627011214041932,0.3817356948638214
0.0014627011214041932,0.38176573978097256
0.0014627011214041932,0.3817807622395481
0.0014627011214041932,0.38181080715669924
0.0014627011214041932,0.38197605420103053
0.0014627011214041932,0.38202112157675727
0.0014627011214041932,0.3821563237039374
0.0014627011214041932,0.3821863686210885
0.0014627011214041932,0.38223143599681525
0.0014627011214041932,0.3822614809139664
0.0014627011214041932,0.38284735679841364
0.0014627011214041932,0.3828924241741403
0.0014627011214041932,0.38293749154986706
0.0014627011214041932,0.38299758138416934
0.0014627011214041932,0.3830276263013205
0.0014627011214041932,0.3830576712184716
0.0014627011214041932,0.3835233674343143
0.0014627011214041932,0.383568434810041
0.0014627011214041932,0.38359847972719213
0.0014627011214041932,0.3838238166058257
0.0014627011214041932,0.38385386152297685
0.0014627011214041932,0.3839289738158547
0.0014627011214041932,0.38395901873300586
0.0014627011214041932,0.38401910856730814
0.0014627011214041932,0.3840641759430348
0.0014627011214041932,0.38409422086018596
0.0014627011214041932,0.38430453528024394
0.0014627011214041932,0.3843345801973951
0.0014627011214041932,0.38442471494884856
0.0014627011214041932,0.38448480478315084
0.0014627011214041932,0.3845298721588775
0.0014627011214041932,0.38455991707602866
0.0014627011214041932,0.38463502936890653
0.0014627011214041932,0.3846650742860577
0.0014627011214041932,0.38472516412035995
0.0014627011214041932,0.3847552090375111
0.0014627011214041932,0.38501059083329575
0.0014627011214041932,0.3850556582090225
0.0014627011214041932,0.3850706806675981
0.0014627011214041932,0.3851007255847492
0.0014627011214041932,0.3851457929604759
0.0014627011214041932,0.38556642180059186
0.0014627011214041932,0.3856114891763186
0.0014627011214041932,0.38564153409346974
0.0014627011214041932,0.3857617137620743
0.0014627011214041932,0.38579175867922544
0.0014627011214041932,0.3858368260549522
0.0014627011214041932,0.38613727522646357
0.0014627011214041932,0.3861673201436147
0.0014627011214041932,0.38658794898373067
0.0014627011214041932,0.3866179939008818
0.0014627011214041932,0.3872489371610558
0.0014627011214041932,0.38727898207820693
0.0014627011214041932,0.3873240494539336
0.0014627011214041932,0.38735409437108476
0.0014627011214041932,0.3873841392882359
0.0014627011214041932,0.3874442291225382
0.001543962294815537,0.3874442291225382
0.001543962294815537,0.3874592515811138
0.001543962294815537,0.3874892964982649
0.001543962294815537,0.38760947616686947
0.001543962294815537,0.3876395210840206
0.001543962294815537,0.3876996109183229
0.001543962294815537,0.38772965583547403
0.001543962294815537,0.3877897456697763
0.001543962294815537,0.3878498355040786
0.001543962294815537,0.3882404194270434
0.001543962294815537,0.38827046434419454
0.001543962294815537,0.38828548680277014
0.001543962294815537,0.3883305541784969
0.001543962294815537,0.38843571138852584
0.001543962294815537,0.388465756305677
0.001543962294815537,0.38858593597428154
0.001543962294815537,0.3886159808914327
0.001543962294815537,0.3886460258085838
0.001543962294815537,0.38869109318431055
0.001543962294815537,0.3888713626872174
0.001543962294815537,0.38890140760436853
0.001543962294815537,0.3889164300629441
0.001543962294815537,0.38894647498009527
0.001543962294815537,0.38905163219012423
0.001543962294815537,0.38908167710727537
0.001543962294815537,0.38920185677587993
0.001543962294815537,0.38924692415160667
0.001543962294815537,0.3893370589030601
0.001543962294815537,0.3893671038202112
0.001543962294815537,0.38938212627878677
0.001543962294815537,0.3894121711959379
0.001543962294815537,0.3894722610302402
0.001543962294815537,0.3895023059473913
0.001543962294815537,0.38960746315742034
0.001543962294815537,0.3896375080745715
0.001543962294815537,0.3898778674117806
0.001543962294815537,0.38990791232893174
0.001543962294815537,0.39001306953896075
0.001543962294815537,0.3900881818318386
0.001543962294815537,0.3901933390418676
0.001543962294815537,0.39023840641759433
0.001543962294815537,0.390283473793321
0.001543962294815537,0.39031351871047215
0.001543962294815537,0.3903435636276233
0.001543962294815537,0.39040365346192557
0.001543962294815537,0.3906590352577103
0.001543962294815537,0.39071912509201256
0.001543962294815537,0.3907491700091637
0.001543962294815537,0.39077921492631484
0.001543962294815537,0.3908242823020415
0.001543962294815537,0.39085432721919267
0.001543962294815537,0.39147024802079106
0.001543962294815537,0.3915303378550934
0.001543962294815537,0.39156038277224453
0.001543962294815537,0.39159042768939567
0.001543962294815537,0.3916655399822735
0.001543962294815537,0.39169558489942463
0.001543962294815537,0.39187585440233147
0.001543962294815537,0.3919659891537849
0.001543962294815537,0.3920561239052383
0.001543962294815537,0.39210119128096504
0.001543962294815537,0.3921162137395406
0.001543962294815537,0.3921462586566918
0.001543962294815537,0.39220634849099406
0.001543962294815537,0.39225141586672074
0.001543962294815537,0.39226643832529634
0.001543962294815537,0.392311505701023
0.001543962294815537,0.3925969324139589
0.001543962294815537,0.39262697733111
0.001543962294815537,0.39295747141977255
0.001543962294815537,0.3930025387954993
0.001543962294815537,0.3935583697627954
0.001543962294815537,0.39358841467994654
0.001543962294815537,0.3938588189343068
0.001543962294815537,0.39388886385145794
0.001543962294815537,0.39403908843721364
0.001543962294815537,0.3940691333543648
0.001543962294815537,0.3943996274430273
0.001543962294815537,0.39442967236017845
0.001543962294815537,0.39450478465305633
0.001543962294815537,0.39453482957020747
0.001543962294815537,0.394549852028783
0.001543962294815537,0.39457989694593415
0.001543962294815537,0.3947301215316899
0.001543962294815537,0.39476016644884104
0.001543962294815537,0.39489536857602114
0.001543962294815537,0.3949254134931723
0.001543962294815537,0.39506061562035244
0.001543962294815537,0.3951056829960791
0.001543962294815537,0.39545119954331726
0.001543962294815537,0.3954812444604684
0.001543962294815537,0.3956464915047997
0.001543962294815537,0.3956915588805264
0.001543962294815537,0.39576667117340425
0.001543962294815537,0.39582676100770653
0.001543962294815537,0.39584178346628207
0.001543962294815537,0.3958718283834332
0.001543962294815537,0.3960520978863401
0.001543962294815537,0.39608214280349124
0.001543962294815537,0.3963976144335782
0.001543962294815537,0.3964276593507293
0.001543962294815537,0.39651779410218274
0.001543962294815537,0.3965478390193339
0.001543962294815537,0.3967130860636652
0.001543962294815537,0.3967581534393919
0.001543962294815537,0.39677317589796746
0.001543962294815537,0.3968032208151186
0.001543962294815537,0.39683326573226974
0.001543962294815537,0.3968783331079965
0.001543962294815537,0.39722384965523455
0.001543962294815537,0.3972538945723857
0.001543962294815537,0.3973740742409903
0.001543962294815537,0.39740411915814144
0.001543962294815537,0.39753932128532155
0.001543962294815537,0.3975693662024727
0.001543962294815537,0.3976144335781994
0.001543962294815537,0.39768954587107724
0.001543962294815537,0.397734613246804
0.001543962294815537,0.39779470308110626
0.001543962294815537,0.39792990520828636
0.001543962294815537,0.3979749725840131
0.001543962294815537,0.3979899950425887
0.001543962294815537,0.39802003995973984
0.001543962294815537,0.3980350624183154
0.001543962294815537,0.3980651073354665
0.001543962294815537,0.39835053404840237
0.001543962294815537,0.3983805789655535
0.001543962294815537,0.39839560142412905
0.001543962294815537,0.3984256463412802
0.001543962294815537,0.3984406687998558
0.001543962294815537,0.39847071371700693
0.001543962294815537,0.39856084846846035
0.001543962294815537,0.3986059158441871
0.001543962294815537,0.3990415671428786
0.001543962294815537,0.3990716120600297
0.001543962294815537,0.3990866345186053
0.001543962294815537,0.39911667943575646
0.001543962294815537,0.3993119713972389
0.001543962294815537,0.39934201631439004
0.001543962294815537,0.3996124205687503
0.001543962294815537,0.39964246548590143
0.001543962294815537,0.39967251040305257
0.001543962294815537,0.3997025553202037
0.001543962294815537,0.39986780236453495
0.001543962294815537,0.39989784728168615
0.001543962294815537,0.40018327399462195
0.001543962294815537,0.4002133189117731
0.001543962294815537,0.4004687007075578
0.001543962294815537,0.40049874562470894
0.001543962294815537,0.40088932954767376
0.001543962294815537,0.4009193744648249
0.001543962294815537,0.40094941938197604
0.001543962294815537,0.4009944867577028
0.001543962294815537,0.4010095092162783
0.001543962294815537,0.40103955413342945
0.001543962294815537,0.40109964396773173
0.001543962294815537,0.40114471134345847
0.001543962294815537,0.40115973380203407
0.001543962294815537,0.4011897787191852
0.001543962294815537,0.4015653401835744
0.001543962294815537,0.40161040755930116
0.001543962294815537,0.401685519852179
0.001543962294815537,0.4017155647693301
0.001543962294815537,0.40206108131656826
0.001543962294815537,0.402106148692295
0.001543962294815537,0.40228641819520183
0.001543962294815537,0.4023314855709285
0.001543962294815537,0.4024967326152598
0.001543962294815537,0.40252677753241095
0.001543962294815537,0.4025718449081377
0.001543962294815537,0.40263193474243997
0.001543962294815537,0.4026619796595911
0.001543962294815537,0.4027971817867712
0.001543962294815537,0.40284224916249795
0.001543962294815537,0.4029624288311025
0.001543962294815537,0.40299247374825364
0.001543962294815537,0.4033680352126429
0.001543962294815537,0.40339808012979406
0.001543962294815537,0.4037285742184566
0.001543962294815537,0.40377364159418333
0.001543962294815537,0.40381870896991
0.001543962294815537,0.40386377634563675
0.001543962294815537,0.40405906830711913
0.001543962294815537,0.40408911322427027
0.001543962294815537,0.40440458485435726
0.001543962294815537,0.4044346297715084
0.001543962294815537,0.4045097420643863
0.001543962294815537,0.4045397869815374
0.001543962294815537,0.4047350789430198
0.001543962294815537,0.40476512386017094
0.001543962294815537,0.4048402361530488
0.001543962294815537,0.40487028107019996
0.001543962294815537,0.4048853035287755
0.001543962294815537,0.40493037090450223
0.001543962294815537,0.40503552811453125
0.001543962294815537,0.4050655730316824
0.001543962294815537,0.4051106404074091
0.001543962294815537,0.4051406853245602
0.001543962294815537,0.4053660222031938
0.001543962294815537,0.4053960671203449
0.001543962294815537,0.40580167350188534
0.001543962294815537,0.4058317184190365
0.001543962294815537,0.4059068307119143
0.001543962294815537,0.40593687562906544
0.001543962294815537,0.40610212267339674
0.001543962294815537,0.4061321675905479
0.001543962294815537,0.40617723496627456
0.001543962294815537,0.4062072798834257
0.001543962294815537,0.4066279087235417
0.001543962294815537,0.4066729760992684
0.001543962294815537,0.40674808839214627
0.001543962294815537,0.40679315576787295
0.001543962294815537,0.4071837396908378
0.001543962294815537,0.40721378460798896
0.001543962294815537,0.4073039193594424
0.001543962294815537,0.4073339642765935
0.001543962294815537,0.40751423377950036
0.001543962294815537,0.40755930115522704
0.001543962294815537,0.4076193909895294
0.001543962294815537,0.4076494359066805
0.001543962294815537,0.4076945032824072
0.001543962294815537,0.40772454819955833
0.001543962294815537,0.40781468295101175
0.001543962294815537,0.4078447278681629
0.001543962294815537,0.40790481770246517
0.001543962294815537,0.4079348626196163
0.001543962294815537,0.40811513212252315
0.001543962294815537,0.4081601994982499
0.001543962294815537,0.40817522195682543
0.001543962294815537,0.40820526687397657
0.001543962294815537,0.40828037916685445
0.001543962294815537,0.4083104240840056
0.001543962294815537,0.40873105292412154
0.001543962294815537,0.4087761202998483
0.001543962294815537,0.40891132242702843
0.001543962294815537,0.4089413673441796
0.001543962294815537,0.4092568389742665
0.001543962294815537,0.4093169288085688
0.001543962294815537,0.4093319512671444
0.001543962294815537,0.40936199618429553
0.001543962294815537,0.40943710847717335
0.001543962294815537,0.4094671533943245
0.001543962294815537,0.4096774678143825
0.001543962294815537,0.40970751273153366
0.001543962294815537,0.40991782715159164
0.001543962294815537,0.4099478720687428
0.001543962294815537,0.4100830741959229
0.001543962294815537,0.4101281415716496
0.001543962294815537,0.410428590743161
0.001543962294815537,0.41047365811888775
0.001543962294815537,0.4108191746661259
0.001543962294815537,0.410849219583277
0.001543962294815537,0.41122478104766624
0.001543962294815537,0.4112548259648174
0.001543962294815537,0.4113449607162708
0.001543962294815537,0.4114050505505731
0.001543962294815537,0.4114200730091487
0.001543962294815537,0.4114501179262998
0.001543962294815537,0.41148016284345096
0.001543962294815537,0.4115252302191777
0.001543962294815537,0.41155527513632884
0.001543962294815537,0.41158532005348
0.001543962294815537,0.41163038742920666
0.001543962294815537,0.4116604323463578
0.001543962294815537,0.4119158141421425
0.001543962294815537,0.41194585905929365
0.001543962294815537,0.4121261285622005
0.001543962294815537,0.41215617347935163
0.001543962294815537,0.4122162633136539
0.001543962294815537,0.4122763531479562
0.001543962294815537,0.4122913756065318
0.001543962294815537,0.41233644298225847
0.001543962294815537,0.41248666756801416
0.001543962294815537,0.4125317349437409
0.001543962294815537,0.41256177986089204
0.001543962294815537,0.4126068472366187
0.001543962294815537,0.41295236378385686
0.001543962294815537,0.412982408701008
0.001543962294815537,0.4133880150825484
0.001543962294815537,0.41341805999969955
0.001543962294815537,0.41356828458545525
0.001543962294815537,0.4135983295026064
0.001543962294815537,0.4137485540883621
0.001543962294815537,0.4137785990055132
0.001543962294815537,0.4138386888398155
0.001543962294815537,0.41388375621554224
0.001543962294815537,0.41403398080129794
0.001543962294815537,0.4140640257184491
0.001543962294815537,0.4142142503042048
0.001543962294815537,0.4142442952213559
0.001543962294815537,0.4144546096414139
0.001543962294815537,0.4145146994757162
0.001543962294815537,0.41458981176859405
0.001543962294815537,0.4146198566857452
0.001543962294815537,0.41464990160289633
0.001543962294815537,0.41467994652004747
0.001543962294815537,0.41474003635434975
0.001543962294815537,0.4147700812715009
0.001543962294815537,0.41490528339868105
0.001543962294815537,0.4149353283158322
0.001543962294815537,0.4153860020730993
0.001543962294815537,0.41544609190740156
0.001543962294815537,0.4154911592831283
0.001543962294815537,0.41552120420027944
0.001543962294815537,0.4156864512446107
0.001543962294815537,0.4157315186203374
0.001543962294815537,0.4161070800847267
0.001543962294815537,0.41616716991902897
0.001543962294815537,0.4162573046704824
0.001543962294815537,0.4162873495876335
0.001543962294815537,0.41636246188051135
0.001543962294815537,0.4163925067976625
0.001543962294815537,0.4165727763005693
0.001543962294815537,0.41661784367629606
0.001543962294815537,0.41663286613487166
0.001543962294815537,0.4166629110520228
0.001543962294815537,0.4167230008863251
0.001543962294815537,0.4167530458034762
0.001543962294815537,0.4167981131792029
0.001543962294815537,0.41682815809635404
0.001543962294815537,0.4168582030135052
0.001543962294815537,0.4168882479306563
0.001543962294815537,0.41693331530638306
0.001543962294815537,0.41697838268210974
0.001543962294815537,0.417038472516412
0.001543962294815537,0.41708353989213875
0.001543962294815537,0.41739901152222575
0.001543962294815537,0.4174290564393769
0.001543962294815537,0.41744407889795243
0.001543962294815537,0.4175041687322547
0.001543962294815537,0.41778959544519056
0.001543962294815537,0.4178196403623417
0.001543962294815537,0.417984887406673
0.001543962294815537,0.4180299547823997
0.001543962294815537,0.4180449772409753
0.001543962294815537,0.4180750221581264
0.001543962294815537,0.41809004461670196
0.001543962294815537,0.4181200895338531
0.001543962294815537,0.41824026920245766
0.001543962294815537,0.4182703141196088
0.001543962294815537,0.4183754713296378
0.001543962294815537,0.41840551624678896
0.001543962294815537,0.4185106734568179
0.001543962294815537,0.41854071837396906
0.001543962294815537,0.41861583066684693
0.001543962294815537,0.4186458755839981
0.001543962294815537,0.41872098787687595
0.0016252234682268812,0.41872098787687595
0.0016252234682268812,0.41876605525260263
0.0016252234682268812,0.41879610016975377
0.0016252234682268812,0.41891627983835833
0.0016252234682268812,0.41894632475550947
0.0016252234682268812,0.4189763696726606
0.0016252234682268812,0.41900641458981175
0.0016252234682268812,0.41926179638559646
0.0016252234682268812,0.4192918413027476
0.0016252234682268812,0.4193519311370499
0.0016252234682268812,0.4193969985127766
0.0016252234682268812,0.4196674027671369
0.0016252234682268812,0.419697447684288
0.0016252234682268812,0.42028332356873527
0.0016252234682268812,0.4203133684858864
0.0016252234682268812,0.42059879519882226
0.0016252234682268812,0.4206288401159734
0.0016252234682268812,0.4207790647017291
0.0016252234682268812,0.4208391545360314
0.0016252234682268812,0.4209893791217871
0.0016252234682268812,0.42103444649751376
0.0016252234682268812,0.42104946895608936
0.0017064846416382253,0.42104946895608936
0.0017064846416382253,0.4211546261661184
0.0017064846416382253,0.4211846710832695
0.0017064846416382253,0.42134991812760075
0.0017064846416382253,0.4213799630447519
0.0017064846416382253,0.421620322381961
0.0017064846416382253,0.42166538975768775
0.0017064846416382253,0.4216804122162633
0.0017064846416382253,0.42171045713341443
0.0017064846416382253,0.4218757041777457
0.0017064846416382253,0.42190574909489686
0.0017064846416382253,0.4220860185978037
0.0017064846416382253,0.42211606351495484
0.0017064846416382253,0.4221761533492571
0.0017064846416382253,0.42220619826640826
0.0017064846416382253,0.4223263779350128
0.0017064846416382253,0.42235642285216396
0.0017064846416382253,0.42253669235507085
0.0017064846416382253,0.4226118046479487
0.0017064846416382253,0.4226418495650998
0.0017064846416382253,0.42291225381946007
0.0017064846416382253,0.4229573211951868
0.0017064846416382253,0.42297234365376235
0.0017064846416382253,0.4230023885709135
0.0017064846416382253,0.4237234665825409
0.0017064846416382253,0.42375351149969204
0.0017064846416382253,0.4238286237925699
0.0017064846416382253,0.4238736911682966
0.0017064846416382253,0.4239337810025989
0.0017064846416382253,0.42396382591975
0.0017064846416382253,0.4240239157540523
0.0017064846416382253,0.42405396067120343
0.0017064846416382253,0.424489611969895
0.0017064846416382253,0.4245196568870461
0.0017064846416382253,0.424594769179924
0.0017877458150495694,0.424594769179924
0.0017877458150495694,0.42486517343428426
0.0017877458150495694,0.4248952183514354
0.0017877458150495694,0.4249853531028888
0.0017877458150495694,0.42501539802003996
0.0017877458150495694,0.4253008247329758
0.0017877458150495694,0.4253458921087025
0.0017877458150495694,0.42546607177730705
0.0019502681618722574,0.42546607177730705
0.0019502681618722574,0.42552616161160933
0.0019502681618722574,0.42557122898733607
0.0019502681618722574,0.42593176799314975
0.0019502681618722574,0.4259618129103009
0.0019502681618722574,0.42608199257890544
0.0019502681618722574,0.4261120374960566
0.0019502681618722574,0.4261420824132077
0.0019502681618722574,0.42618714978893446
0.0019502681618722574,0.4262772845403879
0.0019502681618722574,0.426307329457539
0.0019502681618722574,0.42639746420899244
0.0019502681618722574,0.4264275091261436
0.0019502681618722574,0.426727958297655
0.0019502681618722574,0.4267730256733817
0.0019502681618722574,0.426833115507684
0.0019502681618722574,0.42686316042483513
0.0019502681618722574,0.4269983625520153
0.0019502681618722574,0.42705845238631757
0.0019502681618722574,0.4274340138507068
0.0021127905086949453,0.4274340138507068
0.0021127905086949453,0.4274490363092824
0.0021127905086949453,0.4274790812264335
0.0021127905086949453,0.42788468760797393
0.0021127905086949453,0.4279147325251251
0.0021127905086949453,0.42803491219372963
0.0021127905086949453,0.4280649571108808
0.0021127905086949453,0.4281400694037586
0.0021127905086949453,0.42817011432090973
0.0021127905086949453,0.4282452266137876
0.0021127905086949453,0.42827527153093875
0.0021127905086949453,0.42836540628239217
0.0021127905086949453,0.4284104736581189
0.0021127905086949453,0.42853065332672347
0.0021127905086949453,0.4285606982438746
0.0021127905086949453,0.4289362597082639
0.0021127905086949453,0.428966304625415
0.0021127905086949453,0.4290263944597173
0.0021127905086949453,0.429071461835444
0.0021127905086949453,0.42928177625550196
0.0021127905086949453,0.4293268436312287
0.0021127905086949453,0.42935688854837983
0.0021940516821062897,0.42935688854837983
0.0021940516821062897,0.429386933465531
0.0021940516821062897,0.4294169783826821
0.0021940516821062897,0.4294770682169844
0.0021940516821062897,0.42950711313413553
0.0021940516821062897,0.4295822254270134
0.0021940516821062897,0.4296423152613157
0.0021940516821062897,0.42970240509561797
0.0021940516821062897,0.42974747247134465
0.0021940516821062897,0.42998783180855377
0.0021940516821062897,0.4300178767257049
0.0021940516821062897,0.4301981462286118
0.0021940516821062897,0.43022819114576294
0.0021940516821062897,0.4305586852344255
0.0021940516821062897,0.43060375261015216
0.0021940516821062897,0.4306337975273033
0.0021940516821062897,0.43066384244445444
0.0021940516821062897,0.4310544263674193
0.0021940516821062897,0.431099493743146
0.0021940516821062897,0.4312497183289017
0.0021940516821062897,0.43132483062177956
0.0021940516821062897,0.43147505520753526
0.0021940516821062897,0.4315051001246864
0.0021940516821062897,0.43179052683762226
0.0021940516821062897,0.4318205717547734
0.0021940516821062897,0.4318656391305001
0.0021940516821062897,0.4318956840476512
0.0021940516821062897,0.4319557738819535
0.0021940516821062897,0.43198581879910464
0.0021940516821062897,0.4321210209262848
0.0021940516821062897,0.4321811107605871
0.0021940516821062897,0.43219613321916267
0.0021940516821062897,0.4322261781363138
0.0021940516821062897,0.4322712455120405
0.0021940516821062897,0.43231631288776723
0.0021940516821062897,0.43300734598224344
0.0021940516821062897,0.4330373908993946
0.0021940516821062897,0.4330674358165457
0.0021940516821062897,0.43311250319227246
0.0021940516821062897,0.4331876154851503
0.0021940516821062897,0.4332777502366037
0.0021940516821062897,0.43332281761233044
0.0021940516821062897,0.4333829074466327
0.0021940516821062897,0.43356317694953955
0.0021940516821062897,0.4335932218666907
0.0021940516821062897,0.43365331170099297
0.0021940516821062897,0.4336833566181441
0.0021940516821062897,0.4340138507068067
0.0021940516821062897,0.43404389562395784
0.0021940516821062897,0.43417909775113794
0.0021940516821062897,0.4342241651268647
0.0021940516821062897,0.43434434479546924
0.0021940516821062897,0.4343743897126204
0.0021940516821062897,0.43447954692264934
0.0021940516821062897,0.4345095918398005
0.0021940516821062897,0.43505040034852105
0.0021940516821062897,0.4350804452656722
0.0021940516821062897,0.43511049018282333
0.0021940516821062897,0.43515555755855
0.0021940516821062897,0.43518560247570115
0.0021940516821062897,0.4352156473928523
0.0021940516821062897,0.4358465906530263
0.0021940516821062897,0.43589165802875296
0.0021940516821062897,0.435996815238782
0.0021940516821062897,0.4360418826145087
0.0021940516821062897,0.4361470398245377
0.0021940516821062897,0.4361770847416888
0.0021940516821062897,0.43628224195171783
0.0021940516821062897,0.4363273093274445
0.0021940516821062897,0.4363423317860201
0.0021940516821062897,0.43637237670317125
0.0021940516821062897,0.4365826911232292
0.0021940516821062897,0.43661273604038037
0.0021940516821062897,0.4366578034161071
0.0021940516821062897,0.4367028707918338
0.0021940516821062897,0.4367479381675605
0.0021940516821062897,0.43677798308471166
0.0021940516821062897,0.4368530953775895
0.0021940516821062897,0.4368831402947406
0.0021940516821062897,0.43692820767046736
0.0021940516821062897,0.4369582525876185
0.0021940516821062897,0.43707843225622306
0.0021940516821062897,0.4371084771733742
0.0021940516821062897,0.4371986119248276
0.0021940516821062897,0.43722865684197876
0.0021940516821062897,0.43739390388631005
0.0021940516821062897,0.4374239488034612
0.0021940516821062897,0.43763426322351917
0.0021940516821062897,0.4376643081406703
0.0021940516821062897,0.43776946535069927
0.0021940516821062897,0.4377995102678504
0.0021940516821062897,0.43784457764357715
0.0021940516821062897,0.43790466747787943
0.0021940516821062897,0.4387459251581114
0.0021940516821062897,0.43877597007526253
0.0021940516821062897,0.4391214866225006
0.0021940516821062897,0.43918157645680295
0.0021940516821062897,0.4393468235011342
0.0021940516821062897,0.4393918908768609
0.0021940516821062897,0.43978247479982574
0.0021940516821062897,0.4398125197169769
0.0021940516821062897,0.4401129688884883
0.0021940516821062897,0.4401430138056394
0.0021940516821062897,0.4402031036399417
0.0021940516821062897,0.44027821593281957
0.0021940516821062897,0.44032328330854625
0.0021940516821062897,0.4403533282256974
0.0021940516821062897,0.440473507894302
0.0021940516821062897,0.44050355281145315
0.0021940516821062897,0.44078897952438895
0.0021940516821062897,0.4408490693586912
0.0021940516821062897,0.44104436132017366
0.0021940516821062897,0.4411344960716271
0.0021940516821062897,0.4411645409887782
0.0021940516821062897,0.44135983295026066
0.0021940516821062897,0.4413898778674118
0.0021940516821062897,0.4416753045803476
0.0021940516821062897,0.44170534949749873
0.0021940516821062897,0.44176543933180107
0.0021940516821062897,0.44181050670752775
0.0021940516821062897,0.44212597833761474
0.0021940516821062897,0.4421560232547659
0.0021940516821062897,0.44220109063049257
0.0021940516821062897,0.4422311355476437
0.0021940516821062897,0.44235131521624826
0.0021940516821062897,0.44238136013339946
0.0021940516821062897,0.4425466071777307
0.0021940516821062897,0.44259167455345744
0.0021940516821062897,0.4428620788078177
0.0021940516821062897,0.44289212372496883
0.0021940516821062897,0.44304234831072453
0.0021940516821062897,0.44307239322787567
0.0021940516821062897,0.4434930220679916
0.0021940516821062897,0.44352306698514277
0.0021940516821062897,0.4436282241951718
0.0021940516821062897,0.44368831402947406
0.0021940516821062897,0.44406387549386334
0.0021940516821062897,0.4440939204110145
0.0021940516821062897,0.4442591674553457
0.0021940516821062897,0.44431925728964805
0.0021940516821062897,0.4443493022067992
0.0021940516821062897,0.44440939204110147
0.0021940516821062897,0.4449351780912464
0.0021940516821062897,0.4449652230083976
0.0021940516821062897,0.4449952679255487
0.002356574028928978,0.4449952679255487
0.002356574028928978,0.4452506497213334
0.002356574028928978,0.4452806946384845
0.002356574028928978,0.4454008743070891
0.0024378352023403218,0.4454008743070891
0.0024378352023403218,0.4454309192242402
0.0024378352023403218,0.44546096414139136
0.0024378352023403218,0.44552105397569364
0.0024378352023403218,0.4455510988928448
0.0024378352023403218,0.4455961662685715
0.0024378352023403218,0.44562621118572265
0.0024378352023403218,0.4456562561028738
0.0024378352023403218,0.44568630102002493
0.0024378352023403218,0.4458064806886295
0.0024378352023403218,0.44583652560578063
0.0024378352023403218,0.44585154806435623
0.0024378352023403218,0.44588159298150737
0.0024378352023403218,0.4459116378986585
0.0024378352023403218,0.4459717277329608
0.0024378352023403218,0.44613697477729203
0.0024378352023403218,0.4461970646115943
0.0024378352023403218,0.4462871993630478
0.0024378352023403218,0.44633226673877446
0.0024378352023403218,0.4464674688659546
0.0024378352023403218,0.44649751378310576
0.0024378352023403218,0.4465726260759836
0.0024378352023403218,0.4466026709931347
0.0024378352023403218,0.44664773836886146
0.0024378352023403218,0.4466777832860126
0.0024378352023403218,0.4469181426232217
0.0024378352023403218,0.44694818754037285
0.0024378352023403218,0.44700827737467513
0.0024378352023403218,0.4470383222918263
0.0024378352023403218,0.44720356933615757
0.0024378352023403218,0.4472336142533087
0.0024378352023403218,0.44741388375621555
0.0024378352023403218,0.4474439286733667
0.0024378352023403218,0.44748899604909337
0.0024378352023403218,0.4475190409662445
0.0024378352023403218,0.4476993104691514
0.0024378352023403218,0.44772935538630254
0.0024378352023403218,0.4477594003034537
0.0024378352023403218,0.44780446767918036
0.0024378352023403218,0.4482250965192964
0.0024378352023403218,0.44827016389502305
0.0024378352023403218,0.4483002088121742
0.0024378352023403218,0.4485405681493833
0.0024378352023403218,0.44858563552511005
0.0024378352023403218,0.4486156804422612
0.0024378352023403218,0.4487508825694413
0.0024378352023403218,0.44878092748659243
0.0024378352023403218,0.4488109724037436
0.0024378352023403218,0.44884101732089476
0.0024378352023403218,0.4488710622380459
0.0024378352023403218,0.44890110715519704
0.0024378352023403218,0.4494719605810687
0.0024378352023403218,0.449532050415371
0.0024378352023403218,0.44960716270824885
0.0024378352023403218,0.4496372076254
0.0024378352023403218,0.4496822750011267
0.0024378352023403218,0.4497123199182778
0.0024378352023403218,0.44984752204545797
0.0024378352023403218,0.4498775669626091
0.0024378352023403218,0.4500878813826671
0.0024378352023403218,0.4501179262998182
0.0024378352023403218,0.45022308350984724
0.0024378352023403218,0.4502681508855739
0.0024378352023403218,0.4502831733441495
0.0024378352023403218,0.45031321826130066
0.0024378352023403218,0.4504784653056319
0.0025190963757516656,0.4504784653056319
0.0025190963757516656,0.45050851022278304
0.0025190963757516656,0.45061366743281206
0.0025190963757516656,0.45065873480853874
0.0025190963757516656,0.450718824642841
0.0025190963757516656,0.45076389201856776
0.0025190963757516656,0.45077891447714336
0.0025190963757516656,0.4508089593942945
0.0025190963757516656,0.4511094085658059
0.0025190963757516656,0.4511544759415326
0.0025190963757516656,0.4515901272402241
0.0025190963757516656,0.45163519461595086
0.0025190963757516656,0.4517553742845554
0.0025190963757516656,0.45178541920170656
0.0025190963757516656,0.45187555395316
0.0025190963757516656,0.4519055988703111
0.0025190963757516656,0.45208586837321796
0.0025190963757516656,0.4521159132903691
0.0025190963757516656,0.45255156458906065
0.0025190963757516656,0.45261165442336293
0.0025190963757516656,0.4526867667162408
0.0025190963757516656,0.45271681163339195
0.0025190963757516656,0.4529121035948743
0.0025190963757516656,0.45295717097060106
0.0025190963757516656,0.4529872158877522
0.0025190963757516656,0.45301726080490334
0.0025190963757516656,0.453272642600688
0.0025190963757516656,0.45331770997641474
0.0025190963757516656,0.453377799810717
0.0025190963757516656,0.45340784472786816
0.0025190963757516656,0.4538284735679841
0.0025190963757516656,0.45387354094371085
0.0025190963757516656,0.45393363077801313
0.0025190963757516656,0.45396367569516427
0.0025190963757516656,0.4539937206123154
0.0025190963757516656,0.454008743070891
0.0025190963757516656,0.45403878798804215
0.0025190963757516656,0.45433923715955354
0.0025190963757516656,0.4543692820767047
0.0025190963757516656,0.4544594168281581
0.0025190963757516656,0.45448946174530924
0.0025190963757516656,0.4545195066624604
0.0025190963757516656,0.45456457403818706
0.0025190963757516656,0.4548650232096985
0.0025190963757516656,0.45489506812684966
0.0025190963757516656,0.4549100905854252
0.0025190963757516656,0.45494013550257634
0.0025190963757516656,0.4550002253368786
0.0025190963757516656,0.4550753376297565
0.0025190963757516656,0.45545089909414577
0.0025190963757516656,0.45549596646987245
0.0025190963757516656,0.4556311685970526
0.0025190963757516656,0.4556912584313549
0.0025190963757516656,0.455721303348506
0.0025190963757516656,0.45579641564138385
0.0025190963757516656,0.4558715279342617
0.0025190963757516656,0.45590157285141286
0.0025190963757516656,0.4560968648128953
0.0025190963757516656,0.456141932188622
0.0025190963757516656,0.45620202202292426
0.0025190963757516656,0.456247089398651
0.0025190963757516656,0.45659260594588913
0.0025190963757516656,0.4566376733216158
0.0025190963757516656,0.4567878979073715
0.0025190963757516656,0.4568479877416738
0.0025190963757516656,0.45687803265882493
0.0025190963757516656,0.4568930551174005
0.0025190963757516656,0.45692310003455167
0.0025190963757516656,0.45696816741027835
0.0025190963757516656,0.4570282572445806
0.0025190963757516656,0.4570432797031562
0.0025190963757516656,0.45707332462030736
0.0025190963757516656,0.45759911067045234
0.0025190963757516656,0.457644178046179
0.0025190963757516656,0.4578244475490859
0.0025190963757516656,0.45785449246623705
0.0025190963757516656,0.45792960475911487
0.0025190963757516656,0.457959649676266
0.0025190963757516656,0.4579746721348416
0.0025190963757516656,0.45800471705199275
0.0025190963757516656,0.4581248967205973
0.0025190963757516656,0.458169964096324
0.0025190963757516656,0.45844036835068425
0.0025190963757516656,0.458485435726411
0.0025190963757516656,0.45854552556071326
0.0025190963757516656,0.45862063785359114
0.0025190963757516656,0.45871077260504456
0.0025190963757516656,0.4587408175221957
0.0025190963757516656,0.45875583998077124
0.0025190963757516656,0.4587858848979224
0.0025190963757516656,0.45884597473222466
0.0025190963757516656,0.4588910421079514
0.0025190963757516656,0.4590412666937071
0.0025190963757516656,0.4591013565280094
0.0025190963757516656,0.45917646882088725
0.0025190963757516656,0.45923655865518953
0.0025190963757516656,0.4592816260309162
0.0025190963757516656,0.45931167094806735
0.0025190963757516656,0.45937176078236963
0.0025190963757516656,0.45940180569952077
0.0025190963757516656,0.4594318506166719
0.0025190963757516656,0.45946189553382305
0.0025190963757516656,0.4596571874953055
0.0025190963757516656,0.45970225487103217
0.0025190963757516656,0.4598975468325146
0.0025190963757516656,0.45994261420824134
0.0025190963757516656,0.4601228837111482
0.0025190963757516656,0.46018297354545046
0.0025190963757516656,0.460197996004026
0.0025190963757516656,0.46024306337975274
0.0025190963757516656,0.4602731082969039
0.0025190963757516656,0.4602881307554794
0.0025190963757516656,0.46031817567263056
0.0025190963757516656,0.46039328796550844
0.0025190963757516656,0.4604383553412352
0.0025190963757516656,0.4605284900926886
0.0025190963757516656,0.46055853500983973
0.0025190963757516656,0.4607538269713221
0.00260035754916301,0.4607538269713221
0.00260035754916301,0.4610692986014091
0.00260035754916301,0.46109934351856025
0.00260035754916301,0.46135472531434496
0.00260035754916301,0.4613847702314961
0.00260035754916301,0.46139979269007164
0.00260035754916301,0.4614298376072228
0.00260035754916301,0.4616101071101296
0.00260035754916301,0.4616701969444319
0.00260035754916301,0.46243634233178604
0.00260035754916301,0.4624663872489372
0.00260035754916301,0.46258656691754174
0.00260035754916301,0.462646656751844
0.00260035754916301,0.46267670166899516
0.00260035754916301,0.4626917241275707
0.00260035754916301,0.46272176904472184
0.00260035754916301,0.46287199363047754
0.00260035754916301,0.4629020385476287
0.00260035754916301,0.4630071957576577
0.00260035754916301,0.46305226313338443
0.00260035754916301,0.46312737542626226
0.00260035754916301,0.4631574203434134
0.00260035754916301,0.46320248771914013
0.00260035754916301,0.4633076449291691
0.00260035754916301,0.46333768984632023
0.00260035754916301,0.46335271230489583
0.00260035754916301,0.46338275722204697
0.00260035754916301,0.4638033860621629
0.00260035754916301,0.46384845343788966
0.00260035754916301,0.4639235657307675
0.00260035754916301,0.4639536106479186
0.00260035754916301,0.4640737903165232
0.00260035754916301,0.4641038352336743
0.00260035754916301,0.46429912719515676
0.00260035754916301,0.4643291721123079
0.00260035754916301,0.4645545089909415
0.00260035754916301,0.4645845539080926
0.00260035754916301,0.4646897111181216
0.00260035754916301,0.4647197560352727
0.00260035754916301,0.4649450929139063
0.00260035754916301,0.46497513783105743
0.00260035754916301,0.46500518274820857
0.00260035754916301,0.4650352276653597
0.00260035754916301,0.46536572175402224
0.00260035754916301,0.4653957666711734
0.00260035754916301,0.4655009238812024
0.00260035754916301,0.46553096879835354
0.00260035754916301,0.4658013730527138
0.00260035754916301,0.46584644042844053
0.00260035754916301,0.4661018222242252
0.00260035754916301,0.46614688959995193
0.00260035754916301,0.46625204680998095
0.00260035754916301,0.4662820917271321
0.00260035754916301,0.46638724893716105
0.00260035754916301,0.4664323163128878
0.00260035754916301,0.4665825408986435
0.00260035754916301,0.4666125858157946
0.00260035754916301,0.46664263073294576
0.00260035754916301,0.4666726756500969
0.00260035754916301,0.4670782820316373
0.00260035754916301,0.46710832694878845
0.00260035754916301,0.46731864136884643
0.00260035754916301,0.4673787312031487
0.00260035754916301,0.46751393333032887
0.00260035754916301,0.46754397824748
0.00260035754916301,0.46761909054035783
0.00260035754916301,0.4676791803746601
0.00260035754916301,0.467754292667538
0.00260035754916301,0.4677843375846891
0.00260035754916301,0.4680847867562005
0.00260035754916301,0.46811483167335166
0.00260035754916301,0.4682951011762585
0.00260035754916301,0.46832514609340964
0.00260035754916301,0.4686105728063455
0.00260035754916301,0.4686706626406478
0.00260035754916301,0.4687758198506768
0.00260035754916301,0.46882088722640347
0.00260035754916301,0.46889599951928135
0.00260035754916301,0.46894106689500803
0.00260035754916301,0.46912133639791487
0.00260035754916301,0.4691664037736416
0.00260035754916301,0.4694067631108507
0.00260035754916301,0.46943680802800186
0.00260035754916301,0.469466852945153
0.00260035754916301,0.46949689786230414
0.00260035754916301,0.47030811062538497
0.002681618722574354,0.47030811062538497
0.002681618722574354,0.4703381555425361
0.002681618722574354,0.4704733576697162
0.002681618722574354,0.47051842504544295
0.002681618722574354,0.47059353733832077
0.002681618722574354,0.4707287394655009
0.002681618722574354,0.47075878438265206
0.002681618722574354,0.4707888292998032
0.002681618722574354,0.4710442110955879
0.002681618722574354,0.47113434584704134
0.002681618722574354,0.47147986239427947
0.002681618722574354,0.4715099073114306
0.002681618722574354,0.4716451094386107
0.002681618722574354,0.47169017681433745
0.002681618722574354,0.4718554238586687
0.002681618722574354,0.4719004912343954
0.002681618722574354,0.47229107515736024
0.002681618722574354,0.4723211200745114
0.002681618722574354,0.47238120990881366
0.002681618722574354,0.4724262772845404
0.002681618722574354,0.4725614794117205
0.002681618722574354,0.47259152432887164
0.002681618722574354,0.47269668153890065
0.002681618722574354,0.4727267264560518
0.002681618722574354,0.4728769510418075
0.002681618722574354,0.47292201841753423
0.002681618722574354,0.47299713071041205
0.002681618722574354,0.4730421980861388
0.002681618722574354,0.47310228792044107
0.002681618722574354,0.4731323328375922
0.002681618722574354,0.4731774002133189
0.002681618722574354,0.47325251250619677
0.002681618722574354,0.4732975798819235
0.002681618722574354,0.47340273709195246
0.002681618722574354,0.4734327820091036
0.002681618722574354,0.4736430964291616
0.002681618722574354,0.4736731413463127
0.002681618722574354,0.47392852314209744
0.002681618722574354,0.4739735905178242
0.002681618722574354,0.47409377018642873
0.002681618722574354,0.47412381510357987
0.002681618722574354,0.47416888247930655
0.002681618722574354,0.4741989273964577
0.002681618722574354,0.4746195562365737
0.002681618722574354,0.4746646236123004
0.002681618722574354,0.47504018507668966
0.002681618722574354,0.47510027491099194
0.002681618722574354,0.4751152973695675
0.002681618722574354,0.4751453422867186
0.002681618722574354,0.47519040966244536
0.002681618722574354,0.4752354770381721
0.002681618722574354,0.4754608139168056
0.002681618722574354,0.47549085883395675
0.002681618722574354,0.4757762855468926
0.002681618722574354,0.47580633046404375
0.002681618722574354,0.4759865999669506
0.002681618722574354,0.4760166448841017
0.002681618722574354,0.47666261060285126
0.002681618722574354,0.4766926555200024
0.002681618722574354,0.4768579025643337
0.002681618722574354,0.47688794748148483
0.002681618722574354,0.4769029699400604
0.002681618722574354,0.4769330148572115
0.002681618722574354,0.47696305977436265
0.002681618722574354,0.4770081271500894
0.002681618722574354,0.47706821698439167
0.002681618722574354,0.4770982619015428
0.002681618722574354,0.47729355386302524
0.002681618722574354,0.4773235987801764
0.002681618722574354,0.4773536436973275
0.002681618722574354,0.47738368861447866
0.002681618722574354,0.4775639581173855
0.002681618722574354,0.47759400303453664
0.002681618722574354,0.47789445220604804
0.002681618722574354,0.4779244971231992
0.002681618722574354,0.4779695644989259
0.002681618722574354,0.4780296543332282
0.002681618722574354,0.47828503612901285
0.002681618722574354,0.478315081046164
0.002681618722574354,0.4785704628419487
0.002681618722574354,0.47860050775909985
0.002681618722574354,0.47869064251055327
0.002681618722574354,0.4787206874277044
0.002681618722574354,0.4789610467649135
0.002681618722574354,0.47905118151636694
0.002681618722574354,0.4794267429807562
0.002681618722574354,0.47947181035648295
0.002681618722574354,0.47966710231796533
0.002681618722574354,0.4796971472351165
0.002681618722574354,0.4797422146108432
0.002681618722574354,0.47978728198656995
0.002681618722574354,0.47986239427944777
0.002681618722574354,0.4799074616551745
0.002681618722574354,0.480132798533808
0.002681618722574354,0.48017786590953476
0.002681618722574354,0.480868899004011
0.002681618722574354,0.4808989439211621
0.002681618722574354,0.48101912358976673
0.002681618722574354,0.48104916850691787
0.002681618722574354,0.48115432571694683
0.002681618722574354,0.48118437063409797
0.002681618722574354,0.4815899770156384
0.002681618722574354,0.48165006684994066
0.002681618722574354,0.4817552240599697
0.002681618722574354,0.48181531389427196
0.002681618722574354,0.48196553848002766
0.002681618722574354,0.48201060585575434
0.002681618722574354,0.4820406507729055
0.002681618722574354,0.4821458079829345
0.002681618722574354,0.4821908753586612
0.002681618722574354,0.4823861673201436
0.002681618722574354,0.48241621223729475
0.002681618722574354,0.4824462571544459
0.002681618722574354,0.4824913245301726
0.002681618722574354,0.48252136944732377
0.002681618722574354,0.483107245331771
0.002681618722574354,0.48313729024892216
0.002681618722574354,0.4832424474589511
0.002681618722574354,0.48327249237610226
0.002681618722574354,0.4843240644763922
0.002681618722574354,0.48435410939354334
0.002681618722574354,0.48459446873075246
0.002681618722574354,0.4846245136479036
0.002681618722574354,0.48465455856505474
0.002681618722574354,0.4846846034822059
0.002681618722574354,0.48512025478089743
0.002681618722574354,0.48515029969804857
0.002681618722574354,0.4853305692009554
0.002681618722574354,0.48537563657668215
0.002681618722574354,0.4854807937867111
0.002681618722574354,0.48552586116243784
0.002681618722574354,0.4857361755824958
0.002681618722574354,0.48576622049964696
0.002681618722574354,0.48578124295822256
0.002681618722574354,0.48582631033394924
0.002681618722574354,0.48591644508540266
0.002681618722574354,0.4859464900025538
0.002681618722574354,0.48606666967115836
0.002681618722574354,0.4860967145883095
0.002681618722574354,0.48614178196403623
0.002681618722574354,0.4861718268811874
0.002681618722574354,0.4862168942569141
0.002681618722574354,0.48624693917406525
0.002681618722574354,0.48633707392551867
0.002681618722574354,0.48638214130124535
0.002681618722574354,0.4864121862183965
0.002681618722574354,0.48647227605269877
0.002681618722574354,0.4865023209698499
0.002681618722574354,0.48662250063845447
0.002681618722574354,0.4867126353899079
0.002681618722574354,0.487058151937146
0.002681618722574354,0.48708819685429716
0.002681618722574354,0.48714828668859944
0.002681618722574354,0.4871783316057506
0.002681618722574354,0.4872834888157796
0.002681618722574354,0.48731353373293074
0.002681618722574354,0.4877491850316223
0.002681618722574354,0.48777922994877343
0.002681618722574354,0.48779425240734897
0.002681618722574354,0.4878242973245001
0.002681618722574354,0.4878843871588024
0.002681618722574354,0.48791443207595353
0.002681618722574354,0.4879895443688314
0.002681618722574354,0.48801958928598255
0.002681618722574354,0.4882299037060405
0.002681618722574354,0.48825994862319166
0.002681618722574354,0.48841017320894736
0.002681618722574354,0.4884402181260985
0.002681618722574354,0.48848528550182524
0.002681618722574354,0.4885153304189764
0.002681618722574354,0.4885453753361275
0.002681618722574354,0.48857542025327866
0.002681618722574354,0.48863551008758094
0.002681618722574354,0.4886655550047321
0.002681618722574354,0.48871062238045876
0.002681618722574354,0.4887556897561855
0.002681618722574354,0.4888308020490634
0.002681618722574354,0.4888608469662145
0.002681618722574354,0.48895098171766793
0.002681618722574354,0.48898102663481907
0.002681618722574354,0.4893115207234816
0.002681618722574354,0.48934156564063275
0.002681618722574354,0.48944672285066176
0.002681618722574354,0.48949179022638845
0.002681618722574354,0.48959694743641746
0.002681618722574354,0.48964201481214414
0.002681618722574354,0.489717127105022
0.002681618722574354,0.4899124190665044
0.002681618722574354,0.48994246398365554
0.002681618722574354,0.4901527784037136
0.002681618722574354,0.4901828233208647
0.002681618722574354,0.49021286823801585
0.002681618722574354,0.490242913155167
0.002681618722574354,0.4903931377409227
0.002681618722574354,0.49045322757522497
0.002681618722574354,0.4904682500338005
0.002681618722574354,0.4905433623266784
0.002762879895985698,0.4905433623266784
0.002762879895985698,0.49057340724382953
0.002762879895985698,0.4906184746195562
0.002762879895985698,0.49076869920531196
0.002762879895985698,0.49082878903961424
0.002762879895985698,0.4908888788739165
0.002762879895985698,0.4909489687082188
0.002762879895985698,0.49105412591824776
0.002762879895985698,0.4910991932939745
0.002762879895985698,0.4911893280454279
0.002762879895985698,0.4912343954211546
0.002762879895985698,0.49142968738263704
0.002762879895985698,0.4914597322997882
0.002762879895985698,0.4914747547583638
0.002762879895985698,0.4915047996755149
0.002762879895985698,0.4917601814712996
0.002762879895985698,0.4918052488470263
0.002762879895985698,0.4920155632670843
0.002762879895985698,0.49204560818423543
0.002762879895985698,0.4921958327699911
0.002762879895985698,0.49222587768714227
0.002762879895985698,0.49239112473147356
0.002762879895985698,0.4924211696486247
0.002762879895985698,0.4926765514444094
0.002762879895985698,0.4927366412787117
0.002762879895985698,0.4927817086544384
0.002762879895985698,0.4928117535715895
0.002762879895985698,0.49285682094731625
0.002762879895985698,0.49290188832304294
0.002762879895985698,0.4929469556987697
0.002762879895985698,0.4929770006159208
0.002762879895985698,0.49300704553307195
0.002844141069397042,0.49300704553307195
0.002844141069397042,0.4931122027431009
0.002844141069397042,0.49314224766025205
0.002844141069397042,0.4933525620803101
0.002844141069397042,0.4933826069974612
0.002844141069397042,0.49356287650036806
0.002844141069397042,0.4935929214175192
0.002844141069397042,0.49377319092042604
0.002844141069397042,0.4938032358375772
0.002844141069397042,0.49386332567187946
0.002844141069397042,0.4939083930476062
0.002844141069397042,0.49417879730196645
0.002844141069397042,0.49422386467769314
0.002844141069397042,0.4942689320534199
0.002844141069397042,0.494298976970571
0.002844141069397042,0.49438911172202443
0.002844141069397042,0.49441915663917557
0.002844141069397042,0.49468956089353583
0.002844141069397042,0.49471960581068697
0.002844141069397042,0.49473462826926257
0.002844141069397042,0.49479471810356485
0.002844141069397042,0.49494494268932054
0.002844141069397042,0.4949749876064717
0.002844141069397042,0.49508014481650064
0.002844141069397042,0.4951101897336518
0.002844141069397042,0.49518530202652966
0.0029254022428083864,0.49518530202652966
0.0029254022428083864,0.49541063890516324
0.0029254022428083864,0.4954406838223144
0.0029254022428083864,0.49550077365661666
0.0029254022428083864,0.4955308185737678
0.0029254022428083864,0.4956059308666456
0.0029254022428083864,0.49563597578379676
0.0029254022428083864,0.4962368741268196
0.0029254022428083864,0.49626691904397074
0.0029254022428083864,0.49664248050836
0.0029254022428083864,0.49671759280123784
0.0029254022428083864,0.4968377724698424
0.0029254022428083864,0.4968978623041447
0.0029254022428083864,0.4969128847627203
0.0029254022428083864,0.4969429296798714
0.0029254022428083864,0.49697297459702255
0.0029254022428083864,0.4970030195141737
0.0029254022428083864,0.49718328901708053
0.0029254022428083864,0.49721333393423167
0.0029254022428083864,0.4972433788513828
0.0029254022428083864,0.49727342376853395
0.0029254022428083864,0.49737858097856297
0.0029254022428083864,0.4974086258957141
0.0029254022428083864,0.4975588504814698
0.0029254022428083864,0.49758889539862095
0.0029254022428083864,0.49775414244295224
0.0029254022428083864,0.4977841873601034
0.0029254022428083864,0.4978743221115568
0.0029254022428083864,0.49790436702870794
0.0029254022428083864,0.49834001832739944
0.0029254022428083864,0.4983700632445506
0.0029254022428083864,0.4983850857031262
0.0029254022428083864,0.4984301530788529
0.0029254022428083864,0.49874562470893985
0.0029254022428083864,0.498775669626091
0.0029254022428083864,0.499091141256178
0.0029254022428083864,0.4991211861733291
0.0029254022428083864,0.4991362086319047
0.0029254022428083864,0.4991812760076314
0.0029254022428083864,0.49921132092478254
0.0029254022428083864,0.4992413658419337
0.0029254022428083864,0.4994366578034161
0.0029254022428083864,0.49946670272056726
0.0029254022428083864,0.4994967476377184
0.0029254022428083864,0.4995418150134451
0.0029254022428083864,0.49961692730632296
0.0029254022428083864,0.4996469722234741
0.0029254022428083864,0.49969203959920083
0.0029254022428083864,0.49972208451635197
0.0029254022428083864,0.4997371069749275
0.0029254022428083864,0.4997971968092298
0.0029254022428083864,0.4998873315606832
0.0029254022428083864,0.49991737647783435
0.0029254022428083864,0.5001727582736191
0.0029254022428083864,0.5002028031907702
0.0029254022428083864,0.5002478705664969
0.0029254022428083864,0.5002779154836481
0.0029254022428083864,0.5004281400694037
0.0029254022428083864,0.5004732074451305
0.0029254022428083864,0.500698544323764
0.0029254022428083864,0.5007285892409151
0.0029254022428083864,0.5007586341580663
0.0029254022428083864,0.5007886790752174
0.0029254022428083864,0.5011341956224555
0.0029254022428083864,0.5011642405396067
0.0029254022428083864,0.5013445100425136
0.0029254022428083864,0.5013745549596647
0.0029254022428083864,0.5014346447939669
0.0029254022428083864,0.5014646897111181
0.0029254022428083864,0.501855273634083
0.0029254022428083864,0.5018853185512341
0.0029254022428083864,0.5020505655955654
0.0029254022428083864,0.5021106554298677
0.0029254022428083864,0.5022308350984722
0.0029254022428083864,0.5022608800156234
0.0029254022428083864,0.5022909249327745
0.0029254022428083864,0.5023209698499257
0.0029254022428083864,0.5025763516457104
0.0030066634162197303,0.5025763516457104
0.0030066634162197303,0.5030570703201286
0.0030066634162197303,0.5030871152372798
0.0030066634162197303,0.50335751949164
0.0030066634162197303,0.5033875644087912
0.0030066634162197303,0.5035377889945468
0.0030066634162197303,0.5035828563702736
0.0030066634162197303,0.5036429462045758
0.003087924589631074,0.5036429462045758
0.003087924589631074,0.5041687322547208
0.003087924589631074,0.504198777171872
0.003087924589631074,0.5043339792990521
0.003087924589631074,0.5043940691333544
0.003087924589631074,0.5044090915919299
0.003087924589631074,0.5044391365090811
0.003087924589631074,0.5045593161776857
0.003087924589631074,0.5045893610948368
0.003087924589631074,0.504619406011988
0.003087924589631074,0.5046644733877146
0.003087924589631074,0.5047546081391681
0.003087924589631074,0.5047996755148948
0.003087924589631074,0.5048898102663482
0.003087924589631074,0.5049198551834994
0.003087924589631074,0.5049649225592261
0.003087924589631074,0.5050099899349527
0.003087924589631074,0.5050550573106795
0.003087924589631074,0.5051602145207085
0.003087924589631074,0.5055057310679466
0.003087924589631074,0.5055507984436733
0.003087924589631074,0.5056559556537022
0.003087924589631074,0.505701023029429
0.003087924589631074,0.5058362251566091
0.003087924589631074,0.5058662700737603
0.003087924589631074,0.5063770336653297
0.003087924589631074,0.5064070785824808
0.003087924589631074,0.5065272582510854
0.003087924589631074,0.5065573031682366
0.003087924589631074,0.5066474379196899
0.0031691857630424185,0.5066474379196899
0.0031691857630424185,0.5066624603782655
0.0031691857630424185,0.5067075277539922
0.0031691857630424185,0.5067525951297189
0.0031691857630424185,0.5067976625054457
0.0031691857630424185,0.5069028197154747
0.0031691857630424185,0.5069478870912013
0.0031691857630424185,0.506962909549777
0.0031691857630424185,0.506992954466928
0.0031691857630424185,0.5070680667598059
0.0031691857630424185,0.5071131341355326
0.0031691857630424185,0.5071281565941081
0.0031691857630424185,0.5071582015112593
0.0031691857630424185,0.5072783811798639
0.0031691857630424185,0.507308426097015
0.0031691857630424185,0.5073384710141662
0.0031691857630424185,0.5073835383898929
0.0031691857630424185,0.507623897727102
0.0031691857630424185,0.5076839875614043
0.0031691857630424185,0.5078041672300089
0.0031691857630424185,0.50783421214716
0.0031691857630424185,0.5078943019814622
0.0031691857630424185,0.5079243468986134
0.0031691857630424185,0.508044526567218
0.0031691857630424185,0.5080745714843692
0.0031691857630424185,0.5082698634458516
0.0031691857630424185,0.5083149308215783
0.0031691857630424185,0.5085102227830607
0.0031691857630424185,0.508570312617363
0.0031691857630424185,0.5085853350759385
0.0031691857630424185,0.5086304024516652
0.0031691857630424185,0.5086604473688163
0.0031691857630424185,0.5086904922859675
0.0031691857630424185,0.5087205372031187
0.0031691857630424185,0.5087505821202698
0.0031691857630424185,0.5088106719545721
0.0031691857630424185,0.5088407168717233
0.0031691857630424185,0.5089458740817522
0.0031691857630424185,0.5090059639160545
0.0031691857630424185,0.5091411660432347
0.0031691857630424185,0.5091712109603858
0.0031691857630424185,0.5092162783361125
0.0031691857630424185,0.5093064130875659
0.0031691857630424185,0.509336458004717
0.0031691857630424185,0.5095467724247751
0.0032504469364537623,0.5095467724247751
0.0032504469364537623,0.5095768173419262
0.0032504469364537623,0.5096068622590774
0.0032504469364537623,0.5097420643862575
0.0032504469364537623,0.5097721093034085
0.0032504469364537623,0.5099824237234666
0.0032504469364537623,0.5100274910991933
0.0032504469364537623,0.5100575360163444
0.0033317081098651067,0.5100575360163444
0.0033317081098651067,0.5101026033920711
0.0033317081098651067,0.5101326483092223
0.0033317081098651067,0.5101476707677979
0.0033317081098651067,0.510177715684949
0.0033317081098651067,0.5103129178121292
0.0033317081098651067,0.5103429627292803
0.0033317081098651067,0.510388030105007
0.0033317081098651067,0.5104030525635825
0.0033317081098651067,0.5104481199393093
0.0033317081098651067,0.511018973365181
0.0033317081098651067,0.5110640407409076
0.0033317081098651067,0.5116048492496282
0.0033317081098651067,0.5116348941667793
0.0033317081098651067,0.5116799615425061
0.0033317081098651067,0.5117250289182328
0.0033317081098651067,0.5118752535039884
0.0033317081098651067,0.5119052984211396
0.0033317081098651067,0.5119804107140175
0.0033317081098651067,0.5120104556311686
0.0033317081098651067,0.512205747592651
0.0033317081098651067,0.5122357925098021
0.0033317081098651067,0.5127615785599471
0.0033317081098651067,0.5127916234770983
0.0033317081098651067,0.5128066459356738
0.0033317081098651067,0.512836690852825
0.0033317081098651067,0.5128667357699761
0.0033317081098651067,0.5128967806871273
0.0033317081098651067,0.5130319828143074
0.0033317081098651067,0.5130620277314585
0.0033317081098651067,0.5131671849414875
0.0033317081098651067,0.5131972298586387
0.0033317081098651067,0.5133474544443943
0.0033317081098651067,0.5133774993615455
0.0033317081098651067,0.5133925218201211
0.0033317081098651067,0.5134225667372723
0.0033317081098651067,0.5136328811573302
0.0033317081098651067,0.5136629260744814
0.0033317081098651067,0.513813150660237
0.0033317081098651067,0.5138431955773882
0.0033317081098651067,0.5138582180359638
0.0033317081098651067,0.5139032854116905
0.0033317081098651067,0.5139333303288416
0.0033317081098651067,0.5139633752459928
0.0033317081098651067,0.5140535099974461
0.0033317081098651067,0.5140835549145973
0.0033317081098651067,0.5141586672074752
0.0033317081098651067,0.5141887121246264
0.0033317081098651067,0.5142788468760797
0.0033317081098651067,0.5143088917932309
0.0033317081098651067,0.5143539591689575
0.0033317081098651067,0.5143840040861087
0.0033317081098651067,0.5146393858818934
0.0033317081098651067,0.5146994757161957
0.0033317081098651067,0.514759565550498
0.0033317081098651067,0.5148346778433759
0.0033317081098651067,0.5148797452191025
0.0033317081098651067,0.5149398350534048
0.0033317081098651067,0.5149548575119804
0.0033317081098651067,0.5150149473462827
0.0033317081098651067,0.5153153965177941
0.0034129692832764505,0.5153153965177941
0.0034129692832764505,0.5155106884792765
0.0034129692832764505,0.5155407333964277
0.0034129692832764505,0.5160364745294215
0.0034129692832764505,0.5160665194465727
0.0034129692832764505,0.516156654198026
0.0034129692832764505,0.5161866991151772
0.0034129692832764505,0.5162317664909039
0.0034129692832764505,0.5162918563252061
0.0034129692832764505,0.5163819910766596
0.0034129692832764505,0.5164270584523863
0.0034129692832764505,0.5165171932038397
0.0034129692832764505,0.5165472381209909
0.0034129692832764505,0.516892754668229
0.0034129692832764505,0.5169227995853801
0.0034129692832764505,0.5173434284254961
0.0034129692832764505,0.5173734733426473
0.0034129692832764505,0.5176138326798564
0.0034129692832764505,0.5176438775970075
0.0034129692832764505,0.5180945513542746
0.0034129692832764505,0.5181245962714258
0.0034129692832764505,0.5183799780672105
0.0034129692832764505,0.5184250454429372
0.0034129692832764505,0.5184400679015128
0.0034129692832764505,0.518470112818664
0.0034129692832764505,0.5185752700286929
0.0034129692832764505,0.5186804272387219
0.0034129692832764505,0.518815629365902
0.0034129692832764505,0.5188907416587799
0.0034129692832764505,0.519131100995989
0.0034129692832764505,0.5191611459131401
0.0034129692832764505,0.5194916400018027
0.0034129692832764505,0.5195216849189538
0.0034129692832764505,0.5197770667147386
0.0034129692832764505,0.5198071116318896
0.0034129692832764505,0.5202577853891568
0.0034129692832764505,0.520287830306308
0.0034129692832764505,0.5204080099749125
0.0034129692832764505,0.5204380548920636
0.0034129692832764505,0.5205281896435171
0.0034129692832764505,0.5205582345606682
0.0034129692832764505,0.5211140655279644
0.0034129692832764505,0.5212042002794177
0.0034129692832764505,0.5213844697823246
0.0034129692832764505,0.5214295371580513
0.0034129692832764505,0.5215947842023826
0.0034129692832764505,0.5216248291195337
0.0034129692832764505,0.5216548740366849
0.0034129692832764505,0.521684918953836
0.0034129692832764505,0.5219703456667718
0.0034129692832764505,0.5220154130424985
0.0034129692832764505,0.5220604804182253
0.0034129692832764505,0.5221055477939519
0.0034129692832764505,0.5221355927111031
0.0034129692832764505,0.5221806600868298
0.0034129692832764505,0.5222257274625566
0.0034129692832764505,0.5222557723797077
0.0034129692832764505,0.5223158622140099
0.0034942304566877944,0.5223158622140099
0.0034942304566877944,0.5223609295897367
0.0034942304566877944,0.5223909745068878
0.0034942304566877944,0.5227214685955504
0.0034942304566877944,0.5227515135127014
0.0034942304566877944,0.5227815584298526
0.0034942304566877944,0.5228116033470037
0.0034942304566877944,0.5229468054741839
0.0034942304566877944,0.5229918728499107
0.0034942304566877944,0.5231270749770908
0.0034942304566877944,0.5231571198942419
0.0034942304566877944,0.5232622771042709
0.0034942304566877944,0.5232923220214221
0.0034942304566877944,0.5234275241486022
0.0034942304566877944,0.5234575690657532
0.0034942304566877944,0.5235326813586312
0.0034942304566877944,0.5235777487343579
0.0034942304566877944,0.523607793651509
0.0034942304566877944,0.5236378385686602
0.0034942304566877944,0.5236528610272357
0.0034942304566877944,0.5236829059443868
0.0034942304566877944,0.523818108071567
0.0034942304566877944,0.5238631754472937
0.0034942304566877944,0.5240885123259272
0.0034942304566877944,0.5241185572430784
0.0034942304566877944,0.5241636246188052
0.0034942304566877944,0.5241936695359563
0.0034942304566877944,0.5242237144531074
0.0034942304566877944,0.5242537593702585
0.0034942304566877944,0.5243288716631364
0.0034942304566877944,0.5243589165802875
0.0034942304566877944,0.5244039839560143
0.0034942304566877944,0.5244340288731654
0.0034942304566877944,0.5244941187074676
0.0034942304566877944,0.5245241636246188
0.0034942304566877944,0.5246142983760722
0.0034942304566877944,0.524659365751799
0.0034942304566877944,0.5247194555861012
0.0034942304566877944,0.5247495005032523
0.0034942304566877944,0.5250950170504904
0.0034942304566877944,0.5251250619676416
0.0034942304566877944,0.5251701293433684
0.0034942304566877944,0.525215196719095
0.0034942304566877944,0.5252302191776707
0.0034942304566877944,0.5252602640948217
0.0034942304566877944,0.525320353929124
0.0034942304566877944,0.5253503988462752
0.0034942304566877944,0.5255907581834843
0.0034942304566877944,0.5256208031006354
0.0034942304566877944,0.5257109378520889
0.0034942304566877944,0.52574098276924
0.0034942304566877944,0.5259062298135713
0.0034942304566877944,0.5259362747307225
0.0034942304566877944,0.526161611609356
0.0034942304566877944,0.5261916565265071
0.0034942304566877944,0.5262817912779606
0.0034942304566877944,0.5263268586536872
0.0034942304566877944,0.5264169934051407
0.0034942304566877944,0.5264470383222918
0.0034942304566877944,0.5264620607808674
0.0034942304566877944,0.5264921056980185
0.0034942304566877944,0.5266273078251986
0.0034942304566877944,0.5266573527423498
0.0034942304566877944,0.5268526447038322
0.0034942304566877944,0.5268977120795589
0.0034942304566877944,0.527002869289588
0.0034942304566877944,0.527032914206739
0.0034942304566877944,0.5270779815824658
0.0034942304566877944,0.5271230489581925
0.0034942304566877944,0.5273333633782504
0.0034942304566877944,0.5273934532125528
0.0034942304566877944,0.5277089248426398
0.0034942304566877944,0.5277389697597908
0.0034942304566877944,0.5277840371355176
0.0034942304566877944,0.5278140820526688
0.0034942304566877944,0.5280995087656046
0.0034942304566877944,0.5281295536827557
0.0034942304566877944,0.5283699130199648
0.0034942304566877944,0.528399957937116
0.0034942304566877944,0.5284149803956916
0.0034942304566877944,0.5284450253128427
0.0034942304566877944,0.5289557889044121
0.0034942304566877944,0.5290008562801388
0.0034942304566877944,0.5297069118331906
0.0034942304566877944,0.5297369567503417
0.0034942304566877944,0.529797046584644
0.0034942304566877944,0.5298120690432196
0.0034942304566877944,0.5298421139603707
0.0034942304566877944,0.5299472711703997
0.0034942304566877944,0.5300223834632776
0.0034942304566877944,0.5300674508390043
0.0034942304566877944,0.530112518214731
0.0034942304566877944,0.5302777652590623
0.0034942304566877944,0.5303078101762134
0.0034942304566877944,0.5305932368891493
0.0034942304566877944,0.5306683491820271
0.0034942304566877944,0.5307134165577538
0.0034942304566877944,0.530743461474905
0.0034942304566877944,0.5309687983535385
0.0034942304566877944,0.5309988432706897
0.0034942304566877944,0.531058933104992
0.0034942304566877944,0.531088978022143
0.0034942304566877944,0.5311190229392942
0.0034942304566877944,0.5311490678564453
0.0034942304566877944,0.531164090315021
0.0034942304566877944,0.5311941352321721
0.0034942304566877944,0.5314795619451079
0.0034942304566877944,0.5315246293208347
0.0034942304566877944,0.5317800111166193
0.0034942304566877944,0.5318100560337705
0.0034942304566877944,0.5318250784923461
0.0034942304566877944,0.5318551234094971
0.0034942304566877944,0.532350864542491
0.0034942304566877944,0.5323809094596421
0.0034942304566877944,0.5324710442110956
0.0034942304566877944,0.5325010891282467
0.0034942304566877944,0.5325611789625491
0.0034942304566877944,0.5325912238797001
0.0034942304566877944,0.5326212687968513
0.0034942304566877944,0.5326513137140024
0.0034942304566877944,0.5326813586311536
0.0034942304566877944,0.5327414484654559
0.0034942304566877944,0.5328315832169093
0.0034942304566877944,0.5329667853440894
0.0034942304566877944,0.5330118527198161
0.0034942304566877944,0.5330418976369673
0.0034942304566877944,0.5330869650126939
0.0034942304566877944,0.5331170099298451
0.0034942304566877944,0.5333723917256298
0.0034942304566877944,0.5334174591013565
0.0034942304566877944,0.5335226163113855
0.0034942304566877944,0.5335827061456878
0.0034942304566877944,0.5336878633557168
0.0034942304566877944,0.5337179082728679
0.0034942304566877944,0.5337629756485947
0.0034942304566877944,0.5337930205657457
0.0034942304566877944,0.5338380879414725
0.0034942304566877944,0.5338681328586237
0.0034942304566877944,0.533928222692926
0.0034942304566877944,0.533958267610077
0.0034942304566877944,0.5340033349858038
0.0034942304566877944,0.534033379902955
0.0034942304566877944,0.5341385371129839
0.0034942304566877944,0.5341836044887106
0.0034942304566877944,0.5343338290744664
0.0034942304566877944,0.5343939189087686
0.0034942304566877944,0.5344239638259197
0.0034942304566877944,0.534484053660222
0.0034942304566877944,0.5345140985773732
0.0034942304566877944,0.5345441434945243
0.0034942304566877944,0.5345741884116755
0.0034942304566877944,0.5346042333288266
0.0034942304566877944,0.5346342782459778
0.0034942304566877944,0.5346793456217045
0.0034942304566877944,0.5347394354560068
0.0034942304566877944,0.5349797947932159
0.0034942304566877944,0.535009839710367
0.0034942304566877944,0.5350699295446693
0.0034942304566877944,0.535114996920396
0.0034942304566877944,0.5352051316718495
0.0034942304566877944,0.5352351765890005
0.0034942304566877944,0.5353703787161807
0.0034942304566877944,0.5354605134676341
0.0034942304566877944,0.5357309177219943
0.0034942304566877944,0.5357759850977211
0.0034942304566877944,0.5358060300148723
0.0034942304566877944,0.5358961647663256
0.0034942304566877944,0.5359412321420524
0.0034942304566877944,0.5359862995177791
0.0034942304566877944,0.5360163444349302
0.0034942304566877944,0.5360614118106569
0.0034942304566877944,0.5361064791863837
0.0034942304566877944,0.5361365241035347
0.0034942304566877944,0.536196613937837
0.0034942304566877944,0.5362416813135638
0.0034942304566877944,0.536271726230715
0.0034942304566877944,0.536301771147866
0.0034942304566877944,0.5363318160650172
0.0034942304566877944,0.5363618609821683
0.0034942304566877944,0.5366923550708309
0.0034942304566877944,0.536722399987982
0.0034942304566877944,0.5369627593251911
0.0034942304566877944,0.5369928042423423
0.0034942304566877944,0.5370078267009178
0.0034942304566877944,0.537037871618069
0.0034942304566877944,0.5370979614523713
0.0034942304566877944,0.5375486352096384
0.0034942304566877944,0.5375786801267896
0.0034942304566877944,0.5376087250439406
0.0034942304566877944,0.5377138822539697
0.0034942304566877944,0.538014331425481
0.0034942304566877944,0.5380443763426322
0.0034942304566877944,0.5381044661769345
0.0034942304566877944,0.5381345110940856
0.0034942304566877944,0.5381495335526613
0.0034942304566877944,0.5381946009283879
0.0034942304566877944,0.5385851848513528
0.0034942304566877944,0.538615229768504
0.0034942304566877944,0.5387504318956841
0.0034942304566877944,0.5387804768128351
0.0034942304566877944,0.5388706115642886
0.0034942304566877944,0.5389006564814397
0.0034942304566877944,0.5390358586086199
0.0034942304566877944,0.5391109709014977
0.0034942304566877944,0.5391410158186489
0.0034942304566877944,0.5391860831943756
0.0034942304566877944,0.5392161281115267
0.0034942304566877944,0.5392461730286778
0.0034942304566877944,0.5393062628629801
0.0034942304566877944,0.5393363077801313
0.0034942304566877944,0.5394715099073114
0.0034942304566877944,0.5395015548244626
0.0034942304566877944,0.5397419141616717
0.0034942304566877944,0.5397719590788228
0.0034942304566877944,0.5398320489131251
0.0034942304566877944,0.5399672510403053
0.0034942304566877944,0.5400273408746076
0.0034942304566877944,0.5400573857917587
0.0034942304566877944,0.5400874307089099
0.0034942304566877944,0.5402376552946655
0.0034942304566877944,0.5402677002118167
0.0034942304566877944,0.5403428125046945
0.0034942304566877944,0.5403878798804213
0.0034942304566877944,0.5405981943004792
0.0034942304566877944,0.5406282392176304
0.0034942304566877944,0.5407333964276594
0.0035754916300991387,0.5407333964276594
0.0035754916300991387,0.5408986434719907
0.0035754916300991387,0.5409437108477173
0.0035754916300991387,0.5410789129748975
0.0035754916300991387,0.5411089578920486
0.0035754916300991387,0.5413793621464089
0.0035754916300991387,0.5414244295221355
0.0035754916300991387,0.5415446091907402
0.0035754916300991387,0.5415896765664668
0.0035754916300991387,0.5416046990250425
0.0035754916300991387,0.5416347439421936
0.0035754916300991387,0.541830035903676
0.0035754916300991387,0.5418751032794027
0.0035754916300991387,0.5419051481965539
0.0035754916300991387,0.5420253278651584
0.0035754916300991387,0.5420553727823095
0.0035754916300991387,0.5421154626166118
0.0035754916300991387,0.542145507533763
0.0035754916300991387,0.5422206198266408
0.0035754916300991387,0.542250664743792
0.0035754916300991387,0.5422807096609431
0.0035754916300991387,0.5423107545780943
0.0035754916300991387,0.5424159117881232
0.0035754916300991387,0.5424459567052744
0.0035754916300991387,0.5424609791638499
0.0035754916300991387,0.5424910240810011
0.0035754916300991387,0.5425060465395767
0.0035754916300991387,0.5426112037496057
0.0035754916300991387,0.5426412486667568
0.0035754916300991387,0.542671293583908
0.0035754916300991387,0.5427013385010591
0.0035754916300991387,0.5427313834182103
0.0035754916300991387,0.5427764507939369
0.0035754916300991387,0.5428665855453904
0.0035754916300991387,0.5428966304625416
0.0035754916300991387,0.5433022368440819
0.0035754916300991387,0.543332281761233
0.0035754916300991387,0.5433773491369598
0.0035754916300991387,0.5434073940541109
0.0035754916300991387,0.5434374389712621
0.0036567528035104826,0.5434374389712621
0.0036567528035104826,0.54364775339132
0.0036567528035104826,0.5436777983084712
0.0036567528035104826,0.5437378881427735
0.003738013976921827,0.5437378881427735
0.003738013976921827,0.543963225021407
0.003738013976921827,0.5439932699385581
0.003738013976921827,0.5440984271485871
0.003738013976921827,0.5441284720657383
0.003738013976921827,0.5442486517343429
0.003738013976921827,0.544278696651494
0.003738013976921827,0.5443237640272207
0.003738013976921827,0.5443538089443718
0.003738013976921827,0.5444589661544008
0.003738013976921827,0.544489011071552
0.003738013976921827,0.5446392356573077
0.003738013976921827,0.5446692805744588
0.003738013976921827,0.5447443928673367
0.003738013976921827,0.5447894602430634
0.003738013976921827,0.5448645725359412
0.003738013976921827,0.544909639911668
0.003738013976921827,0.5451049318731503
0.003738013976921827,0.5451349767903015
0.003738013976921827,0.5451650217074526
0.003738013976921827,0.5451950666246038
0.003738013976921827,0.5453152462932084
0.003819275150333171,0.5453152462932084
0.003819275150333171,0.5454504484203885
0.003819275150333171,0.5455105382546908
0.003819275150333171,0.545570628088993
0.003819275150333171,0.5456307179232953
0.003819275150333171,0.545675785299022
0.003819275150333171,0.5457058302161731
0.003819275150333171,0.5457508975918999
0.003819275150333171,0.5459762344705335
0.003819275150333171,0.5460062793876845
0.003819275150333171,0.5460213018462602
0.003819275150333171,0.5460513467634113
0.003819275150333171,0.5460663692219869
0.003819275150333171,0.5461114365977136
0.003819275150333171,0.5463217510177716
0.003819275150333171,0.5463517959349227
0.003819275150333171,0.5465020205206784
0.003819275150333171,0.5465470878964052
0.003819275150333171,0.546727357399312
0.003819275150333171,0.5467574023164631
0.003819275150333171,0.5468174921507654
0.003819275150333171,0.5468475370679166
0.003819275150333171,0.5468625595264921
0.003819275150333171,0.5468926044436433
0.003819275150333171,0.5469376718193699
0.003819275150333171,0.5469977616536722
0.003819275150333171,0.5470728739465501
0.003819275150333171,0.5471329637808524
0.003819275150333171,0.5471630086980035
0.003819275150333171,0.5471930536151547
0.003819275150333171,0.5474183904937883
0.003819275150333171,0.5474484354109393
0.003819275150333171,0.5476437273724217
0.003819275150333171,0.5476887947481485
0.003819275150333171,0.5478991091682065
0.003819275150333171,0.5479291540853576
0.003819275150333171,0.5479591990025088
0.003819275150333171,0.5480343112953866
0.003819275150333171,0.5481695134225667
0.003819275150333171,0.5482145807982934
0.003819275150333171,0.5482446257154446
0.003819275150333171,0.5482746706325957
0.003819275150333171,0.5483197380083225
0.003819275150333171,0.5483648053840492
0.003819275150333171,0.5484098727597758
0.003819275150333171,0.548439917676927
0.003819275150333171,0.5485901422626827
0.003819275150333171,0.5486201871798339
0.003819275150333171,0.5488755689756185
0.003819275150333171,0.5489056138927697
0.003819275150333171,0.5489206363513452
0.003819275150333171,0.5489506812684964
0.003819275150333171,0.5489957486442231
0.003819275150333171,0.5490257935613743
0.003819275150333171,0.5490558384785253
0.003819275150333171,0.5490858833956765
0.003819275150333171,0.5493112202743101
0.003819275150333171,0.5493713101086124
0.003819275150333171,0.5494163774843391
0.003819275150333171,0.5494464224014902
0.003819275150333171,0.5496717592801238
0.003819275150333171,0.5497018041972749
0.003819275150333171,0.5497468715730016
0.003819275150333171,0.5498069614073039
0.003819275150333171,0.5498370063244551
0.0039005363237445147,0.5498370063244551
0.0039005363237445147,0.5499571859930596
0.0039005363237445147,0.5499872309102107
0.0039005363237445147,0.5500623432030887
0.0039005363237445147,0.5500923881202398
0.0039005363237445147,0.5501825228716932
0.0039005363237445147,0.5502125677888443
0.0039005363237445147,0.550467949584629
0.0039005363237445147,0.5504979945017802
0.0039005363237445147,0.5507383538389893
0.0039005363237445147,0.5507683987561405
0.0039005363237445147,0.5509636907176229
0.0039005363237445147,0.5509937356347739
0.0039005363237445147,0.5510688479276519
0.0039005363237445147,0.551098892844803
0.0039005363237445147,0.5513242297234365
0.0039005363237445147,0.5513843195577388
0.0039005363237445147,0.5515345441434946
0.0039005363237445147,0.5515645890606456
0.0039005363237445147,0.5515796115192212
0.0039005363237445147,0.5516096564363724
0.0039005363237445147,0.5521955323208196
0.0039005363237445147,0.5522405996965464
0.0039005363237445147,0.5523607793651509
0.0039005363237445147,0.552390824282302
0.0039005363237445147,0.5526462060780868
0.0039005363237445147,0.5526912734538134
0.0039005363237445147,0.5527213183709646
0.0039005363237445147,0.5527964306638424
0.0039005363237445147,0.5528264755809936
0.0039005363237445147,0.5528565204981447
0.0039005363237445147,0.5529015878738714
0.0039005363237445147,0.5529917226253248
0.0039005363237445147,0.553021767542476
0.0039005363237445147,0.5533222167139874
0.0039005363237445147,0.5533672840897141
0.0039005363237445147,0.5534123514654409
0.0039005363237445147,0.553442396382592
0.0039005363237445147,0.5538029353884056
0.0039005363237445147,0.5538630252227079
0.0039005363237445147,0.5539381375155858
0.0039005363237445147,0.5539681824327369
0.0039005363237445147,0.554178496852795
0.0039005363237445147,0.5542385866870972
0.0039005363237445147,0.5543737888142773
0.0039005363237445147,0.5544038337314284
0.0039005363237445147,0.5545390358586086
0.0039005363237445147,0.5545690807757597
0.0039005363237445147,0.5545991256929109
0.0039005363237445147,0.554629170610062
0.0039005363237445147,0.5546592155272132
0.0039005363237445147,0.5546892604443643
0.0039005363237445147,0.554734327820091
0.0039005363237445147,0.5547643727372422
0.0039005363237445147,0.55483948503012
0.0039005363237445147,0.5548995748644223
0.0039005363237445147,0.5553802935388406
0.0039005363237445147,0.5554103384559917
0.0039005363237445147,0.5559811918818633
0.0039005363237445147,0.5560112367990145
0.0039005363237445147,0.5561464389261946
0.0039005363237445147,0.5561764838433458
0.0039005363237445147,0.5564769330148572
0.0039005363237445147,0.556522000390584
0.0039005363237445147,0.5565370228491595
0.0039005363237445147,0.5565670677663106
0.0039005363237445147,0.5568074271035197
0.0039005363237445147,0.5568374720206709
0.0039005363237445147,0.5570928538164556
0.0039005363237445147,0.5571228987336068
0.0039005363237445147,0.5571379211921823
0.0039005363237445147,0.5571679661093335
0.0039005363237445147,0.557182988567909
0.0039005363237445147,0.5572130334850601
0.0039005363237445147,0.557498460197996
0.0039005363237445147,0.5575285051151472
0.0039005363237445147,0.5577688644523563
0.0039005363237445147,0.5577989093695074
0.0039005363237445147,0.5578439767452341
0.0039005363237445147,0.5578740216623853
0.0039005363237445147,0.5579040665795364
0.0039005363237445147,0.5579942013309899
0.0039005363237445147,0.5580392687067165
0.0039005363237445147,0.5583847852539546
0.0039005363237445147,0.5584749200054081
0.0039005363237445147,0.5584899424639836
0.0039005363237445147,0.5585199873811348
0.0039005363237445147,0.5585350098397104
0.0039005363237445147,0.5585650547568615
0.0039005363237445147,0.5585950996740127
0.0039005363237445147,0.5586251445911637
0.0039005363237445147,0.5589856835969775
0.0039005363237445147,0.5590157285141286
0.0039005363237445147,0.5591359081827332
0.0039005363237445147,0.5591809755584599
0.0039005363237445147,0.559211020475611
0.0039005363237445147,0.5592410653927622
0.0039005363237445147,0.5593762675199423
0.0039005363237445147,0.5594063124370935
0.0039005363237445147,0.5594814247299713
0.0039005363237445147,0.5595114696471224
0.0039005363237445147,0.5596767166914537
0.0039005363237445147,0.5597217840671804
0.0039005363237445147,0.5597518289843316
0.0039005363237445147,0.5597968963600582
0.0039005363237445147,0.5599621434043895
0.0039005363237445147,0.5599921883215407
0.0039005363237445147,0.5601874802830231
0.0039005363237445147,0.5602175252001743
0.0039005363237445147,0.5604128171616567
0.0039005363237445147,0.5604428620788078
0.0039005363237445147,0.5605179743716857
0.0039005363237445147,0.5605480192888368
0.0039005363237445147,0.5606081091231391
0.0039005363237445147,0.5606832214160169
0.0039005363237445147,0.5606982438745926
0.0039005363237445147,0.5607282887917436
0.0039005363237445147,0.5607883786260459
0.0039005363237445147,0.5608184235431971
0.0039005363237445147,0.5609686481289528
0.0039005363237445147,0.5610137155046795
0.0039005363237445147,0.5610738053389818
0.0039005363237445147,0.561103850256133
0.0039005363237445147,0.5611489176318596
0.0039005363237445147,0.5611789625490108
0.0039005363237445147,0.5612690973004641
0.0039005363237445147,0.5612991422176153
0.0039005363237445147,0.5613592320519176
0.0039005363237445147,0.5614042994276444
0.0039005363237445147,0.5615094566376734
0.0039005363237445147,0.5615545240134
0.0039005363237445147,0.561869995643487
0.0039005363237445147,0.5619000405606381
0.0039005363237445147,0.562185467273574
0.0039005363237445147,0.5622155121907252
0.0039005363237445147,0.5624859164450854
0.0039005363237445147,0.5625159613622366
0.0039005363237445147,0.5628464554508991
0.0039005363237445147,0.5628765003680503
0.0039005363237445147,0.5629516126609281
0.0039005363237445147,0.5629816575780793
0.0039005363237445147,0.5630267249538059
0.0039005363237445147,0.5632220169152884
0.003981797497155859,0.5632220169152884
0.003981797497155859,0.563342196583893
0.003981797497155859,0.5633872639596196
0.003981797497155859,0.5637027355897066
0.003981797497155859,0.5637327805068577
0.003981797497155859,0.5637628254240089
0.003981797497155859,0.56379287034116
0.003981797497155859,0.5638529601754623
0.003981797497155859,0.5638830050926135
0.003981797497155859,0.5639130500097645
0.003981797497155859,0.5639581173854913
0.003981797497155859,0.564003184761218
0.003981797497155859,0.5640632745955203
0.003981797497155859,0.5642134991812761
0.003981797497155859,0.5642435440984271
0.003981797497155859,0.5643487013084562
0.003981797497155859,0.5643787462256072
0.003981797497155859,0.5646791953971186
0.003981797497155859,0.5647092403142698
0.003981797497155859,0.5650697793200835
0.003981797497155859,0.5650998242372347
0.003981797497155859,0.5651148466958102
0.004063058670567203,0.5651148466958102
0.004063058670567203,0.5653401835744438
0.004063058670567203,0.5653702284915949
0.004063058670567203,0.5653852509501706
0.004063058670567203,0.5654152958673216
0.004063058670567203,0.5654453407844728
0.004063058670567203,0.5654753857016239
0.004063058670567203,0.5655204530773507
0.004063058670567203,0.5656556552045308
0.004063058670567203,0.565685700121682
0.004063058670567203,0.5657608124145598
0.004063058670567203,0.5657908573317109
0.004063058670567203,0.5659861492931934
0.004063058670567203,0.5660161942103444
0.004063058670567203,0.5664218005918848
0.004063058670567203,0.5664818904261871
0.004063058670567203,0.5665269578019139
0.004063058670567203,0.566557002719065
0.004063058670567203,0.5665870476362161
0.004063058670567203,0.5666170925533672
0.004063058670567203,0.566662159929094
0.004063058670567203,0.566977631559181
0.004063058670567203,0.5670076764763321
0.004063058670567203,0.5670226989349076
0.004063058670567203,0.5670527438520588
0.004063058670567203,0.567293103189268
0.004063058670567203,0.5673231481064192
0.004063058670567203,0.5673682154821458
0.004063058670567203,0.567398260399297
0.004063058670567203,0.5674883951507503
0.004063058670567203,0.5675184400679015
0.004063058670567203,0.5677437769465351
0.004063058670567203,0.5677888443222617
0.004063058670567203,0.5679390689080175
0.004063058670567203,0.5679691138251687
0.004063058670567203,0.5682695629966801
0.004063058670567203,0.5682996079138312
0.004063058670567203,0.5683446752895579
0.004063058670567203,0.5683897426652846
0.004063058670567203,0.5684948998753135
0.004063058670567203,0.5685399672510403
0.004063058670567203,0.5686000570853426
0.004063058670567203,0.5686601469196448
0.004063058670567203,0.5687052142953716
0.004063058670567203,0.5687202367539471
0.004063058670567203,0.5687502816710983
0.004063058670567203,0.5687653041296739
0.004063058670567203,0.568795349046825
0.004063058670567203,0.5690507308426097
0.004063058670567203,0.5690807757597608
0.004063058670567203,0.5690957982183364
0.004063058670567203,0.5691258431354875
0.004063058670567203,0.5691709105112143
0.004063058670567203,0.5695614944341791
0.004063058670567203,0.5695915393513302
0.004063058670567203,0.5700121681914462
0.004063058670567203,0.5700572355671729
0.004063058670567203,0.5700872804843241
0.004063058670567203,0.5701473703186264
0.004063058670567203,0.5703426622801088
0.004063058670567203,0.5703727071972599
0.004063058670567203,0.570402752114411
0.004063058670567203,0.5704928868658644
0.004063058670567203,0.5706280889930446
0.004063058670567203,0.5706881788273469
0.004063058670567203,0.5707482686616492
0.004063058670567203,0.5707783135788003
0.004063058670567203,0.5709435606231316
0.004063058670567203,0.5709736055402828
0.004063058670567203,0.5711238301260384
0.004063058670567203,0.5711538750431896
0.004063058670567203,0.571244009794643
0.004063058670567203,0.5712740547117942
0.004063058670567203,0.5712890771703697
0.004144319843978547,0.5712890771703697
0.004144319843978547,0.5718148632205147
0.004144319843978547,0.5718449081376659
0.004144319843978547,0.5723406492706596
0.004144319843978547,0.5723706941878107
0.004144319843978547,0.5724157615635375
0.004144319843978547,0.5724458064806887
0.004144319843978547,0.5724908738564154
0.004144319843978547,0.5725509636907177
0.004144319843978547,0.5728814577793802
0.004144319843978547,0.5729115026965313
0.004144319843978547,0.5730467048237115
0.004144319843978547,0.5730767497408625
0.004144319843978547,0.573166884492316
0.004144319843978547,0.5731969294094672
0.004144319843978547,0.5732269743266183
0.004144319843978547,0.5732570192437695
0.004144319843978547,0.5734222662881007
0.004144319843978547,0.5734523112052519
0.004144319843978547,0.5735124010395541
0.004144319843978547,0.5735424459567052
0.004144319843978547,0.5736025357910075
0.004144319843978547,0.5736325807081587
0.004144319843978547,0.573692670542461
0.004144319843978547,0.5737377379181877
0.004144319843978547,0.5737828052939145
0.004144319843978547,0.5738128502110655
0.004144319843978547,0.5742334790511815
0.004144319843978547,0.5742935688854838
0.004144319843978547,0.5747893100184777
0.004144319843978547,0.5748493998527799
0.004144319843978547,0.5753601634443493
0.004144319843978547,0.5753902083615005
0.004144319843978547,0.575405230820076
0.004144319843978547,0.5754653206543783
0.004144319843978547,0.5755704778644073
0.004144319843978547,0.575615545240134
0.004144319843978547,0.5760812414559767
0.004144319843978547,0.5761112863731278
0.004144319843978547,0.5763816906274881
0.004144319843978547,0.5764117355446392
0.004144319843978547,0.5768473868433308
0.004144319843978547,0.5768774317604819
0.004144319843978547,0.5768924542190574
0.004144319843978547,0.5769375215947842
0.004144319843978547,0.5769976114290865
0.004225581017389891,0.5769976114290865
0.004225581017389891,0.5773881953520513
0.004225581017389891,0.5774182402692024
0.004225581017389891,0.5778388691093185
0.004225581017389891,0.5778689140264696
0.004225581017389891,0.5786801267895504
0.004225581017389891,0.5787402166238527
0.004225581017389891,0.5787552390824282
0.004225581017389891,0.5787852839995794
0.004225581017389891,0.5790707107125153
0.004225581017389891,0.5791007556296663
0.004225581017389891,0.5791608454639686
0.004225581017389891,0.5791908903811198
0.004225581017389891,0.5792660026739976
0.004225581017389891,0.5792960475911487
0.004225581017389891,0.5796415641383869
0.004225581017389891,0.5797016539726891
0.004225581017389891,0.5797767662655671
0.004225581017389891,0.5798068111827182
0.004225581017389891,0.5803325972328631
0.004469364537623924,0.5803325972328631
0.004469364537623924,0.5803926870671654
0.004469364537623924,0.5804227319843166
0.004469364537623924,0.5804677993600432
0.004469364537623924,0.5804978442771944
0.004469364537623924,0.5805429116529212
0.004469364537623924,0.5806030014872234
0.004469364537623924,0.5806630913215257
0.004469364537623924,0.5806931362386768
0.004469364537623924,0.5810837201616417
0.004469364537623924,0.5811137650787928
0.004469364537623924,0.5812189222888218
0.004469364537623924,0.581248967205973
0.004469364537623924,0.5814592816260309
0.004469364537623924,0.5814893265431821
0.004469364537623924,0.5816695960460889
0.004469364537623924,0.58169964096324
0.004469364537623924,0.5826911232292277
0.004469364537623924,0.5827211681463789
0.004469364537623924,0.5829014376492857
0.004469364537623924,0.5829465050250124
0.004469364537623924,0.5829915724007391
0.004469364537623924,0.5830216173178903
0.004469364537623924,0.5832769991136749
0.004469364537623924,0.5833070440308261
0.004469364537623924,0.5833370889479772
0.004469364537623924,0.5833821563237039
0.004469364537623924,0.5837727402466688
0.004550625711035267,0.5837727402466688
0.004550625711035267,0.5838178076223954
0.004550625711035267,0.5838478525395466
0.004550625711035267,0.5839079423738489
0.004631886884446611,0.5839079423738489
0.004631886884446611,0.5841182567939069
0.004631886884446611,0.584148301711058
0.004631886884446611,0.5842384364625115
0.004631886884446611,0.5842684813796626
0.004631886884446611,0.5842985262968138
0.004631886884446611,0.5843435936725404
0.004631886884446611,0.5845388856340229
0.004631886884446611,0.584568930551174
0.004631886884446611,0.5847492000540808
0.004631886884446611,0.584779244971232
0.004631886884446611,0.5848393348055343
0.004631886884446611,0.5848693797226854
0.004631886884446611,0.5849444920155633
0.004631886884446611,0.5849745369327144
0.004631886884446611,0.585305031021377
0.004631886884446611,0.5853500983971037
0.004631886884446611,0.5855303679000106
0.004631886884446611,0.5855604128171616
0.004631886884446611,0.5856054801928884
0.004631886884446611,0.5856355251100395
0.004631886884446611,0.5856805924857662
0.004631886884446611,0.5857106374029174
0.004631886884446611,0.5857256598614929
0.004631886884446611,0.585755704778644
0.004631886884446611,0.5859059293643998
0.004631886884446611,0.5859359742815509
0.004631886884446611,0.5860261090330043
0.004631886884446611,0.5860861988673066
0.004631886884446611,0.586386648038818
0.004631886884446611,0.5864166929559692
0.004631886884446611,0.5867922544203584
0.004631886884446611,0.5868373217960852
0.004631886884446611,0.5870776811332943
0.004631886884446611,0.5871077260504454
0.004631886884446611,0.5872128832604744
0.004631886884446611,0.5872429281776256
0.004631886884446611,0.5872729730947767
0.004631886884446611,0.5873180404705034
0.004631886884446611,0.5873781303048057
0.004631886884446611,0.5874081752219569
0.004631886884446611,0.5875583998077125
0.004631886884446611,0.5875884447248637
0.004631886884446611,0.5877236468520438
0.004631886884446611,0.5877687142277706
0.004631886884446611,0.5881592981507353
0.004631886884446611,0.5881893430678865
0.004631886884446611,0.5883545901122178
0.004631886884446611,0.5883846350293689
0.004631886884446611,0.5884146799465201
0.004631886884446611,0.5884447248636712
0.004631886884446611,0.5887752189523338
0.004631886884446611,0.5888052638694848
0.004631886884446611,0.5888803761623628
0.004631886884446611,0.5889104210795139
0.004631886884446611,0.5889705109138161
0.004631886884446611,0.5890005558309673
0.004631886884446611,0.5891207354995719
0.004631886884446611,0.589150780416723
0.004631886884446611,0.5892859825439032
0.004713148057857956,0.5892859825439032
0.004713148057857956,0.5893160274610543
0.004713148057857956,0.5893460723782055
0.004713148057857956,0.589361094836781
0.004713148057857956,0.5893911397539321
0.004713148057857956,0.5895714092568389
0.004713148057857956,0.5896164766325657
0.004713148057857956,0.5896915889254435
0.004794409231269299,0.5896915889254435
0.004794409231269299,0.5897216338425947
0.004794409231269299,0.5899770156383793
0.004794409231269299,0.5900070605555305
0.004794409231269299,0.5901873300584374
0.0048756704046806435,0.5901873300584374
0.0048756704046806435,0.5906980936500068
0.0048756704046806435,0.5907281385671579
0.0048756704046806435,0.5908483182357624
0.0048756704046806435,0.5908783631529136
0.0048756704046806435,0.5909234305286403
0.0048756704046806435,0.5911938347830006
0.004956931578091988,0.5911938347830006
0.004956931578091988,0.591389126744483
0.004956931578091988,0.5914191716616342
0.004956931578091988,0.5916895759159944
0.004956931578091988,0.5917196208331456
0.004956931578091988,0.5918548229603257
0.004956931578091988,0.5918848678774769
0.004956931578091988,0.5920501149218081
0.004956931578091988,0.5921402496732615
0.004956931578091988,0.5921853170489882
0.004956931578091988,0.5922153619661393
0.004956931578091988,0.5924857662204996
0.004956931578091988,0.5925158111376508
0.004956931578091988,0.5925458560548019
0.004956931578091988,0.5925759009719531
0.004956931578091988,0.5927261255577088
0.004956931578091988,0.59275617047486
0.004956931578091988,0.5928913726020401
0.004956931578091988,0.5929214175191911
0.004956931578091988,0.5929664848949179
0.004956931578091988,0.5929965298120691
0.004956931578091988,0.5933871137350338
0.005038192751503331,0.5933871137350338
0.005038192751503331,0.5934472035693361
0.005038192751503331,0.5937176078236964
0.005038192751503331,0.5937476527408476
0.005038192751503331,0.5938077425751499
0.005038192751503331,0.593837787492301
0.005038192751503331,0.5938528099508765
0.005038192751503331,0.5938828548680277
0.005038192751503331,0.5940330794537834
0.005038192751503331,0.5940631243709346
0.005119453924914676,0.5940631243709346
0.005119453924914676,0.5942884612495681
0.005119453924914676,0.5943185061667192
0.005119453924914676,0.5943485510838704
0.005119453924914676,0.5943785960010215
0.005119453924914676,0.594468730752475
0.005119453924914676,0.5944987756696261
0.005119453924914676,0.5947992248411375
0.005119453924914676,0.5948292697582886
0.005119453924914676,0.5948593146754397
0.005119453924914676,0.594919404509742
0.005119453924914676,0.5949644718854687
0.005119453924914676,0.5949945168026199
0.005119453924914676,0.5952048312226779
0.005119453924914676,0.5952348761398291
0.005119453924914676,0.5952799435155558
0.005119453924914676,0.5953099884327069
0.005119453924914676,0.5953550558084336
0.005119453924914676,0.5953851007255847
0.005119453924914676,0.5954301681013114
0.005119453924914676,0.5954602130184626
0.005119453924914676,0.595550347769916
0.005119453924914676,0.5955954151456427
0.005119453924914676,0.5958207520242763
0.005119453924914676,0.5958507969414274
0.005119453924914676,0.5959108867757297
0.005119453924914676,0.5959409316928809
0.005119453924914676,0.5960460889029099
0.005119453924914676,0.596076133820061
0.005119453924914676,0.5965117851187526
0.005119453924914676,0.5965418300359037
0.005119453924914676,0.5966169423287815
0.005119453924914676,0.5966469872459327
0.005119453924914676,0.5966920546216594
0.005119453924914676,0.5967220995388105
0.005119453924914676,0.5967521444559617
0.005119453924914676,0.5967972118316883
0.005119453924914676,0.5968873465831418
0.005119453924914676,0.596917391500293
0.005119453924914676,0.5969774813345953
0.005119453924914676,0.5970075262517464
0.005119453924914676,0.5972779305061067
0.005119453924914676,0.5973079754232578
0.005119453924914676,0.5974431775504379
0.005119453924914676,0.597473222467589
0.005119453924914676,0.5975483347604669
0.005119453924914676,0.5975783796776181
0.005119453924914676,0.5976835368876471
0.005119453924914676,0.5977135818047982
0.005119453924914676,0.5981492331034897
0.005119453924914676,0.5981792780206409
0.005119453924914676,0.5982694127720943
0.005119453924914676,0.5982994576892454
0.005119453924914676,0.5984647047335767
0.005119453924914676,0.5984947496507278
0.005119453924914676,0.5985548394850301
0.005119453924914676,0.5985848844021813
0.005119453924914676,0.5989904907837217
0.005119453924914676,0.5990205357008728
0.005119453924914676,0.5991707602866285
0.005119453924914676,0.5992008052037796
0.005119453924914676,0.5995913891267445
0.005119453924914676,0.599681523878198
0.005119453924914676,0.5996965463367735
0.005119453924914676,0.5997265912539246
0.005119453924914676,0.5997566361710758
0.005119453924914676,0.5997866810882269
0.005119453924914676,0.5998317484639536
0.005119453924914676,0.5998617933811048
0.005119453924914676,0.5998918382982559
0.005119453924914676,0.5999218832154071
0.005119453924914676,0.5999969955082849
0.00520071509832602,0.5999969955082849
0.00520071509832602,0.6003124671383718
0.005281976271737364,0.6003124671383718
0.005281976271737364,0.600342512055523
0.005281976271737364,0.6003875794312498
0.005281976271737364,0.6004326468069764
0.005281976271737364,0.6005978938513077
0.005281976271737364,0.6006429612270344
0.005281976271737364,0.60065798368561
0.005363237445148708,0.60065798368561
0.005363237445148708,0.6008082082713657
0.005363237445148708,0.6008382531885168
0.005363237445148708,0.600868298105668
0.005363237445148708,0.6008983430228191
0.005363237445148708,0.6010485676085748
0.005444498618560052,0.6010485676085748
0.005444498618560052,0.6011236799014527
0.005444498618560052,0.6011537248186039
0.005444498618560052,0.6013339943215107
0.005444498618560052,0.6013790616972373
0.005444498618560052,0.601394084155813
0.005444498618560052,0.601424129072964
0.005444498618560052,0.601499241365842
0.005444498618560052,0.6015893761172953
0.005444498618560052,0.6016344434930221
0.005444498618560052,0.6016644884101732
0.005444498618560052,0.6017846680787777
0.005444498618560052,0.6018147129959289
0.005444498618560052,0.6019348926645335
0.005444498618560052,0.6020100049574113
0.005444498618560052,0.6021602295431671
0.005444498618560052,0.6021902744603181
0.005444498618560052,0.6022353418360449
0.005444498618560052,0.6022653867531961
0.005444498618560052,0.6024907236318295
0.005525759791971396,0.6024907236318295
0.005525759791971396,0.6025057460904052
0.005525759791971396,0.6025357910075563
0.005525759791971396,0.602686015593312
0.005525759791971396,0.6027160605104631
0.005525759791971396,0.6027611278861899
0.005525759791971396,0.602791172803341
0.005525759791971396,0.6029413973890967
0.005525759791971396,0.6029714423062479
0.005525759791971396,0.6034371385220906
0.005525759791971396,0.6034972283563929
0.005525759791971396,0.6035573181906951
0.005525759791971396,0.6035873631078462
0.005525759791971396,0.603662475400724
0.005525759791971396,0.6036925203178752
0.005525759791971396,0.6037075427764508
0.005525759791971396,0.6037526101521775
0.005525759791971396,0.6037976775279043
0.00560702096538274,0.6037976775279043
0.00560702096538274,0.6038577673622065
0.00560702096538274,0.6038878122793576
0.00560702096538274,0.6039929694893866
0.00560702096538274,0.6040530593236889
0.00560702096538274,0.604188261450869
0.00560702096538274,0.6042333288265958
0.00560702096538274,0.604293418660898
0.00560702096538274,0.6043384860366248
0.00560702096538274,0.6043535084952003
0.00560702096538274,0.6043835534123515
0.00560702096538274,0.6046689801252874
0.00560702096538274,0.6046990250424384
0.00560702096538274,0.6048041822524675
0.005769543312205428,0.6048041822524675
0.005769543312205428,0.6050595640482521
0.005769543312205428,0.6050896089654033
0.005769543312205428,0.6051196538825544
0.005769543312205428,0.6051797437168567
0.005769543312205428,0.6052248110925834
0.005769543312205428,0.6053149458440369
0.005769543312205428,0.605344990761188
0.005769543312205428,0.6054050805954903
0.005769543312205428,0.6054351255126414
0.005769543312205428,0.605450147971217
0.005769543312205428,0.6054801928883681
0.005769543312205428,0.6054952153469437
0.005769543312205428,0.6055252602640948
0.005769543312205428,0.605870776811333
0.005769543312205428,0.605900821728484
0.005769543312205428,0.6062763831928734
0.005769543312205428,0.6063064281100244
0.005769543312205428,0.606606877281536
0.005769543312205428,0.606636922198687
0.005769543312205428,0.6067871467844428
0.005769543312205428,0.6068171917015939
0.005769543312205428,0.6068322141601694
0.005769543312205428,0.6068622590773206
0.005769543312205428,0.6074481349617679
0.005769543312205428,0.607478179878919
0.005769543312205428,0.6074932023374946
0.005769543312205428,0.6075382697132212
0.005850804485616773,0.6075382697132212
0.005850804485616773,0.6075683146303724
0.005850804485616773,0.6077185392161281
0.005850804485616773,0.6077485841332793
0.005850804485616773,0.6078236964261571
0.005850804485616773,0.6078687638018838
0.005850804485616773,0.6080189883876396
0.005850804485616773,0.6080490333047907
0.005850804485616773,0.6085898418135112
0.005850804485616773,0.6086198867306624
0.005850804485616773,0.6086649541063891
0.005850804485616773,0.6086949990235402
0.005850804485616773,0.6090104706536271
0.005850804485616773,0.6090405155707783
0.005850804485616773,0.6093710096594409
0.005850804485616773,0.609401054576592
0.005850804485616773,0.6095813240794988
0.005850804485616773,0.60961136899665
0.005850804485616773,0.6098367058752836
0.005850804485616773,0.6098667507924347
0.005850804485616773,0.6099118181681614
0.005850804485616773,0.6100019529196148
0.005850804485616773,0.6100470202953415
0.005850804485616773,0.6103474694668529
0.005932065659028116,0.6103474694668529
0.005932065659028116,0.6103925368425797
0.005932065659028116,0.6104225817597307
0.005932065659028116,0.6104526266768819
0.005932065659028116,0.6104826715940331
0.005932065659028116,0.6109333453513002
0.005932065659028116,0.6110535250199047
0.005932065659028116,0.611323929274265
0.005932065659028116,0.6113539741914161
0.005932065659028116,0.6115642886114742
0.005932065659028116,0.6115943335286252
0.005932065659028116,0.61184971532441
0.005932065659028116,0.6118947827001368
0.005932065659028116,0.6120450072858924
0.005932065659028116,0.6120900746616191
0.005932065659028116,0.6121351420373459
0.005932065659028116,0.612165186954497
0.005932065659028116,0.612375501374555
0.0060133268324394605,0.612375501374555
0.0060133268324394605,0.6128411975903977
0.0060133268324394605,0.6128712425075488
0.0060133268324394605,0.6131867141376358
0.0060133268324394605,0.6132167590547869
0.0060133268324394605,0.6135172082262983
0.0060133268324394605,0.613562275602025
0.0060133268324394605,0.6135772980606006
0.0060133268324394605,0.6136373878949029
0.0060133268324394605,0.6139077921492632
0.0060133268324394605,0.6139378370664142
0.0060133268324394605,0.61408806165217
0.006094588005850805,0.61408806165217
0.006094588005850805,0.6141481514864723
0.006094588005850805,0.6141781964036234
0.006094588005850805,0.6142833536136524
0.006094588005850805,0.6143133985308036
0.006094588005850805,0.6145838027851638
0.006094588005850805,0.6146288701608905
0.006094588005850805,0.6148692294980996
0.006094588005850805,0.6148992744152508
0.006094588005850805,0.6150945663767332
0.006175849179262148,0.6150945663767332
0.006175849179262148,0.6153199032553668
0.006175849179262148,0.6153649706310935
0.006175849179262148,0.6156203524268782
0.006175849179262148,0.6156503973440294
0.006175849179262148,0.615695464719756
0.006257110352673493,0.615695464719756
0.006257110352673493,0.6160560037255697
0.006257110352673493,0.6160860486427209
0.006257110352673493,0.616221250769901
0.006257110352673493,0.6162512956870522
0.006257110352673493,0.61632640797993
0.006257110352673493,0.6163564528970812
0.006257110352673493,0.616431565189959
0.006257110352673493,0.6164616101071101
0.006257110352673493,0.6164916550242613
0.006257110352673493,0.6165216999414124
0.006257110352673493,0.6168822389472262
0.006257110352673493,0.6169423287815284
0.006257110352673493,0.6171526432015864
0.006257110352673493,0.6171977105773131
0.006257110352673493,0.6172427779530398
0.006257110352673493,0.6172728228701909
0.006257110352673493,0.6173479351630687
0.006257110352673493,0.6173779800802199
0.006257110352673493,0.617618339417429
0.006257110352673493,0.6176483843345802
0.006257110352673493,0.6176784292517313
0.006257110352673493,0.6177535415446092
0.006257110352673493,0.6179187885889404
0.006257110352673493,0.6179488335060916
0.006257110352673493,0.6180840356332717
0.006257110352673493,0.6181291030089985
0.006257110352673493,0.6185947992248412
0.006257110352673493,0.6186398666005678
0.006257110352673493,0.6190154280649571
0.006257110352673493,0.6190454729821082
0.006257110352673493,0.6191356077335617
0.006257110352673493,0.6191806751092884
0.006257110352673493,0.6194961467393754
0.006257110352673493,0.6195261916565266
0.006257110352673493,0.6195412141151021
0.006257110352673493,0.6195712590322532
0.006257110352673493,0.6197214836180089
0.006338371526084837,0.6197214836180089
0.006338371526084837,0.6200670001652471
0.006338371526084837,0.6201270899995494
0.006338371526084837,0.6204726065467875
0.006338371526084837,0.6205026514639386
0.006338371526084837,0.620908257845479
0.006338371526084837,0.6209533252212057
0.006338371526084837,0.6210584824312347
0.006338371526084837,0.6210885273483858
0.006338371526084837,0.6211035498069614
0.006338371526084837,0.6211486171826881
0.006338371526084837,0.6213739540613217
0.006338371526084837,0.6214039989784729
0.006338371526084837,0.6214791112713507
0.006338371526084837,0.6215091561885018
0.006338371526084837,0.6216593807742575
0.006338371526084837,0.6216894256914086
0.006338371526084837,0.6217344930671354
0.006338371526084837,0.6217795604428621
0.006338371526084837,0.6218096053600132
0.006338371526084837,0.6218997401114666
0.006338371526084837,0.62198987486292
0.006338371526084837,0.6220199197800712
0.006338371526084837,0.6222452566587048
0.006338371526084837,0.6223203689515826
0.006338371526084837,0.6225006384544894
0.006338371526084837,0.6225306833716406
0.006338371526084837,0.6225907732059429
0.006338371526084837,0.622620818123094
0.006338371526084837,0.622725975333123
0.006338371526084837,0.6227860651674253
0.006338371526084837,0.6228010876260008
0.006338371526084837,0.6228611774603031
0.006338371526084837,0.6228912223774543
0.006338371526084837,0.6229062448360299
0.006338371526084837,0.6229513122117566
0.006338371526084837,0.6229813571289077
0.006338371526084837,0.62304144696321
0.006338371526084837,0.6230865143389367
0.006338371526084837,0.6231165592560879
0.006338371526084837,0.623146604173239
0.006338371526084837,0.6231766490903902
0.006338371526084837,0.6232066940075413
0.006338371526084837,0.623251761383268
0.006338371526084837,0.6232818063004191
0.006338371526084837,0.6233118512175703
0.006338371526084837,0.6235672330133549
0.006338371526084837,0.6236123003890817
0.006338371526084837,0.6236723902233839
0.006338371526084837,0.6237024351405351
0.006338371526084837,0.6237324800576862
0.006338371526084837,0.623777547433413
0.006338371526084837,0.623807592350564
0.006338371526084837,0.6240479516877733
0.006338371526084837,0.6240779966049244
0.006338371526084837,0.6243183559421335
0.006338371526084837,0.6243484008592847
0.006338371526084837,0.6245887601964938
0.006338371526084837,0.6246188051136449
0.006338371526084837,0.6247089398650983
0.006338371526084837,0.6247540072408251
0.006338371526084837,0.6247840521579762
0.006338371526084837,0.6248140970751274
0.006338371526084837,0.6250845013294876
0.006338371526084837,0.6251445911637898
0.006338371526084837,0.6252948157495456
0.006338371526084837,0.6253398831252723
0.006338371526084837,0.6254300178767257
0.006338371526084837,0.625490107711028
0.006338371526084837,0.6255051301696035
0.006338371526084837,0.6255351750867547
0.006338371526084837,0.625595264921057
0.006338371526084837,0.6256253098382081
0.006338371526084837,0.6256703772139348
0.006338371526084837,0.625700422131086
0.006338371526084837,0.6258506467168417
0.006338371526084837,0.6258806916339928
0.006338371526084837,0.626015893761173
0.006338371526084837,0.6260459386783241
0.006338371526084837,0.6262712755569576
0.006338371526084837,0.6263313653912599
0.006338371526084837,0.6263614103084111
0.006338371526084837,0.6268120840656782
0.006338371526084837,0.6268421289828293
0.006338371526084837,0.6268571514414049
0.006338371526084837,0.6269172412757071
0.006338371526084837,0.627097510778614
0.006338371526084837,0.6271576006129163
0.006338371526084837,0.6272928027400965
0.006338371526084837,0.6273378701158232
0.006338371526084837,0.6274880947015788
0.006338371526084837,0.62751813961873
0.006338371526084837,0.6281490828789039
0.006338371526084837,0.6281791277960551
0.006338371526084837,0.6282542400889329
0.006338371526084837,0.6282842850060841
0.006338371526084837,0.6283293523818108
0.006338371526084837,0.628359397298962
0.006338371526084837,0.6285997566361711
0.006338371526084837,0.6286598464704733
0.006338371526084837,0.6290504303934382
0.006338371526084837,0.6290804753105893
0.006338371526084837,0.629125542686316
0.006338371526084837,0.6293358571063741
0.00641963269949618,0.6293358571063741
0.00641963269949618,0.6296062613607343
0.00641963269949618,0.629651328736461
0.00641963269949618,0.6298466206979434
0.00641963269949618,0.6298916880736701
0.00641963269949618,0.6299517779079724
0.00641963269949618,0.6299818228251236
0.00641963269949618,0.6302372046209083
0.00641963269949618,0.6302672495380593
0.00641963269949618,0.6304024516652396
0.00641963269949618,0.6304324965823906
0.00641963269949618,0.6306728559195998
0.00641963269949618,0.630702900836751
0.00641963269949618,0.6307629906710532
0.00641963269949618,0.6307930355882043
0.00641963269949618,0.6309132152568089
0.00641963269949618,0.6309432601739601
0.00641963269949618,0.6309582826325356
0.00641963269949618,0.6310183724668379
0.00641963269949618,0.6310784623011402
0.00641963269949618,0.6311085072182914
0.00641963269949618,0.6311836195111692
0.00641963269949618,0.6312437093454715
0.00641963269949618,0.6313037991797738
0.00641963269949618,0.6316042483512851
0.006500893872907525,0.6316042483512851
0.006500893872907525,0.6317094055613142
0.006500893872907525,0.6317544729370409
0.006500893872907525,0.6317995403127676
0.006500893872907525,0.6318295852299187
0.006500893872907525,0.6320098547328256
0.006500893872907525,0.6320398996499768
0.006500893872907525,0.6320849670257034
0.006500893872907525,0.6323403488214882
0.006500893872907525,0.6323703937386392
0.006500893872907525,0.632625775534424
0.006500893872907525,0.6326558204515751
0.006500893872907525,0.6327910225787552
0.006500893872907525,0.6328210674959064
0.006500893872907525,0.6328811573302087
0.006500893872907525,0.6329112022473597
0.006500893872907525,0.6333919209217781
0.006500893872907525,0.6334219658389292
0.006500893872907525,0.6335271230489582
0.006500893872907525,0.6335571679661093
0.006500893872907525,0.6339477518890742
0.006500893872907525,0.6340078417233764
0.006500893872907525,0.6345035828563703
0.006500893872907525,0.6345336277735214
0.006500893872907525,0.634653807442126
0.006500893872907525,0.6346838523592772
0.006500893872907525,0.6348941667793351
0.006500893872907525,0.6349392341550618
0.006500893872907525,0.6351044811993931
0.006500893872907525,0.6351345261165442
0.006500893872907525,0.6352396833265732
0.006500893872907525,0.6352847507023
0.006500893872907525,0.6356302672495381
0.006582155046318869,0.6356302672495381
0.006582155046318869,0.6357204020009914
0.006582155046318869,0.6357654693767182
0.006582155046318869,0.6357955142938694
0.006582155046318869,0.6358706265867472
0.006582155046318869,0.6359006715038983
0.006582155046318869,0.6359307164210495
0.006663416219730213,0.6359307164210495
0.006663416219730213,0.636156053299683
0.006663416219730213,0.6361860982168341
0.006663416219730213,0.6364264575540433
0.006663416219730213,0.6364565024711945
0.006663416219730213,0.63647152492977
0.006663416219730213,0.6365616596812235
0.006663416219730213,0.6366217495155257
0.006663416219730213,0.6366517944326768
0.006663416219730213,0.6369221986870371
0.006663416219730213,0.6369522436041882
0.006663416219730213,0.6370123334384905
0.006663416219730213,0.6370574008142172
0.006663416219730213,0.637102468189944
0.006663416219730213,0.6371325131070951
0.006663416219730213,0.6371926029413973
0.006663416219730213,0.6372226478585485
0.006663416219730213,0.6372526927756996
0.006663416219730213,0.6372827376928508
0.006663416219730213,0.6373428275271531
0.006663416219730213,0.6373728724443042
0.006663416219730213,0.6374029173614554
0.006663416219730213,0.6374630071957577
0.006663416219730213,0.6377484339086935
0.006663416219730213,0.6377935012844203
0.006663416219730213,0.6378385686601469
0.006663416219730213,0.6378686135772981
0.006663416219730213,0.6379587483287514
0.006663416219730213,0.6379887932459026
0.006663416219730213,0.6384094220860186
0.006663416219730213,0.6384394670031698
0.006663416219730213,0.6385145792960476
0.006663416219730213,0.6385446242131987
0.006663416219730213,0.6387399161746812
0.006663416219730213,0.6388000060089835
0.006663416219730213,0.6388450733847102
0.006663416219730213,0.6388751183018613
0.006663416219730213,0.6391755674733727
0.006663416219730213,0.6392056123905239
0.006663416219730213,0.6394309492691574
0.006744677393141557,0.6394309492691574
0.006744677393141557,0.639445971727733
0.006744677393141557,0.6394760166448841
0.006744677393141557,0.6397163759820932
0.006744677393141557,0.6397464208992444
0.006744677393141557,0.6397914882749711
0.006744677393141557,0.6398215331921222
0.006744677393141557,0.6398666005678489
0.006744677393141557,0.639896645485
0.006744677393141557,0.6399116679435757
0.006744677393141557,0.6399567353193023
0.006744677393141557,0.6402121171150871
0.006744677393141557,0.6402571844908138
0.006744677393141557,0.6403773641594184
0.006744677393141557,0.6404074090765695
0.006744677393141557,0.6405576336623252
0.006744677393141557,0.6406027010380518
0.006744677393141557,0.6407979929995343
0.006744677393141557,0.6408430603752611
0.006744677393141557,0.641053374795319
0.006744677393141557,0.6410834197124702
0.006744677393141557,0.6413988913425571
0.006744677393141557,0.6414289362597083
0.006744677393141557,0.6416692955969174
0.006744677393141557,0.6416993405140685
0.006744677393141557,0.6417293854312197
0.006744677393141557,0.6417594303483708
0.006744677393141557,0.641789475265522
0.006744677393141557,0.6418195201826731
0.006744677393141557,0.6419246773927021
0.006744677393141557,0.6419547223098532
0.006744677393141557,0.6419997896855799
0.006744677393141557,0.6424354409842715
0.006744677393141557,0.6424654859014226
0.006744677393141557,0.6424955308185738
0.006744677393141557,0.6425255757357249
0.006744677393141557,0.6425706431114516
0.006744677393141557,0.6426157104871784
0.006744677393141557,0.6428560698243875
0.006744677393141557,0.6428861147415386
0.006744677393141557,0.6430213168687188
0.006744677393141557,0.6430513617858699
0.006744677393141557,0.6432015863716256
0.006825938566552901,0.6432015863716256
0.006825938566552901,0.6433217660402302
0.006825938566552901,0.6433518109573813
0.006825938566552901,0.6433818558745324
0.006825938566552901,0.6434119007916835
0.006825938566552901,0.6435170580017125
0.006825938566552901,0.6435921702945904
0.006825938566552901,0.6437423948803461
0.006907199739964245,0.6437423948803461
0.006907199739964245,0.6439977766761308
0.006907199739964245,0.644027821593282
0.006907199739964245,0.6443132483062178
0.006907199739964245,0.6443883605990957
0.006907199739964245,0.6446737873120315
0.006907199739964245,0.6447038322291826
0.006907199739964245,0.6448240118977872
0.006907199739964245,0.6448540568149383
0.006907199739964245,0.6449742364835429
0.006907199739964245,0.645004281400694
0.006907199739964245,0.6450193038592696
0.006907199739964245,0.6450493487764207
0.006907199739964245,0.6451394835278742
0.006907199739964245,0.6451695284450253
0.006907199739964245,0.645214595820752
0.006907199739964245,0.6454249102408101
0.006988460913375589,0.6454249102408101
0.006988460913375589,0.6456802920365947
0.006988460913375589,0.645740381870897
0.006988460913375589,0.6460708759595596
0.006988460913375589,0.6461009208767107
0.006988460913375589,0.6464464374239488
0.006988460913375589,0.6464764823410999
0.006988460913375589,0.6465365721754023
0.006988460913375589,0.6465816395511289
0.006988460913375589,0.6472276052698784
0.006988460913375589,0.6472576501870296
0.006988460913375589,0.6473177400213319
0.007069722086786933,0.6473177400213319
0.007069722086786933,0.6474379196899365
0.007069722086786933,0.6474980095242387
0.007069722086786933,0.6475731218171166
0.007069722086786933,0.6476181891928433
0.007069722086786933,0.6476332116514188
0.007069722086786933,0.64766325656857
0.007069722086786933,0.6480087731158082
0.007069722086786933,0.6480688629501105
0.007069722086786933,0.6482791773701684
0.007069722086786933,0.6483092222873196
0.007069722086786933,0.648504514248802
0.0071509832601982775,0.648504514248802
0.0071509832601982775,0.64871482866886
0.0071509832601982775,0.6487448735860111
0.0071509832601982775,0.6488650532546156
0.0071509832601982775,0.6488950981717668
0.0071509832601982775,0.6489702104646446
0.0071509832601982775,0.6490002553817957
0.0071509832601982775,0.6491354575089759
0.0071509832601982775,0.649165502426127
0.0071509832601982775,0.6492255922604293
0.0071509832601982775,0.6492556371775805
0.0071509832601982775,0.6495711088076674
0.0071509832601982775,0.6496011537248186
0.0071509832601982775,0.6496462211005453
0.0071509832601982775,0.6497063109348475
0.0071509832601982775,0.649796445686301
0.0071509832601982775,0.6498264906034522
0.0071509832601982775,0.64990160289633
0.0071509832601982775,0.6499466702720568
0.0071509832601982775,0.6499767151892079
0.0071509832601982775,0.6503372541950215
0.0071509832601982775,0.6503823215707483
0.0071509832601982775,0.6504574338636261
0.0071509832601982775,0.6504874787807773
0.0071509832601982775,0.650532546156504
0.0071509832601982775,0.6505776135322306
0.0071509832601982775,0.6506076584493818
0.0071509832601982775,0.6506377033665329
0.0071509832601982775,0.6506677482836841
0.0071509832601982775,0.6506977932008352
0.0071509832601982775,0.6509081076208932
0.0071509832601982775,0.65095317499662
0.0071509832601982775,0.6509832199137711
0.0071509832601982775,0.6510132648309223
0.0071509832601982775,0.6512536241681314
0.007232244433609621,0.6512536241681314
0.007232244433609621,0.6513137140024337
0.007232244433609621,0.6513437589195847
0.007232244433609621,0.6515540733396428
0.007232244433609621,0.651614163173945
0.007232244433609621,0.6516291856325206
0.007232244433609621,0.6516892754668229
0.007232244433609621,0.6518395000525786
0.007232244433609621,0.6518845674283054
0.007232244433609621,0.6519446572626076
0.007232244433609621,0.6519747021797587
0.007232244433609621,0.6520798593897877
0.007232244433609621,0.6521099043069388
0.007232244433609621,0.6521249267655145
0.007232244433609621,0.6521549716826656
0.007232244433609621,0.6523803085612991
0.007232244433609621,0.6524253759370259
0.007232244433609621,0.6525155106884792
0.007232244433609621,0.6525455556056304
0.007232244433609621,0.6526807577328105
0.007232244433609621,0.6527258251085373
0.007232244433609621,0.6527558700256884
0.007232244433609621,0.6527859149428396
0.007232244433609621,0.6528009374014151
0.007232244433609621,0.6528309823185663
0.007232244433609621,0.6529511619871708
0.007232244433609621,0.6530112518214731
0.007232244433609621,0.6533567683687113
0.007232244433609621,0.6533868132858623
0.007232244433609621,0.6535069929544669
0.007232244433609621,0.6535370378716181
0.007232244433609621,0.6536421950816471
0.007232244433609621,0.6536722399987982
0.007232244433609621,0.6537173073745249
0.007232244433609621,0.653747352291676
0.007232244433609621,0.653822464584554
0.007232244433609621,0.653852509501705
0.007232244433609621,0.6541078912974897
0.007232244433609621,0.6541379362146409
0.007232244433609621,0.6542280709660944
0.007232244433609621,0.6542881608003966
0.007232244433609621,0.6543933180104256
0.007232244433609621,0.6544233629275767
0.007232244433609621,0.6544984752204546
0.007232244433609621,0.6545435425961813
0.007232244433609621,0.6546036324304836
0.007232244433609621,0.6546336773476347
0.007232244433609621,0.6546637222647859
0.007232244433609621,0.654693767181937
0.007232244433609621,0.655009238812024
0.007313505607020965,0.655009238812024
0.007313505607020965,0.6551744858563553
0.007313505607020965,0.6552045307735064
0.007313505607020965,0.6553697778178377
0.007313505607020965,0.6553998227349888
0.007313505607020965,0.6555500473207445
0.007313505607020965,0.6555800922378957
0.007313505607020965,0.6556251596136223
0.007313505607020965,0.6557303168236513
0.007313505607020965,0.6557603617408025
0.007313505607020965,0.6558354740336804
0.007313505607020965,0.6558655189508314
0.007313505607020965,0.6559105863265582
0.007476027953843654,0.6559105863265582
0.007476027953843654,0.656090855829465
0.007476027953843654,0.6561209007466162
0.007476027953843654,0.6563161927080986
0.007557289127254997,0.6563161927080986
0.007557289127254997,0.6563462376252498
0.007557289127254997,0.6564513948352787
0.007557289127254997,0.6564814397524299
0.007557289127254997,0.6564964622110054
0.007557289127254997,0.6565265071281566
0.007557289127254997,0.656721799089639
0.007557289127254997,0.6567818889239413
0.007557289127254997,0.6568870461339703
0.007557289127254997,0.6569170910511214
0.007557289127254997,0.6569621584268481
0.007638550300666342,0.6569621584268481
0.007638550300666342,0.6569922033439993
0.007638550300666342,0.657247585139784
0.007638550300666342,0.6572926525155107
0.007638550300666342,0.6575179893941443
0.007638550300666342,0.6575480343112954
0.007638550300666342,0.6576381690627489
0.007719811474077686,0.6576381690627489
0.007719811474077686,0.657773371189929
0.007719811474077686,0.65780341610708
0.007719811474077686,0.6582390674057716
0.007719811474077686,0.6582691123229227
0.007719811474077686,0.6583592470743762
0.0078010726474890294,0.6583592470743762
0.0078010726474890294,0.6586446737873121
0.0078010726474890294,0.6586747187044631
0.0078010726474890294,0.6587047636216143
0.0078010726474890294,0.6587348085387654
0.0078010726474890294,0.6587798759144922
0.0078010726474890294,0.6588099208316434
0.0078010726474890294,0.6590052127931257
0.0078010726474890294,0.6590352577102768
0.007882333820900374,0.6590352577102768
0.007882333820900374,0.6595760662189974
0.007963594994311717,0.6595760662189974
0.007963594994311717,0.6596061111361485
0.007963594994311717,0.6599215827662355
0.007963594994311717,0.6599816726005377
0.007963594994311717,0.6599966950591134
0.007963594994311717,0.6600267399762645
0.007963594994311717,0.6603722565235026
0.007963594994311717,0.6604173238992294
0.007963594994311717,0.6604623912749561
0.007963594994311717,0.6604924361921072
0.007963594994311717,0.6606126158607117
0.007963594994311717,0.6606426607778629
0.007963594994311717,0.6607928853636186
0.007963594994311717,0.6608229302807698
0.007963594994311717,0.6610482671594033
0.008044856167723062,0.6610482671594033
0.008044856167723062,0.6613186714137635
0.008044856167723062,0.6613487163309147
0.008044856167723062,0.661408806165217
0.008126117341134406,0.661408806165217
0.008126117341134406,0.6616641879610017
0.008126117341134406,0.661724277795304
0.008126117341134406,0.6617693451710307
0.008126117341134406,0.6620097045082398
0.008126117341134406,0.6620998392596933
0.008126117341134406,0.6621749515525711
0.008126117341134406,0.6622049964697222
0.00820737851454575,0.6622049964697222
0.00820737851454575,0.6622650863040245
0.00820737851454575,0.6623101536797512
0.00820737851454575,0.662460378265507
0.00820737851454575,0.662490423182658
0.00820737851454575,0.6627157600612916
0.00820737851454575,0.6627458049784428
0.00820737851454575,0.6630762990671053
0.00820737851454575,0.663121366442832
0.00820737851454575,0.6632415461114366
0.00820737851454575,0.6632715910285878
0.00820737851454575,0.6633467033214656
0.00820737851454575,0.6633767482386167
0.00820737851454575,0.6635269728243725
0.00820737851454575,0.6635720402000992
0.00820737851454575,0.6639926690402151
0.00820737851454575,0.6640227139573662
0.00820737851454575,0.6645785449246624
0.00820737851454575,0.6646386347589647
0.00820737851454575,0.6646837021346914
0.00820737851454575,0.6647137470518425
0.00820737851454575,0.664728769510418
0.00820737851454575,0.6647738368861448
0.00820737851454575,0.664803881803296
0.00820737851454575,0.6648489491790226
0.00820737851454575,0.6650592635990806
0.00820737851454575,0.6651193534333829
0.00820737851454575,0.6652094881848364
0.00820737851454575,0.6652395331019875
0.00820737851454575,0.6652695780191387
0.00820737851454575,0.6652996229362897
0.00820737851454575,0.6653446903120165
0.00820737851454575,0.6653747352291676
0.00820737851454575,0.6655850496492256
0.00820737851454575,0.6656301170249523
0.00820737851454575,0.6657352742349812
0.00820737851454575,0.665780341610708
0.00820737851454575,0.6658254089864347
0.00820737851454575,0.6658554539035859
0.00820737851454575,0.666411284870882
0.00820737851454575,0.666441329788033
0.00820737851454575,0.6665464869980621
0.00820737851454575,0.6665765319152133
0.00820737851454575,0.6666366217495155
0.00820737851454575,0.6666666666666666
0.00820737851454575,0.6667417789595446
0.00820737851454575,0.6667718238766956
0.00820737851454575,0.667147385341085
0.00820737851454575,0.6671924527168116
0.00820737851454575,0.6672675650096895
0.00820737851454575,0.6673426773025674
0.00820737851454575,0.667492901888323
0.00820737851454575,0.6675229468054742
0.00820737851454575,0.6678233959769856
0.00820737851454575,0.6678534408941368
0.00820737851454575,0.6682890921928283
0.00820737851454575,0.6683191371099794
0.00820737851454575,0.6683792269442816
0.00820737851454575,0.6688148782429733
0.00820737851454575,0.6688449231601243
0.00820737851454575,0.6690251926630312
0.008288639687957094,0.6690251926630312
0.008288639687957094,0.6692054621659381
0.008288639687957094,0.6692655520002404
0.008288639687957094,0.669415776585996
0.008288639687957094,0.6694458215031472
0.008288639687957094,0.6695960460889029
0.008288639687957094,0.6696561359232052
0.008288639687957094,0.6699565850947166
0.008288639687957094,0.6699866300118678
0.008288639687957094,0.6701668995147746
0.008288639687957094,0.6701969444319257
0.008288639687957094,0.6704973936034372
0.008369900861368438,0.6704973936034372
0.008369900861368438,0.6711734042393378
0.008369900861368438,0.6712184716150645
0.008369900861368438,0.6714287860351225
0.008369900861368438,0.6714588309522737
0.008369900861368438,0.6715940330794538
0.008369900861368438,0.671624077996605
0.008369900861368438,0.6718944822509652
0.008451162034779781,0.6718944822509652
0.008451162034779781,0.6721348415881743
0.008451162034779781,0.6721648865053255
0.008451162034779781,0.6721949314224765
0.008451162034779781,0.6722399987982033
0.008451162034779781,0.6722700437153545
0.008532423208191127,0.6722700437153545
0.008532423208191127,0.6727507623897727
0.008532423208191127,0.6727808073069238
0.008532423208191127,0.6727958297654995
0.008532423208191127,0.6728258746826505
0.008532423208191127,0.6729911217269818
0.008532423208191127,0.6730512115612841
0.008532423208191127,0.6730662340198597
0.00861368438160247,0.6730662340198597
0.00861368438160247,0.6731263238541619
0.00861368438160247,0.6732164586056154
0.00861368438160247,0.6732615259813421
0.00861368438160247,0.6733065933570688
0.00861368438160247,0.6734117505670978
0.00861368438160247,0.673441795484249
0.00861368438160247,0.6741778959544519
0.00861368438160247,0.6742079408716031
0.00861368438160247,0.6742830531644809
0.00861368438160247,0.6743130980816321
0.00861368438160247,0.6743882103745099
0.00861368438160247,0.674418255291661
0.00861368438160247,0.6746736370874458
0.00861368438160247,0.6747036820045968
0.00861368438160247,0.6748238616732014
0.00861368438160247,0.6748539065903526
0.008694945555013815,0.6748539065903526
0.008694945555013815,0.6748839515075037
0.008694945555013815,0.674944041341806
0.008694945555013815,0.6750341760932594
0.008694945555013815,0.6750642210104105
0.008694945555013815,0.6751092883861373
0.008694945555013815,0.6752444905133174
0.008694945555013815,0.6752895578890441
0.008694945555013815,0.6753646701819219
0.008694945555013815,0.6754397824747999
0.008694945555013815,0.6756651193534334
0.008694945555013815,0.6756951642705845
0.008694945555013815,0.6757252091877357
0.008694945555013815,0.6757552541048868
0.008694945555013815,0.6758003214806135
0.008694945555013815,0.6758604113149158
0.008694945555013815,0.6758904562320669
0.008694945555013815,0.6760106359006715
0.008694945555013815,0.6760707257349737
0.008694945555013815,0.6763861973650608
0.008694945555013815,0.6764162422822119
0.008694945555013815,0.6765814893265432
0.008694945555013815,0.6766115342436944
0.008694945555013815,0.6766415791608454
0.008694945555013815,0.6766716240779966
0.008694945555013815,0.6766866465365722
0.008694945555013815,0.6767317139122989
0.008694945555013815,0.6768969609566302
0.008694945555013815,0.6769270058737813
0.008694945555013815,0.6769420283323568
0.008694945555013815,0.676972073249508
0.008694945555013815,0.6771373202938393
0.008694945555013815,0.6771673652109904
0.008694945555013815,0.677182387669566
0.008776206728425159,0.677182387669566
0.008776206728425159,0.6772725224210194
0.008776206728425159,0.6773025673381705
0.008776206728425159,0.677497859299653
0.008776206728425159,0.6775279042168041
0.008776206728425159,0.6778734207640422
0.008776206728425159,0.6779034656811934
0.008776206728425159,0.6779936004326468
0.008776206728425159,0.6780386678083735
0.008776206728425159,0.6783240945213094
0.008857467901836502,0.6783240945213094
0.008857467901836502,0.6783691618970361
0.008857467901836502,0.6783992068141872
0.008857467901836502,0.678549431399943
0.008857467901836502,0.678579476317094
0.008857467901836502,0.6787597458200009
0.008938729075247847,0.6787597458200009
0.008938729075247847,0.6788799254886054
0.008938729075247847,0.6789099704057566
0.008938729075247847,0.6789550377814834
0.008938729075247847,0.67900010515721
0.008938729075247847,0.6791653522015413
0.008938729075247847,0.6791953971186925
0.008938729075247847,0.6792855318701458
0.00901999024865919,0.6792855318701458
0.00901999024865919,0.679841362837442
0.00901999024865919,0.6798864302131686
0.00901999024865919,0.6800666997160756
0.00901999024865919,0.6800967446332267
0.009101251422070534,0.6800967446332267
0.009101251422070534,0.680367148887587
0.009101251422070534,0.6804272387218893
0.009101251422070534,0.6804572836390403
0.00918251259548188,0.6804572836390403
0.00918251259548188,0.6805323959319182
0.00918251259548188,0.6805624408490694
0.00918251259548188,0.6806976429762495
0.00918251259548188,0.6807276878934007
0.00918251259548188,0.6807727552691274
0.00918251259548188,0.6809380023134586
0.00918251259548188,0.6809680472306098
0.00918251259548188,0.6812084065678189
0.00918251259548188,0.6812985413192724
0.00918251259548188,0.6816290354079348
0.00918251259548188,0.681659080325086
0.00918251259548188,0.6818994396622952
0.00918251259548188,0.6819294845794462
0.00918251259548188,0.6821097540823531
0.00918251259548188,0.6821548214580798
0.00918251259548188,0.6822149112923821
0.00918251259548188,0.6822599786681088
0.00918251259548188,0.6822900235852599
0.00918251259548188,0.6823350909609867
0.00918251259548188,0.6823951807952889
0.00918251259548188,0.6825153604638935
0.00918251259548188,0.6825454053810447
0.00918251259548188,0.6829960791383117
0.00918251259548188,0.6830261240554629
0.00918251259548188,0.6834016855198521
0.00918251259548188,0.6834317304370033
0.00918251259548188,0.6834617753541544
0.00918251259548188,0.6835368876470324
0.00918251259548188,0.6836570673156369
0.00918251259548188,0.683687112232788
0.009263773768893223,0.683687112232788
0.009263773768893223,0.6839274715699971
0.009263773768893223,0.6839575164871483
0.009263773768893223,0.6839725389457239
0.009263773768893223,0.6840176063214506
0.009263773768893223,0.6842579656586597
0.009263773768893223,0.6842880105758108
0.009263773768893223,0.6844382351615665
0.009263773768893223,0.6844682800787176
0.009263773768893223,0.68452836991302
0.009263773768893223,0.6845584148301711
0.009263773768893223,0.6845734372887466
0.009263773768893223,0.6846185046644734
0.009263773768893223,0.6847236618745024
0.009345034942304566,0.6847236618745024
0.009345034942304566,0.6847386843330779
0.009345034942304566,0.6847987741673802
0.009345034942304566,0.6848588640016825
0.009345034942304566,0.6848889089188337
0.009345034942304566,0.6850691784217405
0.009345034942304566,0.6850992233388916
0.009345034942304566,0.6851593131731939
0.009345034942304566,0.6851893580903451
0.009345034942304566,0.6853245602175252
0.009345034942304566,0.6853546051346764
0.009345034942304566,0.6853696275932519
0.009345034942304566,0.685399672510403
0.009345034942304566,0.6854597623447053
0.009345034942304566,0.6854898072618565
0.009345034942304566,0.6861057280634548
0.009345034942304566,0.686135772980606
0.009345034942304566,0.6861958628149083
0.009345034942304566,0.686240930190635
0.009345034942304566,0.6862559526492106
0.009345034942304566,0.6862859975663617
0.009345034942304566,0.6863761323178151
0.009426296115715911,0.6863761323178151
0.009426296115715911,0.686451244610693
0.009426296115715911,0.6864812895278442
0.009426296115715911,0.6867516937822044
0.009426296115715911,0.6867967611579311
0.009426296115715911,0.6871723226223204
0.009426296115715911,0.6872023675394715
0.009426296115715911,0.6872324124566227
0.009426296115715911,0.6872624573737738
0.009426296115715911,0.6873525921252273
0.009426296115715911,0.6873826370423783
0.009426296115715911,0.6876079739210119
0.009426296115715911,0.687638018838163
0.009426296115715911,0.6876530412967387
0.009426296115715911,0.6876830862138897
0.009426296115715911,0.6880135803025523
0.009507557289127255,0.6880135803025523
0.009507557289127255,0.6881037150540057
0.009507557289127255,0.6881337599711569
0.009507557289127255,0.6882088722640347
0.009507557289127255,0.6882389171811859
0.009507557289127255,0.6882990070154882
0.009507557289127255,0.6883290519326393
0.009507557289127255,0.6883891417669415
0.009507557289127255,0.6884191866840927
0.009507557289127255,0.688584433728424
0.009507557289127255,0.6886144786455751
0.009507557289127255,0.6889900401099645
0.009588818462538598,0.6889900401099645
0.009588818462538598,0.6890501299442667
0.009588818462538598,0.6890801748614178
0.009588818462538598,0.6891402646957201
0.009588818462538598,0.6891703096128713
0.009588818462538598,0.6892003545300224
0.009588818462538598,0.6892303994471736
0.009588818462538598,0.6892754668229002
0.009588818462538598,0.6895158261601093
0.009588818462538598,0.6895458710772605
0.009588818462538598,0.6902369041717368
0.009588818462538598,0.6902819715474635
0.009588818462538598,0.6904321961332192
0.009588818462538598,0.6904622410503704
0.009588818462538598,0.690507308426097
0.009588818462538598,0.6905523758018237
0.009588818462538598,0.6907326453047306
0.009588818462538598,0.6907626902218817
0.009588818462538598,0.6910180720176664
0.009588818462538598,0.6910481169348176
0.009588818462538598,0.6912283864377244
0.009588818462538598,0.6912584313548755
0.009588818462538598,0.6912884762720267
0.009588818462538598,0.6913335436477533
0.009588818462538598,0.6916189703606892
0.009588818462538598,0.6916490152778404
0.009588818462538598,0.6916790601949915
0.009588818462538598,0.6917091051121427
0.009588818462538598,0.6919945318250785
0.009588818462538598,0.6920245767422296
0.009588818462538598,0.6920846665765319
0.009588818462538598,0.6921147114936831
0.009588818462538598,0.6925653852509501
0.009588818462538598,0.6925954301681013
0.009588818462538598,0.6927306322952814
0.009588818462538598,0.6927907221295837
0.009588818462538598,0.6928658344224616
0.009588818462538598,0.6929109017981883
0.009588818462538598,0.6929709916324905
0.009588818462538598,0.6930310814667928
0.009588818462538598,0.6931963285111241
0.009588818462538598,0.6932413958868509
0.009588818462538598,0.69348175522406
0.009588818462538598,0.6935118001412112
0.009588818462538598,0.6937822043955714
0.009588818462538598,0.6938272717712981
0.009588818462538598,0.6940676311085072
0.009670079635949944,0.6940676311085072
0.009670079635949944,0.694142743401385
0.009670079635949944,0.6941727883185362
0.009670079635949944,0.6943079904457163
0.009670079635949944,0.6943380353628675
0.009670079635949944,0.6943530578214431
0.009670079635949944,0.6943831027385942
0.009670079635949944,0.6944882599486232
0.009670079635949944,0.6945183048657744
0.009670079635949944,0.6947586642029835
0.009670079635949944,0.6948037315787102
0.009670079635949944,0.6949389337058903
0.009670079635949944,0.6949689786230414
0.009670079635949944,0.6958703261375757
0.009670079635949944,0.6959003710547268
0.009670079635949944,0.6959604608890291
0.009670079635949944,0.6960055282647558
0.009670079635949944,0.6960505956404826
0.009670079635949944,0.6961106854747848
0.009670079635949944,0.6961257079333604
0.009670079635949944,0.6961557528505116
0.009670079635949944,0.6962158426848138
0.009670079635949944,0.6964111346462962
0.009670079635949944,0.6964712244805985
0.009670079635949944,0.6968167410278366
0.009670079635949944,0.6968467859449877
0.009670079635949944,0.6969819880721679
0.009670079635949944,0.697012032989319
0.009670079635949944,0.6970571003650458
0.009670079635949944,0.6970871452821968
0.009670079635949944,0.6971472351164991
0.009670079635949944,0.6971772800336503
0.009670079635949944,0.697222347409377
0.009670079635949944,0.6972674147851037
0.009670079635949944,0.697432661829435
0.009670079635949944,0.6974777292051617
0.009670079635949944,0.6975227965808884
0.009670079635949944,0.6975828864151907
0.009670079635949944,0.697642976249493
0.009670079635949944,0.6976730211666441
0.009670079635949944,0.6980786275481845
0.009670079635949944,0.6981236949239112
0.009670079635949944,0.6982138296753647
0.009670079635949944,0.698273919509667
0.009670079635949944,0.6985743686811784
0.009670079635949944,0.6986044135983295
0.009670079635949944,0.698619436056905
0.009670079635949944,0.6986494809740562
0.009670079635949944,0.6987095708083585
0.009670079635949944,0.6987546381840852
0.009670079635949944,0.6987846831012363
0.009670079635949944,0.6988147280183875
0.009670079635949944,0.6988597953941142
0.009670079635949944,0.6989949975212943
0.009670079635949944,0.6990250424384454
0.009670079635949944,0.6991602445656256
0.009670079635949944,0.6991902894827767
0.009670079635949944,0.6992203343999279
0.009670079635949944,0.6992654017756545
0.009670079635949944,0.6996559856986194
0.009670079635949944,0.6997160755329217
0.009670079635949944,0.6998512776601018
0.009670079635949944,0.699881322577253
0.009670079635949944,0.6999714573287065
0.009670079635949944,0.7000015022458576
0.009670079635949944,0.7001367043730377
0.009670079635949944,0.7001817717487644
0.009670079635949944,0.7004671984617002
0.009670079635949944,0.7004972433788513
0.009751340809361287,0.7004972433788513
0.009751340809361287,0.7006024005888803
0.009751340809361287,0.7006474679646071
0.009751340809361287,0.7009779620532697
0.009751340809361287,0.7010080069704208
0.00983260198277263,0.7010080069704208
0.00983260198277263,0.7011131641804498
0.00983260198277263,0.7011432090976009
0.00983260198277263,0.7013234786005078
0.00983260198277263,0.7013535235176589
0.00983260198277263,0.7015638379377169
0.00983260198277263,0.701593882854868
0.00983260198277263,0.7017140625234726
0.00983260198277263,0.7017591298991993
0.00983260198277263,0.7019844667778329
0.00983260198277263,0.702014511694984
0.00983260198277263,0.7023149608664954
0.00983260198277263,0.7023450057836466
0.00983260198277263,0.7023750507007976
0.00983260198277263,0.7024050956179488
0.00983260198277263,0.7024802079108267
0.00983260198277263,0.7025102528279779
0.00983260198277263,0.7026154100380069
0.00983260198277263,0.702645454955158
0.00983260198277263,0.7027205672480358
0.00983260198277263,0.7027656346237625
0.00983260198277263,0.7027956795409137
0.00983260198277263,0.7028257244580648
0.00983260198277263,0.7028707918337915
0.009913863156183976,0.7028707918337915
0.009913863156183976,0.7029459041266694
0.009913863156183976,0.7029759490438205
0.009913863156183976,0.7030210164195472
0.009913863156183976,0.7031862634638785
0.009913863156183976,0.7032163083810297
0.009913863156183976,0.7035618249282678
0.009913863156183976,0.7035918698454189
0.009913863156183976,0.7037120495140234
0.009913863156183976,0.7037420944311746
0.009913863156183976,0.7038172067240525
0.009913863156183976,0.7038472516412037
0.009913863156183976,0.7039524088512326
0.009913863156183976,0.7039824537683838
0.009913863156183976,0.7040124986855348
0.009913863156183976,0.704042543602686
0.009913863156183976,0.7042378355641684
0.009913863156183976,0.7042678804813196
0.009913863156183976,0.7043730376913485
0.009913863156183976,0.7044030826084997
0.009913863156183976,0.7044932173599532
0.009913863156183976,0.7045232622771043
0.009913863156183976,0.7045983745699821
0.009913863156183976,0.7046434419457088
0.009913863156183976,0.70467348686286
0.009913863156183976,0.7049589135757958
0.009913863156183976,0.704988958492947
0.009913863156183976,0.7055297670016675
0.009913863156183976,0.7055598119188187
0.009913863156183976,0.706070575510388
0.009913863156183976,0.7061006204275392
0.009913863156183976,0.7062208000961437
0.009913863156183976,0.7062508450132948
0.009913863156183976,0.706280889930446
0.009913863156183976,0.7063109348475971
0.009913863156183976,0.7063560022233238
0.009913863156183976,0.706386047140475
0.009913863156183976,0.7064160920576261
0.009995124329595319,0.7064160920576261
0.009995124329595319,0.7067315636877132
0.009995124329595319,0.7067616086048643
0.009995124329595319,0.7067916535220155
0.009995124329595319,0.7068216984391665
0.009995124329595319,0.7070169904006489
0.009995124329595319,0.7070470353178001
0.009995124329595319,0.7071822374449802
0.009995124329595319,0.7072423272792825
0.009995124329595319,0.7073174395721604
0.009995124329595319,0.7073775294064627
0.009995124329595319,0.7075277539922183
0.009995124329595319,0.7075577989093695
0.009995124329595319,0.7076930010365496
0.009995124329595319,0.7077380684122764
0.009995124329595319,0.7077530908708519
0.009995124329595319,0.7077831357880031
0.009995124329595319,0.7079033154566077
0.009995124329595319,0.70796340529091
0.009995124329595319,0.7080385175837878
0.009995124329595319,0.7080685625009389
0.009995124329595319,0.7081887421695434
0.009995124329595319,0.7082338095452702
0.009995124329595319,0.7082938993795724
0.009995124329595319,0.7083389667552992
0.009995124329595319,0.7083690116724504
0.010076385503006663,0.7083690116724504
0.010076385503006663,0.7093905388555891
0.010076385503006663,0.7094205837727402
0.010076385503006663,0.7096008532756471
0.010076385503006663,0.7096308981927982
0.010076385503006663,0.710306908828699
0.010076385503006663,0.71033695374585
0.010076385503006663,0.7104871783316058
0.010076385503006663,0.7105322457073324
0.010076385503006663,0.7105622906244836
0.010076385503006663,0.7106374029173614
0.010076385503006663,0.7106824702930882
0.010076385503006663,0.7109829194645996
0.010157646676418008,0.7109829194645996
0.010157646676418008,0.711073054216053
0.010157646676418008,0.7111030991332041
0.010157646676418008,0.7111181215917797
0.010157646676418008,0.7111481665089309
0.010157646676418008,0.7112232788018087
0.010238907849829351,0.7112232788018087
0.010238907849829351,0.71138852584614
0.010238907849829351,0.7114486156804423
0.010238907849829351,0.7114636381390178
0.010238907849829351,0.711493683056169
0.010238907849829351,0.7117190199348026
0.010238907849829351,0.7117490648519537
0.010238907849829351,0.7119293343548605
0.010238907849829351,0.7119593792720117
0.010238907849829351,0.7122147610677964
0.010238907849829351,0.7122448059849475
0.010238907849829351,0.7125001877807322
0.010238907849829351,0.712545255156459
0.010238907849829351,0.7126353899079123
0.010320169023240696,0.7126353899079123
0.010320169023240696,0.7128006369522436
0.010320169023240696,0.7128457043279703
0.010320169023240696,0.7130259738308772
0.010320169023240696,0.7130560187480283
0.010320169023240696,0.7130860636651795
0.010320169023240696,0.7131161085823305
0.010320169023240696,0.7131611759580573
0.010320169023240696,0.7132212657923596
0.010320169023240696,0.7132963780852374
0.010320169023240696,0.7133264230023886
0.010320169023240696,0.7134015352952664
0.010320169023240696,0.7134616251295687
0.010320169023240696,0.7134916700467199
0.010320169023240696,0.713521714963871
0.010320169023240696,0.7136569170910512
0.010320169023240696,0.7136869620082023
0.010320169023240696,0.7137921192182313
0.01040143019665204,0.7137921192182313
0.01040143019665204,0.7139573662625626
0.01040143019665204,0.7140324785554404
0.01040143019665204,0.7140625234725915
0.01040143019665204,0.7146634218156144
0.01040143019665204,0.7146934667327655
0.01040143019665204,0.71481364640137
0.01040143019665204,0.7149037811528235
0.01040143019665204,0.7149488485285502
0.01040143019665204,0.7149939159042769
0.01040143019665204,0.7152643201586372
0.01040143019665204,0.7152943650757883
0.01040143019665204,0.7155797917887241
0.010482691370063383,0.7155797917887241
0.010482691370063383,0.7157450388330554
0.010482691370063383,0.7158351735845089
0.010482691370063383,0.7159102858773867
0.010482691370063383,0.7159403307945378
0.010482691370063383,0.7160154430874157
0.010482691370063383,0.7160454880045668
0.010482691370063383,0.716180690131747
0.010482691370063383,0.7162107350488981
0.010482691370063383,0.7163910045518049
0.010563952543474728,0.7163910045518049
0.010563952543474728,0.7164510943861072
0.010645213716886072,0.7164510943861072
0.010645213716886072,0.716496161761834
0.010645213716886072,0.7167365210990431
0.010645213716886072,0.7167665660161943
0.010645213716886072,0.7169468355191011
0.010645213716886072,0.7169768804362522
0.010726474890297415,0.7169768804362522
0.010726474890297415,0.7171871948563102
0.010726474890297415,0.7172172397734613
0.010726474890297415,0.7174726215692461
0.010726474890297415,0.7175026664863972
0.010726474890297415,0.7175627563206994
0.010726474890297415,0.7176078236964262
0.010726474890297415,0.717682935989304
0.010726474890297415,0.7177129809064552
0.010726474890297415,0.7179082728679376
0.010726474890297415,0.7179383177850887
0.010726474890297415,0.7179833851608154
0.010726474890297415,0.7180134300779666
0.010726474890297415,0.7181185872879956
0.010726474890297415,0.7181486322051467
0.010726474890297415,0.7184340589180825
0.010726474890297415,0.7184641038352336
0.010726474890297415,0.7187044631724429
0.010726474890297415,0.7187345080895939
0.010726474890297415,0.7190650021782565
0.010726474890297415,0.7190950470954076
0.010726474890297415,0.7193203839740412
0.010726474890297415,0.7193654513497679
0.010726474890297415,0.7194255411840702
0.01080773606370876,0.7194255411840702
0.01080773606370876,0.7197710577313083
0.01080773606370876,0.719816125107035
0.01080773606370876,0.7202517764057266
0.01080773606370876,0.7202818213228777
0.01080773606370876,0.7204771132843601
0.01080773606370876,0.7205071582015112
0.01080773606370876,0.7205972929529647
0.01080773606370876,0.7206273378701158
0.01080773606370876,0.7208977421244761
0.01080773606370876,0.7209578319587784
0.01080773606370876,0.7210629891688074
0.010888997237120104,0.7210629891688074
0.010888997237120104,0.7213784607988943
0.010888997237120104,0.7214085057160455
0.010888997237120104,0.7214235281746211
0.010888997237120104,0.7214535730917722
0.010888997237120104,0.7215286853846501
0.010888997237120104,0.7215587303018012
0.010888997237120104,0.7217089548875569
0.011051519583942793,0.7217089548875569
0.011051519583942793,0.7224450553577598
0.011051519583942793,0.7225051451920621
0.011051519583942793,0.7225351901092133
0.011051519583942793,0.72258025748494
0.011051519583942793,0.7226703922363934
0.011132780757354136,0.7226703922363934
0.011132780757354136,0.7227755494464224
0.011132780757354136,0.7228055943635735
0.011132780757354136,0.7228506617393002
0.011132780757354136,0.7229257740321781
0.011132780757354136,0.7229558189493293
0.01121404193076548,0.7229558189493293
0.01121404193076548,0.7230159087836315
0.01121404193076548,0.7230459537007826
0.01121404193076548,0.7233464028722941
0.01121404193076548,0.7233764477894452
0.01121404193076548,0.7234064927065964
0.01121404193076548,0.7234665825408987
0.01121404193076548,0.7235416948337765
0.01121404193076548,0.7235717397509276
0.01121404193076548,0.7236468520438055
0.01121404193076548,0.7236768969609566
0.01121404193076548,0.7238271215467124
0.01121404193076548,0.7238571664638634
0.01121404193076548,0.7242327279282528
0.01121404193076548,0.7242627728454039
0.01121404193076548,0.7242777953039794
0.01121404193076548,0.7243078402211306
0.01121404193076548,0.7244580648068863
0.01121404193076548,0.7244881097240374
0.01121404193076548,0.724713446602671
0.01121404193076548,0.7247585139783977
0.01121404193076548,0.7247735364369733
0.01121404193076548,0.7248035813541244
0.01121404193076548,0.7249688283984557
0.01121404193076548,0.725028918232758
0.01121404193076548,0.7250739856084847
0.01121404193076548,0.7251040305256359
0.01121404193076548,0.7251641203599382
0.01121404193076548,0.7252091877356648
0.01121404193076548,0.7253894572385716
0.01121404193076548,0.7254195021557228
0.01121404193076548,0.7254645695314496
0.01121404193076548,0.7255096369071762
0.01121404193076548,0.7255396818243274
0.01121404193076548,0.7255697267414785
0.01121404193076548,0.7256448390343564
0.01121404193076548,0.7256748839515075
0.01121404193076548,0.7257349737858098
0.011295303104176825,0.7257349737858098
0.011295303104176825,0.7257499962443854
0.011295303104176825,0.7257800411615365
0.011295303104176825,0.7259302657472922
0.011295303104176825,0.7259603106644433
0.011295303104176825,0.7261405801673502
0.011376564277588168,0.7261405801673502
0.011376564277588168,0.726215692460228
0.011376564277588168,0.7262457373773792
0.011376564277588168,0.7263508945874082
0.011376564277588168,0.7263809395045593
0.011376564277588168,0.7266513437589196
0.011376564277588168,0.7266813886760707
0.011376564277588168,0.7267865458860997
0.011376564277588168,0.7268165908032509
0.011376564277588168,0.7268616581789775
0.011376564277588168,0.7268917030961287
0.011376564277588168,0.7270719725990356
0.011376564277588168,0.7271170399747623
0.011376564277588168,0.7277630056935118
0.011376564277588168,0.7277930506106629
0.011376564277588168,0.7279432751964187
0.011376564277588168,0.7279733201135697
0.011376564277588168,0.728138567157901
0.011376564277588168,0.7281836345336278
0.011376564277588168,0.7283639040365346
0.011376564277588168,0.7283939489536858
0.011376564277588168,0.7288145777938018
0.011376564277588168,0.7288446227109528
0.011376564277588168,0.7288596451695284
0.011376564277588168,0.7288896900866796
0.011376564277588168,0.7289347574624063
0.011376564277588168,0.7289648023795574
0.011376564277588168,0.7292352066339177
0.011376564277588168,0.72929529646822
0.011376564277588168,0.7293103189267955
0.011457825450999512,0.7293103189267955
0.011457825450999512,0.7293854312196734
0.011539086624410857,0.7293854312196734
0.011539086624410857,0.7295356558054291
0.011539086624410857,0.7295657007225803
0.011539086624410857,0.729715925308336
0.011539086624410857,0.7297459702254872
0.011539086624410857,0.7299112172698183
0.011539086624410857,0.7299412621869695
0.011539086624410857,0.7303018011927832
0.011539086624410857,0.7303318461099344
0.011539086624410857,0.7304670482371145
0.011539086624410857,0.7305121156128412
0.011539086624410857,0.7305421605299923
0.011539086624410857,0.7306172728228701
0.011539086624410857,0.7306623401985969
0.011539086624410857,0.7308726546186549
0.0116203477978222,0.7308726546186549
0.0116203477978222,0.730902699535806
0.0116203477978222,0.7309327444529572
0.0116203477978222,0.7309928342872595
0.0116203477978222,0.7310228792044106
0.0116203477978222,0.7315636877131312
0.011701608971233545,0.7315636877131312
0.011701608971233545,0.7316838673817357
0.011701608971233545,0.7317139122988868
0.011701608971233545,0.7317589796746136
0.011701608971233545,0.7317890245917646
0.011701608971233545,0.7319392491775204
0.011701608971233545,0.7319692940946715
0.011701608971233545,0.7322547208076073
0.011864131318056232,0.7322547208076073
0.011864131318056232,0.7324950801448165
0.011864131318056232,0.7325251250619677
0.011864131318056232,0.7327805068577523
0.011864131318056232,0.7328105517749035
0.011864131318056232,0.7328706416092058
0.011864131318056232,0.7329006865263569
0.011864131318056232,0.7329757988192348
0.011864131318056232,0.7330058437363859
0.011864131318056232,0.7331260234049904
0.011945392491467578,0.7331260234049904
0.011945392491467578,0.733246203073595
0.011945392491467578,0.7332762479907462
0.011945392491467578,0.7332912704493217
0.012026653664878921,0.7332912704493217
0.012026653664878921,0.7334264725765018
0.012026653664878921,0.7334865624108041
0.012026653664878921,0.7335466522451064
0.012026653664878921,0.7335917196208331
0.012026653664878921,0.7338471014166178
0.012026653664878921,0.733877146333769
0.012026653664878921,0.7339372361680713
0.012026653664878921,0.7339672810852224
0.012026653664878921,0.733982303543798
0.012107914838290264,0.733982303543798
0.012107914838290264,0.7344479997596407
0.012107914838290264,0.734508089593943
0.012107914838290264,0.7345681794282453
0.012107914838290264,0.7346282692625475
0.012107914838290264,0.7346883590968498
0.012107914838290264,0.7347184040140009
0.012107914838290264,0.7348385836826055
0.012107914838290264,0.7348986735169077
0.012107914838290264,0.7349287184340589
0.012107914838290264,0.7352742349812971
0.012107914838290264,0.7353343248155993
0.012107914838290264,0.7354394820256284
0.012107914838290264,0.7354695269427795
0.012107914838290264,0.7354995718599306
0.012107914838290264,0.7355296167770817
0.012107914838290264,0.7360103354515
0.012107914838290264,0.7360403803686512
0.012107914838290264,0.7362957621644358
0.012107914838290264,0.736325807081587
0.012107914838290264,0.7363408295401626
0.012107914838290264,0.7363858969158893
0.012107914838290264,0.7364910541259182
0.012107914838290264,0.7365361215016449
0.012107914838290264,0.7365661664187961
0.01218917601170161,0.7365661664187961
0.01218917601170161,0.7365811888773717
0.01218917601170161,0.7366112337945228
0.01218917601170161,0.7366262562530984
0.01218917601170161,0.7366713236288251
0.01218917601170161,0.7367163910045518
0.01218917601170161,0.736746435921703
0.01218917601170161,0.7367614583802785
0.01218917601170161,0.7367915032974297
0.01218917601170161,0.7368816380488831
0.01218917601170161,0.7369116829660343
0.01218917601170161,0.7372421770546967
0.01218917601170161,0.737302266888999
0.012270437185112953,0.737302266888999
0.012270437185112953,0.7376928508119639
0.012270437185112953,0.737722895729115
0.012270437185112953,0.7379482326077486
0.012270437185112953,0.7379782775248998
0.012270437185112953,0.7381735694863821
0.012351698358524297,0.7381735694863821
0.012351698358524297,0.7382036144035333
0.012351698358524297,0.7382637042378356
0.012351698358524297,0.7383087716135622
0.012351698358524297,0.7383388165307134
0.012351698358524297,0.7386392657022248
0.012351698358524297,0.7386843330779516
0.012351698358524297,0.7387143779951026
0.012351698358524297,0.7387444229122538
0.012351698358524297,0.7387744678294049
0.012351698358524297,0.7388345576637072
0.012351698358524297,0.7389547373323118
0.012351698358524297,0.738984782249463
0.012351698358524297,0.7390298496251897
0.012351698358524297,0.7390598945423408
0.012351698358524297,0.7391800742109453
0.012351698358524297,0.7392101191280965
0.012351698358524297,0.7393603437138522
0.012351698358524297,0.7393903886310034
0.012351698358524297,0.7394054110895789
0.012432959531935642,0.7394054110895789
0.012432959531935642,0.7400964441840552
0.012432959531935642,0.7401264891012063
0.012432959531935642,0.7402166238526597
0.012432959531935642,0.7402466687698108
0.012432959531935642,0.7404569831898689
0.012432959531935642,0.7404870281070199
0.012432959531935642,0.7406823200685024
0.012432959531935642,0.7407123649856535
0.012432959531935642,0.7408475671128337
0.012432959531935642,0.740907656947136
0.012432959531935642,0.7411630387429207
0.012432959531935642,0.7412832184115252
0.012432959531935642,0.741433442997281
0.012595481878758329,0.741433442997281
0.012595481878758329,0.7414634879144321
0.012595481878758329,0.7414935328315833
0.012595481878758329,0.7415085552901588
0.012595481878758329,0.7415536226658855
0.012595481878758329,0.7416287349587634
0.012595481878758329,0.7416587798759144
0.012595481878758329,0.7416888247930656
0.012676743052169674,0.7416888247930656
0.012676743052169674,0.7417489146273679
0.012758004225581017,0.7417489146273679
0.012758004225581017,0.7418090044616702
0.012758004225581017,0.7418390493788214
0.012758004225581017,0.7422596782189373
0.01283926539899236,0.7422596782189373
0.01283926539899236,0.7424249252632685
0.01283926539899236,0.7424699926389953
0.01283926539899236,0.7426502621419021
0.01283926539899236,0.7426803070590533
0.01283926539899236,0.742830531644809
0.01283926539899236,0.7428605765619601
0.01283926539899236,0.7431309808163205
0.01283926539899236,0.7431760481920471
0.01283926539899236,0.7432060931091983
0.01283926539899236,0.7432361380263494
0.01283926539899236,0.7433112503192273
0.01283926539899236,0.7433563176949539
0.01283926539899236,0.7434013850706807
0.01283926539899236,0.7434314299878318
0.01283926539899236,0.7436116994907387
0.012920526572403706,0.7436116994907387
0.012920526572403706,0.7436567668664653
0.012920526572403706,0.743701834242192
0.012920526572403706,0.7439421935794012
0.012920526572403706,0.7439872609551279
0.012920526572403706,0.7441374855408837
0.012920526572403706,0.7441675304580347
0.012920526572403706,0.7444229122538195
0.012920526572403706,0.7444529571709706
0.012920526572403706,0.7445280694638484
0.01300178774581505,0.7445280694638484
0.01300178774581505,0.7446632715910286
0.01300178774581505,0.7446933165081797
0.01300178774581505,0.7447233614253309
0.01300178774581505,0.7447834512596332
0.01300178774581505,0.7449937656796911
0.013164310092637738,0.7449937656796911
0.013164310092637738,0.7450087881382667
0.013164310092637738,0.7450388330554178
0.013245571266049081,0.7450388330554178
0.013245571266049081,0.7453092373097782
0.013326832439460427,0.7453092373097782
0.013326832439460427,0.745384349602656
0.01340809361287177,0.745384349602656
0.01340809361287177,0.7455195517298361
0.01340809361287177,0.7455495966469873
0.01340809361287177,0.7460002704042543
0.01340809361287177,0.7460303153214055
0.01340809361287177,0.7460753826971322
0.01340809361287177,0.7461204500728589
0.01340809361287177,0.7461354725314345
0.01340809361287177,0.7461655174485856
0.01340809361287177,0.7465260564543993
0.013489354786283114,0.7465260564543993
0.013489354786283114,0.7465410789129749
0.013489354786283114,0.746571123830126
0.013489354786283114,0.7466312136644283
0.013489354786283114,0.7466612585815795
0.013489354786283114,0.7467363708744573
0.013489354786283114,0.7467814382501841
0.013489354786283114,0.7472621569246023
0.013489354786283114,0.7472922018417534
0.013489354786283114,0.7474574488860847
0.013489354786283114,0.7475025162618114
0.013489354786283114,0.7476377183889915
0.013570615959694459,0.7476377183889915
0.013570615959694459,0.7478480328090495
0.013570615959694459,0.7478931001847763
0.013570615959694459,0.7479531900190786
0.013570615959694459,0.7479832349362296
0.013570615959694459,0.7480733696876831
0.013651877133105802,0.7480733696876831
0.013651877133105802,0.7482386167320144
0.01381439947992849,0.7482386167320144
0.01381439947992849,0.748283684107741
0.01381439947992849,0.7483137290248922
0.01381439947992849,0.7483287514834678
0.013895660653339834,0.7483287514834678
0.013895660653339834,0.7485991557378281
0.013976921826751178,0.7485991557378281
0.013976921826751178,0.748704312947857
0.013976921826751178,0.7487493803235837
0.013976921826751178,0.7487644027821593
0.013976921826751178,0.748809470157886
0.014058183000162523,0.748809470157886
0.014058183000162523,0.7488545375336128
0.014058183000162523,0.7488996049093395
0.014058183000162523,0.7491249417879731
0.014058183000162523,0.7491549867051241
0.014058183000162523,0.749230098998002
0.014058183000162523,0.7492601439151532
0.014058183000162523,0.7493202337494554
0.014058183000162523,0.7493953460423333
0.014058183000162523,0.7494103685009088
0.014058183000162523,0.74944041341806
0.014058183000162523,0.7495155257109378
0.014058183000162523,0.749545570628089
0.014058183000162523,0.7497709075067226
0.014058183000162523,0.7498009524238737
0.014058183000162523,0.7500262893025073
0.014058183000162523,0.7500563342196583
0.014058183000162523,0.7502666486397164
0.014058183000162523,0.7503267384740187
0.014058183000162523,0.75049198551835
0.014058183000162523,0.750522030435501
0.014058183000162523,0.7505821202698033
0.014058183000162523,0.7506121651869545
0.014058183000162523,0.7508975918998904
0.014058183000162523,0.7509276368170414
0.014058183000162523,0.7510177715684949
0.01422070534698521,0.7510177715684949
0.01422070534698521,0.7511830186128262
0.01422070534698521,0.7512130635299773
0.01422070534698521,0.7512431084471285
0.01422070534698521,0.7512731533642796
0.01422070534698521,0.7514984902429132
0.01422070534698521,0.7515285351600643
0.01422070534698521,0.751783916955849
0.01422070534698521,0.7518740517073024
0.01422070534698521,0.752099388585936
0.01422070534698521,0.7521594784202382
0.01422070534698521,0.7526702420118077
0.01422070534698521,0.7527002869289587
0.01422070534698521,0.7528505115147145
0.01422070534698521,0.7528805564318657
0.014301966520396555,0.7528805564318657
0.014301966520396555,0.7530908708519236
0.014301966520396555,0.7531509606862259
0.014301966520396555,0.7531960280619526
0.014301966520396555,0.7532260729791037
0.014301966520396555,0.7533462526477083
0.014301966520396555,0.7534063424820107
0.014301966520396555,0.7534514098577373
0.014301966520396555,0.7535114996920396
0.014383227693807898,0.7535114996920396
0.014383227693807898,0.7535715895263418
0.014383227693807898,0.7536467018192198
0.014464488867219242,0.7536467018192198
0.014464488867219242,0.7539922183664578
0.014545750040630587,0.7539922183664578
0.014545750040630587,0.7540523082007602
0.014545750040630587,0.7540973755764868
0.014545750040630587,0.7542926675379693
0.014545750040630587,0.7543227124551204
0.014545750040630587,0.7543377349136959
0.01462701121404193,0.7543377349136959
0.01462701121404193,0.7543828022894227
0.01462701121404193,0.7544128472065739
0.01462701121404193,0.7544729370408761
0.01478953356086462,0.7544729370408761
0.014870794734275963,0.7544729370408761
0.014870794734275963,0.7545630717923295
0.014870794734275963,0.7546081391680562
0.014870794734275963,0.7546231616266318
0.014870794734275963,0.754653206543783
0.014870794734275963,0.7548935658809921
0.014952055907687308,0.7548935658809921
0.014952055907687308,0.7549386332567188
0.014952055907687308,0.7549686781738699
0.014952055907687308,0.7549837006324455
0.014952055907687308,0.7550437904667477
0.014952055907687308,0.7551489476767768
0.015033317081098651,0.7551489476767768
0.015033317081098651,0.7553592620968348
0.015033317081098651,0.7554193519311371
0.015033317081098651,0.7555094866825904
0.015114578254509995,0.7555094866825904
0.015114578254509995,0.7555545540583172
0.015114578254509995,0.7555996214340439
0.015114578254509995,0.755839980771253
0.015114578254509995,0.7558700256884041
0.015114578254509995,0.7559301155227064
0.015114578254509995,0.7559601604398576
0.015114578254509995,0.7565159914071536
0.015114578254509995,0.7565460363243048
0.015114578254509995,0.7567563507443629
0.015114578254509995,0.756786395661514
0.015114578254509995,0.7568615079543918
0.015114578254509995,0.756891552871543
0.015114578254509995,0.7569215977886941
0.01519583942792134,0.7569215977886941
0.01519583942792134,0.7569666651644208
0.01519583942792134,0.756996710081572
0.015277100601332683,0.756996710081572
0.015277100601332683,0.7572520918773566
0.015277100601332683,0.7572971592530834
0.015277100601332683,0.7574323613802635
0.015277100601332683,0.7574624062974147
0.015277100601332683,0.7576126308831703
0.015277100601332683,0.7576576982588971
0.015277100601332683,0.7577177880931993
0.015277100601332683,0.7577478330103504
0.015277100601332683,0.7578830351375306
0.015277100601332683,0.7579431249718329
0.015277100601332683,0.7580182372647107
0.015277100601332683,0.7580482821818619
0.015277100601332683,0.758078327099013
0.015277100601332683,0.7581534393918908
0.015277100601332683,0.7582285516847688
0.015277100601332683,0.7582585966019199
0.015277100601332683,0.7584238436462512
0.015358361774744027,0.7584238436462512
0.015358361774744027,0.758498955939129
0.015358361774744027,0.7585440233148557
0.015358361774744027,0.7585740682320069
0.015358361774744027,0.7586792254420358
0.015358361774744027,0.758709270359187
0.015358361774744027,0.7587242928177625
0.015439622948155372,0.7587242928177625
0.015439622948155372,0.7587393152763381
0.015439622948155372,0.7587843826520648
0.015439622948155372,0.7590998542821518
0.015439622948155372,0.759129899199303
0.015439622948155372,0.7592050114921808
0.015439622948155372,0.759235056409332
0.015439622948155372,0.7592500788679075
0.015520884121566715,0.7592500788679075
0.015520884121566715,0.7593101687022098
0.015520884121566715,0.759340213619361
0.015520884121566715,0.7593552360779365
0.015520884121566715,0.7593852809950876
0.015520884121566715,0.7594754157465411
0.015520884121566715,0.7595054606636922
0.015520884121566715,0.7595204831222678
0.015602145294978059,0.7595204831222678
0.015602145294978059,0.7600462691724128
0.015602145294978059,0.7600763140895639
0.015602145294978059,0.7601063590067151
0.015602145294978059,0.7601364039238662
0.015602145294978059,0.7602265386753196
0.015683406468389404,0.7602265386753196
0.015683406468389404,0.7602415611338952
0.015683406468389404,0.7602716060510463
0.015683406468389404,0.7604819204711043
0.015683406468389404,0.7605119653882555
0.015683406468389404,0.760526987846831
0.015683406468389404,0.7605870776811333
0.015683406468389404,0.7612029984827317
0.015683406468389404,0.7612330433998828
0.015683406468389404,0.7613382006099119
0.015683406468389404,0.7613982904442141
0.015683406468389404,0.7616987396157255
0.015683406468389404,0.7617287845328766
0.015683406468389404,0.7617438069914522
0.015683406468389404,0.7617738519086034
0.015683406468389404,0.7619691438700857
0.015683406468389404,0.7619991887872369
0.015683406468389404,0.7620743010801148
0.015683406468389404,0.7621193684558415
0.015683406468389404,0.762239548124446
0.015764667641800748,0.762239548124446
0.015764667641800748,0.7622545705830216
0.015764667641800748,0.7623146604173239
0.015764667641800748,0.7623597277930506
0.015764667641800748,0.7623897727102017
0.015764667641800748,0.7624198176273529
0.015764667641800748,0.7625249748373819
0.015764667641800748,0.762555019754533
0.015764667641800748,0.7628104015503178
0.015764667641800748,0.7628404464674688
0.01584592881521209,0.7628404464674688
0.01584592881521209,0.7630056935118001
0.01584592881521209,0.7630657833461024
0.01584592881521209,0.7632760977661605
0.01584592881521209,0.7633061426833115
0.01584592881521209,0.7633662325176138
0.01584592881521209,0.763396277434765
0.01584592881521209,0.7634563672690673
0.015927189988623434,0.7634563672690673
0.015927189988623434,0.7637267715234275
0.01600845116203478,0.7637267715234275
0.01600845116203478,0.7642375351149969
0.016089712335446125,0.7642375351149969
0.016089712335446125,0.764447849535055
0.016170973508857468,0.764447849535055
0.016170973508857468,0.7646281190379618
0.016170973508857468,0.7646731864136884
0.016170973508857468,0.7647482987065664
0.016170973508857468,0.764793366082293
0.016170973508857468,0.7650487478780778
0.01625223468226881,0.7650487478780778
0.01625223468226881,0.7651689275466823
0.016333495855680155,0.7651689275466823
0.016333495855680155,0.7652290173809846
0.0164147570290915,0.7652290173809846
0.0164147570290915,0.765529466552496
0.016496018202502846,0.765529466552496
0.016496018202502846,0.7655595114696471
0.016496018202502846,0.765739780972554
0.016496018202502846,0.7657698258897051
0.016496018202502846,0.7657998708068563
0.016496018202502846,0.7658299157240074
0.016496018202502846,0.7658449381825829
0.016496018202502846,0.7658749830997341
0.016496018202502846,0.7658900055583097
0.016658540549325532,0.7658900055583097
0.016658540549325532,0.7659200504754609
0.016658540549325532,0.7660252076854898
0.016739801722736876,0.7660252076854898
0.016739801722736876,0.7661153424369432
0.016739801722736876,0.76616040981267
0.016739801722736876,0.7662054771883966
0.016739801722736876,0.766265567022699
0.016739801722736876,0.7663256568570013
0.016739801722736876,0.7663557017741524
0.016739801722736876,0.7663707242327279
0.016739801722736876,0.7664007691498791
0.016739801722736876,0.7664909039013325
0.01682106289614822,0.7664909039013325
0.01682106289614822,0.7665960611113615
0.01682106289614822,0.7666261060285127
0.01682106289614822,0.7667012183213905
0.01682106289614822,0.7667462856971172
0.01682106289614822,0.7669716225757508
0.01682106289614822,0.7670317124100531
0.01682106289614822,0.7670617573272042
0.01682106289614822,0.7670918022443554
0.01682106289614822,0.7673171391229888
0.016902324069559563,0.7673171391229888
0.016902324069559563,0.7674072738744423
0.016902324069559563,0.7674673637087446
0.016902324069559563,0.7675124310844713
0.016902324069559563,0.767557498460198
0.016902324069559563,0.7678429251731338
0.016902324069559563,0.7679330599245873
0.016902324069559563,0.7680832845103429
0.01698358524297091,0.7680832845103429
0.01698358524297091,0.7681433743446452
0.01698358524297091,0.7681734192617964
0.01698358524297091,0.7682485315546742
0.01698358524297091,0.7682785764718254
0.01698358524297091,0.76839875614043
0.01698358524297091,0.7684738684333078
0.017064846416382253,0.7684738684333078
0.017064846416382253,0.7685189358090345
0.017064846416382253,0.7685489807261856
0.017064846416382253,0.7690146769420283
0.017146107589793597,0.7690146769420283
0.017146107589793597,0.769029699400604
0.017146107589793597,0.769059744317755
0.017146107589793597,0.7692550362792374
0.017146107589793597,0.7692850811963886
0.017146107589793597,0.7694353057821443
0.01722736876320494,0.7694353057821443
0.01722736876320494,0.7694953956164466
0.017308629936616284,0.7694953956164466
0.017308629936616284,0.7695404629921733
0.017308629936616284,0.7695705079093245
0.017308629936616284,0.7696005528264755
0.017308629936616284,0.7696305977436267
0.017308629936616284,0.7696756651193535
0.01738989111002763,0.7696756651193535
0.01738989111002763,0.7698409121636847
0.017471152283438974,0.7698409121636847
0.017471152283438974,0.7699460693737137
0.017471152283438974,0.7699761142908649
0.017471152283438974,0.7700962939594694
0.017552413456850317,0.7700962939594694
0.017552413456850317,0.7704418105067076
0.017552413456850317,0.7704718554238587
0.017552413456850317,0.7705770126338877
0.017552413456850317,0.7706070575510388
0.017552413456850317,0.7707873270539457
0.017796196977084348,0.7707873270539457
0.017796196977084348,0.7708173719710968
0.017796196977084348,0.770847416888248
0.017796196977084348,0.7709675965568525
0.017796196977084348,0.7710126639325792
0.017796196977084348,0.7713431580212418
0.017796196977084348,0.7713732029383928
0.017796196977084348,0.7716436071927532
0.017796196977084348,0.7716736521099044
0.017796196977084348,0.7717036970270554
0.017877458150495695,0.7717036970270554
0.017877458150495695,0.7717487644027822
0.017877458150495695,0.77182387669566
0.017877458150495695,0.771929033905689
0.017877458150495695,0.7719891237399913
0.017877458150495695,0.7721844157014737
0.017877458150495695,0.7722144606186249
0.017877458150495695,0.7723346402872294
0.017877458150495695,0.7723646852043805
0.017877458150495695,0.7723947301215317
0.017958719323907038,0.7723947301215317
0.017958719323907038,0.7726350894587408
0.017958719323907038,0.7726651343758919
0.017958719323907038,0.7727102017516186
0.017958719323907038,0.7729355386302522
0.01803998049731838,0.7729355386302522
0.01803998049731838,0.7731758979674613
0.01803998049731838,0.7732059428846125
0.01803998049731838,0.7732810551774904
0.01803998049731838,0.7733261225532171
0.01803998049731838,0.7733411450117926
0.018121241670729725,0.7733411450117926
0.018121241670729725,0.7733862123875194
0.018121241670729725,0.7734463022218216
0.018121241670729725,0.7734763471389727
0.018121241670729725,0.773536436973275
0.018121241670729725,0.7735815043490017
0.018121241670729725,0.7736115492661529
0.018121241670729725,0.7736716391004552
0.018121241670729725,0.7737167064761818
0.018121241670729725,0.7737767963104841
0.018121241670729725,0.7738068412276353
0.018121241670729725,0.7739871107305422
0.018121241670729725,0.7740171556476934
0.018121241670729725,0.7740472005648444
0.018121241670729725,0.7740922679405712
0.018121241670729725,0.7741223128577223
0.018121241670729725,0.7743476497363558
0.01820250284414107,0.7743476497363558
0.01820250284414107,0.7744377844878093
0.018283764017552412,0.7744377844878093
0.018283764017552412,0.7745579641564139
0.018283764017552412,0.7746030315321405
0.018283764017552412,0.7746330764492917
0.018283764017552412,0.7746631213664429
0.018283764017552412,0.7747232112007452
0.01836502519096376,0.7747232112007452
0.01836502519096376,0.7747833010350474
0.018446286364375102,0.7747833010350474
0.018446286364375102,0.7748584133279253
0.018446286364375102,0.7748884582450764
0.018446286364375102,0.7750687277479832
0.018527547537786446,0.7750687277479832
0.018527547537786446,0.7751738849580122
0.018527547537786446,0.7752189523337389
0.018527547537786446,0.7752940646266168
0.01860880871119779,0.7752940646266168
0.01860880871119779,0.7755945137981282
0.018690069884609133,0.7755945137981282
0.018690069884609133,0.7756245587152794
0.018690069884609133,0.7756546036324304
0.018690069884609133,0.7756696260910061
0.01877133105802048,0.7756696260910061
0.01877133105802048,0.7759700752625175
0.018933853404843166,0.7759700752625175
0.018933853404843166,0.77630056935118
0.018933853404843166,0.7763306142683312
0.018933853404843166,0.7763606591854822
0.018933853404843166,0.7763907041026334
0.018933853404843166,0.7765259062298135
0.018933853404843166,0.776616040981267
0.018933853404843166,0.7766611083569938
0.018933853404843166,0.7767963104841739
0.018933853404843166,0.7768263554013249
0.018933853404843166,0.7770516922799585
0.018933853404843166,0.7770817371971097
0.018933853404843166,0.7776075232472547
0.018933853404843166,0.7776525906229813
0.018933853404843166,0.7778929499601905
0.018933853404843166,0.7779380173359172
0.018933853404843166,0.778328601258882
0.018933853404843166,0.7783586461760331
0.018933853404843166,0.7788994546847537
0.018933853404843166,0.7789294996019048
0.018933853404843166,0.7790947466462361
0.018933853404843166,0.7791398140219629
0.018933853404843166,0.7794252407348987
0.018933853404843166,0.7794552856520498
0.018933853404843166,0.7795153754863521
0.018933853404843166,0.7795454204035033
0.018933853404843166,0.7798308471164391
0.01901511457825451,0.7798308471164391
0.01901511457825451,0.7798458695750147
0.01901511457825451,0.7798759144921658
0.01901511457825451,0.7799660492436192
0.01901511457825451,0.7799960941607703
0.01901511457825451,0.7801613412051016
0.019096375751665853,0.7801613412051016
0.019096375751665853,0.7802064085808283
0.019096375751665853,0.7802364534979794
0.019096375751665853,0.7804017005423107
0.019096375751665853,0.7804317454594619
0.019177636925077197,0.7804317454594619
0.019177636925077197,0.7805369026694909
0.019177636925077197,0.780566947586642
0.019177636925077197,0.7806570823380955
0.019258898098488544,0.7806570823380955
0.019258898098488544,0.7807472170895489
0.019258898098488544,0.7807772620067001
0.019258898098488544,0.7808523742995779
0.019258898098488544,0.780882419216729
0.019258898098488544,0.7809274865924557
0.019340159271899887,0.7809274865924557
0.019340159271899887,0.7811077560953625
0.019502681618722574,0.7811077560953625
0.019502681618722574,0.7811828683882405
0.01966520396554526,0.7811828683882405
0.01966520396554526,0.7820541709856235
0.01966520396554526,0.7820992383613502
0.01966520396554526,0.7821142608199257
0.01966520396554526,0.7821593281956525
0.01966520396554526,0.7823245752399838
0.019746465138956608,0.7823245752399838
0.019746465138956608,0.7824447549085883
0.01982772631236795,0.7824447549085883
0.01982772631236795,0.7824597773671639
0.01982772631236795,0.7824898222843151
0.01982772631236795,0.7825799570357684
0.01982772631236795,0.7828653837487043
0.01982772631236795,0.7828954286658555
0.01982772631236795,0.78301560833446
0.01982772631236795,0.7830456532516111
0.01982772631236795,0.7831057430859134
0.019908987485779295,0.7831057430859134
0.019908987485779295,0.7831808553787913
0.019908987485779295,0.7832109002959424
0.019908987485779295,0.7832559676716692
0.019908987485779295,0.7833461024231225
0.019908987485779295,0.7833761473402737
0.019908987485779295,0.783646551594634
0.019908987485779295,0.7836765965117851
0.019908987485779295,0.7840972253519011
0.019908987485779295,0.7841272702690523
0.019908987485779295,0.7841873601033545
0.019908987485779295,0.7842174050205056
0.019908987485779295,0.7843826520648369
0.019908987485779295,0.7844277194405637
0.019908987485779295,0.7845328766505927
0.019990248659190638,0.7845328766505927
0.019990248659190638,0.7847582135292261
0.019990248659190638,0.7847882584463773
0.019990248659190638,0.7848633707392552
0.019990248659190638,0.7848934156564064
0.019990248659190638,0.7849384830321331
0.019990248659190638,0.7849985728664354
0.019990248659190638,0.7851788423693422
0.019990248659190638,0.7852088872864933
0.019990248659190638,0.785464269082278
0.02007150983260198,0.785464269082278
0.02007150983260198,0.7855093364580047
0.020152771006013325,0.7855093364580047
0.020152771006013325,0.7855544038337314
0.020152771006013325,0.7855844487508826
0.020234032179424672,0.7855844487508826
0.020234032179424672,0.7856595610437604
0.020234032179424672,0.7856896059609115
0.020234032179424672,0.7857346733366383
0.020315293352836016,0.7857346733366383
0.020315293352836016,0.7860952123424519
0.020315293352836016,0.7861252572596031
0.020315293352836016,0.7861853470939054
0.020315293352836016,0.7862454369282077
0.020315293352836016,0.7865158411825679
0.020315293352836016,0.7865458860997191
0.020315293352836016,0.7866059759340214
0.02039655452624736,0.7866059759340214
0.02039655452624736,0.7868012678955038
0.02039655452624736,0.786831312812655
0.02039655452624736,0.786966514939835
0.020477815699658702,0.786966514939835
0.020477815699658702,0.7871167395255908
0.020477815699658702,0.7871918518184686
0.020477815699658702,0.7872068742770442
0.020477815699658702,0.7872369191941954
0.020477815699658702,0.787281986569922
0.020477815699658702,0.7873120314870732
0.020477815699658702,0.7875373683657068
0.020477815699658702,0.7875674132828578
0.020477815699658702,0.7876425255757358
0.020477815699658702,0.7876725704928869
0.020477815699658702,0.7878678624543692
0.020477815699658702,0.7878979073715204
0.020477815699658702,0.7879279522886715
0.020559076873070046,0.7879279522886715
0.020559076873070046,0.7879730196643983
0.020640338046481393,0.7879730196643983
0.020640338046481393,0.7880631544158517
0.020721599219892736,0.7880631544158517
0.020721599219892736,0.788123244250154
0.020721599219892736,0.7881532891673051
0.020721599219892736,0.7882133790016074
0.02080286039330408,0.7882133790016074
0.02080286039330408,0.7882434239187586
0.02080286039330408,0.7882734688359097
0.02080286039330408,0.7884988057145432
0.02080286039330408,0.7885288506316944
0.02080286039330408,0.7886039629245722
0.02080286039330408,0.7886340078417233
0.02080286039330408,0.788649030300299
0.020884121566715423,0.788649030300299
0.020884121566715423,0.7886790752174501
0.020884121566715423,0.7887091201346013
0.020884121566715423,0.7887541875103279
0.020884121566715423,0.7887842324274791
0.020965382740126767,0.7887842324274791
0.020965382740126767,0.7888443222617814
0.020965382740126767,0.7888893896375081
0.02104664391353811,0.7888893896375081
0.02104664391353811,0.7889194345546592
0.02104664391353811,0.7889494794718104
0.02104664391353811,0.7891147265161417
0.02104664391353811,0.7891447714332928
0.02104664391353811,0.7894001532290774
0.02104664391353811,0.7894452206048042
0.02104664391353811,0.7896405125662866
0.021127905086949457,0.7896405125662866
0.021127905086949457,0.7896855799420133
0.0212091662603608,0.7896855799420133
0.0212091662603608,0.78973064731774
0.0212091662603608,0.7897606922348912
0.0212091662603608,0.7897907371520423
0.0212091662603608,0.7898508269863446
0.0212091662603608,0.7898658494449201
0.0212091662603608,0.7899259392792224
0.0212091662603608,0.789940961737798
0.021371688607183487,0.789940961737798
0.021371688607183487,0.7903315456607628
0.021371688607183487,0.790361590577914
0.021371688607183487,0.7904817702465186
0.021371688607183487,0.7905118151636696
0.021371688607183487,0.7905719049979719
0.02145294978059483,0.7905719049979719
0.02145294978059483,0.7905869274565476
0.02145294978059483,0.7906169723736987
0.02145294978059483,0.7906620397494254
0.021534210954006174,0.7906620397494254
0.021534210954006174,0.7907071071251521
0.021534210954006174,0.7907371520423032
0.021534210954006174,0.7907521745008789
0.021534210954006174,0.79078221941803
0.021534210954006174,0.7911127135066925
0.021696733300828865,0.7911127135066925
0.021696733300828865,0.7912328931752971
0.021777994474240208,0.7912328931752971
0.021777994474240208,0.7913080054681749
0.021777994474240208,0.791338050385326
0.021777994474240208,0.7913680953024772
0.021777994474240208,0.7913981402196284
0.021777994474240208,0.7914281851367795
0.02185925564765155,0.7914281851367795
0.02185925564765155,0.7914582300539307
0.021940516821062895,0.7914582300539307
0.021940516821062895,0.791548364805384
0.021940516821062895,0.7915934321811108
0.021940516821062895,0.7916084546396863
0.021940516821062895,0.7916384995568375
0.021940516821062895,0.7918037466011687
0.021940516821062895,0.7918337915183199
0.021940516821062895,0.7919840161040755
0.022103039167885585,0.7919840161040755
0.022103039167885585,0.792074150855529
0.02218430034129693,0.792074150855529
0.02218430034129693,0.7921492631484068
0.02218430034129693,0.792179308065558
0.022265561514708272,0.792179308065558
0.022265561514708272,0.7922694428170114
0.022346822688119616,0.7922694428170114
0.022346822688119616,0.7925398470713717
0.02242808386153096,0.7925398470713717
0.02242808386153096,0.7926149593642495
0.02242808386153096,0.7926450042814007
0.02259060620835365,0.7926450042814007
0.02259060620835365,0.7926750491985518
0.02259060620835365,0.7927802064085808
0.02259060620835365,0.7928252737843076
0.02259060620835365,0.7928553187014586
0.02259060620835365,0.7928853636186098
0.02259060620835365,0.7929304309943366
0.02259060620835365,0.7929604759114877
0.02259060620835365,0.79315576787297
0.02259060620835365,0.7931858127901212
0.02259060620835365,0.7932008352486968
0.02259060620835365,0.7932609250829991
0.02259060620835365,0.7933059924587258
0.02259060620835365,0.793336037375877
0.02259060620835365,0.7933660822930281
0.02259060620835365,0.7934562170444815
0.02259060620835365,0.7934712395030571
0.02259060620835365,0.7935012844202082
0.02259060620835365,0.7935463517959349
0.02259060620835365,0.7936515090059639
0.02259060620835365,0.793681553923115
0.02259060620835365,0.7936965763816907
0.02259060620835365,0.7937266212988418
0.02259060620835365,0.7938618234260219
0.02259060620835365,0.793891868343173
0.02259060620835365,0.7940721378460799
0.02259060620835365,0.7941172052218066
0.02259060620835365,0.7941322276803822
0.02259060620835365,0.7941622725975334
0.02259060620835365,0.7941923175146844
0.02259060620835365,0.7942373848904112
0.02259060620835365,0.7944326768518936
0.02259060620835365,0.7944627217690448
0.022671867381764993,0.7944627217690448
0.022671867381764993,0.7945378340619226
0.022753128555176336,0.7945378340619226
0.022753128555176336,0.7946129463548004
0.02283438972858768,0.7946129463548004
0.02283438972858768,0.794838283233434
0.02283438972858768,0.7948833506091607
0.02283438972858768,0.794943440443463
0.02283438972858768,0.795048597653492
0.022915650901999023,0.795048597653492
0.022915650901999023,0.7951537548635209
0.022915650901999023,0.7951837997806721
0.022915650901999023,0.7951988222392476
0.023078173248821714,0.7951988222392476
0.023159434422233057,0.7951988222392476
0.023159434422233057,0.7952288671563988
0.023159434422233057,0.7952589120735499
0.023159434422233057,0.7953039794492767
0.0232406955956444,0.7953039794492767
0.0232406955956444,0.7953190019078522
0.0232406955956444,0.7953490468250034
0.0232406955956444,0.7955142938693347
0.023321956769055744,0.7955142938693347
0.023321956769055744,0.7955443387864858
0.023321956769055744,0.7956795409136659
0.02340321794246709,0.7956795409136659
0.02340321794246709,0.7957246082893926
0.02340321794246709,0.7957546532065438
0.02340321794246709,0.7957696756651194
0.02340321794246709,0.7957997205822704
0.02340321794246709,0.7958297654994216
0.02340321794246709,0.7958598104165727
0.02340321794246709,0.7959950125437529
0.02340321794246709,0.796025057460904
0.02340321794246709,0.7962203494223865
0.02340321794246709,0.7962503943395376
0.02340321794246709,0.7963555515495666
0.02340321794246709,0.7963855964667177
0.02340321794246709,0.7964156413838689
0.02340321794246709,0.79644568630102
0.02340321794246709,0.7965808884282002
0.023484479115878434,0.7965808884282002
0.023484479115878434,0.7966409782625025
0.023565740289289778,0.7966409782625025
0.023565740289289778,0.7968062253068338
0.023565740289289778,0.7968362702239848
0.023565740289289778,0.7968963600582871
0.023565740289289778,0.7969264049754383
0.023565740289289778,0.7969564498925894
0.023565740289289778,0.7969864948097406
0.023565740289289778,0.7970015172683161
0.023565740289289778,0.7970315621854672
0.023565740289289778,0.7971517418540718
0.02364700146270112,0.7971517418540718
0.02364700146270112,0.797181786771223
0.02364700146270112,0.7972118316883742
0.02364700146270112,0.797392101191281
0.02364700146270112,0.7974221461084321
0.02364700146270112,0.7975273033184611
0.02364700146270112,0.7975723706941878
0.02364700146270112,0.7976474829870657
0.02364700146270112,0.7976775279042168
0.02364700146270112,0.7977225952799435
0.023728262636112465,0.7977225952799435
0.023728262636112465,0.7981732690372106
0.023728262636112465,0.7982033139543617
0.023728262636112465,0.7983234936229663
0.023728262636112465,0.7983535385401175
0.023728262636112465,0.7986239427944778
0.023728262636112465,0.7986690101702044
0.023728262636112465,0.7987591449216579
0.023728262636112465,0.798789189838809
0.023728262636112465,0.7988643021316869
0.023728262636112465,0.7989093695074135
0.023728262636112465,0.7991947962203494
0.023809523809523808,0.7991947962203494
0.023809523809523808,0.799209818678925
0.023809523809523808,0.7992398635960761
0.023809523809523808,0.7993299983475296
0.023890784982935155,0.7993299983475296
0.023890784982935155,0.7993600432646807
0.023890784982935155,0.7995403127675875
0.0239720461563465,0.7995403127675875
0.0239720461563465,0.799630447519041
0.0239720461563465,0.7996604924361921
0.0239720461563465,0.7997356047290699
0.024053307329757842,0.7997356047290699
0.024053307329757842,0.7998557843976746
0.024134568503169185,0.7998557843976746
0.024134568503169185,0.8000660988177325
0.02421582967658053,0.8000660988177325
0.02421582967658053,0.8001412111106103
0.02421582967658053,0.8001712560277615
0.02421582967658053,0.8002313458620638
0.02421582967658053,0.8002613907792149
0.02421582967658053,0.8003665479892439
0.02421582967658053,0.8004266378235462
0.02421582967658053,0.8004566827406974
0.02421582967658053,0.8005618399507264
0.02421582967658053,0.8005918848678775
0.02421582967658053,0.8007571319122088
0.02437835202340322,0.8007571319122088
0.02437835202340322,0.8009974912494179
0.024459613196814563,0.8009974912494179
0.024459613196814563,0.8012078056694759
0.024540874370225906,0.8012078056694759
0.024703396717048593,0.8012078056694759
0.024784657890459937,0.8012078056694759
0.024784657890459937,0.8014932323824117
0.024784657890459937,0.8015232772995629
0.024784657890459937,0.8016735018853185
0.024865919063871283,0.8016735018853185
0.024865919063871283,0.8019288836811033
0.024865919063871283,0.8019589285982544
0.024865919063871283,0.8020640858082834
0.024865919063871283,0.8020941307254346
0.024865919063871283,0.8021091531840101
0.024865919063871283,0.8021391981011612
0.024865919063871283,0.8021992879354635
0.024947180237282627,0.8021992879354635
0.024947180237282627,0.8022143103940391
0.024947180237282627,0.8022443553111902
0.024947180237282627,0.8023495125212192
0.024947180237282627,0.8023795574383704
0.024947180237282627,0.8025748493998528
0.025109702584105314,0.8025748493998528
0.025109702584105314,0.8025898718584283
0.025190963757516657,0.8025898718584283
0.025190963757516657,0.802845253654213
0.025190963757516657,0.8028752985713642
0.025190963757516657,0.8029053434885153
0.025190963757516657,0.8029804557813932
0.025190963757516657,0.8030105006985443
0.025272224930928004,0.8030105006985443
0.025272224930928004,0.8031457028257245
0.025272224930928004,0.8032057926600268
0.025272224930928004,0.8033409947872069
0.025272224930928004,0.803371039704358
0.025272224930928004,0.8033860621629336
0.025272224930928004,0.8035062418315382
0.025272224930928004,0.8036264215001427
0.025272224930928004,0.8036564664172938
0.025272224930928004,0.8038968257545029
0.025353486104339348,0.8038968257545029
0.025353486104339348,0.8039869605059564
0.025353486104339348,0.8040170054231075
0.025353486104339348,0.8041371850917121
0.025353486104339348,0.8041972749260143
0.025353486104339348,0.8043474995117701
0.02543474727775069,0.8043474995117701
0.02543474727775069,0.8043625219703456
0.02543474727775069,0.8044075893460724
0.02543474727775069,0.8046479486832815
0.02543474727775069,0.8046779936004327
0.02543474727775069,0.8047080385175838
0.02543474727775069,0.804768128351886
0.02543474727775069,0.8050084876890952
0.025516008451162035,0.8050084876890952
0.025516008451162035,0.8050535550648219
0.025516008451162035,0.8050835999819731
0.025516008451162035,0.8051587122748509
0.025516008451162035,0.805188757192002
0.025516008451162035,0.8052488470263043
0.025516008451162035,0.8052788919434555
0.025516008451162035,0.8055342737392401
0.025516008451162035,0.8055943635735424
0.025516008451162035,0.8056093860321181
0.025597269624573378,0.8056093860321181
0.025597269624573378,0.805714543242147
0.02567853079798472,0.805714543242147
0.02567853079798472,0.8059549025793561
0.02567853079798472,0.8059849474965073
0.02567853079798472,0.8060901047065363
0.02567853079798472,0.8061201496236874
0.02567853079798472,0.8061351720822629
0.02567853079798472,0.8061952619165653
0.02567853079798472,0.8063905538780477
0.02567853079798472,0.8064356212537744
0.02575979197139607,0.8064356212537744
0.02575979197139607,0.8069463848453438
0.02575979197139607,0.8069914522210705
0.02575979197139607,0.8070214971382217
0.02575979197139607,0.807081586972524
0.02575979197139607,0.807111631889675
0.02575979197139607,0.8071566992654018
0.02575979197139607,0.8076975077741223
0.02575979197139607,0.8077575976084246
0.02575979197139607,0.8078026649841513
0.02575979197139607,0.8078627548184536
0.02575979197139607,0.8078927997356047
0.02575979197139607,0.8082082713656917
0.02575979197139607,0.8082383162828428
0.02575979197139607,0.8088392146258657
0.02575979197139607,0.8088842820015923
0.02575979197139607,0.8089443718358946
0.02575979197139607,0.8090945964216504
0.02575979197139607,0.8091246413388015
0.02575979197139607,0.8092297985488305
0.02575979197139607,0.8092748659245572
0.02575979197139607,0.8093049108417083
0.02575979197139607,0.8096504273889464
0.02575979197139607,0.8096804723060976
0.02575979197139607,0.809770607057551
0.02575979197139607,0.8098306968918533
0.02575979197139607,0.8099058091847312
0.025841053144807412,0.8099058091847312
0.025841053144807412,0.8102212808148181
0.025841053144807412,0.8102513257319693
0.025841053144807412,0.8102663481905449
0.025841053144807412,0.8103564829419982
0.025841053144807412,0.8104315952348762
0.025841053144807412,0.8104616401520273
0.025841053144807412,0.8104916850691785
0.025841053144807412,0.8105217299863295
0.025841053144807412,0.8105367524449051
0.025841053144807412,0.8105667973620563
0.025841053144807412,0.8105818198206318
0.025922314318218755,0.8105818198206318
0.025922314318218755,0.810717021947812
0.025922314318218755,0.8107470668649631
0.025922314318218755,0.8107771117821143
0.025922314318218755,0.8108071566992654
0.025922314318218755,0.8109123139092944
0.025922314318218755,0.8109423588264455
0.025922314318218755,0.8110174711193234
0.025922314318218755,0.8110775609536257
0.025922314318218755,0.8111076058707768
0.0260035754916301,0.8111076058707768
0.0260035754916301,0.8111526732465035
0.026166097838452786,0.8111526732465035
0.026166097838452786,0.8111977406222303
0.02640988135868682,0.8111977406222303
0.02640988135868682,0.8114981897937417
0.02640988135868682,0.8115282347108927
0.02640988135868682,0.8115733020866195
0.026572403705509506,0.8115733020866195
0.026572403705509506,0.811663436838073
0.026572403705509506,0.811693481755224
0.026572403705509506,0.8117235266723752
0.026653664878920853,0.8117235266723752
0.026653664878920853,0.8118136614238286
0.02681618722574354,0.8118136614238286
0.02681618722574354,0.8119638860095844
0.026897448399154884,0.8119638860095844
0.026897448399154884,0.8120990881367645
0.026897448399154884,0.8121291330539157
0.026897448399154884,0.8126098517283339
0.026897448399154884,0.812639896645485
0.026897448399154884,0.8126849640212117
0.026897448399154884,0.8127150089383629
0.026897448399154884,0.8128802559826941
0.026897448399154884,0.8129103008998453
0.026897448399154884,0.8129253233584208
0.026978709572566227,0.8129253233584208
0.026978709572566227,0.8129403458169964
0.026978709572566227,0.8129703907341476
0.026978709572566227,0.8130455030270254
0.026978709572566227,0.8130755479441766
0.026978709572566227,0.8133159072813857
0.02705997074597757,0.8133159072813857
0.02705997074597757,0.813481154325717
0.02705997074597757,0.8135111992428681
0.02705997074597757,0.8137816034972284
0.02705997074597757,0.8138116484143795
0.02705997074597757,0.813931828082984
0.02705997074597757,0.8139618730001352
0.02705997074597757,0.8140219628344375
0.027141231919388917,0.8140219628344375
0.027141231919388917,0.8142172547959199
0.02722249309280026,0.8142172547959199
0.02722249309280026,0.814773085763216
0.027303754266211604,0.814773085763216
0.027303754266211604,0.8148481980560939
0.027303754266211604,0.814878242973245
0.027303754266211604,0.8149383328075472
0.027385015439622948,0.8149383328075472
0.027385015439622948,0.8149533552661229
0.027385015439622948,0.8149984226418495
0.027385015439622948,0.815088557393303
0.027547537786445635,0.815088557393303
0.027547537786445635,0.8151035798518785
0.027547537786445635,0.8151486472276053
0.027547537786445635,0.815193714603332
0.027547537786445635,0.8152237595204831
0.027547537786445635,0.8152387819790587
0.027547537786445635,0.815298871813361
0.027547537786445635,0.8153890065648144
0.027547537786445635,0.8154190514819656
0.027547537786445635,0.8156894557363258
0.027547537786445635,0.815719500653477
0.027547537786445635,0.8159598599906861
0.027547537786445635,0.8160049273664128
0.027547537786445635,0.816170174410744
0.027547537786445635,0.8162152417864708
0.027547537786445635,0.8162603091621975
0.027547537786445635,0.8163053765379242
0.02762879895985698,0.8163053765379242
0.02762879895985698,0.8163203989964998
0.02762879895985698,0.8163504439136509
0.02762879895985698,0.816380488830802
0.02779132130667967,0.816380488830802
0.02779132130667967,0.8163955112893776
0.02779132130667967,0.8164255562065288
0.02779132130667967,0.8165908032508601
0.027872582480091012,0.8165908032508601
0.027872582480091012,0.8166659155437379
0.027872582480091012,0.8167109829194646
0.027872582480091012,0.8167260053780402
0.027872582480091012,0.8168161401294936
0.027872582480091012,0.8171015668424294
0.027953843653502355,0.8171015668424294
0.027953843653502355,0.8171616566767317
0.0280351048269137,0.8171616566767317
0.0280351048269137,0.8172517914281852
0.028116366000325046,0.8172517914281852
0.028116366000325046,0.817326903721063
0.028116366000325046,0.8173569486382142
0.028116366000325046,0.8174621058482431
0.028116366000325046,0.8174921507653943
0.028116366000325046,0.8175822855168476
0.028116366000325046,0.8176273528925744
0.028116366000325046,0.8176423753511499
0.028116366000325046,0.8176724202683011
0.028116366000325046,0.8177775774783301
0.028116366000325046,0.8178076223954812
0.028116366000325046,0.8178226448540569
0.02819762717373639,0.8178226448540569
0.02819762717373639,0.8178827346883591
0.02819762717373639,0.8179127796055102
0.02819762717373639,0.8181831838598705
0.02819762717373639,0.8182132287770216
0.02819762717373639,0.8182733186113239
0.028278888347147733,0.8182733186113239
0.028278888347147733,0.8183033635284751
0.028278888347147733,0.8183484309042017
0.028278888347147733,0.8185737677828353
0.02844141069397042,0.8185737677828353
0.02844141069397042,0.8186639025342888
0.02860393304079311,0.8186639025342888
0.02860393304079311,0.8187239923685911
0.02860393304079311,0.8187540372857421
0.02860393304079311,0.8188742169543467
0.02860393304079311,0.8189042618714979
0.02860393304079311,0.8191746661258582
0.028685194214204453,0.8191746661258582
0.028685194214204453,0.819249778418736
0.028685194214204453,0.8192798233358871
0.028685194214204453,0.8193098682530383
0.028685194214204453,0.8193399131701894
0.028685194214204453,0.8195352051316719
0.028766455387615797,0.8195352051316719
0.028766455387615797,0.819565250048823
0.02884771656102714,0.819565250048823
0.02884771656102714,0.8196253398831252
0.02884771656102714,0.8196553848002764
0.02884771656102714,0.8199558339717878
0.028928977734438484,0.8199558339717878
0.028928977734438484,0.8200459687232412
0.02901023890784983,0.8200459687232412
0.02901023890784983,0.8201361034746947
0.02901023890784983,0.8201661483918458
0.02901023890784983,0.8203464178947526
0.02901023890784983,0.8203764628119038
0.02901023890784983,0.8206618895248396
0.029091500081261174,0.8206618895248396
0.029091500081261174,0.820752024276293
0.029091500081261174,0.8207970916520198
0.029091500081261174,0.8209322937791999
0.029091500081261174,0.8209773611549266
0.029091500081261174,0.8210374509892289
0.029172761254672518,0.8210374509892289
0.029172761254672518,0.821277810326438
0.029172761254672518,0.8213228777021647
0.029172761254672518,0.821382967536467
0.029172761254672518,0.8214430573707693
0.029172761254672518,0.8215632370393738
0.029172761254672518,0.821593281956525
0.02925402242808386,0.821593281956525
0.02925402242808386,0.8216233268736761
0.02925402242808386,0.8216683942494029
0.02925402242808386,0.821698439166554
0.029335283601495205,0.821698439166554
0.029335283601495205,0.8217284840837051
0.029335283601495205,0.8217735514594319
0.029335283601495205,0.8218787086694609
0.029335283601495205,0.8219237760451875
0.029335283601495205,0.8219538209623387
0.029335283601495205,0.8219838658794898
0.029335283601495205,0.82211906800667
0.029416544774906548,0.82211906800667
0.029416544774906548,0.8222993375095768
0.029416544774906548,0.8223293824267279
0.029416544774906548,0.8228401460182974
0.029416544774906548,0.8228852133940241
0.029416544774906548,0.8230504604383554
0.029416544774906548,0.8231405951898088
0.029416544774906548,0.8233208646927156
0.029416544774906548,0.8233659320684423
0.029416544774906548,0.8235612240299247
0.029497805948317895,0.8235612240299247
0.029497805948317895,0.8235912689470759
0.029497805948317895,0.8236363363228026
0.029497805948317895,0.8237865609085583
0.02957906712172924,0.8237865609085583
0.02957906712172924,0.8238166058257095
0.02957906712172924,0.8238616732014361
0.02957906712172924,0.8239518079528896
0.029660328295140582,0.8239518079528896
0.029660328295140582,0.824147099914372
0.029660328295140582,0.8241771448315232
0.029660328295140582,0.8243273694172788
0.029660328295140582,0.82435741433443
0.029660328295140582,0.8243874592515811
0.029660328295140582,0.8244325266273078
0.029660328295140582,0.8246578635059414
0.029741589468551925,0.8246578635059414
0.029741589468551925,0.8247029308816681
0.029741589468551925,0.8247329757988192
0.029741589468551925,0.8247479982573948
0.029741589468551925,0.824778043174546
0.029741589468551925,0.8251536046389352
0.02982285064196327,0.8251536046389352
0.02982285064196327,0.8252737843075397
0.02982285064196327,0.8253188516832665
0.02982285064196327,0.8253639190589932
0.02982285064196327,0.8253939639761443
0.02982285064196327,0.825439031351871
0.02982285064196327,0.8254690762690222
0.02982285064196327,0.8255441885619
0.02982285064196327,0.8256042783962023
0.029904111815374616,0.8256042783962023
0.029904111815374616,0.825649345771929
0.029904111815374616,0.8257394805233824
0.029904111815374616,0.8257845478991092
0.029904111815374616,0.8258145928162604
0.029904111815374616,0.825964817402016
0.02998537298878596,0.825964817402016
0.02998537298878596,0.8260549521534695
0.02998537298878596,0.8260849970706206
0.02998537298878596,0.8261300644463473
0.02998537298878596,0.8261450869049228
0.030066634162197303,0.8261450869049228
0.030066634162197303,0.8261601093634985
0.030066634162197303,0.8262051767392251
0.030066634162197303,0.8262201991978008
0.030066634162197303,0.8262502441149518
0.030066634162197303,0.8263403788664053
0.030147895335608646,0.8263403788664053
0.030147895335608646,0.826490603452161
0.03022915650901999,0.826490603452161
0.03022915650901999,0.8266408280379167
0.03022915650901999,0.8266858954136433
0.03022915650901999,0.8267159403307945
0.03022915650901999,0.8267459852479456
0.03022915650901999,0.8267910526236724
0.03022915650901999,0.826806075082248
0.03022915650901999,0.8268361199993991
0.03022915650901999,0.8270464344194571
0.03022915650901999,0.8270915017951838
0.03022915650901999,0.8272116814637883
0.03022915650901999,0.8272417263809395
0.03022915650901999,0.827256748839515
0.03022915650901999,0.8272867937566662
0.03022915650901999,0.8274069734252708
0.03022915650901999,0.8274370183424219
0.03022915650901999,0.8275421755524509
0.03022915650901999,0.8275722204696021
0.03022915650901999,0.8275872429281776
0.03022915650901999,0.8276473327624799
0.03022915650901999,0.8276623552210555
0.030310417682431333,0.8276623552210555
0.030310417682431333,0.8277074225967822
0.030310417682431333,0.8277374675139333
0.030310417682431333,0.8277975573482356
0.030310417682431333,0.8278576471825378
0.030310417682431333,0.827887692099689
0.03039167885584268,0.827887692099689
0.03039167885584268,0.8279177370168401
0.03039167885584268,0.8280529391440203
0.03039167885584268,0.8281430738954737
0.030472940029254023,0.8281430738954737
0.030472940029254023,0.8281580963540494
0.030472940029254023,0.8281881412712004
0.030472940029254023,0.8282782760226539
0.03063546237607671,0.8282782760226539
0.03063546237607671,0.8283533883155317
0.030716723549488054,0.8283533883155317
0.030716723549488054,0.8283984556912585
0.030716723549488054,0.8284285006084096
0.030716723549488054,0.8284585455255608
0.030716723549488054,0.8284885904427118
0.030716723549488054,0.8285336578184386
0.030797984722899397,0.8285336578184386
0.030797984722899397,0.8285637027355897
0.030797984722899397,0.8286087701113164
0.030797984722899397,0.8286688599456187
0.030879245896310744,0.8286688599456187
0.030879245896310744,0.8287439722384966
0.030960507069722087,0.8287439722384966
0.030960507069722087,0.8288190845313744
0.03104176824313343,0.8288190845313744
0.03104176824313343,0.8289092192828278
0.03104176824313343,0.8289693091171301
0.03104176824313343,0.8292096684543392
0.031123029416544774,0.8292096684543392
0.031123029416544774,0.8292397133714904
0.031123029416544774,0.8294500277915484
0.031204290589956118,0.8294500277915484
0.031204290589956118,0.8295852299187285
0.031204290589956118,0.8296152748358796
0.031204290589956118,0.8296453197530308
0.031204290589956118,0.8296903871287575
0.031204290589956118,0.8297504769630598
0.03128555176336746,0.8297504769630598
0.03128555176336746,0.8299007015488155
0.03136681293677881,0.8299007015488155
0.03136681293677881,0.8300659485931468
0.03144807411019015,0.8300659485931468
0.03144807411019015,0.8302011507203269
0.03144807411019015,0.830231195637478
0.03144807411019015,0.8303213303889314
0.03144807411019015,0.8303663977646581
0.03144807411019015,0.8305015998918382
0.031529335283601495,0.8305015998918382
0.031529335283601495,0.8306217795604428
0.03161059645701284,0.8306217795604428
0.03161059645701284,0.830651824477594
0.03161059645701284,0.8306968918533207
0.03161059645701284,0.8307269367704718
0.03161059645701284,0.8307419592290475
0.03169185763042418,0.8307419592290475
0.03169185763042418,0.8309372511905299
0.03177311880383553,0.8309372511905299
0.03177311880383553,0.8309672961076809
0.03177311880383553,0.8309973410248321
0.03177311880383553,0.8310123634834077
0.03185437997724687,0.8310123634834077
0.03185437997724687,0.8310574308591344
0.03185437997724687,0.8311175206934367
0.03185437997724687,0.8313578800306458
0.031935641150658216,0.8313578800306458
0.031935641150658216,0.8316433067435817
0.03201690232406956,0.8316433067435817
0.03201690232406956,0.8319888232908198
0.03201690232406956,0.8320188682079709
0.0320981634974809,0.8320188682079709
0.0320981634974809,0.8323193173794823
0.0320981634974809,0.8323794072137846
0.0320981634974809,0.8323944296723602
0.0320981634974809,0.8324244745895113
0.0320981634974809,0.8324545195066625
0.0320981634974809,0.8324995868823891
0.0320981634974809,0.8326197665509938
0.03217942467089225,0.8326197665509938
0.03217942467089225,0.8326648339267204
0.03217942467089225,0.8326948788438716
0.03226068584430359,0.8326948788438716
0.03226068584430359,0.8328300809710517
0.032341947017714937,0.8328300809710517
0.032341947017714937,0.8328601258882029
0.032341947017714937,0.832890170805354
0.032341947017714937,0.8330854627668364
0.032341947017714937,0.8331305301425631
0.032341947017714937,0.8331605750597143
0.032341947017714937,0.8331755975182898
0.032423208191126277,0.8331755975182898
0.032423208191126277,0.8333859119383479
0.032423208191126277,0.8334610242312257
0.032423208191126277,0.833521114065528
0.032423208191126277,0.8335511589826791
0.032423208191126277,0.8337013835684348
0.032423208191126277,0.8337314284855859
0.032423208191126277,0.8337464509441616
0.032423208191126277,0.8337764958613126
0.032423208191126277,0.8337915183198882
0.03250446936453762,0.8337915183198882
0.03250446936453762,0.8338215632370394
0.03250446936453762,0.834076945032824
0.03250446936453762,0.8341069899499752
0.03258573053794897,0.8341069899499752
0.03258573053794897,0.8344525064972134
0.03266699171136031,0.8344525064972134
0.03266699171136031,0.8345726861658179
0.03274825288477166,0.8345726861658179
0.03274825288477166,0.8349031802544804
0.03274825288477166,0.8349482476302071
0.03274825288477166,0.8349632700887827
0.032829514058183,0.8349632700887827
0.032829514058183,0.8356242582661079
0.032910775231594344,0.8356242582661079
0.032910775231594344,0.8356993705589857
0.03299203640500569,0.8356993705589857
0.03299203640500569,0.835789505310439
0.03299203640500569,0.8358195502275902
0.03299203640500569,0.8359096849790437
0.03299203640500569,0.8359397298961948
0.03299203640500569,0.8359847972719215
0.03323581992523972,0.8359847972719215
0.03323581992523972,0.8360298646476483
0.03323581992523972,0.8360899544819506
0.03323581992523972,0.8361800892334039
0.03323581992523972,0.8362251566091307
0.03323581992523972,0.8363753811948863
0.03323581992523972,0.8364054261120375
0.03323581992523972,0.8365105833220665
0.03323581992523972,0.8365406282392176
0.03323581992523972,0.8367659651178512
0.03323581992523972,0.8368260549521535
0.03323581992523972,0.8368560998693046
0.03323581992523972,0.8368861447864557
0.03323581992523972,0.8369612570793336
0.03323581992523972,0.8369913019964847
0.03323581992523972,0.8370814367479381
0.033317081098651065,0.8370814367479381
0.033317081098651065,0.8371265041236648
0.03339834227206241,0.8371265041236648
0.03339834227206241,0.8371865939579671
0.03347960344547375,0.8371865939579671
0.03347960344547375,0.8372767287094206
0.03347960344547375,0.8373217960851473
0.03347960344547375,0.8373818859194496
0.03347960344547375,0.8374119308366007
0.03347960344547375,0.8374569982123274
0.0335608646188851,0.8374569982123274
0.0335608646188851,0.8375170880466297
0.033723386965707786,0.8375170880466297
0.033723386965707786,0.8375922003395075
0.033723386965707786,0.8376222452566587
0.033723386965707786,0.8377274024666876
0.033723386965707786,0.8377574473838388
0.033723386965707786,0.8379076719695946
0.033723386965707786,0.8379377168867457
0.033723386965707786,0.8381930986825303
0.033723386965707786,0.8382231435996815
0.033723386965707786,0.8383283008097105
0.033804648139119126,0.8383283008097105
0.033804648139119126,0.8384484804783151
0.03388590931253047,0.8384484804783151
0.03388590931253047,0.838763952108402
0.03396717048594182,0.838763952108402
0.03396717048594182,0.8388390644012799
0.03404843165935316,0.8388390644012799
0.03404843165935316,0.8389892889870356
0.034129692832764506,0.8389892889870356
0.034129692832764506,0.8390193339041867
0.034129692832764506,0.8390493788213379
0.034129692832764506,0.8390794237384891
0.034210954006175846,0.8390794237384891
0.034210954006175846,0.8391094686556402
0.034210954006175846,0.8391395135727914
0.034210954006175846,0.8392146258656692
0.03429221517958719,0.8392146258656692
0.03429221517958719,0.8392596932413959
0.03429221517958719,0.8393348055342738
0.03429221517958719,0.8394549852028783
0.03437347635299854,0.8394549852028783
0.03437347635299854,0.8396352547057852
0.03445473752640988,0.8396352547057852
0.03445473752640988,0.8396502771643607
0.03445473752640988,0.839710366998663
0.03445473752640988,0.839920681418721
0.03445473752640988,0.8399507263358721
0.03445473752640988,0.8401610407559301
0.034698521046643914,0.8401610407559301
0.034698521046643914,0.8402962428831102
0.03477978222005526,0.8402962428831102
0.03477978222005526,0.840446467468866
0.03477978222005526,0.8404765123860171
0.03477978222005526,0.840551624678895
0.0348610433934666,0.840551624678895
0.0348610433934666,0.8406117145131973
0.0348610433934666,0.8406417594303484
0.0348610433934666,0.8406567818889239
0.0348610433934666,0.8407018492646506
0.0348610433934666,0.8408220289332552
0.0348610433934666,0.8408520738504064
0.0348610433934666,0.8410323433533132
0.03502356574028929,0.8410323433533132
0.03502356574028929,0.8410924331876155
0.03502356574028929,0.8411224781047666
0.03502356574028929,0.8411825679390689
0.03502356574028929,0.8412126128562201
0.035104826913700635,0.8412126128562201
0.035104826913700635,0.8412576802319468
0.035104826913700635,0.8412877251490979
0.035104826913700635,0.8413027476076734
0.035104826913700635,0.8413628374419757
0.035104826913700635,0.8414529721934292
0.035186088087111975,0.8414529721934292
0.035186088087111975,0.841633241696336
0.035186088087111975,0.8416783090720628
0.035186088087111975,0.8417083539892138
0.03526734926052332,0.8417083539892138
0.03526734926052332,0.8417684438235161
0.03526734926052332,0.8417984887406673
0.03526734926052332,0.8418736010335451
0.03526734926052332,0.8419036459506963
0.03526734926052332,0.8423843646251146
0.03534861043393467,0.8423843646251146
0.03534861043393467,0.8424744993765679
0.03534861043393467,0.8425345892108702
0.03534861043393467,0.8426547688794748
0.03534861043393467,0.842684813796626
0.03534861043393467,0.8427298811723527
0.03534861043393467,0.8427449036309282
0.03534861043393467,0.8428200159238061
0.03534861043393467,0.8429852629681374
0.03534861043393467,0.8430153078852886
0.03542987160734601,0.8430153078852886
0.03542987160734601,0.8431805549296197
0.035511132780757355,0.8431805549296197
0.035511132780757355,0.8431955773881954
0.035511132780757355,0.8432256223053465
0.035511132780757355,0.8432706896810732
0.035511132780757355,0.8433608244325266
0.035511132780757355,0.8434659816425556
0.035511132780757355,0.8434960265597068
0.035511132780757355,0.8435861613111602
0.035592393954168695,0.8435861613111602
0.035592393954168695,0.8436612736040381
0.035592393954168695,0.8436913185211892
0.035592393954168695,0.843766430814067
0.035592393954168695,0.8438565655655205
0.03567365512758004,0.8438565655655205
0.03567365512758004,0.8439166553998227
0.03567365512758004,0.8439467003169738
0.03567365512758004,0.8440218126098518
0.03567365512758004,0.8440518575270028
0.03567365512758004,0.8442471494884853
0.03575491630099139,0.8442471494884853
0.03575491630099139,0.8443222617813632
0.03575491630099139,0.8443523066985142
0.03575491630099139,0.8444274189913922
0.03575491630099139,0.8444574639085433
0.03575491630099139,0.8445926660357234
0.03575491630099139,0.8446377334114501
0.03583617747440273,0.8446377334114501
0.03583617747440273,0.8446828007871768
0.035917438647814076,0.8446828007871768
0.035917438647814076,0.8447278681629036
0.035917438647814076,0.8447579130800547
0.035917438647814076,0.8449832499586882
0.035917438647814076,0.845028317334415
0.035917438647814076,0.845133474544444
0.035917438647814076,0.8451635194615951
0.035917438647814076,0.8452085868373218
0.035998699821225416,0.8452085868373218
0.035998699821225416,0.8453137440473508
0.03624248334145945,0.8453137440473508
0.03624248334145945,0.8453287665059264
0.03624248334145945,0.8453588114230774
0.0363237445148708,0.8453588114230774
0.0363237445148708,0.8456442381360133
0.03640500568828214,0.8456442381360133
0.03640500568828214,0.8457343728874668
0.036486266861693484,0.8457343728874668
0.036486266861693484,0.8457493953460423
0.036567528035104824,0.8457493953460423
0.036567528035104824,0.8457644178046179
0.036567528035104824,0.8457944627217691
0.036567528035104824,0.8458245076389201
0.036567528035104824,0.8458845974732224
0.03664878920851617,0.8458845974732224
0.03664878920851617,0.8465155407333964
0.03664878920851617,0.8465756305676987
0.03664878920851617,0.8465906530262742
0.03673005038192752,0.8465906530262742
0.03673005038192752,0.8466657653191522
0.03673005038192752,0.8466958102363032
0.03673005038192752,0.8468310123634835
0.03681131155533886,0.8468310123634835
0.03681131155533886,0.8469211471149368
0.03681131155533886,0.8469361695735124
0.03681131155533886,0.8469662144906636
0.03681131155533886,0.8470563492421169
0.036892572728750204,0.8470563492421169
0.036892572728750204,0.8471164390764192
0.036892572728750204,0.8472366187450238
0.036892572728750204,0.847266663662175
0.036892572728750204,0.8473868433307795
0.036892572728750204,0.8474168882479307
0.036892572728750204,0.847476978082233
0.03705509507557289,0.847476978082233
0.03705509507557289,0.8477323598780176
0.03705509507557289,0.8477924497123199
0.03705509507557289,0.847822494629471
0.03713635624898424,0.847822494629471
0.03713635624898424,0.8484384154310695
0.03713635624898424,0.8484985052653717
0.03713635624898424,0.8485435726410985
0.03721761742239558,0.8485435726410985
0.03721761742239558,0.8485736175582496
0.037380139769218265,0.8485736175582496
0.037380139769218265,0.8485886400168251
0.037380139769218265,0.8486487298511274
0.037380139769218265,0.8486937972268541
0.037380139769218265,0.8487538870611564
0.03746140094262961,0.8487538870611564
0.03746140094262961,0.8490543362326678
0.03754266211604096,0.8490543362326678
0.03754266211604096,0.8491144260669701
0.03754266211604096,0.8491444709841213
0.03754266211604096,0.8491745159012724
0.03754266211604096,0.8492045608184235
0.03754266211604096,0.8493848303213304
0.03754266211604096,0.8494298976970571
0.03754266211604096,0.8494599426142082
0.03754266211604096,0.849505009989935
0.03754266211604096,0.8495350549070861
0.0376239232894523,0.8495350549070861
0.0376239232894523,0.8497453693271441
0.0376239232894523,0.8498054591614463
0.0376239232894523,0.8498204816200219
0.037705184462863646,0.8498204816200219
0.037705184462863646,0.8499106163714754
0.037705184462863646,0.8499406612886264
0.037705184462863646,0.8501209307915334
0.037705184462863646,0.85016599816726
0.037705184462863646,0.850241110460138
0.037786445636274986,0.850241110460138
0.037786445636274986,0.8503462676701669
0.03786770680968633,0.8503462676701669
0.03786770680968633,0.8503612901287425
0.03786770680968633,0.8503913350458936
0.03786770680968633,0.8504664473387714
0.03786770680968633,0.8504964922559226
0.03794896798309767,0.8504964922559226
0.03794896798309767,0.8506617393002539
0.03803022915650902,0.8506617393002539
0.03803022915650902,0.8506767617588294
0.03803022915650902,0.8507068066759806
0.03803022915650902,0.8509621884717653
0.03811149032992037,0.8509621884717653
0.03811149032992037,0.851112413057521
0.03811149032992037,0.8511424579746721
0.03811149032992037,0.8511574804332477
0.03819275150333171,0.8511574804332477
0.03819275150333171,0.8513978397704568
0.03819275150333171,0.8515029969804858
0.03819275150333171,0.8516982889419682
0.03819275150333171,0.8517283338591194
0.03819275150333171,0.851953670737753
0.038274012676743054,0.851953670737753
0.038274012676743054,0.8521189177820843
0.038355273850154394,0.8521189177820843
0.038355273850154394,0.8523442546607177
0.03843653502356574,0.8523442546607177
0.03843653502356574,0.8524193669535957
0.03851779619697709,0.8524193669535957
0.03851779619697709,0.8524494118707467
0.03851779619697709,0.8524794567878979
0.03851779619697709,0.8526747487493803
0.03851779619697709,0.852719816125107
0.03851779619697709,0.8528249733351361
0.03851779619697709,0.8528550182522872
0.03851779619697709,0.8529451530037406
0.03859905737038843,0.8529451530037406
0.03859905737038843,0.8530052428380429
0.03859905737038843,0.853035287755194
0.03859905737038843,0.8530653326723452
0.03859905737038843,0.8531104000480718
0.03859905737038843,0.8531855123409497
0.03859905737038843,0.8532155572581008
0.03859905737038843,0.8532606246338276
0.038761579717211114,0.8532606246338276
0.038761579717211114,0.85345591659531
0.038761579717211114,0.8534859615124611
0.038761579717211114,0.8535160064296122
0.03884284089062246,0.8535160064296122
0.03884284089062246,0.8535310288881879
0.03884284089062246,0.853561073805339
0.03884284089062246,0.8536211636396412
0.03884284089062246,0.8536812534739435
0.03884284089062246,0.8537112983910947
0.03884284089062246,0.8538014331425481
0.03884284089062246,0.8538314780596993
0.03900536323744515,0.8538314780596993
0.03900536323744515,0.8538915678940016
0.03900536323744515,0.8539216128111526
0.03900536323744515,0.8539366352697283
0.03900536323744515,0.8539666801868794
0.03900536323744515,0.8540117475626061
0.03900536323744515,0.8540718373969084
0.03900536323744515,0.8541319272312107
0.03900536323744515,0.8541619721483618
0.03900536323744515,0.854192017065513
0.039086624410856495,0.854192017065513
0.039086624410856495,0.8543572641098442
0.039167885584267835,0.8543572641098442
0.039167885584267835,0.8544023314855709
0.039167885584267835,0.8544323764027221
0.039167885584267835,0.854747848032809
0.039167885584267835,0.8547929154085357
0.039167885584267835,0.854853005242838
0.039167885584267835,0.8548980726185648
0.039167885584267835,0.8549882073700181
0.039167885584267835,0.8550482972043204
0.039167885584267835,0.8551684768729251
0.039167885584267835,0.8552135442486517
0.039167885584267835,0.8552285667072274
0.03924914675767918,0.8552285667072274
0.03924914675767918,0.8555290158787388
0.03933040793109052,0.8555290158787388
0.03933040793109052,0.8555740832544654
0.03933040793109052,0.8556041281716166
0.03933040793109052,0.8556491955473433
0.03933040793109052,0.8556792404644944
0.03933040793109052,0.8557243078402211
0.03933040793109052,0.8561599591389126
0.03941166910450187,0.8561599591389126
0.03941166910450187,0.8561900040560638
0.039492930277913216,0.8561900040560638
0.039492930277913216,0.8562200489732149
0.039574191451324556,0.8562200489732149
0.039574191451324556,0.8562801388075172
0.039574191451324556,0.8564604083104241
0.0396554526247359,0.8564604083104241
0.0396554526247359,0.8565204981447264
0.03973671379814724,0.8565204981447264
0.03973671379814724,0.8566106328961798
0.03981797497155859,0.8566106328961798
0.03981797497155859,0.8566557002719065
0.03981797497155859,0.8566857451890576
0.03981797497155859,0.8567157901062088
0.039899236144969936,0.8567157901062088
0.039899236144969936,0.8568059248576622
0.039980497318381276,0.8568059248576622
0.039980497318381276,0.8568359697748134
0.04006175849179262,0.8568359697748134
0.04006175849179262,0.8571063740291737
0.04006175849179262,0.8571514414049003
0.04014301966520396,0.8571514414049003
0.04014301966520396,0.8573617558249583
0.04014301966520396,0.8573918007421094
0.04014301966520396,0.8574518905764117
0.04014301966520396,0.8574819354935629
0.04014301966520396,0.8576622049964697
0.04022428083861531,0.8576622049964697
0.04022428083861531,0.8578574969579521
0.040386803185438,0.8578574969579521
0.040386803185438,0.8578875418751033
0.040386803185438,0.8579175867922544
0.04063058670567203,0.8579175867922544
0.04063058670567203,0.8579626541679811
0.04079310905249472,0.8579626541679811
0.04079310905249472,0.8580077215437079
0.040874370225906065,0.8580077215437079
0.040874370225906065,0.8581579461294635
0.040955631399317405,0.8581579461294635
0.040955631399317405,0.8582030135051902
0.040955631399317405,0.8582330584223414
0.040955631399317405,0.858248080880917
0.04111815374614009,0.858248080880917
0.04111815374614009,0.8586687097210329
0.04119941491955144,0.8586687097210329
0.04119941491955144,0.8587137770967597
0.04119941491955144,0.8587438220139108
0.04119941491955144,0.8588339567653642
0.041280676092962786,0.8588339567653642
0.041280676092962786,0.8589240915168176
0.041280676092962786,0.85898418135112
0.041280676092962786,0.8590142262682711
0.041280676092962786,0.8591494283954512
0.041280676092962786,0.8591794733126024
0.041280676092962786,0.8594198326498115
0.041280676092962786,0.8594649000255382
0.041361937266374126,0.8594649000255382
0.041361937266374126,0.8595550347769916
0.041361937266374126,0.8595850796941428
0.041361937266374126,0.8596001021527183
0.041361937266374126,0.8596301470698695
0.041361937266374126,0.8596752144455961
0.041361937266374126,0.8597052593627473
0.041361937266374126,0.8597202818213229
0.041361937266374126,0.8597953941142007
0.041361937266374126,0.8599005513242297
0.041361937266374126,0.8599756636171075
0.041361937266374126,0.8600207309928343
0.041361937266374126,0.8600357534514098
0.041361937266374126,0.860065798368561
0.041361937266374126,0.8604413598329502
0.04144319843978547,0.8604413598329502
0.04144319843978547,0.8605164721258282
0.04144319843978547,0.8605465170429792
0.04144319843978547,0.8606216293358571
0.04152445961319681,0.8606216293358571
0.04152445961319681,0.8606366517944327
0.04152445961319681,0.860696741628735
0.04160572078660816,0.860696741628735
0.04160572078660816,0.8609821683416709
0.04160572078660816,0.8610122132588219
0.04160572078660816,0.8612675950546066
0.04160572078660816,0.8612976399717578
0.04160572078660816,0.8618084035633272
0.0416869819600195,0.8618084035633272
0.0416869819600195,0.8619135607733561
0.041768243133430846,0.8619135607733561
0.041768243133430846,0.8619436056905073
0.041768243133430846,0.8620487629005363
0.04184950430684219,0.8620487629005363
0.04184950430684219,0.8621088527348386
0.04193076548025353,0.8621088527348386
0.04193076548025353,0.8621689425691409
0.04193076548025353,0.862198987486292
0.04193076548025353,0.8622590773205943
0.04201202665366488,0.8622590773205943
0.04201202665366488,0.862304144696321
0.04209328782707622,0.862304144696321
0.04209328782707622,0.8623492120720477
0.04209328782707622,0.8623792569891988
0.04209328782707622,0.8624994366578034
0.04217454900048757,0.8624994366578034
0.04217454900048757,0.8625445040335301
0.042255810173898914,0.8625445040335301
0.042255810173898914,0.862724773536437
0.042255810173898914,0.8627548184535881
0.042255810173898914,0.8627698409121637
0.042337071347310254,0.8627698409121637
0.042337071347310254,0.8629050430393438
0.042337071347310254,0.8630102002493728
0.042337071347310254,0.8631904697522796
0.042337071347310254,0.8632355371280064
0.042337071347310254,0.8634007841723377
0.0424183325207216,0.8634007841723377
0.0424183325207216,0.8635810536752445
0.04258085486754429,0.8635810536752445
0.04258085486754429,0.8636110985923956
0.042662116040955635,0.8636110985923956
0.042662116040955635,0.8636411435095468
0.042743377214366975,0.8636411435095468
0.042743377214366975,0.8637913680953024
0.04282463838777832,0.8637913680953024
0.04282463838777832,0.8638063905538781
0.04282463838777832,0.8638514579296047
0.04282463838777832,0.8639415926810582
0.04290589956118966,0.8639415926810582
0.04290589956118966,0.8643171541454474
0.04298716073460101,0.8643171541454474
0.04298716073460101,0.8643471990625986
0.04298716073460101,0.8643772439797497
0.04298716073460101,0.8643922664383253
0.04306842190801235,0.8643922664383253
0.04306842190801235,0.8646025808583833
0.04306842190801235,0.86464764823411
0.043149683081423695,0.86464764823411
0.043149683081423695,0.8646626706926855
0.04339346660165773,0.8646626706926855
0.04339346660165773,0.865068277074226
0.04339346660165773,0.8651133444499527
0.04339346660165773,0.8652034792014061
0.04347472777506907,0.8652034792014061
0.04347472777506907,0.865278591494284
0.04347472777506907,0.8653386813285863
0.04347472777506907,0.8653837487043129
0.043555988948480416,0.8653837487043129
0.043555988948480416,0.8654288160800396
0.04363725012189176,0.8654288160800396
0.04363725012189176,0.8654738834557664
0.0437185112953031,0.8654738834557664
0.0437185112953031,0.8655790406657954
0.04379977246871445,0.8655790406657954
0.04379977246871445,0.8655940631243709
0.04379977246871445,0.8656241080415221
0.04379977246871445,0.8656391305000977
0.04379977246871445,0.8656691754172487
0.04379977246871445,0.8658494449201556
0.04379977246871445,0.8658794898373068
0.04379977246871445,0.8658945122958823
0.04379977246871445,0.8659395796716091
0.04379977246871445,0.8659546021301846
0.04379977246871445,0.8659846470473358
0.04379977246871445,0.8660898042573648
0.04388103364212579,0.8660898042573648
0.04388103364212579,0.8661949614673937
0.04388103364212579,0.8662250063845449
0.04388103364212579,0.8662850962188472
0.04388103364212579,0.8663151411359983
0.04396229481553714,0.8663151411359983
0.04396229481553714,0.8663451860531495
0.044043555988948484,0.8663451860531495
0.044043555988948484,0.8664202983460273
0.044043555988948484,0.8664503432631785
0.044043555988948484,0.866465365721754
0.044124817162359824,0.866465365721754
0.044124817162359824,0.8666306127660853
0.044124817162359824,0.8667057250589632
0.044124817162359824,0.8667958598104166
0.044124817162359824,0.8668259047275677
0.044124817162359824,0.8669010170204455
0.044124817162359824,0.8669310619375967
0.04420607833577117,0.8669310619375967
0.04420607833577117,0.8669460843961723
0.04428733950918251,0.8669460843961723
0.04428733950918251,0.8669761293133235
0.04428733950918251,0.8670211966890501
0.04436860068259386,0.8670211966890501
0.04436860068259386,0.8670812865233524
0.0444498618560052,0.8670812865233524
0.0444498618560052,0.8671714212748058
0.04461238420282789,0.8671714212748058
0.04461238420282789,0.8672014661919569
0.04469364537623923,0.8672014661919569
0.04469364537623923,0.8672465335676837
0.04477490654965058,0.8672465335676837
0.04477490654965058,0.8672916009434104
0.04485616772306192,0.8672916009434104
0.04485616772306192,0.8673366683191371
0.04485616772306192,0.8673667132362882
0.04485616772306192,0.8675319602806195
0.044937428896473265,0.8675319602806195
0.044937428896473265,0.8676070725734973
0.04501869006988461,0.8676070725734973
0.04501869006988461,0.8676671624077996
0.04509995124329595,0.8676671624077996
0.04509995124329595,0.8677272522421019
0.0451812124167073,0.8677272522421019
0.0451812124167073,0.8677572971592531
0.04526247359011864,0.8677572971592531
0.04526247359011864,0.8678173869935554
0.045343734763529986,0.8678173869935554
0.045343734763529986,0.8678474319107065
0.045343734763529986,0.8679826340378867
0.04542499593694133,0.8679826340378867
0.04542499593694133,0.8680277014136134
0.04558751828376402,0.8680277014136134
0.04558751828376402,0.8684032628780026
0.04566877945717536,0.8684032628780026
0.04566877945717536,0.8686135772980605
0.04583130180399805,0.8686135772980605
0.04583130180399805,0.8687638018838163
0.045912562977409394,0.8687638018838163
0.045912562977409394,0.868914026469572
0.04599382415082074,0.868914026469572
0.04599382415082074,0.8689290489281476
0.04607508532423208,0.8689290489281476
0.04607508532423208,0.8689590938452987
0.04615634649764343,0.8689590938452987
0.04615634649764343,0.8689891387624499
0.04615634649764343,0.8690342061381766
0.04640013001787746,0.8690342061381766
0.04640013001787746,0.8690492285967522
0.04640013001787746,0.8690792735139032
0.04640013001787746,0.8691093184310544
0.04640013001787746,0.8691393633482055
0.04640013001787746,0.8691543858067812
0.0464813911912888,0.8691543858067812
0.0464813911912888,0.869229498099659
0.0464813911912888,0.8692595430168101
0.0464813911912888,0.8694548349782926
0.04656265236470015,0.8694548349782926
0.04656265236470015,0.8694698574368681
0.04664391353811149,0.8694698574368681
0.04688769705834552,0.8694698574368681
0.04688769705834552,0.8694848798954437
0.04688769705834552,0.8695149248125948
0.04688769705834552,0.8695299472711704
0.04688769705834552,0.8695750146468971
0.04688769705834552,0.8696951943155017
0.04696895823175687,0.8696951943155017
0.04696895823175687,0.8698754638184085
0.04705021940516821,0.8698754638184085
0.04705021940516821,0.8698904862769841
0.04705021940516821,0.8699205311941353
0.047131480578579556,0.8699205311941353
0.047131480578579556,0.8699355536527108
0.047131480578579556,0.8699806210284375
0.047131480578579556,0.8700707557798909
0.047212741751990896,0.8700707557798909
0.047212741751990896,0.8703111151171
0.04737526409881359,0.8703111151171
0.04737526409881359,0.8703261375756757
0.04745652527222493,0.8703261375756757
0.04745652527222493,0.870416272327129
0.04745652527222493,0.8704763621614313
0.04745652527222493,0.8705064070785825
0.047537786445636276,0.8705064070785825
0.047537786445636276,0.8707317439572161
0.047619047619047616,0.8707317439572161
0.047619047619047616,0.8707918337915184
0.04770030879245896,0.8707918337915184
0.04770030879245896,0.8708819685429717
0.04786283113928165,0.8708819685429717
0.04786283113928165,0.8709721032944252
0.04786283113928165,0.8710021482115763
0.04786283113928165,0.8711223278801808
0.04802535348610434,0.8711223278801808
0.04802535348610434,0.8714828668859945
0.04802535348610434,0.8715279342617213
0.04802535348610434,0.871678158847477
0.048106614659515684,0.871678158847477
0.048106614659515684,0.8717232262232036
0.048187875832927024,0.8717232262232036
0.048187875832927024,0.8717833160575059
0.048187875832927024,0.8718133609746571
0.048187875832927024,0.8718734508089594
0.048187875832927024,0.8719185181846861
0.04826913700633837,0.8719185181846861
0.04826913700633837,0.8719485631018372
0.04826913700633837,0.8719786080189884
0.04826913700633837,0.8720086529361395
0.04867544287339509,0.8720086529361395
0.04867544287339509,0.8721738999804708
0.04875670404680644,0.8721738999804708
0.04875670404680644,0.8721889224390463
0.04875670404680644,0.8722490122733486
0.04875670404680644,0.8723842144005288
0.04875670404680644,0.8724142593176799
0.048919226393629126,0.8724142593176799
0.048919226393629126,0.8724292817762554
0.048919226393629126,0.8724593266934066
0.048919226393629126,0.8726245737377379
0.049000487567040465,0.8726245737377379
0.049000487567040465,0.872654618654889
0.04908174874045181,0.872654618654889
0.04908174874045181,0.8728799555335226
0.04916300991386316,0.8728799555335226
0.04916300991386316,0.8730151576607027
0.0492442710872745,0.8730151576607027
0.0492442710872745,0.873075247495005
0.0492442710872745,0.8731353373293073
0.0492442710872745,0.8733005843736386
0.0492442710872745,0.8733306292907898
0.049325532260685846,0.8733306292907898
0.049325532260685846,0.8733456517493653
0.049406793434097186,0.8733456517493653
0.049406793434097186,0.8734658314179699
0.04956931578091987,0.8734658314179699
0.04956931578091987,0.8737512581309057
0.04965057695433122,0.8737512581309057
0.04965057695433122,0.8737813030480568
0.04973183812774257,0.8737813030480568
0.04973183812774257,0.873811347965208
0.04973183812774257,0.8738714377995103
0.04981309930115391,0.8738714377995103
0.04981309930115391,0.8738864602580858
0.04981309930115391,0.873916505175237
0.04981309930115391,0.8741568645124461
0.049894360474565254,0.8741568645124461
0.049894360474565254,0.8741718869710217
0.049894360474565254,0.8742019318881729
0.049894360474565254,0.8742620217224751
0.049975621647976594,0.8742620217224751
0.049975621647976594,0.8743070890982018
0.049975621647976594,0.874337134015353
0.049975621647976594,0.8743972238496552
0.05005688282138794,0.8743972238496552
0.05005688282138794,0.8745624708939865
0.05005688282138794,0.8746075382697133
0.05005688282138794,0.8746676281040155
0.05005688282138794,0.8746976730211666
0.05005688282138794,0.8748629200654979
0.05005688282138794,0.874892964982649
0.05005688282138794,0.8751183018612826
0.05013814399479929,0.8751183018612826
0.05013814399479929,0.8751483467784338
0.05013814399479929,0.8753586611984917
0.05013814399479929,0.8753887061156429
0.05013814399479929,0.8754337734913696
0.05013814399479929,0.8754788408670963
0.05013814399479929,0.8755389307013985
0.05013814399479929,0.8755839980771253
0.05013814399479929,0.8756140429942765
0.05013814399479929,0.875629065452852
0.05013814399479929,0.8756591103700031
0.05013814399479929,0.8757943124971833
0.05013814399479929,0.8758544023314856
0.05013814399479929,0.8758694247900611
0.05021940516821063,0.8758694247900611
0.05021940516821063,0.8761398290444214
0.050300666341621975,0.8761398290444214
0.050300666341621975,0.876154851502997
0.050300666341621975,0.8761848964201481
0.050300666341621975,0.8761999188787237
0.050381927515033315,0.8761999188787237
0.050381927515033315,0.8762149413372993
0.05046318868844466,0.8762149413372993
0.05046318868844466,0.8762900536301771
0.05054444986185601,0.8762900536301771
0.05054444986185601,0.8764853455916596
0.05062571103526735,0.8764853455916596
0.05062571103526735,0.8765454354259619
0.050706972208678695,0.8765454354259619
0.050706972208678695,0.876575480343113
0.050706972208678695,0.876680637553142
0.050706972208678695,0.876710682470293
0.050706972208678695,0.876785794763171
0.050706972208678695,0.8768158396803221
0.050706972208678695,0.8769059744317755
0.050788233382090035,0.8769059744317755
0.050788233382090035,0.8770261541003801
0.05086949455550138,0.8770261541003801
0.05086949455550138,0.8771162888518335
0.05086949455550138,0.8771463337689847
0.05086949455550138,0.877311580813316
0.05103201690232407,0.877311580813316
0.05103201690232407,0.8774618053990716
0.051113278075735416,0.8774618053990716
0.051113278075735416,0.8774768278576471
0.051194539249146756,0.8774768278576471
0.051194539249146756,0.8775519401505251
0.051194539249146756,0.8775819850676762
0.051194539249146756,0.8778523893220365
0.05135706159596944,0.8778523893220365
0.05135706159596944,0.877867411780612
0.05135706159596944,0.8778974566977632
0.05143832276938079,0.8778974566977632
0.05143832276938079,0.8779575465320655
0.05143832276938079,0.8780026139077921
0.05143832276938079,0.8780476812835188
0.05151958394279214,0.8780476812835188
0.05151958394279214,0.8780927486592456
0.05151958394279214,0.8782129283278501
0.05151958394279214,0.8782429732450012
0.05160084511620348,0.8782429732450012
0.05160084511620348,0.8784082202893325
0.05160084511620348,0.8784382652064837
0.05160084511620348,0.8785283999579371
0.051682106289614824,0.8785283999579371
0.051682106289614824,0.8785584448750883
0.051682106289614824,0.8785884897922394
0.051682106289614824,0.8786936470022684
0.051682106289614824,0.8787236919194196
0.05184462863643751,0.8787236919194196
0.05184462863643751,0.8787837817537218
0.05184462863643751,0.8788138266708729
0.05184462863643751,0.8789790737152042
0.05192588980984886,0.8789790737152042
0.05192588980984886,0.8789940961737798
0.0520071509832602,0.8789940961737798
0.0520071509832602,0.8790391635495065
0.052088412156671544,0.8790391635495065
0.052088412156671544,0.8790692084666577
0.052088412156671544,0.8792194330524133
0.052169673330082884,0.8792194330524133
0.052169673330082884,0.8792344555109889
0.052169673330082884,0.8792795228867156
0.052169673330082884,0.8793696576381691
0.052169673330082884,0.8794597923896225
0.052169673330082884,0.879474814848198
0.05225093450349423,0.879474814848198
0.05225093450349423,0.8797452191025583
0.05233219567690557,0.8797452191025583
0.05233219567690557,0.8797602415611339
0.05233219567690557,0.879790286478285
0.05233219567690557,0.8798353538540118
0.052494718023728265,0.8798353538540118
0.052494718023728265,0.8799405110640407
0.052575979197139605,0.8799405110640407
0.052575979197139605,0.880000600898343
0.052575979197139605,0.8800456682740697
0.05265724037055095,0.8800456682740697
0.05265724037055095,0.8800757131912209
0.05265724037055095,0.880105758108372
0.05273850154396229,0.880105758108372
0.05273850154396229,0.8801207805669475
0.05281976271737364,0.8801207805669475
0.05281976271737364,0.8801508254840987
0.052901023890784986,0.8801508254840987
0.052901023890784986,0.8801958928598255
0.05306354623760767,0.8801958928598255
0.05306354623760767,0.880210915318401
0.05322606858443036,0.880210915318401
0.05322606858443036,0.8802559826941277
0.05330732975784171,0.8802559826941277
0.05330732975784171,0.88031607252843
0.05338859093125305,0.88031607252843
0.05338859093125305,0.8803461174455811
0.05338859093125305,0.8803761623627323
0.05338859093125305,0.880421229738459
0.053469852104664393,0.880421229738459
0.053469852104664393,0.8805414094070636
0.053469852104664393,0.8805714543242147
0.053469852104664393,0.880631544158517
0.05355111327807573,0.880631544158517
0.05355111327807573,0.8807517238271215
0.05355111327807573,0.8807817687442727
0.05363237445148708,0.8807817687442727
0.05363237445148708,0.8808719034957261
0.05363237445148708,0.8809169708714528
0.05363237445148708,0.8809620382471796
0.05363237445148708,0.8809920831643306
0.05363237445148708,0.8810521729986329
0.05363237445148708,0.8810822179157841
0.05363237445148708,0.8811573302086619
0.05371363562489842,0.8811573302086619
0.05371363562489842,0.8812023975843887
0.05371363562489842,0.88136764462872
0.05371363562489842,0.881397689545871
0.05371363562489842,0.8814878242973245
0.053876157971721114,0.8814878242973245
0.053957419145132454,0.8814878242973245
0.053957419145132454,0.8815178692144756
0.0540386803185438,0.8815178692144756
0.0540386803185438,0.8815479141316268
0.0540386803185438,0.8815779590487779
0.0540386803185438,0.8816530713416558
0.05411994149195514,0.8816530713416558
0.05411994149195514,0.8817281836345336
0.05411994149195514,0.8817582285516847
0.05411994149195514,0.8818032959274115
0.05411994149195514,0.8818333408445627
0.05411994149195514,0.8818633857617137
0.05420120266536649,0.8818633857617137
0.05420120266536649,0.8819084531374405
0.05420120266536649,0.8821187675574984
0.054363725012189175,0.8821187675574984
0.054363725012189175,0.8822689921432542
0.05444498618560052,0.8822689921432542
0.05444498618560052,0.8822840146018297
0.05452624735901186,0.8822840146018297
0.05452624735901186,0.8823140595189809
0.05452624735901186,0.882344104436132
0.05452624735901186,0.8823741493532832
0.05452624735901186,0.8824041942704343
0.05452624735901186,0.8825844637733411
0.05452624735901186,0.8826295311490678
0.05460750853242321,0.8826295311490678
0.05460750853242321,0.882659576066219
0.054770030879245896,0.882659576066219
0.054770030879245896,0.8827046434419457
0.05485129205265724,0.8827046434419457
0.05485129205265724,0.8827797557348236
0.05493255322606858,0.8827797557348236
0.05493255322606858,0.8828098006519747
0.05493255322606858,0.882869890486277
0.05493255322606858,0.8829299803205792
0.05509507557289127,0.8829299803205792
0.05509507557289127,0.8831402947406373
0.05509507557289127,0.8831703396577884
0.05509507557289127,0.8833355867021196
0.05525759791971396,0.8833355867021196
0.05542012026653665,0.8833355867021196
0.05542012026653665,0.8833656316192708
0.05542012026653665,0.8833956765364219
0.05542012026653665,0.8835158562050265
0.05542012026653665,0.8835459011221777
0.05542012026653665,0.8835909684979044
0.05542012026653665,0.8836210134150555
0.05542012026653665,0.8836510583322067
0.05550138143994799,0.8836510583322067
0.05550138143994799,0.8836961257079333
0.05558264261335934,0.8836961257079333
0.05558264261335934,0.8837411930836601
0.05558264261335934,0.8837712380008113
0.05558264261335934,0.8838463502936891
0.05558264261335934,0.8838763952108402
0.05558264261335934,0.8839665299622936
0.055663903786770684,0.8839665299622936
0.055663903786770684,0.8839815524208692
0.055745164960182024,0.8839815524208692
0.055745164960182024,0.8840115973380204
0.055745164960182024,0.8840416422551715
0.055745164960182024,0.8841768443823517
0.055745164960182024,0.8842219117580783
0.055745164960182024,0.884266979133805
0.055745164960182024,0.8842970240509562
0.055745164960182024,0.8844923160124386
0.05582642613359337,0.8844923160124386
0.05582642613359337,0.884582450763892
0.05590768730700471,0.884582450763892
0.05590768730700471,0.8846725855153454
0.05598894848041606,0.8846725855153454
0.05598894848041606,0.8847176528910722
0.0560702096538274,0.8847176528910722
0.0560702096538274,0.8847326753496477
0.0560702096538274,0.8847627202667989
0.0560702096538274,0.8848077876425255
0.0560702096538274,0.8848828999354035
0.056151470827238745,0.8848828999354035
0.05631399317406143,0.8848828999354035
0.05631399317406143,0.884897922393979
0.05639525434747278,0.884897922393979
0.05639525434747278,0.8850481469797347
0.05647651552088412,0.8850481469797347
0.05647651552088412,0.8851232592726126
0.056557776694295465,0.8851232592726126
0.056557776694295465,0.8852584613997927
0.05663903786770681,0.8852584613997927
0.05663903786770681,0.8852734838583682
0.05663903786770681,0.8853035287755194
0.05663903786770681,0.885318551234095
0.05663903786770681,0.8853485961512461
0.05672029904111815,0.8853485961512461
0.05672029904111815,0.8854837982784263
0.0568015602145295,0.8854837982784263
0.0568015602145295,0.8855739330298796
0.0568015602145295,0.8856039779470308
0.0568015602145295,0.8857241576156354
0.05688282138794084,0.8857241576156354
0.05688282138794084,0.88584433728424
0.05704534373476353,0.88584433728424
0.05704534373476353,0.8858593597428155
0.05712660490817487,0.8858593597428155
0.05712660490817487,0.8859194495771178
0.05712660490817487,0.885949494494269
0.05712660490817487,0.88597953941142
0.05720786608158622,0.88597953941142
0.05720786608158622,0.8860095843285712
0.05720786608158622,0.8860396292457223
0.05720786608158622,0.8860696741628735
0.05720786608158622,0.8860997190800246
0.05728912725499756,0.8860997190800246
0.05728912725499756,0.8862198987486292
0.05737038842840891,0.8862198987486292
0.05737038842840891,0.8862499436657804
0.05737038842840891,0.8862950110415071
0.057532910775231594,0.8862950110415071
0.057532910775231594,0.8863400784172337
0.05761417194864294,0.8863400784172337
0.05761417194864294,0.8863851457929605
0.05761417194864294,0.8864151907101117
0.05761417194864294,0.8864452356272627
0.05769543312205428,0.8864452356272627
0.05769543312205428,0.886505325461565
0.05777669429546563,0.886505325461565
0.05777669429546563,0.8866555500473208
0.05785795546887697,0.8866555500473208
0.05785795546887697,0.8867306623401986
0.05785795546887697,0.8867607072573498
0.05785795546887697,0.8868658644673787
0.057939216642288315,0.8868658644673787
0.057939216642288315,0.8871212462631635
0.05802047781569966,0.8871212462631635
0.05802047781569966,0.8873616056003726
0.058101738989111,0.8873616056003726
0.058101738989111,0.8873766280589481
0.058101738989111,0.8874066729760993
0.058101738989111,0.8874367178932504
0.05818300016252235,0.8874367178932504
0.05818300016252235,0.8875268526447039
0.05818300016252235,0.8876019649375817
0.05818300016252235,0.8876169873961572
0.05826426133593369,0.8876169873961572
0.05826426133593369,0.8878573467333664
0.058345522509345035,0.8878573467333664
0.058345522509345035,0.8880075713191221
0.058345522509345035,0.8880376162362732
0.058345522509345035,0.8880526386948489
0.05842678368275638,0.8880526386948489
0.05842678368275638,0.8880676611534244
0.05842678368275638,0.8880977060705755
0.05842678368275638,0.8881127285291511
0.05850804485616772,0.8881127285291511
0.05850804485616772,0.8882629531149068
0.058751828376401756,0.8882629531149068
0.058751828376401756,0.8882779755734823
0.058833089549813096,0.8882779755734823
0.058833089549813096,0.8883080204906335
0.058833089549813096,0.8883530878663602
0.058833089549813096,0.8883831327835113
0.058833089549813096,0.8885033124521159
0.05891435072322444,0.8885033124521159
0.05891435072322444,0.8885784247449937
0.05899561189663579,0.8885784247449937
0.05899561189663579,0.8886234921207204
0.05899561189663579,0.8886535370378716
0.05899561189663579,0.8887136268721739
0.05907687307004713,0.8887136268721739
0.05907687307004713,0.8887737167064762
0.05915813424345848,0.8887737167064762
0.05915813424345848,0.8889089188336563
0.05923939541686982,0.8889089188336563
0.05923939541686982,0.8889389637508075
0.05923939541686982,0.8889990535851098
0.05923939541686982,0.8890290985022609
0.05923939541686982,0.8891192332537143
0.05923939541686982,0.8891793230880166
0.05923939541686982,0.8892243904637432
0.05923939541686982,0.8892844802980456
0.059320656590281164,0.8892844802980456
0.059320656590281164,0.8894347048838013
0.05940191776369251,0.8894347048838013
0.05940191776369251,0.889479772259528
0.05940191776369251,0.8895098171766791
0.05940191776369251,0.8895398620938303
0.05940191776369251,0.8895999519281326
0.05948317893710385,0.8895999519281326
0.05948317893710385,0.8896149743867081
0.0595644401105152,0.8896149743867081
0.0595644401105152,0.8896450193038593
0.0595644401105152,0.8897651989724639
0.0595644401105152,0.889795243889615
0.05964570128392654,0.889795243889615
0.05964570128392654,0.8898252888067661
0.059726962457337884,0.8898252888067661
0.059726962457337884,0.8898853786410684
0.059726962457337884,0.8899154235582195
0.059726962457337884,0.8899304460167952
0.05988948480416057,0.8899304460167952
0.05988948480416057,0.8900205807682485
0.05997074597757192,0.8900205807682485
0.05997074597757192,0.8900506256853997
0.06005200715098326,0.8900506256853997
0.06005200715098326,0.8901557828954286
0.060133268324394605,0.8901557828954286
0.060133268324394605,0.8902609401054576
0.060214529497805945,0.8902609401054576
0.060214529497805945,0.8905012994426668
0.060214529497805945,0.890531344359818
0.060214529497805945,0.8905463668183935
0.060214529497805945,0.8906064566526958
0.060214529497805945,0.8907566812384515
0.060214529497805945,0.8907867261556026
0.060214529497805945,0.8908167710727538
0.06029579067121729,0.8908167710727538
0.06029579067121729,0.8908618384484804
0.06037705184462864,0.8908618384484804
0.06037705184462864,0.8908768609070561
0.06037705184462864,0.8909069058242072
0.06037705184462864,0.8910421079513873
0.06037705184462864,0.8910721528685385
0.06037705184462864,0.891087175327114
0.06037705184462864,0.8911472651614163
0.06037705184462864,0.8911773100785675
0.06045831301803998,0.8911773100785675
0.06045831301803998,0.891192332537143
0.06045831301803998,0.8912223774542942
0.06045831301803998,0.8912524223714453
0.060539574191451326,0.8912524223714453
0.060539574191451326,0.8912824672885965
0.060620835364862666,0.8912824672885965
0.060620835364862666,0.8914026469572011
0.060620835364862666,0.8914326918743521
0.060620835364862666,0.8914627367915033
0.060620835364862666,0.8914927817086544
0.060620835364862666,0.8915528715429567
0.06070209653827401,0.8915528715429567
0.06070209653827401,0.891612961377259
0.06070209653827401,0.8916430062944102
0.06070209653827401,0.8916580287529857
0.06078335771168536,0.8916580287529857
0.06078335771168536,0.8916730512115613
0.0608646188850967,0.8916730512115613
0.0608646188850967,0.8916880736701368
0.060945880058508047,0.8916880736701368
0.060945880058508047,0.8917331410458635
0.060945880058508047,0.8917631859630147
0.060945880058508047,0.8918683431730438
0.061027141231919386,0.8918683431730438
0.061027141231919386,0.8919134105487704
0.061027141231919386,0.8919434554659216
0.061027141231919386,0.8919584779244971
0.061027141231919386,0.8920035453002239
0.061027141231919386,0.8920936800516772
0.06110840240533073,0.8920936800516772
0.06110840240533073,0.8921237249688284
0.06118966357874208,0.8921237249688284
0.06118966357874208,0.8921988372617062
0.06118966357874208,0.8922288821788574
0.06118966357874208,0.8922589270960085
0.06127092475215342,0.8922589270960085
0.06127092475215342,0.8922889720131597
0.06143344709897611,0.8922889720131597
0.06143344709897611,0.8923190169303108
0.06143344709897611,0.892349061847462
0.06143344709897611,0.8923791067646131
0.061595969445798794,0.8923791067646131
0.061595969445798794,0.8925293313503688
0.06167723061921014,0.8925293313503688
0.06167723061921014,0.8925593762675199
0.06167723061921014,0.8926194661018222
0.06167723061921014,0.8926495110189734
0.06167723061921014,0.8926945783947001
0.06167723061921014,0.8927246233118512
0.06167723061921014,0.8927546682290024
0.06175849179262149,0.8927546682290024
0.06175849179262149,0.8928147580633047
0.06183975296603283,0.8928147580633047
0.06183975296603283,0.8928898703561825
0.061921014139444175,0.8928898703561825
0.061921014139444175,0.8929649826490603
0.062002275312855515,0.8929649826490603
0.062002275312855515,0.8930250724833626
0.06216479765967821,0.8930250724833626
0.06216479765967821,0.8930701398590893
0.06224605883308955,0.8930701398590893
0.06224605883308955,0.8931001847762404
0.06224605883308955,0.8931452521519672
0.06224605883308955,0.8931752970691184
0.062327320006500896,0.8931752970691184
0.062327320006500896,0.8931903195276939
0.062327320006500896,0.8932203644448451
0.062327320006500896,0.8932954767377229
0.062408581179912236,0.8932954767377229
0.062408581179912236,0.8935508585335076
0.06265236470014628,0.8935508585335076
0.06265236470014628,0.8936259708263854
0.06281488704696896,0.8936259708263854
0.06281488704696896,0.8936710382021121
0.06281488704696896,0.8937010831192633
0.06281488704696896,0.8937611729535656
0.0628961482203803,0.8937611729535656
0.0628961482203803,0.8937912178707167
0.0628961482203803,0.8938212627878679
0.0628961482203803,0.8938362852464434
0.06297740939379165,0.8938362852464434
0.06297740939379165,0.8938663301635946
0.06297740939379165,0.8938963750807457
0.06297740939379165,0.8939113975393213
0.06305867056720299,0.8939113975393213
0.06305867056720299,0.8940315772079258
0.06305867056720299,0.894061622125077
0.06305867056720299,0.8941367344179548
0.06322119291402568,0.8941367344179548
0.06322119291402568,0.894166779335106
0.06322119291402568,0.8941968242522571
0.06322119291402568,0.8942418916279838
0.06330245408743702,0.8942418916279838
0.06330245408743702,0.8944221611308907
0.06338371526084836,0.8944221611308907
0.06338371526084836,0.894482250965193
0.0634649764342597,0.894482250965193
0.0634649764342597,0.8945723857166464
0.06354623760767106,0.8945723857166464
0.06354623760767106,0.894587408175222
0.06354623760767106,0.8946324755509487
0.06354623760767106,0.8946775429266753
0.06354623760767106,0.8947075878438265
0.06354623760767106,0.8948277675124311
0.0636274987810824,0.8948277675124311
0.0636274987810824,0.8948728348881578
0.0636274987810824,0.8949028798053089
0.06370875995449374,0.8949028798053089
0.06370875995449374,0.8950080370153379
0.06370875995449374,0.8950681268496402
0.06370875995449374,0.895218351435396
0.06370875995449374,0.895248396352547
0.06370875995449374,0.8952784412696982
0.06387128230131643,0.8952784412696982
0.06387128230131643,0.8953084861868493
0.06387128230131643,0.8954286658554539
0.06395254347472777,0.8954286658554539
0.06395254347472777,0.8954436883140294
0.06403380464813913,0.8954436883140294
0.06403380464813913,0.8955939128997852
0.06411506582155047,0.8955939128997852
0.06411506582155047,0.8956089353583607
0.0641963269949618,0.8956089353583607
0.0641963269949618,0.8956239578169363
0.0641963269949618,0.8956540027340875
0.0641963269949618,0.8957140925683897
0.0641963269949618,0.8957591599441165
0.0641963269949618,0.8958342722369943
0.06427758816837315,0.8958342722369943
0.06427758816837315,0.8959995192813256
0.06427758816837315,0.8960295641984767
0.06427758816837315,0.896089654032779
0.06427758816837315,0.8961347214085057
0.06427758816837315,0.8961497438670812
0.06427758816837315,0.896194811242808
0.06427758816837315,0.8962549010771103
0.06427758816837315,0.8962849459942615
0.06427758816837315,0.8963149909114125
0.0643588493417845,0.8963149909114125
0.0643588493417845,0.8963600582871393
0.06444011051519584,0.8963600582871393
0.06444011051519584,0.8963901032042905
0.06452137168860718,0.8963901032042905
0.06452137168860718,0.8964351705800171
0.06452137168860718,0.8966304625414996
0.06452137168860718,0.8966605074586507
0.06452137168860718,0.8967656646686797
0.06468389403542987,0.8967656646686797
0.06468389403542987,0.8969008667958598
0.06476515520884121,0.8969008667958598
0.06476515520884121,0.8970510913816155
0.06484641638225255,0.8970510913816155
0.06484641638225255,0.8971111812159178
0.0649276775556639,0.8971111812159178
0.0649276775556639,0.8973214956359757
0.06500893872907525,0.8973214956359757
0.06500893872907525,0.8976069223489116
0.06509019990248659,0.8976069223489116
0.06509019990248659,0.8976670121832139
0.06509019990248659,0.8976970571003651
0.06509019990248659,0.8977571469346673
0.06517146107589794,0.8977571469346673
0.06517146107589794,0.8978022143103941
0.06517146107589794,0.8978322592275452
0.06517146107589794,0.8978472816861207
0.06525272224930928,0.8978472816861207
0.06525272224930928,0.8978623041446964
0.06525272224930928,0.897907371520423
0.06525272224930928,0.8979223939789986
0.06541524459613197,0.8979223939789986
0.06541524459613197,0.8979975062718765
0.06541524459613197,0.8980425736476032
0.06541524459613197,0.8981026634819055
0.06549650576954331,0.8981026634819055
0.06549650576954331,0.8981327083990566
0.06549650576954331,0.8982679105262368
0.06549650576954331,0.8982979554433879
0.065659028116366,0.8982979554433879
0.065659028116366,0.8984181351119924
0.065659028116366,0.8985082698634459
0.065659028116366,0.8987336067420794
0.06574028928977735,0.8987336067420794
0.06574028928977735,0.898748629200655
0.06582155046318869,0.898748629200655
0.06582155046318869,0.8988387639521084
0.06582155046318869,0.8988688088692596
0.06582155046318869,0.8989288987035619
0.06590281163660003,0.8989288987035619
0.06590281163660003,0.8991542355821954
0.06598407281001138,0.8991542355821954
0.06598407281001138,0.8991842804993465
0.06598407281001138,0.8992143254164977
0.06598407281001138,0.8994396622951312
0.06606533398342272,0.8994396622951312
0.06606533398342272,0.8994546847537068
0.06614659515683406,0.8994546847537068
0.06614659515683406,0.8994847296708579
0.0662278563302454,0.8994847296708579
0.0662278563302454,0.8995448195051602
0.0662278563302454,0.8997551339252182
0.06630911750365676,0.8997551339252182
0.06630911750365676,0.8997851788423693
0.0663903786770681,0.8997851788423693
0.0663903786770681,0.899830246218096
0.06655290102389079,0.899830246218096
0.06655290102389079,0.8998452686766716
0.06663416219730213,0.8998452686766716
0.06663416219730213,0.8999354034281251
0.06671542337071347,0.8999354034281251
0.06671542337071347,0.8999654483452761
0.06671542337071347,0.8999954932624273
0.06687794571753616,0.8999954932624273
0.06687794571753616,0.9001006504724564
0.0669592068909475,0.9001006504724564
0.0669592068909475,0.9002058076824854
0.06704046806435884,0.9002058076824854
0.06704046806435884,0.9002208301410609
0.0671217292377702,0.9002208301410609
0.0671217292377702,0.9003259873510899
0.06720299041118154,0.9003259873510899
0.06720299041118154,0.90046118947827
0.06720299041118154,0.9004912343954211
0.06720299041118154,0.9005513242297234
0.06728425158459288,0.9005513242297234
0.06728425158459288,0.900671503898328
0.06736551275800423,0.900671503898328
0.06736551275800423,0.9008067060255082
0.06736551275800423,0.9008667958598104
0.06736551275800423,0.9009118632355372
0.06744677393141557,0.9009118632355372
0.06744677393141557,0.9009419081526883
0.06752803510482691,0.9009419081526883
0.06752803510482691,0.9010320429041417
0.06760929627823825,0.9010320429041417
0.06760929627823825,0.9010771102798684
0.06760929627823825,0.9011221776555951
0.06760929627823825,0.9011822674898974
0.06760929627823825,0.9012123124070486
0.06760929627823825,0.9012724022413509
0.06760929627823825,0.9013024471585019
0.0676905574516496,0.9013024471585019
0.0676905574516496,0.9013475145342287
0.06777181862506095,0.9013475145342287
0.06777181862506095,0.9014526717442577
0.06785307979847228,0.9014526717442577
0.06785307979847228,0.90151276157856
0.06785307979847228,0.9015428064957111
0.06785307979847228,0.9016329412471645
0.06809686331870632,0.9016329412471645
0.06809686331870632,0.9016629861643156
0.06809686331870632,0.9016930310814668
0.06817812449211767,0.9016930310814668
0.06817812449211767,0.9017681433743446
0.06817812449211767,0.9017981882914958
0.06817812449211767,0.9018132107500714
0.06825938566552901,0.9018132107500714
0.06825938566552901,0.9018432556672225
0.06825938566552901,0.9018733005843736
0.06834064683894035,0.9018733005843736
0.06834064683894035,0.9019484128772515
0.06842190801235169,0.9019484128772515
0.06842190801235169,0.9020986374630072
0.06842190801235169,0.9021286823801583
0.06842190801235169,0.9023239743416408
0.06850316918576305,0.9023239743416408
0.06850316918576305,0.9023540192587919
0.06874695270599708,0.9023540192587919
0.06874695270599708,0.9023840641759431
0.06874695270599708,0.902489221385972
0.06882821387940842,0.902489221385972
0.06882821387940842,0.9025042438445476
0.06890947505281976,0.9025042438445476
0.06890947505281976,0.9028197154746346
0.06907199739964245,0.9028197154746346
0.06907199739964245,0.9029849625189659
0.06907199739964245,0.903015007436117
0.06907199739964245,0.903120164646146
0.06931578091987649,0.903120164646146
0.06931578091987649,0.9031652320218727
0.06939704209328783,0.9031652320218727
0.06939704209328783,0.9032102993975994
0.06947830326669917,0.9032102993975994
0.06947830326669917,0.903225321856175
0.06947830326669917,0.9032553667733261
0.06947830326669917,0.9034957261105353
0.06947830326669917,0.9035257710276864
0.06947830326669917,0.9036008833205642
0.06947830326669917,0.9036309282377154
0.06947830326669917,0.9037360854477444
0.06947830326669917,0.9037661303648955
0.06947830326669917,0.9037961752820467
0.06964082561352186,0.9037961752820467
0.06964082561352186,0.9039463998678023
0.0697220867869332,0.9039463998678023
0.0697220867869332,0.9040215121606802
0.06980334796034454,0.9040215121606802
0.06980334796034454,0.9040365346192558
0.0698846091337559,0.9040365346192558
0.0698846091337559,0.9040816019949826
0.06996587030716724,0.9040816019949826
0.06996587030716724,0.9042168041221627
0.07004713148057858,0.9042168041221627
0.07004713148057858,0.9042618714978894
0.07020965382740127,0.9042618714978894
0.07029091500081261,0.9042618714978894
0.07029091500081261,0.904306938873616
0.0704534373476353,0.904306938873616
0.07061595969445798,0.904306938873616
0.07061595969445798,0.9043219613321917
0.07077848204128068,0.9043219613321917
0.07077848204128068,0.9043670287079183
0.07085974321469202,0.9043670287079183
0.07085974321469202,0.9044271185422206
0.07094100438810337,0.9044271185422206
0.07094100438810337,0.9044721859179473
0.07102226556151471,0.9044721859179473
0.07102226556151471,0.9045322757522496
0.07102226556151471,0.9045623206694008
0.07110352673492605,0.9045623206694008
0.07110352673492605,0.9045773431279763
0.07126604908174874,0.9045773431279763
0.07126604908174874,0.9046975227965809
0.07134731025516008,0.9046975227965809
0.07134731025516008,0.9047576126308832
0.07134731025516008,0.9047876575480344
0.07134731025516008,0.9049078372166389
0.07159109377539412,0.9049078372166389
0.07159109377539412,0.9049529045923655
0.0717536161222168,0.9049529045923655
0.0717536161222168,0.905043039343819
0.0717536161222168,0.9050881067195458
0.0717536161222168,0.9051031291781213
0.07183487729562815,0.9051031291781213
0.07183487729562815,0.9053434885153304
0.07183487729562815,0.9053735334324816
0.07183487729562815,0.905463668183935
0.07199739964245083,0.905463668183935
0.07199739964245083,0.9055237580182373
0.07215992198927353,0.9055237580182373
0.07215992198927353,0.9055387804768128
0.07224118316268487,0.9055387804768128
0.07224118316268487,0.9055988703111151
0.07232244433609622,0.9055988703111151
0.07232244433609622,0.9056589601454174
0.07240370550950756,0.9056589601454174
0.07240370550950756,0.9056890050625686
0.0724849666829189,0.9056890050625686
0.0724849666829189,0.9057190499797196
0.07256622785633024,0.9057190499797196
0.07256622785633024,0.9057490948968708
0.07256622785633024,0.9058692745654754
0.07272875020315293,0.9058692745654754
0.07272875020315293,0.9058842970240509
0.07281001137656427,0.9058842970240509
0.07281001137656427,0.9059143419412021
0.07281001137656427,0.9059594093169288
0.07281001137656427,0.90598945423408
0.07297253372338697,0.90598945423408
0.07297253372338697,0.9060194991512311
0.07297253372338697,0.9060495440683822
0.07305379489679831,0.9060495440683822
0.07305379489679831,0.90612465636126
0.07305379489679831,0.9061697237369868
0.07305379489679831,0.9062748809470158
0.07313505607020965,0.9062748809470158
0.07313505607020965,0.9063199483227425
0.07313505607020965,0.9063349707813181
0.073216317243621,0.9063349707813181
0.073216317243621,0.9066654648699807
0.07329757841703234,0.9066654648699807
0.07329757841703234,0.9066804873285562
0.07337883959044368,0.9066804873285562
0.07337883959044368,0.9068307119143119
0.07346010076385504,0.9068307119143119
0.07346010076385504,0.9068757792900386
0.07346010076385504,0.9070109814172187
0.07354136193726638,0.9070109814172187
0.07354136193726638,0.9071161386272477
0.07362262311067772,0.9071161386272477
0.07362262311067772,0.90717622846155
0.07362262311067772,0.9072363182958523
0.07370388428408907,0.9072363182958523
0.07370388428408907,0.9073264530473057
0.07378514545750041,0.9073264530473057
0.07378514545750041,0.907386542881608
0.07394766780432309,0.907386542881608
0.07394766780432309,0.907491700091637
0.07411019015114578,0.907491700091637
0.07411019015114578,0.9075217450087881
0.07419145132455712,0.9075217450087881
0.07419145132455712,0.907596857301666
0.07419145132455712,0.9076269022188171
0.07427271249796848,0.9076269022188171
0.07427271249796848,0.9076419246773927
0.07435397367137982,0.9076419246773927
0.07435397367137982,0.9076869920531194
0.07443523484479116,0.9076869920531194
0.07443523484479116,0.9077771268045728
0.0745164960182025,0.9077771268045728
0.0745164960182025,0.9078973064731773
0.0745164960182025,0.9079273513903285
0.0745164960182025,0.9079573963074797
0.0745164960182025,0.9080024636832064
0.0745164960182025,0.9080625535175086
0.07459775719161385,0.9080625535175086
0.07459775719161385,0.9080775759760843
0.07459775719161385,0.9081076208932354
0.07459775719161385,0.9081376658103866
0.07476027953843653,0.9081376658103866
0.07476027953843653,0.9081827331861132
0.07484154071184788,0.9081827331861132
0.07484154071184788,0.9082278005618399
0.07484154071184788,0.9082428230204155
0.07492280188525922,0.9082428230204155
0.07508532423208192,0.9082428230204155
0.07508532423208192,0.9082578454789911
0.07516658540549326,0.9082578454789911
0.07516658540549326,0.9083029128547178
0.0752478465789046,0.9083029128547178
0.0752478465789046,0.9083179353132934
0.07532910775231594,0.9083179353132934
0.07532910775231594,0.9085132272747758
0.07541036892572729,0.9085132272747758
0.07541036892572729,0.9085883395676536
0.07549163009913863,0.9085883395676536
0.07549163009913863,0.9086934967776826
0.07557289127254997,0.9086934967776826
0.07557289127254997,0.9087385641534094
0.07565415244596133,0.9087385641534094
0.07565415244596133,0.9087535866119849
0.07565415244596133,0.9087836315291361
0.07565415244596133,0.9088286989048627
0.07565415244596133,0.9088587438220139
0.07565415244596133,0.9088737662805895
0.07573541361937267,0.9088737662805895
0.07573541361937267,0.908888788739165
0.075816674792784,0.908888788739165
0.075816674792784,0.9090089684077696
0.075816674792784,0.9090390133249208
0.07589793596619535,0.9090390133249208
0.07589793596619535,0.9090690582420718
0.07589793596619535,0.909099103159223
0.07606045831301804,0.909099103159223
0.07606045831301804,0.9092493277449788
0.07614171948642938,0.9092493277449788
0.07614171948642938,0.9092643502035543
0.07622298065984073,0.9092643502035543
0.07622298065984073,0.9093845298721589
0.07630424183325207,0.9093845298721589
0.07630424183325207,0.90941457478931
0.07630424183325207,0.9094446197064612
0.07630424183325207,0.9095497769164902
0.07638550300666341,0.9095497769164902
0.07638550300666341,0.9097150239608214
0.07646676418007477,0.9097150239608214
0.07646676418007477,0.9097450688779726
0.07654802535348611,0.9097450688779726
0.07654802535348611,0.9098952934637283
0.07671054770030879,0.9098952934637283
0.07671054770030879,0.9099253383808794
0.07671054770030879,0.9099553832980306
0.07671054770030879,0.9100304955909084
0.07687307004713148,0.9100304955909084
0.07687307004713148,0.9101056078837862
0.07687307004713148,0.9101356528009374
0.07687307004713148,0.9101957426352397
0.07695433122054282,0.9101957426352397
0.07695433122054282,0.9102107650938153
0.07719811474077685,0.9102107650938153
0.07719811474077685,0.9102257875523908
0.0772793759141882,0.9102257875523908
0.0772793759141882,0.9103309447624198
0.07736063708759955,0.9103309447624198
0.07736063708759955,0.9103609896795709
0.07760442060783358,0.9103609896795709
0.07760442060783358,0.9103760121381466
0.07760442060783358,0.9104060570552976
0.07760442060783358,0.9104361019724488
0.07776694295465626,0.9104361019724488
0.07776694295465626,0.9104661468895999
0.07792946530147896,0.9104661468895999
0.07792946530147896,0.9107365511439602
0.07792946530147896,0.910781618519687
0.07792946530147896,0.9108116634368381
0.0780107264748903,0.9108116634368381
0.0780107264748903,0.9108417083539893
0.0780107264748903,0.9108717532711403
0.07809198764830164,0.9108717532711403
0.07809198764830164,0.9109769104811694
0.07825450999512433,0.9109769104811694
0.07825450999512433,0.9110069553983204
0.07833577116853567,0.9110069553983204
0.07833577116853567,0.9110370003154716
0.07833577116853567,0.9110670452326227
0.07841703234194702,0.9110670452326227
0.07841703234194702,0.911307404569832
0.07849829351535836,0.911307404569832
0.07849829351535836,0.9113674944041342
0.07849829351535836,0.9113975393212853
0.07849829351535836,0.911442606697012
0.0785795546887697,0.911442606697012
0.0785795546887697,0.9114876740727388
0.07866081586218104,0.9114876740727388
0.07866081586218104,0.9115026965313143
0.07898586055582643,0.9115026965313143
0.07898586055582643,0.9115327414484654
0.07898586055582643,0.9115627863656166
0.07906712172923777,0.9115627863656166
0.07906712172923777,0.9116228761999189
0.07906712172923777,0.91165292111707
0.07914838290264911,0.91165292111707
0.07914838290264911,0.9116679435756456
0.07922964407606045,0.9116679435756456
0.07922964407606045,0.9117130109513722
0.0793109052494718,0.9117130109513722
0.0793109052494718,0.911758078327099
0.07947342759629449,0.911758078327099
0.07947342759629449,0.9117881232442502
0.07963594994311718,0.9117881232442502
0.07963594994311718,0.9118181681614013
0.07971721111652852,0.9118181681614013
0.07971721111652852,0.9118932804542792
0.07979847228993987,0.9118932804542792
0.07979847228993987,0.9119383478300058
0.07996099463676255,0.9119383478300058
0.07996099463676255,0.9119834152057326
0.08004225581017389,0.9119834152057326
0.08004225581017389,0.9120134601228838
0.08012351698358525,0.9120134601228838
0.08012351698358525,0.9120284825814593
0.08020477815699659,0.9120284825814593
0.08020477815699659,0.9122387970015172
0.08036730050381928,0.9122387970015172
0.08036730050381928,0.9122688419186684
0.08036730050381928,0.9123139092943952
0.08044856167723062,0.9123139092943952
0.08044856167723062,0.9125392461730287
0.08052982285064196,0.9125392461730287
0.08052982285064196,0.9126293809244821
0.0806110840240533,0.9126293809244821
0.0806110840240533,0.9126594258416333
0.08069234519746465,0.9126594258416333
0.08069234519746465,0.9127345381345111
0.080773606370876,0.9127345381345111
0.080773606370876,0.9127796055102378
0.08085486754428733,0.9127796055102378
0.08085486754428733,0.9128096504273889
0.08109865106452137,0.9128096504273889
0.08109865106452137,0.9129298300959935
0.08109865106452137,0.9129598750131447
0.08109865106452137,0.9129899199302958
0.08109865106452137,0.913019964847447
0.08109865106452137,0.913050009764598
0.08117991223793272,0.913050009764598
0.08117991223793272,0.9131100995989003
0.0813424345847554,0.9131100995989003
0.0813424345847554,0.913125122057476
0.08142369575816674,0.913125122057476
0.08142369575816674,0.9131852118917783
0.0815049569315781,0.9131852118917783
0.0815049569315781,0.9132002343503538
0.08166747927840078,0.9132002343503538
0.08166747927840078,0.9132603241846561
0.08166747927840078,0.9132903691018072
0.08166747927840078,0.9133354364775339
0.08174874045181213,0.9133354364775339
0.08174874045181213,0.9134556161461385
0.08183000162522347,0.9134556161461385
0.08183000162522347,0.913470638604714
0.08183000162522347,0.9135908182733186
0.08183000162522347,0.9136509081076208
0.08191126279863481,0.9136509081076208
0.08191126279863481,0.9136659305661965
0.08191126279863481,0.9137560653176499
0.08191126279863481,0.9138011326933766
0.08199252397204615,0.9138011326933766
0.08199252397204615,0.9138161551519521
0.08199252397204615,0.9138462000691033
0.08199252397204615,0.9138912674448301
0.08199252397204615,0.9139513572791323
0.08215504631886884,0.9139513572791323
0.08215504631886884,0.913996424654859
0.08223630749228018,0.913996424654859
0.08223630749228018,0.9140414920305857
0.08223630749228018,0.9140715369477369
0.08231756866569154,0.9140715369477369
0.08231756866569154,0.9140865594063124
0.08239882983910288,0.9140865594063124
0.08239882983910288,0.9141316267820392
0.08248009101251422,0.9141316267820392
0.08248009101251422,0.9141766941577658
0.08248009101251422,0.9142818513677948
0.08256135218592557,0.9142818513677948
0.08256135218592557,0.9142968738263704
0.08264261335933691,0.9142968738263704
0.08264261335933691,0.9143269187435216
0.08272387453274825,0.9143269187435216
0.08272387453274825,0.9143419412020971
0.08280513570615959,0.9143419412020971
0.08280513570615959,0.9144921657878529
0.08288639687957094,0.9144921657878529
0.08288639687957094,0.9146574128321842
0.08288639687957094,0.9146874577493352
0.08296765805298228,0.9146874577493352
0.08296765805298228,0.9147024802079108
0.08304891922639362,0.9147024802079108
0.08304891922639362,0.9147175026664864
0.08313018039980498,0.9147175026664864
0.08313018039980498,0.9147775925007887
0.08321144157321632,0.9147775925007887
0.08321144157321632,0.9148226598765153
0.08329270274662766,0.9148226598765153
0.08329270274662766,0.9148527047936665
0.08329270274662766,0.9148827497108176
0.08329270274662766,0.9150029293794222
0.08329270274662766,0.9150479967551489
0.083373963920039,0.9150479967551489
0.083373963920039,0.9150630192137246
0.08345522509345035,0.9150630192137246
0.08345522509345035,0.9151531539651779
0.08345522509345035,0.915288356092358
0.08361774744027303,0.915288356092358
0.08378026978709573,0.915288356092358
0.08378026978709573,0.9153184010095092
0.08378026978709573,0.9153484459266603
0.08378026978709573,0.915363468385236
0.08386153096050707,0.915363468385236
0.08386153096050707,0.915393513302387
0.08394279213391842,0.915393513302387
0.08394279213391842,0.9154986705124161
0.08402405330732976,0.9154986705124161
0.08402405330732976,0.9155587603467183
0.0841053144807411,0.9155587603467183
0.0841053144807411,0.9157690747667764
0.08418657565415244,0.9157690747667764
0.08418657565415244,0.9157991196839275
0.0842678368275638,0.9157991196839275
0.0842678368275638,0.9158441870596542
0.08434909800097513,0.9158441870596542
0.08434909800097513,0.9158742319768053
0.08434909800097513,0.9159343218111076
0.08443035917438647,0.9159343218111076
0.08443035917438647,0.9159643667282588
0.08467414269462051,0.9159643667282588
0.08467414269462051,0.916024456562561
0.08475540386803185,0.916024456562561
0.08475540386803185,0.9160695239382878
0.08475540386803185,0.9161897036068923
0.0848366650414432,0.9161897036068923
0.0848366650414432,0.9163549506512236
0.08491792621485454,0.9163549506512236
0.08491792621485454,0.9163699731097992
0.08499918738826588,0.9163699731097992
0.08499918738826588,0.9164300629441015
0.08508044856167724,0.9164300629441015
0.08508044856167724,0.9164751303198282
0.08508044856167724,0.9165051752369793
0.08516170973508858,0.9165051752369793
0.08516170973508858,0.9165352201541305
0.08516170973508858,0.9165802875298571
0.08516170973508858,0.9166403773641594
0.08524297090849992,0.9166403773641594
0.08524297090849992,0.916655399822735
0.08532423208191127,0.916655399822735
0.08532423208191127,0.9166854447398861
0.08540549325532261,0.9166854447398861
0.08540549325532261,0.9167154896570373
0.08556801560214529,0.9167154896570373
0.08556801560214529,0.9168356693256419
0.08564927677555664,0.9168356693256419
0.08564927677555664,0.916865714242793
0.08573053794896798,0.916865714242793
0.08573053794896798,0.9169558489942464
0.08581179912237932,0.9169558489942464
0.08581179912237932,0.9170159388285487
0.08589306029579068,0.9170159388285487
0.08589306029579068,0.9170309612871242
0.08605558264261336,0.9170309612871242
0.08605558264261336,0.9170459837456998
0.0861368438160247,0.9170459837456998
0.0861368438160247,0.9171962083314555
0.0861368438160247,0.9172262532486066
0.08621810498943605,0.9172262532486066
0.08621810498943605,0.9172713206243334
0.08638062733625873,0.9172713206243334
0.08638062733625873,0.9174065227515135
0.08654314968308142,0.9174065227515135
0.08654314968308142,0.9174816350443914
0.08662441085649276,0.9174816350443914
0.08662441085649276,0.9174966575029669
0.08662441085649276,0.9175417248786937
0.08662441085649276,0.9175567473372692
0.08662441085649276,0.9175867922544204
0.08670567202990412,0.9175867922544204
0.08670567202990412,0.917601814712996
0.08678693320331546,0.917601814712996
0.08678693320331546,0.917631859630147
0.0868681943767268,0.917631859630147
0.0868681943767268,0.9176919494644493
0.08703071672354949,0.9176919494644493
0.08703071672354949,0.9177370168401761
0.08711197789696083,0.9177370168401761
0.08711197789696083,0.9177820842159028
0.08727450024378353,0.9177820842159028
0.08727450024378353,0.9178271515916295
0.08735576141719487,0.9178271515916295
0.08735576141719487,0.9178421740502051
0.0874370225906062,0.9178421740502051
0.0874370225906062,0.9178872414259318
0.08751828376401755,0.9178872414259318
0.08751828376401755,0.9179323088016584
0.08768080611084024,0.9179323088016584
0.08768080611084024,0.9179923986359607
0.08776206728425158,0.9179923986359607
0.08776206728425158,0.9180374660116875
0.08792458963107427,0.9180374660116875
0.08792458963107427,0.918157645680292
0.08808711197789697,0.918157645680292
0.08808711197789697,0.9182027130560187
0.08816837315130831,0.9182027130560187
0.08816837315130831,0.9182928478074722
0.08824963432471965,0.9182928478074722
0.08824963432471965,0.91836796010035
0.08833089549813099,0.91836796010035
0.08833089549813099,0.9183980050175011
0.08841215667154234,0.9183980050175011
0.08841215667154234,0.9184130274760768
0.08849341784495368,0.9184130274760768
0.08849341784495368,0.9184580948518034
0.08857467901836502,0.9184580948518034
0.08857467901836502,0.9185181846861057
0.08857467901836502,0.9185932969789836
0.08865594019177638,0.9185932969789836
0.08865594019177638,0.9186233418961347
0.08873720136518772,0.9186233418961347
0.08873720136518772,0.918683431730437
0.08881846253859906,0.918683431730437
0.08881846253859906,0.9187284991061637
0.08906224605883309,0.9187284991061637
0.08906224605883309,0.9187585440233148
0.08906224605883309,0.9188336563161927
0.08914350723224443,0.9188336563161927
0.08914350723224443,0.9188637012333438
0.08922476840565578,0.9188637012333438
0.08922476840565578,0.918893746150495
0.08938729075247846,0.918893746150495
0.08938729075247846,0.9189388135262218
0.08946855192588982,0.9189388135262218
0.08946855192588982,0.9190890381119774
0.08954981309930116,0.9190890381119774
0.08954981309930116,0.919209217780582
0.08971233544612384,0.919209217780582
0.08971233544612384,0.9193444199077621
0.08979359661953519,0.9193444199077621
0.08979359661953519,0.9193744648249133
0.08979359661953519,0.9194045097420643
0.08987485779294653,0.9194045097420643
0.08987485779294653,0.9194645995763666
0.09003738013976922,0.9194645995763666
0.09003738013976922,0.9195547343278201
0.09011864131318056,0.9195547343278201
0.09011864131318056,0.9196298466206979
0.09011864131318056,0.9196598915378491
0.09011864131318056,0.9198101161236047
0.09011864131318056,0.9198401610407559
0.0901999024865919,0.9198401610407559
0.0903624248334146,0.9198401610407559
0.0903624248334146,0.9200354530022383
0.09044368600682594,0.9200354530022383
0.09044368600682594,0.9200955428365406
0.09052494718023728,0.9200955428365406
0.09052494718023728,0.9202007000465696
0.09060620835364863,0.9202007000465696
0.09060620835364863,0.9202157225051452
0.09060620835364863,0.9202457674222964
0.09068746952705997,0.9202457674222964
0.09068746952705997,0.9203208797151742
0.09076873070047131,0.9203208797151742
0.09076873070047131,0.9203509246323254
0.09076873070047131,0.9203809695494765
0.09084999187388267,0.9203809695494765
0.09084999187388267,0.920395992008052
0.09084999187388267,0.9204410593837787
0.090931253047294,0.9204410593837787
0.090931253047294,0.9204560818423543
0.09101251422070535,0.9204560818423543
0.09101251422070535,0.9205612390523833
0.09109377539411669,0.9205612390523833
0.09109377539411669,0.9206363513452611
0.09109377539411669,0.9206663962624123
0.09109377539411669,0.9206814187209879
0.09117503656752804,0.9206814187209879
0.09117503656752804,0.9208466657653192
0.09125629774093938,0.9208466657653192
0.09125629774093938,0.9209368005167726
0.09133755891435072,0.9209368005167726
0.09133755891435072,0.9210720026439527
0.09133755891435072,0.9211020475611038
0.09133755891435072,0.9211471149368305
0.09141882008776207,0.9211471149368305
0.09141882008776207,0.9212072047711328
0.09150008126117341,0.9212072047711328
0.09150008126117341,0.9212222272297084
0.0916626036079961,0.9212222272297084
0.0916626036079961,0.921237249688284
0.0916626036079961,0.9212672946054351
0.0916626036079961,0.9213424068983129
0.0916626036079961,0.9213874742740397
0.0916626036079961,0.9214024967326152
0.09174386478140745,0.9214024967326152
0.09174386478140745,0.9214776090254931
0.09182512595481879,0.9214776090254931
0.09182512595481879,0.9215226764012199
0.09198764830164148,0.9215226764012199
0.09198764830164148,0.9215376988597954
0.09206890947505282,0.9215376988597954
0.09206890947505282,0.9215827662355222
0.09223143182187551,0.9215827662355222
0.09223143182187551,0.9216879234455511
0.09231269299528685,0.9216879234455511
0.09231269299528685,0.9217029459041267
0.09263773768893223,0.9217029459041267
0.09263773768893223,0.9217480132798533
0.09280026003575492,0.9217480132798533
0.09280026003575492,0.9217780581970045
0.09280026003575492,0.9218381480313068
0.09288152120916626,0.9218381480313068
0.09288152120916626,0.9218681929484579
0.09304404355598894,0.9218681929484579
0.09304404355598894,0.9219132603241846
0.0931253047294003,0.9219132603241846
0.0931253047294003,0.9220033950756381
0.09320656590281164,0.9220033950756381
0.09320656590281164,0.9220634849099404
0.09336908824963433,0.9220634849099404
0.09336908824963433,0.9220785073685159
0.09353161059645701,0.9220785073685159
0.09353161059645701,0.9220935298270915
0.09361287176986836,0.9220935298270915
0.09361287176986836,0.9221986870371205
0.09361287176986836,0.9222287319542717
0.09361287176986836,0.9222437544128472
0.0936941329432797,0.9222437544128472
0.0936941329432797,0.9222737993299983
0.09377539411669104,0.9222737993299983
0.09377539411669104,0.9223038442471495
0.09401917763692508,0.9223038442471495
0.09434422233057045,0.9223038442471495
0.09434422233057045,0.922318866705725
0.09450674467739315,0.922318866705725
0.09450674467739315,0.9223639340814518
0.09450674467739315,0.9224240239157541
0.09450674467739315,0.9224540688329051
0.09450674467739315,0.9224690912914808
0.09458800585080449,0.9224690912914808
0.09458800585080449,0.9225442035843586
0.09466926702421583,0.9225442035843586
0.09466926702421583,0.9226042934186609
0.09475052819762718,0.9226042934186609
0.09475052819762718,0.9226493607943876
0.09491305054444986,0.9226493607943876
0.09491305054444986,0.9227244730872655
0.09507557289127255,0.9227244730872655
0.09507557289127255,0.9228146078387189
0.09515683406468389,0.9228146078387189
0.09531935641150659,0.9228146078387189
0.09531935641150659,0.9228897201315968
0.09556313993174062,0.9228897201315968
0.09556313993174062,0.9230249222587769
0.09580692345197464,0.9230249222587769
0.09580692345197464,0.9230699896345036
0.09580692345197464,0.9231000345516547
0.09580692345197464,0.9232953265131372
0.095888184625386,0.9232953265131372
0.095888184625386,0.9233403938888638
0.09596944579879733,0.9233403938888638
0.09596944579879733,0.923370438806015
0.09605070697220867,0.923370438806015
0.09605070697220867,0.9234305286403173
0.09621322931903137,0.9234305286403173
0.09621322931903137,0.9234605735574685
0.09629449049244271,0.9234605735574685
0.09629449049244271,0.9235206633917707
0.0964570128392654,0.9235206633917707
0.0964570128392654,0.923580753226073
0.0964570128392654,0.9236408430603753
0.0964570128392654,0.9237009328946776
0.0964570128392654,0.9237309778118287
0.0964570128392654,0.9238060901047065
0.09653827401267674,0.9238060901047065
0.09653827401267674,0.9238661799390088
0.09661953518608808,0.9238661799390088
0.09661953518608808,0.92389622485616
0.09678205753291078,0.92389622485616
0.09678205753291078,0.923926269773311
0.09686331870632212,0.923926269773311
0.09686331870632212,0.924001382066189
0.09694457987973347,0.924001382066189
0.09694457987973347,0.9240614719004913
0.09702584105314481,0.9240614719004913
0.09702584105314481,0.9240764943590668
0.09718836339996749,0.9240764943590668
0.09718836339996749,0.9241516066519446
0.09726962457337884,0.9241516066519446
0.09726962457337884,0.9241666291105203
0.09726962457337884,0.9242116964862469
0.09726962457337884,0.9242567638619736
0.09735088574679018,0.9242567638619736
0.09735088574679018,0.9243018312377004
0.09743214692020152,0.9243018312377004
0.09743214692020152,0.9244069884477294
0.09743214692020152,0.9244370333648805
0.09751340809361288,0.9244370333648805
0.09751340809361288,0.9244670782820317
0.09759466926702422,0.9244670782820317
0.09759466926702422,0.924557213033485
0.09767593044043556,0.924557213033485
0.09767593044043556,0.9245722354920606
0.09783845278725825,0.9245722354920606
0.09783845278725825,0.9245872579506362
0.09800097513408093,0.9245872579506362
0.09800097513408093,0.9246473477849385
0.09800097513408093,0.924662370243514
0.09800097513408093,0.9246924151606652
0.09800097513408093,0.9247374825363919
0.09800097513408093,0.9247675274535431
0.09800097513408093,0.9247825499121186
0.09808223630749228,0.9247825499121186
0.09808223630749228,0.9249027295807232
0.09808223630749228,0.9249327744978744
0.09808223630749228,0.9250078867907522
0.09816349748090362,0.9250078867907522
0.09816349748090362,0.9250529541664789
0.09824475865431496,0.9250529541664789
0.09824475865431496,0.9251280664593567
0.09832601982772632,0.9251280664593567
0.09832601982772632,0.9252182012108101
0.09840728100113766,0.9252182012108101
0.09840728100113766,0.9252332236693858
0.09840728100113766,0.9252632685865368
0.09840728100113766,0.9253233584208391
0.098488542174549,0.9253233584208391
0.098488542174549,0.9253383808794148
0.09856980334796034,0.9253383808794148
0.09856980334796034,0.9253684257965659
0.09865106452137169,0.9253684257965659
0.09865106452137169,0.9253834482551414
0.09881358686819437,0.9253834482551414
0.09881358686819437,0.9254585605480193
0.09881358686819437,0.9254886054651704
0.09881358686819437,0.9256688749680773
0.09889484804160573,0.9256688749680773
0.09889484804160573,0.925713942343804
0.09897610921501707,0.925713942343804
0.09897610921501707,0.9257740321781063
0.09897610921501707,0.9258040770952574
0.0992198927352511,0.9258040770952574
0.0992198927352511,0.925819099553833
0.09938241508207378,0.925819099553833
0.09938241508207378,0.9258491444709841
0.09946367625548513,0.9258491444709841
0.09946367625548513,0.9259392792224376
0.09954493742889647,0.9259392792224376
0.09954493742889647,0.9260594588910421
0.09954493742889647,0.9261045262667689
0.09954493742889647,0.9261946610182222
0.09962619860230781,0.9261946610182222
0.09962619860230781,0.9262247059353734
0.09970745977571917,0.9262247059353734
0.09970745977571917,0.926239728393949
0.09970745977571917,0.9262697733111
0.09970745977571917,0.9262998182282512
0.09970745977571917,0.9263298631454023
0.09970745977571917,0.926344885603978
0.09978872094913051,0.926344885603978
0.09978872094913051,0.9263899529797046
0.09986998212254185,0.9263899529797046
0.09986998212254185,0.9264500428140069
0.09995124329595319,0.9264500428140069
0.09995124329595319,0.9265401775654604
0.10003250446936454,0.9265401775654604
0.10003250446936454,0.9265702224826114
0.10019502681618722,0.9265702224826114
0.10019502681618722,0.9266753796926405
0.10027628798959858,0.9266753796926405
0.10027628798959858,0.9267054246097917
0.10035754916300992,0.9267054246097917
0.10035754916300992,0.9267504919855184
0.10043881033642126,0.9267504919855184
0.10043881033642126,0.9267655144440939
0.1005200715098326,0.9267655144440939
0.10068259385665529,0.9267655144440939
0.10068259385665529,0.9268105818198207
0.10076385503006663,0.9268105818198207
0.10076385503006663,0.9268256042783962
0.10084511620347798,0.9268256042783962
0.10084511620347798,0.9268556491955473
0.10084511620347798,0.9268856941126985
0.10084511620347798,0.9270058737813031
0.10084511620347798,0.9270359186984541
0.10084511620347798,0.9270809860741809
0.10084511620347798,0.9271110309913321
0.10092637737688932,0.9271110309913321
0.10092637737688932,0.927216188201361
0.10108889972371202,0.927216188201361
0.10108889972371202,0.9273964577042679
0.10117016089712336,0.9273964577042679
0.10117016089712336,0.9274114801628435
0.1012514220705347,0.9274114801628435
0.1012514220705347,0.9275767272071748
0.10133268324394604,0.9275767272071748
0.10133268324394604,0.927741974251506
0.10141394441735739,0.927741974251506
0.10141394441735739,0.9277569967100816
0.10141394441735739,0.9277870416272327
0.10141394441735739,0.9278170865443839
0.10149520559076873,0.9278170865443839
0.10149520559076873,0.9278921988372617
0.10157646676418007,0.9278921988372617
0.10157646676418007,0.9279222437544129
0.10173898911100276,0.9279222437544129
0.10173898911100276,0.9279372662129884
0.10190151145782544,0.9279372662129884
0.10190151145782544,0.9279673111301395
0.1019827726312368,0.9279673111301395
0.1019827726312368,0.9279973560472907
0.1019827726312368,0.9280424234230175
0.10206403380464814,0.9280424234230175
0.10206403380464814,0.9280724683401685
0.10214529497805948,0.9280724683401685
0.10214529497805948,0.9281025132573197
0.10222655615147083,0.9281025132573197
0.10222655615147083,0.9281475806330464
0.10230781732488217,0.9281475806330464
0.10230781732488217,0.9281926480087731
0.10238907849829351,0.9281926480087731
0.10238907849829351,0.9282226929259243
0.10238907849829351,0.9282527378430754
0.10238907849829351,0.9282677603016509
0.1025516008451162,0.9282677603016509
0.1025516008451162,0.9283428725945289
0.10263286201852755,0.9283428725945289
0.10263286201852755,0.9283729175116799
0.10279538436535024,0.9283729175116799
0.10279538436535024,0.928583231931738
0.10287664553876158,0.928583231931738
0.10287664553876158,0.9285982543903135
0.10295790671217292,0.9285982543903135
0.10295790671217292,0.9286282993074647
0.10295790671217292,0.9286583442246158
0.10295790671217292,0.9286733666831913
0.10303916788558427,0.9286733666831913
0.10303916788558427,0.928688389141767
0.10312042905899561,0.928688389141767
0.10312042905899561,0.9287484789760693
0.10312042905899561,0.9287785238932204
0.10320169023240695,0.9287785238932204
0.10320169023240695,0.9288085688103715
0.10336421257922965,0.9288085688103715
0.10336421257922965,0.9288235912689471
0.10344547375264099,0.9288235912689471
0.10344547375264099,0.9288536361860982
0.10344547375264099,0.9289137260204005
0.10344547375264099,0.9289437709375516
0.10352673492605233,0.9289437709375516
0.10352673492605233,0.9289587933961272
0.10368925727287502,0.9289587933961272
0.10368925727287502,0.9289888383132784
0.1040143019665204,0.9289888383132784
0.1040143019665204,0.9290188832304295
0.10409556313993173,0.9290188832304295
0.10409556313993173,0.929033905689005
0.10417682431334309,0.929033905689005
0.10417682431334309,0.9290639506061562
0.10425808548675443,0.9290639506061562
0.10425808548675443,0.9290789730647318
0.10433934666016577,0.9290789730647318
0.10433934666016577,0.929139062899034
0.1045831301803998,0.929139062899034
0.1045831301803998,0.929244220109063
0.10466439135381114,0.929244220109063
0.10466439135381114,0.9292592425676386
0.10490817487404518,0.9292592425676386
0.10490817487404518,0.9293343548605165
0.10498943604745653,0.9293343548605165
0.10498943604745653,0.9293643997776676
0.10507069722086787,0.9293643997776676
0.10507069722086787,0.9293944446948188
0.10507069722086787,0.9294545345291211
0.10515195839427921,0.9294545345291211
0.10515195839427921,0.9295296468219989
0.1053144807411019,0.9295296468219989
0.1053144807411019,0.92955969173915
0.10547700308792458,0.92955969173915
0.10547700308792458,0.9295897366563012
0.10563952543474728,0.9295897366563012
0.10563952543474728,0.9296197815734523
0.10563952543474728,0.9296498264906035
0.10563952543474728,0.929664848949179
0.10588330895498131,0.929664848949179
0.10588330895498131,0.9296948938663302
0.10596457012839265,0.9296948938663302
0.10596457012839265,0.9297249387834813
0.10596457012839265,0.9297549837006325
0.10596457012839265,0.9298300959935103
0.10596457012839265,0.929875163369237
0.10604583130180399,0.929875163369237
0.10604583130180399,0.9300253879549927
0.10612709247521535,0.9300253879549927
0.10612709247521535,0.9301756125407484
0.10620835364862669,0.9301756125407484
0.10620835364862669,0.9302357023750507
0.10645213716886072,0.9302357023750507
0.10645213716886072,0.9303709045022308
0.10661465951568341,0.9303709045022308
0.10661465951568341,0.9304159718779575
0.10661465951568341,0.9304460167951086
0.10661465951568341,0.9304760617122598
0.10669592068909475,0.9304760617122598
0.10669592068909475,0.9305211290879866
0.1067771818625061,0.9305211290879866
0.1067771818625061,0.9305812189222888
0.1067771818625061,0.9306112638394399
0.1067771818625061,0.9306262862980156
0.10685844303591743,0.9306262862980156
0.10685844303591743,0.9306863761323179
0.10693970420932879,0.9306863761323179
0.10693970420932879,0.930716421049469
0.10702096538274013,0.930716421049469
0.10702096538274013,0.9307464659666201
0.10710222655615147,0.9307464659666201
0.10710222655615147,0.9307765108837712
0.10710222655615147,0.930821578259498
0.10718348772956282,0.930821578259498
0.10718348772956282,0.9309117130109513
0.10726474890297416,0.9309117130109513
0.10726474890297416,0.9310168702209803
0.1073460100763855,0.9310168702209803
0.1075085324232082,0.9310168702209803
0.10758979359661953,0.9310168702209803
0.10758979359661953,0.9310318926795559
0.10767105477003087,0.9310318926795559
0.10767105477003087,0.9311220274310094
0.10775231594344223,0.9311220274310094
0.10775231594344223,0.9311971397238872
0.10791483829026491,0.9311971397238872
0.10791483829026491,0.9312271846410384
0.1080773606370876,0.9312271846410384
0.1080773606370876,0.9312572295581895
0.10815862181049894,0.9312572295581895
0.10815862181049894,0.9312722520167651
0.10823988298391028,0.9312722520167651
0.10823988298391028,0.9313022969339162
0.10823988298391028,0.9313473643096429
0.10823988298391028,0.931377409226794
0.10840240533073298,0.931377409226794
0.10840240533073298,0.9314374990610963
0.10856492767755567,0.9314374990610963
0.10856492767755567,0.931482566436823
0.10872745002437835,0.931482566436823
0.10872745002437835,0.9315126113539742
0.10880871119778969,0.9315126113539742
0.10880871119778969,0.9316027461054276
0.10905249471802372,0.9316027461054276
0.10905249471802372,0.9316478134811543
0.10921501706484642,0.9316478134811543
0.10921501706484642,0.9318280829840612
0.10929627823825776,0.9318280829840612
0.10929627823825776,0.9318431054426367
0.10937753941166911,0.9318431054426367
0.10937753941166911,0.9318581279012124
0.10954006175849179,0.9318581279012124
0.10954006175849179,0.9318881728183634
0.10970258410531449,0.9318881728183634
0.10970258410531449,0.931903195276939
0.10986510645213717,0.931903195276939
0.10986510645213717,0.9319482626526657
0.10994636762554852,0.9319482626526657
0.10994636762554852,0.932008352486968
0.11027141231919389,0.932008352486968
0.11027141231919389,0.9320534198626947
0.11035267349260523,0.9320534198626947
0.11035267349260523,0.9320834647798458
0.11035267349260523,0.9321435546141481
0.11043393466601657,0.9321435546141481
0.11043393466601657,0.9321735995312993
0.11051519583942793,0.9321735995312993
0.11051519583942793,0.9322637342827527
0.11059645701283927,0.9322637342827527
0.11059645701283927,0.9322937791999039
0.1106777181862506,0.9322937791999039
0.1106777181862506,0.9323088016584794
0.1108402405330733,0.9323088016584794
0.1108402405330733,0.9323388465756306
0.1108402405330733,0.9324139588685084
0.11100276287989598,0.9324139588685084
0.11100276287989598,0.9324890711613862
0.11100276287989598,0.9325191160785374
0.11100276287989598,0.9325491609956885
0.11100276287989598,0.9325792059128397
0.11100276287989598,0.9326092508299908
0.11108402405330733,0.9326092508299908
0.11108402405330733,0.9326693406642931
0.11116528522671867,0.9326693406642931
0.11116528522671867,0.9326993855814443
0.11124654640013001,0.9326993855814443
0.11124654640013001,0.9327594754157466
0.11132780757354137,0.9327594754157466
0.11132780757354137,0.9327895203328976
0.11132780757354137,0.9328195652500488
0.11132780757354137,0.9328496101671999
0.11140906874695271,0.9328496101671999
0.11140906874695271,0.9328646326257756
0.11149032992036405,0.9328646326257756
0.11149032992036405,0.9328946775429267
0.11157159109377539,0.9328946775429267
0.11157159109377539,0.9329397449186534
0.11165285226718674,0.9329397449186534
0.11165285226718674,0.9330148572115312
0.11165285226718674,0.9330749470458335
0.11165285226718674,0.9331350368801358
0.11197789696083212,0.9331350368801358
0.11197789696083212,0.933165081797287
0.11197789696083212,0.9332101491730137
0.1121404193076548,0.9332101491730137
0.1121404193076548,0.9333153063830426
0.11222168048106615,0.9333153063830426
0.11222168048106615,0.9333753962173449
0.11222168048106615,0.9333904186759205
0.11230294165447749,0.9333904186759205
0.11246546400130018,0.9333904186759205
0.11246546400130018,0.9334054411344961
0.11254672517471152,0.9334054411344961
0.11254672517471152,0.9334655309687984
0.11270924752153422,0.9334655309687984
0.11279050869494556,0.9334655309687984
0.11279050869494556,0.933720912764583
0.1128717698683569,0.933720912764583
0.1128717698683569,0.9338561148917632
0.11295303104176824,0.9338561148917632
0.11295303104176824,0.9339011822674899
0.11303429221517959,0.9339011822674899
0.11303429221517959,0.933931227184641
0.11303429221517959,0.9340063394775189
0.11327807573541362,0.9340063394775189
0.11327807573541362,0.9340213619360944
0.11335933690882496,0.9340213619360944
0.11335933690882496,0.9340363843946701
0.1134405980822363,0.9340363843946701
0.1134405980822363,0.9340514068532456
0.11352185925564764,0.9340514068532456
0.11352185925564764,0.9340814517703967
0.11376564277588168,0.9340814517703967
0.11376564277588168,0.9341114966875479
0.11384690394929303,0.9341114966875479
0.11384690394929303,0.9341265191461234
0.11400942629611571,0.9341265191461234
0.11400942629611571,0.9341565640632746
0.11400942629611571,0.9341715865218502
0.11409068746952707,0.9341715865218502
0.11409068746952707,0.9341866089804257
0.1141719486429384,0.9341866089804257
0.1141719486429384,0.9342316763561525
0.11425320981634975,0.9342316763561525
0.11425320981634975,0.934246698814728
0.11425320981634975,0.9342767437318792
0.11433447098976109,0.9342767437318792
0.11433447098976109,0.9343368335661815
0.11441573216317244,0.9343368335661815
0.11441573216317244,0.9343819009419082
0.11449699333658378,0.9343819009419082
0.11449699333658378,0.9344269683176348
0.11457825450999512,0.9344269683176348
0.11457825450999512,0.934457013234786
0.11457825450999512,0.9344870581519371
0.11457825450999512,0.934562170444815
0.11465951568340647,0.934562170444815
0.11465951568340647,0.9345922153619661
0.11474077685681781,0.9345922153619661
0.11474077685681781,0.9346222602791173
0.1149032992036405,0.9346222602791173
0.1149032992036405,0.9346523051962684
0.11498456037705185,0.9346523051962684
0.11498456037705185,0.9346823501134196
0.11506582155046319,0.9346823501134196
0.11506582155046319,0.9347424399477219
0.11514708272387453,0.9347424399477219
0.11514708272387453,0.934772484864873
0.11522834389728588,0.934772484864873
0.11522834389728588,0.9348025297820242
0.11530960507069722,0.9348025297820242
0.11530960507069722,0.9348475971577508
0.11530960507069722,0.9348926645334775
0.11530960507069722,0.9349527543677798
0.11547212741751992,0.9349527543677798
0.11547212741751992,0.9350428891192333
0.11555338859093126,0.9350428891192333
0.11555338859093126,0.9351480463292623
0.11571591093775394,0.9351480463292623
0.11571591093775394,0.9351780912464134
0.11571591093775394,0.9351931137049889
0.11587843328457663,0.9351931137049889
0.11587843328457663,0.9352081361635646
0.11612221680481066,0.9352081361635646
0.11612221680481066,0.9352532035392912
0.1163660003250447,0.9352532035392912
0.1163660003250447,0.9353132933735935
0.11644726149845604,0.9353132933735935
0.11644726149845604,0.9354184505836225
0.11660978384527873,0.9354184505836225
0.11660978384527873,0.935433473042198
0.11669104501869007,0.935433473042198
0.11669104501869007,0.9354785404179248
0.11669104501869007,0.935508585335076
0.11677230619210141,0.935508585335076
0.11677230619210141,0.9355536527108026
0.11685356736551276,0.9355536527108026
0.11685356736551276,0.9355987200865293
0.1169348285389241,0.9355987200865293
0.1169348285389241,0.9356287650036805
0.1169348285389241,0.9356738323794073
0.11701608971233544,0.9356738323794073
0.11701608971233544,0.9357188997551339
0.11709735088574678,0.9357188997551339
0.11709735088574678,0.9357339222137095
0.11717861205915814,0.9357339222137095
0.11717861205915814,0.9357639671308606
0.11717861205915814,0.9358090345065874
0.11725987323256948,0.9358090345065874
0.11725987323256948,0.9358240569651629
0.11742239557939217,0.9358240569651629
0.11742239557939217,0.9359292141751919
0.11750365675280351,0.9359292141751919
0.11750365675280351,0.9359442366337675
0.11750365675280351,0.9359742815509187
0.11758491792621485,0.9359742815509187
0.11758491792621485,0.9360193489266453
0.11774744027303755,0.9360193489266453
0.11774744027303755,0.9361245061366743
0.11799122379327158,0.9361245061366743
0.11799122379327158,0.9361996184295521
0.11807248496668292,0.9361996184295521
0.11807248496668292,0.9362296633467033
0.11807248496668292,0.9362446858052789
0.11815374614009426,0.9362446858052789
0.11815374614009426,0.9362747307224301
0.11815374614009426,0.9363047756395811
0.11815374614009426,0.9363949103910346
0.11831626848691695,0.9363949103910346
0.11831626848691695,0.9364249553081857
0.11847879083373963,0.9364249553081857
0.11847879083373963,0.9365301125182147
0.11856005200715099,0.9365301125182147
0.11856005200715099,0.9365601574353659
0.11864131318056233,0.9365601574353659
0.11864131318056233,0.9365751798939415
0.11872257435397367,0.9365751798939415
0.11872257435397367,0.9366502921868193
0.11880383552738502,0.9366502921868193
0.11880383552738502,0.9366803371039705
0.11888509670079636,0.9366803371039705
0.11888509670079636,0.9367103820211216
0.1189663578742077,0.9367103820211216
0.1189663578742077,0.9367704718554238
0.1189663578742077,0.936800516772575
0.11904761904761904,0.936800516772575
0.11904761904761904,0.9369507413583307
0.11921014139444173,0.9369507413583307
0.11921014139444173,0.9370258536512086
0.11937266374126443,0.9370258536512086
0.11937266374126443,0.9370408761097841
0.11945392491467577,0.9370408761097841
0.11945392491467577,0.9370859434855109
0.11953518608808711,0.9370859434855109
0.11953518608808711,0.937115988402662
0.11961644726149846,0.937115988402662
0.11961644726149846,0.9371460333198132
0.1196977084349098,0.9371460333198132
0.1196977084349098,0.9371760782369642
0.11986023078173248,0.9371760782369642
0.11986023078173248,0.9372061231541154
0.12002275312855518,0.9372061231541154
0.12002275312855518,0.93732630282272
0.12010401430196652,0.93732630282272
0.12010401430196652,0.9373713701984466
0.12018527547537787,0.9373713701984466
0.12018527547537787,0.9373863926570223
0.12042905899561189,0.9373863926570223
0.12042905899561189,0.9374464824913246
0.12042905899561189,0.9374915498670512
0.12042905899561189,0.9375065723256268
0.12067284251584592,0.9375065723256268
0.12067284251584592,0.9376117295356559
0.12075410368925728,0.9376117295356559
0.12075410368925728,0.9376718193699581
0.12091662603607996,0.9376718193699581
0.12091662603607996,0.9377168867456848
0.12107914838290265,0.9377168867456848
0.12107914838290265,0.9378070214971382
0.12124167072972533,0.9378070214971382
0.12124167072972533,0.9378370664142893
0.12132293190313669,0.9378370664142893
0.12132293190313669,0.9379272011657428
0.12140419307654803,0.9379272011657428
0.12140419307654803,0.9379722685414695
0.12148545424995937,0.9379722685414695
0.12148545424995937,0.9380023134586206
0.12156671542337072,0.9380023134586206
0.12156671542337072,0.9380924482100741
0.12164797659678206,0.9380924482100741
0.12164797659678206,0.9381074706686496
0.1217292377701934,0.9381074706686496
0.1217292377701934,0.9381675605029519
0.12181049894360474,0.9381675605029519
0.12181049894360474,0.9383478300058588
0.12189176011701609,0.9383478300058588
0.12189176011701609,0.9384529872158878
0.12197302129042743,0.9384529872158878
0.12197302129042743,0.9384830321330389
0.12205428246383877,0.9384830321330389
0.12205428246383877,0.9384980545916145
0.12213554363725013,0.9384980545916145
0.12213554363725013,0.93851307705019
0.12213554363725013,0.9385581444259168
0.12213554363725013,0.9385731668844923
0.12221680481066147,0.9385731668844923
0.12221680481066147,0.9385881893430679
0.12221680481066147,0.9386332567187946
0.12221680481066147,0.9386482791773701
0.1222980659840728,0.9386482791773701
0.1222980659840728,0.9386933465530969
0.12237932715748416,0.9386933465530969
0.12237932715748416,0.9388585935974282
0.12254184950430684,0.9388585935974282
0.12254184950430684,0.9388736160560037
0.12262311067771818,0.9388736160560037
0.12262311067771818,0.9388886385145793
0.12270437185112953,0.9388886385145793
0.12270437185112953,0.9389036609731549
0.12270437185112953,0.938933705890306
0.12270437185112953,0.9389487283488815
0.12270437185112953,0.9389937957246083
0.12286689419795221,0.9389937957246083
0.12286689419795221,0.939038863100335
0.12294815537136357,0.939038863100335
0.12294815537136357,0.9390538855589106
0.12302941654477491,0.9390538855589106
0.12302941654477491,0.9390989529346373
0.12302941654477491,0.939144020310364
0.12302941654477491,0.9393242898132709
0.12311067771818625,0.9393242898132709
0.12311067771818625,0.9393843796475732
0.12311067771818625,0.9394144245647242
0.12327320006500894,0.9394144245647242
0.12335446123842028,0.9394144245647242
0.12335446123842028,0.9394294470232998
0.12335446123842028,0.939459491940451
0.12367950593206566,0.939459491940451
0.12367950593206566,0.9394895368576022
0.12376076710547701,0.9394895368576022
0.12376076710547701,0.93956464915048
0.12384202827888835,0.93956464915048
0.12384202827888835,0.939669806360509
0.12392328945229969,0.939669806360509
0.12392328945229969,0.9396848288190845
0.12392328945229969,0.9397148737362356
0.12392328945229969,0.9397749635705379
0.12400455062571103,0.9397749635705379
0.12400455062571103,0.9399552330734448
0.12408581179912238,0.9399552330734448
0.12408581179912238,0.939985277990596
0.12416707297253372,0.939985277990596
0.12416707297253372,0.940015322907747
0.12441085649276776,0.940015322907747
0.12441085649276776,0.9400303453663227
0.12457337883959044,0.9400303453663227
0.12457337883959044,0.940090435200625
0.12465464001300179,0.940090435200625
0.12465464001300179,0.940120480117776
0.12473590118641313,0.940120480117776
0.12473590118641313,0.9401505250349272
0.12473590118641313,0.9401655474935028
0.12481716235982447,0.9401655474935028
0.12481716235982447,0.940195592410654
0.12481716235982447,0.9402256373278051
0.12489842353323583,0.9402256373278051
0.12489842353323583,0.9402556822449563
0.1250609458800585,0.9402556822449563
0.1250609458800585,0.9403007496206829
0.1250609458800585,0.9403307945378341
0.1250609458800585,0.9403758619135608
0.12522346822688118,0.9403758619135608
0.12522346822688118,0.9404059068307119
0.1253859905737039,0.9404059068307119
0.1253859905737039,0.9405110640407409
0.12554851292052657,0.9405110640407409
0.12554851292052657,0.9405260864993165
0.12571103526734925,0.9405260864993165
0.1257922964407606,0.9405260864993165
0.1257922964407606,0.940541108957892
0.12587355761417196,0.940541108957892
0.12587355761417196,0.9406312437093455
0.12603607996099464,0.9406312437093455
0.12603607996099464,0.940646266167921
0.12603607996099464,0.9406763110850722
0.12611734113440598,0.9406763110850722
0.12611734113440598,0.9406913335436478
0.12619860230781732,0.9406913335436478
0.12619860230781732,0.9407063560022233
0.12627986348122866,0.9407063560022233
0.12627986348122866,0.9407364009193745
0.12636112465464,0.9407364009193745
0.12636112465464,0.94075142337795
0.1265236470014627,0.94075142337795
0.1265236470014627,0.9407814682951012
0.12660490817487405,0.9407814682951012
0.12660490817487405,0.9408265356708279
0.1266861693482854,0.9408265356708279
0.1266861693482854,0.9408415581294035
0.12676743052169673,0.9408415581294035
0.12676743052169673,0.9409166704222813
0.12684869169510807,0.9409166704222813
0.12684869169510807,0.9409467153394324
0.1269299528685194,0.9409467153394324
0.1269299528685194,0.9409617377980081
0.12709247521534212,0.9409617377980081
0.12709247521534212,0.9409767602565836
0.12717373638875346,0.9409767602565836
0.12717373638875346,0.9410218276323103
0.12733625873557614,0.9410218276323103
0.12733625873557614,0.9410819174666126
0.12741751990898748,0.9410819174666126
0.12741751990898748,0.9411119623837637
0.12758004225581018,0.9411119623837637
0.12758004225581018,0.9411420073009149
0.12758004225581018,0.941172052218066
0.12758004225581018,0.9411870746766415
0.1278238257760442,0.9411870746766415
0.1278238257760442,0.9413072543452461
0.12790508694945554,0.9413072543452461
0.12790508694945554,0.9413523217209728
0.1281488704696896,0.9413523217209728
0.1281488704696896,0.941382366638124
0.12847391516333495,0.941382366638124
0.12847391516333495,0.9414124115552751
0.1285551763367463,0.9414124115552751
0.1285551763367463,0.9414725013895774
0.12863643751015766,0.9414725013895774
0.12863643751015766,0.9415025463067286
0.12863643751015766,0.9415476136824553
0.12863643751015766,0.9415776585996064
0.12879895985698034,0.9415776585996064
0.12879895985698034,0.9416227259753331
0.12888022103039168,0.9416227259753331
0.12888022103039168,0.9416677933510599
0.12896148220380302,0.9416677933510599
0.12896148220380302,0.9416828158096354
0.12904274337721436,0.9416828158096354
0.12904274337721436,0.941697838268211
0.1292865268974484,0.941697838268211
0.12944904924427109,0.941697838268211
0.12944904924427109,0.9417128607267865
0.12953031041768243,0.9417128607267865
0.12953031041768243,0.9417729505610888
0.12961157159109377,0.9417729505610888
0.12961157159109377,0.9417879730196644
0.1296928327645051,0.9417879730196644
0.1296928327645051,0.9418180179368155
0.12993661628473915,0.9418180179368155
0.12993661628473915,0.9418330403953911
0.1300178774581505,0.9418330403953911
0.1300178774581505,0.941908152688269
0.13009913863156183,0.941908152688269
0.13009913863156183,0.9419832649811468
0.13026166097838454,0.9419832649811468
0.13026166097838454,0.9420133098982979
0.13026166097838454,0.9420433548154491
0.13026166097838454,0.9421635344840537
0.13034292215179588,0.9421635344840537
0.13034292215179588,0.9422536692355071
0.13050544449861856,0.9422536692355071
0.13050544449861856,0.9422686916940827
0.13050544449861856,0.9422987366112338
0.13050544449861856,0.942328781528385
0.13066796684544124,0.942328781528385
0.13066796684544124,0.9423888713626872
0.13083048919226395,0.9423888713626872
0.13083048919226395,0.942433938738414
0.13083048919226395,0.942463983655565
0.1309117503656753,0.942463983655565
0.1309117503656753,0.9425991857827452
0.13099301153908663,0.9425991857827452
0.13099301153908663,0.9426142082413208
0.13107427271249797,0.9426142082413208
0.13107427271249797,0.9426893205341986
0.131318056232732,0.9426893205341986
0.131318056232732,0.9427043429927742
0.13156183975296604,0.9427043429927742
0.13156183975296604,0.9427343879099254
0.13156183975296604,0.9427644328270764
0.13172436209978872,0.9427644328270764
0.13172436209978872,0.9427794552856521
0.13172436209978872,0.9428095002028032
0.13172436209978872,0.9428545675785299
0.13172436209978872,0.9428695900371055
0.1318868844466114,0.9428695900371055
0.1318868844466114,0.942884612495681
0.1320494067934341,0.942884612495681
0.1320494067934341,0.9429447023299833
0.13229319031366812,0.9429447023299833
0.13229319031366812,0.9429597247885589
0.13237445148707946,0.9429597247885589
0.13237445148707946,0.9430648819985878
0.1324557126604908,0.9430648819985878
0.1324557126604908,0.943094926915739
0.1324557126604908,0.9431099493743146
0.13253697383390217,0.9431099493743146
0.13269949618072485,0.9431099493743146
0.13269949618072485,0.9431850616671924
0.1327807573541362,0.9431850616671924
0.1327807573541362,0.9432451515014947
0.1327807573541362,0.9432902188772214
0.1327807573541362,0.943305241335797
0.1327807573541362,0.9433352862529482
0.1327807573541362,0.9433653311700994
0.13286201852754753,0.9433653311700994
0.13302454087437024,0.9433653311700994
0.13302454087437024,0.9433953760872504
0.13318706322119292,0.9433953760872504
0.13318706322119292,0.9434554659215527
0.13318706322119292,0.9435005332972795
0.13326832439460426,0.9435005332972795
0.13326832439460426,0.943515555755855
0.1333495855680156,0.943515555755855
0.1333495855680156,0.9436056905073085
0.13343084674142694,0.9436056905073085
0.13343084674142694,0.943620712965884
0.13343084674142694,0.9436507578830351
0.13343084674142694,0.9436958252587618
0.13351210791483828,0.9436958252587618
0.13351210791483828,0.9437559150930641
0.13359336908824965,0.9437559150930641
0.13359336908824965,0.9437709375516397
0.13383715260848367,0.9437709375516397
0.13383715260848367,0.9438610723030931
0.13416219730212905,0.9438610723030931
0.1342434584755404,0.9438610723030931
0.1342434584755404,0.9438911172202442
0.13432471964895173,0.9438911172202442
0.13432471964895173,0.9439812519716977
0.13448724199577441,0.9439812519716977
0.13448724199577441,0.9439962744302732
0.13448724199577441,0.944041341806
0.13448724199577441,0.9440864091817267
0.1346497643425971,0.9440864091817267
0.1346497643425971,0.9441915663917557
0.1348122866894198,0.9441915663917557
0.1348122866894198,0.9442065888503313
0.1348122866894198,0.944251656226058
0.13489354786283114,0.944251656226058
0.13489354786283114,0.9442817011432091
0.13497480903624248,0.9442817011432091
0.13497480903624248,0.9443568134360869
0.13505607020965382,0.9443568134360869
0.13505607020965382,0.9444619706461159
0.13529985372988787,0.9444619706461159
0.13529985372988787,0.9444920155632671
0.1353811149032992,0.9444920155632671
0.1353811149032992,0.9445821503147205
0.13546237607671055,0.9445821503147205
0.13546237607671055,0.9446422401490228
0.13562489842353323,0.9446422401490228
0.13562489842353323,0.9446572626075984
0.13578742077035594,0.9446572626075984
0.13578742077035594,0.944672285066174
0.13578742077035594,0.9447323749004762
0.13578742077035594,0.9447624198176273
0.13594994311717862,0.9447624198176273
0.13594994311717862,0.9448225096519296
0.13603120429058996,0.9448225096519296
0.13603120429058996,0.9448525545690808
0.13627498781082398,0.9448525545690808
0.13627498781082398,0.9449276668619586
0.13635624898423535,0.9449276668619586
0.13635624898423535,0.9449426893205342
0.13643751015764669,0.9449426893205342
0.13643751015764669,0.9449577117791098
0.13651877133105803,0.9449577117791098
0.13651877133105803,0.9450027791548364
0.1366812936778807,0.9450027791548364
0.1366812936778807,0.9450328240719876
0.1366812936778807,0.9450628689891387
0.1366812936778807,0.9450929139062899
0.13684381602470339,0.9450929139062899
0.13692507719811475,0.9450929139062899
0.13692507719811475,0.9451379812820166
0.1370063383715261,0.9451379812820166
0.1370063383715261,0.9451830486577433
0.13708759954493743,0.9451830486577433
0.13708759954493743,0.9451980711163189
0.1372501218917601,0.9451980711163189
0.1372501218917601,0.9452431384920456
0.13733138306517145,0.9452431384920456
0.13733138306517145,0.9452731834091967
0.13733138306517145,0.9452882058677723
0.1374126442385828,0.9452882058677723
0.1374126442385828,0.9453783406192258
0.13749390541199416,0.9453783406192258
0.13749390541199416,0.9453933630778013
0.1375751665854055,0.9453933630778013
0.1375751665854055,0.945438430453528
0.13765642775881684,0.945438430453528
0.13765642775881684,0.9454684753706791
0.13765642775881684,0.9454985202878303
0.13773768893222818,0.9454985202878303
0.13773768893222818,0.9455285652049814
0.13773768893222818,0.9456036774978593
0.13781895010563952,0.9456036774978593
0.13781895010563952,0.945648744873586
0.13790021127905086,0.945648744873586
0.13790021127905086,0.9457689245421905
0.13806273362587357,0.9457689245421905
0.13806273362587357,0.9458139919179173
0.13822525597269625,0.9458139919179173
0.13822525597269625,0.9458290143764928
0.13838777831951893,0.9458290143764928
0.13838777831951893,0.9458440368350685
0.13863156183975298,0.9458440368350685
0.13863156183975298,0.945859059293644
0.13879408418657566,0.945859059293644
0.13879408418657566,0.9458891042107951
0.138875345359987,0.9458891042107951
0.138875345359987,0.9459041266693707
0.13895660653339834,0.9459041266693707
0.13895660653339834,0.9459191491279463
0.13903786770680968,0.9459191491279463
0.13903786770680968,0.9459341715865218
0.13911912888022104,0.9459341715865218
0.13911912888022104,0.9459491940450975
0.13920039005363238,0.9459491940450975
0.13920039005363238,0.945964216503673
0.13936291240045506,0.945964216503673
0.13952543474727774,0.945964216503673
0.13952543474727774,0.9459792389622486
0.13960669592068908,0.9459792389622486
0.13960669592068908,0.9460092838793998
0.1397692182675118,0.9460092838793998
0.1397692182675118,0.9460243063379753
0.13985047944092313,0.9460243063379753
0.13985047944092313,0.9460393287965508
0.1400130017877458,0.9460393287965508
0.1400130017877458,0.946069373713702
0.1401755241345685,0.946069373713702
0.1401755241345685,0.9460843961722776
0.14025678530797986,0.9460843961722776
0.14025678530797986,0.9460994186308531
0.14025678530797986,0.9461444860065799
0.14050056882821388,0.9461444860065799
0.14050056882821388,0.9461595084651554
0.14058183000162522,0.9461595084651554
0.14058183000162522,0.9461895533823066
0.14082561352185927,0.9461895533823066
0.14082561352185927,0.9462045758408821
0.1409068746952706,0.9462045758408821
0.1409068746952706,0.9462346207580332
0.1409068746952706,0.9462646656751844
0.1409068746952706,0.9463247555094867
0.1409068746952706,0.9463698228852134
0.1409068746952706,0.9465050250123935
0.1409068746952706,0.9465350699295446
0.1409068746952706,0.9466702720567248
0.14098813586868195,0.9466702720567248
0.14098813586868195,0.9467003169738759
0.1410693970420933,0.9467003169738759
0.1410693970420933,0.9467754292667538
0.14123191938891597,0.9467754292667538
0.14123191938891597,0.9468054741839049
0.1413131805623273,0.9468054741839049
0.1413131805623273,0.9468355191010561
0.14139444173573867,0.9468355191010561
0.14139444173573867,0.9468655640182072
0.14139444173573867,0.9468956089353584
0.14155696408256135,0.9468956089353584
0.14155696408256135,0.946940676311085
0.14155696408256135,0.9469857436868118
0.14188200877620674,0.9469857436868118
0.14188200877620674,0.947015788603963
0.14188200877620674,0.9470758784382652
0.14196326994961808,0.9470758784382652
0.14196326994961808,0.9471059233554163
0.14204453112302942,0.9471059233554163
0.14204453112302942,0.9471359682725675
0.14212579229644076,0.9471359682725675
0.14212579229644076,0.9471509907311431
0.1422070534698521,0.9471509907311431
0.1422070534698521,0.9471810356482941
0.14228831464326344,0.9471810356482941
0.14228831464326344,0.9472411254825965
0.14236957581667478,0.9472411254825965
0.14236957581667478,0.9472561479411721
0.14245083699008615,0.9472561479411721
0.14245083699008615,0.9472861928583232
0.14245083699008615,0.9473312602340499
0.14261335933690883,0.9473312602340499
0.14261335933690883,0.9473613051512011
0.14269462051032017,0.9473613051512011
0.14269462051032017,0.9473913500683522
0.14285714285714285,0.9473913500683522
0.14285714285714285,0.9474364174440789
0.14285714285714285,0.94746646236123
0.14285714285714285,0.9475115297369567
0.1429384040305542,0.9475115297369567
0.1429384040305542,0.9475866420298346
0.14301966520396556,0.9475866420298346
0.14301966520396556,0.9476016644884102
0.1431009263773769,0.9476016644884102
0.1431009263773769,0.9476166869469858
0.14318218755078824,0.9476166869469858
0.14318218755078824,0.9476317094055613
0.14318218755078824,0.9476617543227125
0.14334470989761092,0.9476617543227125
0.14334470989761092,0.947676776781288
0.14342597107102226,0.947676776781288
0.14342597107102226,0.9477218441570148
0.1435072322444336,0.9477218441570148
0.1435072322444336,0.9477669115327414
0.14358849341784496,0.9477669115327414
0.14375101576466764,0.9477669115327414
0.14375101576466764,0.9478119789084681
0.14383227693807898,0.9478119789084681
0.14399479928490166,0.9478119789084681
0.14399479928490166,0.9478270013670437
0.14399479928490166,0.9478870912013461
0.14399479928490166,0.9479321585770727
0.144076060458313,0.9479321585770727
0.144076060458313,0.9479622034942239
0.14415732163172437,0.9479622034942239
0.14431984397854705,0.9479622034942239
0.14431984397854705,0.947992248411375
0.14448236632536973,0.947992248411375
0.14448236632536973,0.9480373157871017
0.14456362749878107,0.9480373157871017
0.14456362749878107,0.9480673607042529
0.14464488867219244,0.9480673607042529
0.14464488867219244,0.948097405621404
0.14472614984560378,0.948097405621404
0.14472614984560378,0.9481124280799795
0.14480741101901512,0.9481124280799795
0.14480741101901512,0.9481424729971307
0.14488867219242646,0.9481424729971307
0.14488867219242646,0.9481574954557063
0.1449699333658378,0.9481574954557063
0.1449699333658378,0.9482175852900085
0.14513245571266048,0.9482175852900085
0.14513245571266048,0.9482326077485841
0.14513245571266048,0.9482626526657353
0.14513245571266048,0.9482776751243108
0.14537623923289453,0.9482776751243108
0.14537623923289453,0.948307720041462
0.14545750040630587,0.948307720041462
0.14545750040630587,0.9483227425000376
0.1457012839265399,0.9483227425000376
0.1457012839265399,0.9483527874171886
0.14578254509995126,0.9483527874171886
0.14578254509995126,0.9484579446272177
0.14594506744677394,0.9484579446272177
0.14594506744677394,0.9484729670857932
0.14594506744677394,0.9485330569200956
0.14594506744677394,0.9485480793786711
0.14602632862018528,0.9485480793786711
0.14602632862018528,0.9485781242958222
0.14602632862018528,0.9486081692129734
0.14602632862018528,0.948623191671549
0.14610758979359662,0.948623191671549
0.14610758979359662,0.9486832815058512
0.14610758979359662,0.9487133264230024
0.14618885096700796,0.9487133264230024
0.14618885096700796,0.9487433713401535
0.14618885096700796,0.9487734162573047
0.14635137331383066,0.9487734162573047
0.146432634487242,0.9487734162573047
0.146432634487242,0.9487884387158803
0.146432634487242,0.9488184836330313
0.146432634487242,0.9488635510087581
0.14651389566065334,0.9488635510087581
0.14651389566065334,0.9488785734673336
0.14659515683406468,0.9488785734673336
0.14659515683406468,0.9488935959259093
0.14659515683406468,0.9489236408430604
0.14667641800747602,0.9489236408430604
0.14667641800747602,0.9489687082187871
0.14667641800747602,0.9489837306773626
0.14675767918088736,0.9489837306773626
0.14675767918088736,0.9490287980530894
0.14675767918088736,0.9490588429702405
0.1470014627011214,0.9490588429702405
0.1470014627011214,0.9490888878873917
0.14708272387453275,0.9490888878873917
0.14708272387453275,0.9491189328045427
0.1471639850479441,0.9491189328045427
0.1471639850479441,0.9491339552631184
0.1471639850479441,0.9491640001802695
0.1471639850479441,0.949284179848874
0.14732650739476677,0.949284179848874
0.14732650739476677,0.9492992023074497
0.14740776856817814,0.9492992023074497
0.14740776856817814,0.9493142247660252
0.14765155208841216,0.9493142247660252
0.14765155208841216,0.9493292472246008
0.1477328132618235,0.9493292472246008
0.1477328132618235,0.9493743146003275
0.1477328132618235,0.9494043595174786
0.1477328132618235,0.9494193819760542
0.14781407443523484,0.9494193819760542
0.14781407443523484,0.9494494268932053
0.14797659678205755,0.9494494268932053
0.14797659678205755,0.9494644493517809
0.14813911912888023,0.9494644493517809
0.14813911912888023,0.9495095167275076
0.14846416382252559,0.9495095167275076
0.14846416382252559,0.9495395616446588
0.14870794734275963,0.9495395616446588
0.14870794734275963,0.9495545841032343
0.1488704696895823,0.9495545841032343
0.1488704696895823,0.9495846290203854
0.14895173086299365,0.9495846290203854
0.14895173086299365,0.9495996514789611
0.149032992036405,0.9495996514789611
0.149032992036405,0.9496747637718389
0.14911425320981636,0.9496747637718389
0.14911425320981636,0.9496897862304144
0.1491955143832277,0.9496897862304144
0.1491955143832277,0.9497198311475656
0.14935803673005038,0.9497198311475656
0.14935803673005038,0.9497348536061412
0.14943929790346172,0.9497348536061412
0.14943929790346172,0.9497498760647167
0.14952055907687306,0.9497498760647167
0.14952055907687306,0.9498249883575947
0.1496018202502844,0.9498249883575947
0.1496018202502844,0.9498400108161702
0.1497643425971071,0.9498400108161702
0.1497643425971071,0.9498550332747457
0.14984560377051845,0.9498550332747457
0.14984560377051845,0.9498700557333213
0.1499268649439298,0.9498700557333213
0.15008938729075247,0.9498700557333213
0.15017064846416384,0.9498700557333213
0.15017064846416384,0.9498850781918969
0.15033317081098652,0.9498850781918969
0.15033317081098652,0.949915123109048
0.15033317081098652,0.9499301455676236
0.15041443198439786,0.9499301455676236
0.15041443198439786,0.9499752129433503
0.15073947667804324,0.9499752129433503
0.15082073785145458,0.9499752129433503
0.15082073785145458,0.9499902354019258
0.15082073785145458,0.950020280319077
0.15082073785145458,0.9500653476948038
0.15090199902486592,0.9500653476948038
0.15090199902486592,0.9500803701533793
0.15090199902486592,0.9501104150705304
0.15090199902486592,0.9501554824462571
0.15090199902486592,0.9501855273634083
0.15090199902486592,0.9502005498219839
0.15098326019827726,0.9502005498219839
0.15098326019827726,0.9502456171977106
0.1510645213716886,0.9502456171977106
0.1510645213716886,0.9502756621148617
0.15114578254509994,0.9502756621148617
0.15114578254509994,0.9502906845734372
0.15122704371851128,0.9502906845734372
0.15122704371851128,0.9503057070320129
0.151389566065334,0.9503057070320129
0.151389566065334,0.9503207294905884
0.151633349585568,0.9503207294905884
0.151633349585568,0.9503507744077395
0.151633349585568,0.9503657968663152
0.1517958719323907,0.9503657968663152
0.1517958719323907,0.9503958417834663
0.15203965545262474,0.9503958417834663
0.15203965545262474,0.9504108642420418
0.15220217779944742,0.9504108642420418
0.15220217779944742,0.950440909159193
0.15228343897285876,0.950440909159193
0.15228343897285876,0.9504859765349197
0.15244596131968147,0.9504859765349197
0.15244596131968147,0.9505160214520708
0.15244596131968147,0.950546066369222
0.15244596131968147,0.9505761112863731
0.15260848366650415,0.9505761112863731
0.15260848366650415,0.9506662460378266
0.1526897448399155,0.9506662460378266
0.1526897448399155,0.9507263358721288
0.1526897448399155,0.9507714032478556
0.15277100601332683,0.9507714032478556
0.15277100601332683,0.9507864257064311
0.15293352836014953,0.9507864257064311
0.15293352836014953,0.9508314930821579
0.15301478953356087,0.9508314930821579
0.15301478953356087,0.9508465155407334
0.1532585730537949,0.9508465155407334
0.1532585730537949,0.9509216278336112
0.15333983422720623,0.9509216278336112
0.15333983422720623,0.9509516727507624
0.15350235657402894,0.9509516727507624
0.15350235657402894,0.950966695209338
0.15358361774744028,0.950966695209338
0.15358361774744028,0.9510117625850647
0.15358361774744028,0.9510568299607913
0.15358361774744028,0.951071852419367
0.1538274012676743,0.951071852419367
0.1538274012676743,0.9511018973365181
0.15390866244108564,0.9511018973365181
0.15390866244108564,0.9511319422536693
0.15390866244108564,0.9511920320879715
0.15398992361449698,0.9511920320879715
0.15398992361449698,0.9512220770051226
0.15423370713473103,0.9512220770051226
0.15423370713473103,0.9512370994636983
0.15431496830814237,0.9512370994636983
0.15431496830814237,0.9512671443808494
0.1543962294815537,0.9512671443808494
0.1543962294815537,0.9513272342151516
0.1543962294815537,0.9513572791323028
0.15447749065496505,0.9513572791323028
0.15447749065496505,0.9514173689666051
0.15464001300178776,0.9514173689666051
0.15464001300178776,0.9514474138837562
0.1547212741751991,0.9514474138837562
0.1547212741751991,0.9514624363423317
0.15496505769543312,0.9514624363423317
0.15496505769543312,0.9514924812594829
0.15504631886884446,0.9514924812594829
0.15504631886884446,0.9515375486352097
0.1551275800422558,0.9515375486352097
0.1551275800422558,0.9515826160109363
0.15520884121566716,0.9515826160109363
0.15520884121566716,0.9516126609280875
0.15520884121566716,0.951627683386663
0.15537136356248984,0.951627683386663
0.15537136356248984,0.9517027956795409
0.15545262473590118,0.9517027956795409
0.15545262473590118,0.9517178181381165
0.15553388590931252,0.9517178181381165
0.15553388590931252,0.9517478630552676
0.15561514708272386,0.9517478630552676
0.15561514708272386,0.9517628855138432
0.1556964082561352,0.9517628855138432
0.1556964082561352,0.9517929304309943
0.15610271412319193,0.9517929304309943
0.15610271412319193,0.9518830651824478
0.15642775881683732,0.9518830651824478
0.15642775881683732,0.9518980876410233
0.15659028116366,0.9518980876410233
0.15659028116366,0.9519281325581744
0.15667154233707134,0.9519281325581744
0.15667154233707134,0.9519581774753256
0.15675280351048268,0.9519581774753256
0.15675280351048268,0.9519731999339012
0.15683406468389405,0.9519731999339012
0.15683406468389405,0.9519882223924767
0.15699658703071673,0.9519882223924767
0.15699658703071673,0.9520332897682035
0.15707784820412807,0.9520332897682035
0.15707784820412807,0.952048312226779
0.15724037055095075,0.952048312226779
0.15724037055095075,0.9520783571439302
0.1573216317243621,0.9520783571439302
0.1573216317243621,0.9521084020610813
0.1573216317243621,0.9521234245196569
0.1573216317243621,0.952153469436808
0.15740289289777346,0.952153469436808
0.15740289289777346,0.9521985368125347
0.15756541524459614,0.9521985368125347
0.15756541524459614,0.9522135592711103
0.15764667641800748,0.9522135592711103
0.15764667641800748,0.952258626646837
0.15797172111165286,0.952258626646837
0.15797172111165286,0.9523036940225638
0.15813424345847554,0.9523036940225638
0.15813424345847554,0.9523337389397148
0.15821550463188688,0.9523337389397148
0.15821550463188688,0.9524839635254706
0.15829676580529822,0.9524839635254706
0.15829676580529822,0.9525140084426217
0.1584592881521209,0.9525140084426217
0.1584592881521209,0.9525440533597729
0.1584592881521209,0.952574098276924
0.15854054932553227,0.952574098276924
0.15854054932553227,0.9526191656526507
0.15886559401917763,0.9526191656526507
0.15886559401917763,0.9526341881112262
0.15894685519258897,0.9526341881112262
0.15894685519258897,0.9526642330283774
0.15910937753941168,0.9526642330283774
0.15927189988623436,0.9526642330283774
0.15927189988623436,0.9527243228626797
0.1593531610596457,0.9527243228626797
0.1593531610596457,0.9527543677798308
0.15943442223305704,0.9527543677798308
0.15943442223305704,0.9527994351555575
0.15951568340646838,0.9527994351555575
0.15951568340646838,0.9528144576141331
0.15951568340646838,0.9528445025312843
0.15951568340646838,0.9528595249898598
0.15959694457987975,0.9528595249898598
0.15959694457987975,0.9529346372827376
0.15967820575329109,0.9529346372827376
0.15967820575329109,0.9529646821998888
0.15975946692670243,0.9529646821998888
0.15975946692670243,0.9530397944927667
0.15984072810011377,0.9530397944927667
0.15984072810011377,0.9530548169513423
0.16000325044693645,0.9530548169513423
0.16000325044693645,0.9531149067856446
0.16008451162034779,0.9531149067856446
0.16008451162034779,0.9531449517027957
0.16016577279375915,0.9531449517027957
0.16016577279375915,0.9531749966199469
0.16032829514058183,0.9531749966199469
0.16040955631399317,0.9531749966199469
0.16040955631399317,0.953205041537098
0.1604908174874045,0.953205041537098
0.1604908174874045,0.9532200639956735
0.16057207866081585,0.9532200639956735
0.16057207866081585,0.9532350864542491
0.1606533398342272,0.9532350864542491
0.1606533398342272,0.9532801538299758
0.16073460100763856,0.9532801538299758
0.16073460100763856,0.953340243664278
0.1608158621810499,0.953340243664278
0.1608158621810499,0.9533702885814292
0.16105964570128392,0.9533702885814292
0.16105964570128392,0.9533853110400048
0.16114090687469526,0.9533853110400048
0.16114090687469526,0.9534303784157315
0.1612221680481066,0.9534303784157315
0.1612221680481066,0.9534454008743071
0.1612221680481066,0.9534754457914583
0.1613846903949293,0.9534754457914583
0.1613846903949293,0.9534904682500338
0.161547212741752,0.9534904682500338
0.161547212741752,0.9535205131671849
0.16162847391516333,0.9535205131671849
0.16162847391516333,0.9535505580843361
0.16170973508857467,0.9535505580843361
0.16170973508857467,0.9535655805429116
0.16170973508857467,0.9535956254600628
0.16170973508857467,0.9536557152943651
0.16179099626198604,0.9536557152943651
0.16179099626198604,0.9536707377529406
0.16179099626198604,0.9537007826700918
0.16203477978222006,0.9537007826700918
0.16203477978222006,0.9537158051286674
0.1621160409556314,0.9537158051286674
0.1621160409556314,0.9537308275872429
0.16227856330245408,0.9537308275872429
0.16227856330245408,0.9537608725043941
0.16227856330245408,0.9537909174215452
0.16235982447586544,0.9537909174215452
0.16235982447586544,0.9538059398801207
0.16260360799609946,0.9538059398801207
0.16260360799609946,0.9538359847972719
0.16260360799609946,0.953866029714423
0.16260360799609946,0.9539561644658765
0.1626848691695108,0.9539561644658765
0.1626848691695108,0.953971186924452
0.16292865268974485,0.953971186924452
0.16292865268974485,0.9539862093830276
0.1630099138631562,0.9539862093830276
0.1630099138631562,0.9540012318416032
0.16317243620997887,0.9540012318416032
0.16349748090362426,0.9540012318416032
0.16349748090362426,0.9540162543001788
0.16366000325044694,0.9540162543001788
0.16366000325044694,0.9540462992173299
0.16366000325044694,0.9540763441344811
0.16374126442385828,0.9540763441344811
0.16374126442385828,0.9541815013445101
0.16406630911750367,0.9541815013445101
0.16406630911750367,0.9542115462616612
0.164147570290915,0.9542115462616612
0.164147570290915,0.9542265687202367
0.1643100926377377,0.9542265687202367
0.1643100926377377,0.9542415911788124
0.16439135381114903,0.9542415911788124
0.16439135381114903,0.954391815764568
0.16455387615797173,0.954391815764568
0.16455387615797173,0.9544218606817192
0.16471639850479441,0.9544218606817192
0.16471639850479441,0.9546622200189283
0.16471639850479441,0.9546922649360794
0.16479765967820575,0.9546922649360794
0.16479765967820575,0.9547223098532306
0.16479765967820575,0.9547523547703817
0.16496018202502843,0.9547523547703817
0.16496018202502843,0.9547673772289573
0.16496018202502843,0.9547974221461084
0.16496018202502843,0.9548424895218351
0.16504144319843977,0.9548424895218351
0.16504144319843977,0.9550377814833175
0.16512270437185114,0.9550377814833175
0.16512270437185114,0.9550678264004687
0.16512270437185114,0.9551128937761955
0.16512270437185114,0.9551579611519221
0.16536648789208516,0.9551579611519221
0.16536648789208516,0.9551729836104977
0.1654477490654965,0.9551729836104977
0.1654477490654965,0.9551880060690733
0.16552901023890784,0.9551880060690733
0.16552901023890784,0.9552330734448
0.16561027141231918,0.9552330734448
0.1657727937591419,0.9552330734448
0.16585405493255323,0.9552330734448
0.16585405493255323,0.9552781408205266
0.16593531610596457,0.9552781408205266
0.16593531610596457,0.9553081857376778
0.16593531610596457,0.9553232081962534
0.1660165772793759,0.9553232081962534
0.1660165772793759,0.9553832980305557
0.1661790996261986,0.9553832980305557
0.1663416219730213,0.9553832980305557
0.1663416219730213,0.9553983204891312
0.16666666666666666,0.9553983204891312
0.166747927840078,0.9553983204891312
0.166747927840078,0.9554283654062824
0.16682918901348937,0.9554283654062824
0.16682918901348937,0.9554584103234335
0.16699171136031205,0.9554584103234335
0.16699171136031205,0.9554734327820091
0.16707297253372339,0.9554734327820091
0.16707297253372339,0.9554884552405847
0.16715423370713473,0.9554884552405847
0.16715423370713473,0.9555185001577358
0.16723549488054607,0.9555185001577358
0.16723549488054607,0.9555335226163114
0.16731675605395743,0.9555335226163114
0.16731675605395743,0.9555635675334625
0.16739801722736877,0.9555635675334625
0.16739801722736877,0.9555936124506137
0.16739801722736877,0.9556086349091892
0.1674792784007801,0.9556086349091892
0.1674792784007801,0.9556386798263404
0.16756053957419145,0.9556386798263404
0.16756053957419145,0.9556837472020671
0.1676418007476028,0.9556837472020671
0.1676418007476028,0.9557137921192183
0.1676418007476028,0.9557438370363693
0.16780432309442547,0.9557438370363693
0.16796684544124818,0.9557438370363693
0.16796684544124818,0.9557738819535205
0.16804810661465952,0.9557738819535205
0.16804810661465952,0.9558039268706716
0.16804810661465952,0.9558339717878228
0.16812936778807086,0.9558339717878228
0.16829189013489354,0.9558339717878228
0.16829189013489354,0.9558489942463984
0.16837315130830488,0.9558489942463984
0.16837315130830488,0.9560292637493052
0.16861693482853893,0.9560292637493052
0.16861693482853893,0.9560442862078807
0.16869819600195027,0.9560442862078807
0.16869819600195027,0.9560893535836075
0.1687794571753616,0.9560893535836075
0.1687794571753616,0.9561193985007587
0.1689419795221843,0.9561193985007587
0.1689419795221843,0.9562696230865143
0.169104501869007,0.9562696230865143
0.169104501869007,0.9562996680036655
0.16926702421582968,0.9562996680036655
0.16926702421582968,0.956314690462241
0.16934828538924102,0.956314690462241
0.16934828538924102,0.9563297129208166
0.1695108077360637,0.9563297129208166
0.1695108077360637,0.9563447353793922
0.16959206890947506,0.9563447353793922
0.16959206890947506,0.9563597578379678
0.16959206890947506,0.9563898027551189
0.1696733300828864,0.9563898027551189
0.1696733300828864,0.9564198476722701
0.16975459125629774,0.9564198476722701
0.16975459125629774,0.9564649150479968
0.16983585242970908,0.9564649150479968
0.16983585242970908,0.9564799375065723
0.17016089712335447,0.9564799375065723
0.17016089712335447,0.9565400273408746
0.1702421582967658,0.9565400273408746
0.1702421582967658,0.9565700722580257
0.1702421582967658,0.956630162092328
0.1704046806435885,0.956630162092328
0.1704046806435885,0.9566602070094792
0.17064846416382254,0.9566602070094792
0.17064846416382254,0.9566752294680547
0.17072972533723388,0.9566752294680547
0.17072972533723388,0.9567202968437815
0.17072972533723388,0.9567503417609325
0.17089224768405656,0.9567503417609325
0.17089224768405656,0.9567653642195082
0.1709735088574679,0.9567653642195082
0.1709735088574679,0.9567803866780837
0.17121729237770195,0.9567803866780837
0.1715423370713473,0.9567803866780837
0.1715423370713473,0.9567954091366593
0.17170485941816999,0.9567954091366593
0.17170485941816999,0.9568254540538105
0.17170485941816999,0.956840476512386
0.1718673817649927,0.956840476512386
0.1718673817649927,0.9568855438881128
0.17194864293840403,0.9568855438881128
0.17194864293840403,0.9569155888052638
0.1721111652852267,0.9569155888052638
0.1721111652852267,0.9569306112638395
0.17219242645863805,0.9569306112638395
0.17219242645863805,0.9569606561809906
0.17219242645863805,0.9570057235567173
0.17219242645863805,0.9570357684738684
0.17219242645863805,0.9570658133910196
0.17235494880546076,0.9570658133910196
0.17235494880546076,0.9570808358495951
0.17259873232569478,0.9570808358495951
0.17259873232569478,0.9571259032253219
0.17267999349910612,0.9571259032253219
0.17267999349910612,0.9571409256838974
0.17276125467251746,0.9571409256838974
0.17276125467251746,0.957155948142473
0.17276125467251746,0.9571859930596242
0.17276125467251746,0.9572310604353509
0.1728425158459288,0.9572310604353509
0.1728425158459288,0.957261105352502
0.17292377701934017,0.957261105352502
0.17292377701934017,0.9572911502696532
0.17308629936616285,0.9572911502696532
0.17308629936616285,0.9573061727282287
0.17324882171298553,0.9573061727282287
0.17324882171298553,0.9573812850211065
0.17333008288639687,0.9573812850211065
0.17333008288639687,0.9574113299382577
0.17341134405980824,0.9574113299382577
0.17341134405980824,0.9574263523968333
0.17357386640663092,0.9574263523968333
0.17357386640663092,0.9574413748554088
0.17365512758004226,0.9574413748554088
0.17365512758004226,0.9574563973139844
0.17406143344709898,0.9574563973139844
0.17406143344709898,0.95747141977256
0.174305216967333,0.95747141977256
0.174305216967333,0.9575164871482867
0.17438647814074434,0.9575164871482867
0.17438647814074434,0.9575315096068623
0.17454900048756705,0.9575315096068623
0.17454900048756705,0.957576576982589
0.1746302616609784,0.957576576982589
0.1746302616609784,0.9575915994411646
0.1746302616609784,0.9576216443583156
0.1746302616609784,0.9576366668168913
0.1746302616609784,0.9576667117340424
0.1746302616609784,0.9576967566511936
0.17471152283438973,0.9576967566511936
0.17471152283438973,0.9577268015683447
0.17479278400780107,0.9577268015683447
0.17479278400780107,0.9577568464854959
0.1748740451812124,0.9577568464854959
0.1748740451812124,0.9578469812369492
0.17495530635462375,0.9578469812369492
0.17495530635462375,0.9578770261541004
0.1750365675280351,0.9578770261541004
0.1751990898748578,0.9578770261541004
0.17536161222168048,0.9578770261541004
0.17536161222168048,0.9579671609055538
0.17536161222168048,0.957997205822705
0.17552413456850316,0.957997205822705
0.17552413456850316,0.9581324079498851
0.17552413456850316,0.9581624528670363
0.1756053957419145,0.9581624528670363
0.1756053957419145,0.9581924977841874
0.1757679180887372,0.9581924977841874
0.1757679180887372,0.9582075202427629
0.17584917926214855,0.9582075202427629
0.17584917926214855,0.9582225427013386
0.17584917926214855,0.9582525876184896
0.17609296278238257,0.9582525876184896
0.17609296278238257,0.9582826325356408
0.17625548512920527,0.9582826325356408
0.17625548512920527,0.9583126774527919
0.17633674630261661,0.9583126774527919
0.17633674630261661,0.9583276999113675
0.17641800747602795,0.9583276999113675
0.17641800747602795,0.9583427223699431
0.1764992686494393,0.9583427223699431
0.1764992686494393,0.9583577448285187
0.17658052982285063,0.9583577448285187
0.17658052982285063,0.9583727672870942
0.17666179099626197,0.9583727672870942
0.17666179099626197,0.9583877897456697
0.17674305216967334,0.9583877897456697
0.17674305216967334,0.9584178346628209
0.17682431334308468,0.9584178346628209
0.17682431334308468,0.958447879579972
0.17682431334308468,0.9584929469556988
0.17682431334308468,0.95852299187285
0.17690557451649602,0.95852299187285
0.17690557451649602,0.9585981041657278
0.1770680968633187,0.9585981041657278
0.1770680968633187,0.9586131266243033
0.17714935803673004,0.9586131266243033
0.17731188038355275,0.9586131266243033
0.1773931415569641,0.9586131266243033
0.1773931415569641,0.9586281490828789
0.17747440273037543,0.9586281490828789
0.17747440273037543,0.9586431715414545
0.1776369250771981,0.9586431715414545
0.1776369250771981,0.9586882389171811
0.17771818625060945,0.9586882389171811
0.17771818625060945,0.9587182838343323
0.1777994474240208,0.9587182838343323
0.1777994474240208,0.9587333062929079
0.1779619697708435,0.9587333062929079
0.17812449211766618,0.9587333062929079
0.17820575329107752,0.9587333062929079
0.17820575329107752,0.9587783736686346
0.17820575329107752,0.9588234410443613
0.1783682756379002,0.9588234410443613
0.1783682756379002,0.9588534859615124
0.17844953681131157,0.9588534859615124
0.17844953681131157,0.9588685084200881
0.17844953681131157,0.9588985533372392
0.1785307979847229,0.9588985533372392
0.1785307979847229,0.9589135757958147
0.17861205915813425,0.9589135757958147
0.17861205915813425,0.9589436207129659
0.17869332033154559,0.9589436207129659
0.17869332033154559,0.9590337554644193
0.17877458150495693,0.9590337554644193
0.17877458150495693,0.9590938452987215
0.17893710385177963,0.9590938452987215
0.17893710385177963,0.9591539351330238
0.17901836502519097,0.9591539351330238
0.17901836502519097,0.9591689575915995
0.1790996261986023,0.9591689575915995
0.1790996261986023,0.9591990025087506
0.1790996261986023,0.9592290474259018
0.179262148545425,0.9592290474259018
0.179262148545425,0.9592590923430528
0.17942467089224767,0.9592590923430528
0.17942467089224767,0.9592741148016284
0.17950593206565904,0.9592741148016284
0.17950593206565904,0.9593342046359307
0.17974971558589306,0.9593342046359307
0.17974971558589306,0.9593492270945063
0.17999349910612708,0.9593492270945063
0.17999349910612708,0.9593642495530819
0.18007476027953845,0.9593642495530819
0.18007476027953845,0.9594093169288086
0.18023728262636113,0.9594093169288086
0.18023728262636113,0.9594243393873841
0.18031854379977247,0.9594243393873841
0.18031854379977247,0.9594844292216864
0.18048106614659515,0.9594844292216864
0.18048106614659515,0.9595144741388376
0.1805623273200065,0.9595144741388376
0.1805623273200065,0.9595445190559887
0.18064358849341786,0.9595445190559887
0.18064358849341786,0.9595745639731399
0.1807248496668292,0.9595745639731399
0.1807248496668292,0.9595895864317154
0.18096863318706322,0.9595895864317154
0.18096863318706322,0.9596196313488665
0.1811311555338859,0.9596196313488665
0.1811311555338859,0.9596346538074422
0.18121241670729726,0.9596346538074422
0.18121241670729726,0.9596496762660177
0.18145620022753128,0.9596496762660177
0.18145620022753128,0.9596947436417445
0.18194376726799935,0.9596947436417445
0.18194376726799935,0.95970976610032
0.1820250284414107,0.95970976610032
0.1820250284414107,0.9597698559346223
0.18210628961482203,0.9597698559346223
0.18210628961482203,0.9597848783931978
0.18235007313505608,0.9597848783931978
0.18251259548187876,0.9597848783931978
0.18267511782870144,0.9597848783931978
0.18267511782870144,0.9597999008517734
0.18275637900211278,0.9597999008517734
0.18275637900211278,0.959814923310349
0.18300016252234683,0.959814923310349
0.18300016252234683,0.9598299457689246
0.18308142369575817,0.9598299457689246
0.18308142369575817,0.9598599906860756
0.18324394604258085,0.9598599906860756
0.18324394604258085,0.9599050580618024
0.1833252072159922,0.9599050580618024
0.1833252072159922,0.9599501254375291
0.18340646838940355,0.9599501254375291
0.18340646838940355,0.9599651478961047
0.18356899073622623,0.9599651478961047
0.18356899073622623,0.9600102152718314
0.18381277425646025,0.9600102152718314
0.18381277425646025,0.9600853275647092
0.1838940354298716,0.9600853275647092
0.1838940354298716,0.9601003500232849
0.18397529660328296,0.9601003500232849
0.18397529660328296,0.9601153724818604
0.18413781895010564,0.9601153724818604
0.18413781895010564,0.960130394940436
0.18421908012351698,0.960130394940436
0.18421908012351698,0.9601454173990115
0.18430034129692832,0.9601454173990115
0.18430034129692832,0.9601754623161627
0.18430034129692832,0.9602205296918894
0.18438160247033966,0.9602205296918894
0.18438160247033966,0.9603256869019183
0.18454412481716237,0.9603256869019183
0.18454412481716237,0.960340709360494
0.18470664716398505,0.960340709360494
0.18470664716398505,0.9603707542776451
0.1847879083373964,0.9603707542776451
0.1847879083373964,0.9603857767362206
0.18495043068421907,0.9603857767362206
0.18495043068421907,0.9604158216533718
0.18495043068421907,0.9604909339462496
0.18503169185763044,0.9604909339462496
0.18503169185763044,0.9605059564048252
0.18511295303104178,0.9605059564048252
0.18511295303104178,0.9605360013219764
0.18519421420445312,0.9605360013219764
0.18519421420445312,0.9605510237805519
0.18527547537786446,0.9605510237805519
0.18527547537786446,0.9605810686977031
0.18551925889809848,0.9605810686977031
0.18551925889809848,0.9606712034491565
0.18560052007150984,0.9606712034491565
0.18560052007150984,0.9607012483663077
0.18568178124492118,0.9607012483663077
0.18568178124492118,0.9607162708248832
0.18576304241833252,0.9607162708248832
0.18576304241833252,0.9607463157420344
0.18600682593856654,0.9607463157420344
0.18600682593856654,0.9607613382006099
0.1862506094588006,0.9607613382006099
0.1862506094588006,0.960791383117761
0.18633187063221193,0.960791383117761
0.1864943929790346,0.960791383117761
0.1864943929790346,0.9608064055763367
0.18657565415244595,0.9608064055763367
0.18657565415244595,0.9608214280349122
0.18681943767268,0.9608214280349122
0.18681943767268,0.9608364504934878
0.18690069884609134,0.9608364504934878
0.18690069884609134,0.9608514729520633
0.18698196001950268,0.9608514729520633
0.18698196001950268,0.9608815178692145
0.18706322119291402,0.9608815178692145
0.18706322119291402,0.96089654032779
0.18722574353973673,0.96089654032779
0.18722574353973673,0.9609265852449412
0.18722574353973673,0.9609566301620923
0.18730700471314807,0.9609566301620923
0.18730700471314807,0.961001697537819
0.1875507882333821,0.961001697537819
0.1875507882333821,0.9610167199963946
0.18779457175361614,0.9610167199963946
0.18779457175361614,0.9610467649135458
0.18787583292702748,0.9610467649135458
0.18787583292702748,0.9610617873721213
0.18803835527385016,0.9610617873721213
0.18803835527385016,0.9610918322892724
0.18803835527385016,0.9611068547478481
0.18820087762067284,0.9611068547478481
0.18828213879408418,0.9611068547478481
0.18828213879408418,0.9611519221235747
0.18852592231431822,0.9611519221235747
0.18852592231431822,0.9612420568750282
0.18860718348772956,0.9612420568750282
0.18860718348772956,0.9612721017921793
0.1886884446611409,0.9612721017921793
0.1886884446611409,0.9613021467093305
0.1886884446611409,0.961422326377935
0.18876970583455224,0.961422326377935
0.18876970583455224,0.9614373488365106
0.18893222818137495,0.9614373488365106
0.18893222818137495,0.9614523712950862
0.18917601170160897,0.9614523712950862
0.18917601170160897,0.9615124611293885
0.1892572728750203,0.9615124611293885
0.1892572728750203,0.9615575285051151
0.18933853404843165,0.9615575285051151
0.18933853404843165,0.9616025958808418
0.189419795221843,0.9616025958808418
0.189419795221843,0.9616176183394174
0.1895823175686657,0.9616176183394174
0.18974483991548838,0.9616176183394174
0.18974483991548838,0.961632640797993
0.1899886234357224,0.961632640797993
0.1899886234357224,0.9616777081737197
0.19006988460913377,0.9616777081737197
0.19006988460913377,0.9617227755494464
0.1901511457825451,0.9617227755494464
0.1901511457825451,0.961737798008022
0.19023240695595645,0.961737798008022
0.19023240695595645,0.9617678429251731
0.19031366812936779,0.9617678429251731
0.19031366812936779,0.9617828653837487
0.19031366812936779,0.9618129103008999
0.19031366812936779,0.9618279327594754
0.19047619047619047,0.9618279327594754
0.19047619047619047,0.961842955218051
0.19063871282301317,0.961842955218051
0.1907199739964245,0.961842955218051
0.1907199739964245,0.9618579776766265
0.1907199739964245,0.9618880225937777
0.19080123516983585,0.9618880225937777
0.19080123516983585,0.9619330899695044
0.19104501869006987,0.9619330899695044
0.19104501869006987,0.96194811242808
0.19112627986348124,0.96194811242808
0.19112627986348124,0.9619631348866555
0.19128880221030392,0.9619631348866555
0.19128880221030392,0.9619931798038067
0.1914513245571266,0.9619931798038067
0.1914513245571266,0.9620082022623823
0.19153258573053794,0.9620082022623823
0.19153258573053794,0.9620232247209578
0.19161384690394928,0.9620232247209578
0.19161384690394928,0.9621133594724113
0.19169510807736065,0.9621133594724113
0.19169510807736065,0.962158426848138
0.191776369250772,0.962158426848138
0.191776369250772,0.9621734493067136
0.19185763042418333,0.9621734493067136
0.19185763042418333,0.9621884717652891
0.192020152771006,0.9621884717652891
0.192020152771006,0.9622034942238646
0.19210141394441735,0.9622034942238646
0.19210141394441735,0.9622185166824403
0.1921826751178287,0.9622185166824403
0.1923451974646514,0.9622185166824403
0.1923451974646514,0.9622335391410158
0.19250771981147408,0.9622335391410158
0.19250771981147408,0.9622485615995914
0.19258898098488542,0.9622485615995914
0.19258898098488542,0.9622635840581669
0.1929140256785308,0.9622635840581669
0.1929140256785308,0.9622786065167426
0.19299528685194214,0.9622786065167426
0.19299528685194214,0.9623086514338937
0.19307654802535348,0.9623086514338937
0.19307654802535348,0.9623236738924692
0.19315780919876482,0.9623236738924692
0.19315780919876482,0.9623386963510449
0.19332033154558753,0.9623386963510449
0.19332033154558753,0.9623687412681959
0.19372663741264423,0.9623687412681959
0.19372663741264423,0.9623987861853471
0.19372663741264423,0.9624288311024982
0.19372663741264423,0.9624438535610738
0.19413294327970096,0.9624438535610738
0.19413294327970096,0.962473898478225
0.19437672679993498,0.962473898478225
0.19437672679993498,0.9624889209368005
0.1945392491467577,0.9624889209368005
0.19470177149358037,0.9624889209368005
0.19502681618722575,0.9624889209368005
0.19502681618722575,0.9625189658539517
0.1951080773606371,0.9625189658539517
0.1951080773606371,0.9625490107711028
0.19527059970745977,0.9625490107711028
0.19527059970745977,0.9625940781468295
0.19575816674792784,0.9625940781468295
0.19575816674792784,0.9626241230639806
0.19583942792133918,0.9626241230639806
0.19583942792133918,0.9626992353568585
0.19592068909475052,0.9626992353568585
0.19592068909475052,0.9627292802740096
0.19600195026816186,0.9627292802740096
0.19600195026816186,0.9627443027325853
0.19608321144157323,0.9627443027325853
0.19632699496180725,0.9627443027325853
0.19632699496180725,0.9627893701083119
0.1964082561352186,0.9627893701083119
0.1964082561352186,0.9628043925668875
0.19657077848204127,0.9628043925668875
0.19657077848204127,0.9628945273183409
0.19689582317568666,0.9628945273183409
0.19689582317568666,0.9629095497769165
0.196977084349098,0.9629095497769165
0.196977084349098,0.9629395946940676
0.196977084349098,0.9629546171526432
0.19705834552250934,0.9629546171526432
0.19705834552250934,0.9629696396112187
0.19705834552250934,0.9629996845283699
0.19705834552250934,0.9630597743626722
0.19713960669592068,0.9630597743626722
0.19730212904274338,0.9630597743626722
0.19730212904274338,0.9630747968212477
0.19746465138956606,0.9630747968212477
0.19746465138956606,0.9630898192798233
0.19762717373638874,0.9630898192798233
0.19762717373638874,0.9631799540312768
0.19762717373638874,0.9632250214070035
0.1978709572566228,0.9632250214070035
0.1978709572566228,0.963240043865579
0.19795221843003413,0.963240043865579
0.19795221843003413,0.9632550663241546
0.1981147407768568,0.9632550663241546
0.1981147407768568,0.9632700887827301
0.1982772631236795,0.9632700887827301
0.1982772631236795,0.9632851112413058
0.19852104664391354,0.9632851112413058
0.19852104664391354,0.9633151561584569
0.19860230781732488,0.9633151561584569
0.19860230781732488,0.9634353358270614
0.19876483016414756,0.9634353358270614
0.19876483016414756,0.9634503582856371
0.19892735251097027,0.9634503582856371
0.19892735251097027,0.9634653807442126
0.1990086136843816,0.9634653807442126
0.1991711360312043,0.9634653807442126
0.1991711360312043,0.9635104481199394
0.19925239720461563,0.9635104481199394
0.19925239720461563,0.963555515495666
0.19933365837802697,0.963555515495666
0.19933365837802697,0.9636005828713927
0.19941491955143834,0.9636005828713927
0.19941491955143834,0.9636156053299683
0.19957744189826102,0.9636156053299683
0.19957744189826102,0.9636756951642705
0.19982122541849504,0.9636756951642705
0.19982122541849504,0.9637057400814217
0.19990248659190638,0.9637057400814217
0.19990248659190638,0.9637207625399973
0.20006500893872908,0.9637207625399973
0.20039005363237444,0.9637207625399973
0.20039005363237444,0.9637508074571485
0.20079635949943117,0.9637508074571485
0.20079635949943117,0.963765829915724
0.2008776206728425,0.963765829915724
0.2008776206728425,0.9637808523742996
0.20095888184625385,0.9637808523742996
0.20095888184625385,0.9638259197500263
0.20112140419307656,0.9638259197500263
0.20112140419307656,0.9638409422086018
0.2012026653664879,0.9638409422086018
0.2012026653664879,0.963870987125753
0.2012026653664879,0.9639310769600553
0.20128392653989924,0.9639310769600553
0.20128392653989924,0.9639460994186309
0.20144644888672192,0.9639460994186309
0.20144644888672192,0.9639911667943576
0.20144644888672192,0.9640362341700843
0.20160897123354463,0.9640362341700843
0.20160897123354463,0.9640512566286599
0.20169023240695597,0.9640512566286599
0.20185275475377865,0.9640512566286599
0.20201527710060133,0.9640512566286599
0.20201527710060133,0.9640662790872354
0.20209653827401267,0.9640662790872354
0.20209653827401267,0.964081301545811
0.20217779944742403,0.964081301545811
0.20217779944742403,0.9641413913801132
0.20217779944742403,0.9641714362972644
0.20217779944742403,0.9642315261315667
0.20225906062083537,0.9642315261315667
0.20225906062083537,0.9642615710487178
0.20242158296765805,0.9642615710487178
0.2025028441410694,0.9642615710487178
0.2025028441410694,0.9642765935072934
0.20258410531448073,0.9642765935072934
0.20258410531448073,0.9643216608830201
0.20323419470177148,0.9643216608830201
0.20323419470177148,0.9643817507173224
0.20331545587518285,0.9643817507173224
0.20331545587518285,0.964396773175898
0.20347797822200553,0.964396773175898
0.20347797822200553,0.9644117956344735
0.2036405005688282,0.9644117956344735
0.2036405005688282,0.9644418405516246
0.20372176174223955,0.9644418405516246
0.20372176174223955,0.9644568630102003
0.2038030229156509,0.9644568630102003
0.2039655452624736,0.9644568630102003
0.20404680643588494,0.9644568630102003
0.20404680643588494,0.9644718854687758
0.20420932878270762,0.9644718854687758
0.20420932878270762,0.9644869079273514
0.20429058995611896,0.9644869079273514
0.20429058995611896,0.9645169528445026
0.20445311230294166,0.9645169528445026
0.20445311230294166,0.9645319753030781
0.20461563464976434,0.9645319753030781
0.20461563464976434,0.9645770426788048
0.20469689582317568,0.9645770426788048
0.20469689582317568,0.9645920651373804
0.20502194051682107,0.9645920651373804
0.20502194051682107,0.9646070875959559
0.2051032016902324,0.9646070875959559
0.2051032016902324,0.9646221100545316
0.20518446286364375,0.9646221100545316
0.20518446286364375,0.9646521549716827
0.20534698521046643,0.9646521549716827
0.20542824638387777,0.9646521549716827
0.20542824638387777,0.9646972223474094
0.20559076873070048,0.9646972223474094
0.20559076873070048,0.9647573121817117
0.20567202990411182,0.9647573121817117
0.20567202990411182,0.9647723346402872
0.20575329107752316,0.9647723346402872
0.20575329107752316,0.9648023795574384
0.20591581342434584,0.9648023795574384
0.20591581342434584,0.964817402016014
0.20591581342434584,0.964847446933165
0.20607833577116855,0.964847446933165
0.20607833577116855,0.9648774918503162
0.2061595969445799,0.9648774918503162
0.2061595969445799,0.9648925143088918
0.2064033804648139,0.9648925143088918
0.2064033804648139,0.9649075367674673
0.20648464163822525,0.9649075367674673
0.20648464163822525,0.964922559226043
0.2065659028116366,0.964922559226043
0.2065659028116366,0.9649826490603453
0.20689094750528197,0.9649826490603453
0.20689094750528197,0.9649976715189208
0.207134731025516,0.9649976715189208
0.207134731025516,0.9650126939774963
0.20721599219892736,0.9650126939774963
0.20721599219892736,0.9650277164360719
0.2072972533723387,0.9650277164360719
0.20745977571916138,0.9650277164360719
0.20762229806598406,0.9650277164360719
0.20762229806598406,0.9650727838117986
0.2078660815862181,0.9650727838117986
0.2078660815862181,0.9651178511875254
0.20827238745327484,0.9651178511875254
0.20827238745327484,0.9651328736461009
0.20851617097350886,0.9651328736461009
0.20851617097350886,0.9651779410218276
0.20851617097350886,0.9652380308561299
0.2085974321469202,0.9652380308561299
0.2085974321469202,0.9652530533147055
0.20867869332033154,0.9652530533147055
0.20867869332033154,0.9652830982318567
0.20867869332033154,0.9653431880661589
0.20875995449374288,0.9653431880661589
0.20875995449374288,0.9653882554418857
0.20900373801397693,0.9653882554418857
0.20900373801397693,0.9654183003590368
0.2091662603607996,0.9654183003590368
0.2091662603607996,0.9654333228176123
0.20965382740126767,0.9654333228176123
0.20965382740126767,0.965448345276188
0.20981634974809035,0.965448345276188
0.20981634974809035,0.9654633677347635
0.2098976109215017,0.9654633677347635
0.2098976109215017,0.965478390193339
0.2100601332683244,0.965478390193339
0.2100601332683244,0.9655084351104902
0.21014139444173574,0.9655084351104902
0.21014139444173574,0.9656436372376703
0.21046643913538113,0.9656436372376703
0.21046643913538113,0.9656736821548214
0.21071022265561515,0.9656736821548214
0.21071022265561515,0.9657187495305481
0.2107914838290265,0.9657187495305481
0.2107914838290265,0.9657638169062749
0.2107914838290265,0.965793861823426
0.2107914838290265,0.9658389291991527
0.2107914838290265,0.9658839965748794
0.2107914838290265,0.9659140414920306
0.21095400617584917,0.9659140414920306
0.21111652852267188,0.9659140414920306
0.21119778969608322,0.9659140414920306
0.21119778969608322,0.9659440864091817
0.21127905086949456,0.9659440864091817
0.21127905086949456,0.9659741313263329
0.2113603120429059,0.9659741313263329
0.2113603120429059,0.9659891537849085
0.21152283438972858,0.9659891537849085
0.21160409556313994,0.9659891537849085
0.21160409556313994,0.9660191987020595
0.21160409556313994,0.9660492436192107
0.21160409556313994,0.9660792885363618
0.21176661790996262,0.9660792885363618
0.21176661790996262,0.966109333453513
0.21184787908337396,0.966109333453513
0.21184787908337396,0.9661393783706641
0.2119291402567853,0.9661393783706641
0.2119291402567853,0.9661544008292398
0.21201040143019664,0.9661544008292398
0.21201040143019664,0.9661694232878153
0.21209166260360798,0.9661694232878153
0.21209166260360798,0.9661844457463908
0.21209166260360798,0.966214490663542
0.21241670729725337,0.966214490663542
0.21241670729725337,0.9662595580392687
0.21241670729725337,0.9662745804978443
0.2124979684706647,0.9662745804978443
0.2124979684706647,0.9663196478735709
0.21257922964407605,0.9663196478735709
0.21257922964407605,0.9663496927907221
0.2126604908174874,0.9663496927907221
0.2128230131643101,0.9663496927907221
0.21290427433772144,0.9663496927907221
0.21290427433772144,0.9663647152492977
0.21298553551113278,0.9663647152492977
0.21298553551113278,0.9664398275421755
0.21314805785795546,0.9664398275421755
0.21314805785795546,0.9664698724593267
0.21314805785795546,0.966529962293629
0.21322931903136683,0.966529962293629
0.21322931903136683,0.9665600072107802
0.21322931903136683,0.9665900521279313
0.21322931903136683,0.9666200970450824
0.21347310255160085,0.9666200970450824
0.21347310255160085,0.9667703216308381
0.21363562489842353,0.9667703216308381
0.21363562489842353,0.9668003665479893
0.21371688607183487,0.9668003665479893
0.21371688607183487,0.9668454339237159
0.21404193076548025,0.9668454339237159
0.21404193076548025,0.9668754788408671
0.21404193076548025,0.9669055237580182
0.21428571428571427,0.9669055237580182
0.21428571428571427,0.9669505911337449
0.21444823663253698,0.9669505911337449
0.21444823663253698,0.9669656135923205
0.21452949780594832,0.9669656135923205
0.21452949780594832,0.9670106809680472
0.214692020152771,0.9670106809680472
0.214692020152771,0.9670257034266228
0.21477328132618234,0.9670257034266228
0.21477328132618234,0.967055748343774
0.21509832601982773,0.967055748343774
0.21534210954006175,0.967055748343774
0.21550463188688446,0.967055748343774
0.21550463188688446,0.967085793260925
0.2155858930602958,0.967085793260925
0.2155858930602958,0.9671008157195007
0.21566715423370714,0.9671008157195007
0.21566715423370714,0.9671158381780762
0.21574841540711848,0.9671158381780762
0.21574841540711848,0.9671458830952273
0.21591093775394116,0.9671458830952273
0.21591093775394116,0.967160905553803
0.2161547212741752,0.967160905553803
0.2161547212741752,0.9671759280123785
0.21631724362099788,0.9671759280123785
0.21631724362099788,0.967190950470954
0.21639850479440922,0.967190950470954
0.21639850479440922,0.9672059729295297
0.21647976596782056,0.9672059729295297
0.21647976596782056,0.9672209953881052
0.21647976596782056,0.9672510403052563
0.21656102714123193,0.9672510403052563
0.21656102714123193,0.967266062763832
0.21664228831464327,0.967266062763832
0.21664228831464327,0.9672810852224075
0.2168860718348773,0.9672810852224075
0.2168860718348773,0.9672961076809831
0.21696733300828863,0.9672961076809831
0.21696733300828863,0.9673261525981343
0.21712985535511134,0.9673261525981343
0.21712985535511134,0.9673712199738609
0.21721111652852268,0.9673712199738609
0.21737363887534536,0.9673712199738609
0.21737363887534536,0.9673862424324365
0.2174549000487567,0.9673862424324365
0.2174549000487567,0.9674162873495876
0.21769868356899075,0.9674162873495876
0.21769868356899075,0.9674313098081632
0.2177799447424021,0.9674313098081632
0.2177799447424021,0.9674613547253144
0.21786120591581343,0.9674613547253144
0.21786120591581343,0.9674763771838899
0.21794246708922477,0.9674763771838899
0.21794246708922477,0.9674913996424654
0.21810498943604745,0.9674913996424654
0.21810498943604745,0.9675064221010411
0.21843003412969283,0.9675064221010411
0.21843003412969283,0.9676416242282212
0.21883633999674956,0.9676416242282212
0.21899886234357224,0.9676416242282212
0.21899886234357224,0.9676566466867967
0.21916138469039492,0.9676566466867967
0.21916138469039492,0.9676866916039479
0.21916138469039492,0.967716736521099
0.21932390703721763,0.967716736521099
0.21932390703721763,0.9677317589796746
0.2194864293840403,0.9677317589796746
0.2194864293840403,0.9677467814382502
0.21956769055745165,0.9677467814382502
0.21956769055745165,0.9677768263554013
0.21989273525109704,0.9677768263554013
0.21989273525109704,0.9678369161897036
0.2202177799447424,0.9678369161897036
0.22029904111815374,0.9678369161897036
0.22029904111815374,0.9678519386482792
0.22038030229156508,0.9678519386482792
0.22038030229156508,0.9678819835654303
0.22062408581179913,0.9678819835654303
0.22062408581179913,0.967927050941157
0.2207866081586218,0.967927050941157
0.2207866081586218,0.9679721183168838
0.22086786933203315,0.9679721183168838
0.22103039167885585,0.9679721183168838
0.2213554363725012,0.9679721183168838
0.2213554363725012,0.9680171856926104
0.22151795871932392,0.9680171856926104
0.22151795871932392,0.9680322081511861
0.22159921989273526,0.9680322081511861
0.22159921989273526,0.9680472306097616
0.22176174223955794,0.9680472306097616
0.22176174223955794,0.9680772755269127
0.22184300341296928,0.9680772755269127
0.22184300341296928,0.9681223429026394
0.22200552575979196,0.9681223429026394
0.22200552575979196,0.968137365361215
0.22208678693320333,0.968137365361215
0.22208678693320333,0.9681674102783662
0.22216804810661467,0.9681674102783662
0.22216804810661467,0.9681974551955173
0.222249309280026,0.9681974551955173
0.222249309280026,0.9682124776540929
0.22233057045343735,0.9682124776540929
0.22233057045343735,0.9682275001126684
0.2224118316268487,0.9682275001126684
0.2224118316268487,0.968242522571244
0.22249309280026003,0.968242522571244
0.22249309280026003,0.9682575450298195
0.22265561514708274,0.9682575450298195
0.22265561514708274,0.9682725674883952
0.22281813749390542,0.9682725674883952
0.22289939866731676,0.9682725674883952
0.22289939866731676,0.9683026124055463
0.2229806598407281,0.9683026124055463
0.2229806598407281,0.9683627022398485
0.22306192101413944,0.9683627022398485
0.22306192101413944,0.9683777246984241
0.22330570453437348,0.9683777246984241
0.22346822688119616,0.9683777246984241
0.2235494880546075,0.9683777246984241
0.2235494880546075,0.9683927471569997
0.22363074922801884,0.9683927471569997
0.22363074922801884,0.9684979043670288
0.22379327157484155,0.9684979043670288
0.22379327157484155,0.9685279492841798
0.22403705509507557,0.9685279492841798
0.22403705509507557,0.9685730166599066
0.2241183162684869,0.9685730166599066
0.2241183162684869,0.9686030615770577
0.22436209978872096,0.9686030615770577
0.22436209978872096,0.9686180840356333
0.2244433609621323,0.9686180840356333
0.2244433609621323,0.9686331064942089
0.22452462213554364,0.9686331064942089
0.22468714448236632,0.9686331064942089
0.22476840565577766,0.9686331064942089
0.22476840565577766,0.9686481289527844
0.22484966682918903,0.9686481289527844
0.22484966682918903,0.96866315141136
0.2250121891760117,0.96866315141136
0.2250121891760117,0.9686781738699356
0.22525597269624573,0.9686781738699356
0.22525597269624573,0.9687082187870867
0.22533723386965707,0.9687082187870867
0.22533723386965707,0.9687232412456622
0.22566227856330245,0.9687232412456622
0.22566227856330245,0.9687382637042379
0.2257435397367138,0.9687382637042379
0.2257435397367138,0.9687532861628134
0.22582480091012513,0.9687532861628134
0.22582480091012513,0.968768308621389
0.22598732325694784,0.968768308621389
0.22598732325694784,0.9688584433728424
0.22606858443035918,0.9688584433728424
0.22606858443035918,0.968873465831418
0.22614984560377052,0.968873465831418
0.22614984560377052,0.9689636005828713
0.22623110677718186,0.9689636005828713
0.22623110677718186,0.9689936455000225
0.2263123679505932,0.9689936455000225
0.2263123679505932,0.9690387128757493
0.2266374126442386,0.9690387128757493
0.2266374126442386,0.9690537353343248
0.22671867381764993,0.9690537353343248
0.22671867381764993,0.9690687577929004
0.22696245733788395,0.9690687577929004
0.22696245733788395,0.9690988027100516
0.22712497968470666,0.9690988027100516
0.22712497968470666,0.9691438700857783
0.22736876320494068,0.9691438700857783
0.22736876320494068,0.9691588925443538
0.22753128555176336,0.9691588925443538
0.22785633024540874,0.9691588925443538
0.22785633024540874,0.9691739150029294
0.22801885259223142,0.9691739150029294
0.22801885259223142,0.9692189823786561
0.22842515845928815,0.9692189823786561
0.22842515845928815,0.9692490272958072
0.22842515845928815,0.9692940946715339
0.22842515845928815,0.9693241395886851
0.2285064196326995,0.9693241395886851
0.2285064196326995,0.9693391620472607
0.22875020315293354,0.9693391620472607
0.22875020315293354,0.9693842294229874
0.22883146432634488,0.9693842294229874
0.22883146432634488,0.969429296798714
0.2290752478465789,0.969429296798714
0.2290752478465789,0.9694443192572897
0.22915650901999024,0.9694443192572897
0.22915650901999024,0.9694743641744408
0.2294002925402243,0.9694743641744408
0.2294002925402243,0.969504409091592
0.22948155371363563,0.969504409091592
0.22948155371363563,0.9695194315501675
0.2296440760604583,0.9695194315501675
0.2296440760604583,0.9695494764673186
0.22972533723386965,0.9695494764673186
0.22972533723386965,0.9695644989258942
0.229806598407281,0.9695644989258942
0.229806598407281,0.9696245887601965
0.2299691207541037,0.9696245887601965
0.2299691207541037,0.9696396112187721
0.23021290427433772,0.9696396112187721
0.23021290427433772,0.9696546336773476
0.2305379489679831,0.9696546336773476
0.2305379489679831,0.9696696561359232
0.23070047131480578,0.9696696561359232
0.23070047131480578,0.9697147235116499
0.23086299366162846,0.9697147235116499
0.23094425483503983,0.9697147235116499
0.23094425483503983,0.9697447684288011
0.23102551600845117,0.9697447684288011
0.23102551600845117,0.9697597908873766
0.2311067771818625,0.9697597908873766
0.2311067771818625,0.9697748133459522
0.2311067771818625,0.9698048582631034
0.2311067771818625,0.9698649480974056
0.23159434422233058,0.9698649480974056
0.23159434422233058,0.9698799705559812
0.23167560539574192,0.9698799705559812
0.23167560539574192,0.9698949930145567
0.2318381277425646,0.9698949930145567
0.2318381277425646,0.9699100154731324
0.23232569478303267,0.9699100154731324
0.23232569478303267,0.9699400603902835
0.232406955956444,0.9699400603902835
0.232406955956444,0.969955082848859
0.23248821712985535,0.969955082848859
0.23248821712985535,0.9700452176003125
0.23248821712985535,0.9700752625174636
0.23265073947667805,0.9700752625174636
0.23265073947667805,0.9701203298931903
0.2327320006500894,0.9701203298931903
0.2327320006500894,0.9701353523517658
0.23281326182350073,0.9701353523517658
0.23281326182350073,0.970165397268917
0.23281326182350073,0.9701804197274926
0.23289452299691207,0.9701804197274926
0.23289452299691207,0.9701954421860681
0.2329757841703234,0.9701954421860681
0.2329757841703234,0.9702254871032193
0.23305704534373475,0.9702254871032193
0.23305704534373475,0.9702405095617949
0.2333008288639688,0.9702405095617949
0.2333008288639688,0.9702705544789461
0.2333008288639688,0.9702855769375216
0.23338209003738014,0.9702855769375216
0.23338209003738014,0.9703156218546727
0.23338209003738014,0.9703306443132483
0.23354461238420282,0.9703306443132483
0.23354461238420282,0.9703606892303994
0.23370713473102553,0.9703606892303994
0.23370713473102553,0.970375711688975
0.23370713473102553,0.9704057566061262
0.2338696570778482,0.9704057566061262
0.2338696570778482,0.9704358015232774
0.2338696570778482,0.970480868899004
0.2338696570778482,0.9705559811918819
0.23411344059808223,0.9705559811918819
0.23411344059808223,0.9706010485676085
0.23419470177149357,0.9706010485676085
0.23419470177149357,0.9706160710261842
0.23427596294490494,0.9706160710261842
0.23427596294490494,0.9706461159433353
0.23435722411831628,0.9706461159433353
0.23435722411831628,0.970691183319062
0.23443848529172762,0.970691183319062
0.23443848529172762,0.9707062057776376
0.23484479115878434,0.9707062057776376
0.23484479115878434,0.9707212282362131
0.23484479115878434,0.9707512731533643
0.23484479115878434,0.9707813180705154
0.23492605233219568,0.9707813180705154
0.23492605233219568,0.970796340529091
0.23500731350560702,0.970796340529091
0.23500731350560702,0.9708263854462421
0.23525109702584104,0.9708263854462421
0.23525109702584104,0.9708414079048177
0.2354948805460751,0.9708414079048177
0.2354948805460751,0.9708714528219688
0.23557614171948643,0.9708714528219688
0.23557614171948643,0.9709014977391199
0.23565740289289777,0.9709014977391199
0.23565740289289777,0.9709315426562711
0.2357386640663091,0.9709315426562711
0.2357386640663091,0.9709465651148467
0.23590118641313182,0.9709465651148467
0.23590118641313182,0.9710216774077245
0.2360637087599545,0.9710216774077245
0.2360637087599545,0.9710366998663001
0.23622623110677718,0.9710366998663001
0.23622623110677718,0.9710517223248757
0.23647001462701123,0.9710517223248757
0.23647001462701123,0.9710667447834512
0.2367950593206566,0.9710667447834512
0.2367950593206566,0.9710817672420269
0.23695758166747927,0.9710817672420269
0.23695758166747927,0.9710967897006024
0.23695758166747927,0.9711268346177535
0.23703884284089063,0.9711268346177535
0.23703884284089063,0.9711869244520558
0.23712010401430197,0.9711869244520558
0.23712010401430197,0.9712319918277825
0.23728262636112465,0.9712319918277825
0.23728262636112465,0.9712470142863581
0.237363887534536,0.9712470142863581
0.237363887534536,0.9712620367449337
0.23744514870794733,0.9712620367449337
0.23744514870794733,0.9712920816620848
0.23768893222818138,0.9712920816620848
0.23768893222818138,0.9713071041206603
0.23801397692182674,0.9713071041206603
0.23801397692182674,0.971322126579236
0.23817649926864945,0.971322126579236
0.23817649926864945,0.9714122613306894
0.23833902161547213,0.9714122613306894
0.23833902161547213,0.9714723511649916
0.23842028278888347,0.9714723511649916
0.23842028278888347,0.9714873736235672
0.23858280513570615,0.9714873736235672
0.23858280513570615,0.9715023960821428
0.23858280513570615,0.9715624859164451
0.23874532748252886,0.9715624859164451
0.23874532748252886,0.9715775083750207
0.2388265886559402,0.9715775083750207
0.2388265886559402,0.9715925308335962
0.23890784982935154,0.9715925308335962
0.23890784982935154,0.9716075532921717
0.23907037217617422,0.9716075532921717
0.23907037217617422,0.9716375982093229
0.23923289452299693,0.9716375982093229
0.23923289452299693,0.9716526206678985
0.23931415569640827,0.9716526206678985
0.23931415569640827,0.971667643126474
0.2393954168698196,0.971667643126474
0.2393954168698196,0.9716976880436252
0.23947667804323094,0.9716976880436252
0.23947667804323094,0.9717277329607764
0.23963920039005362,0.9717277329607764
0.23963920039005362,0.971742755419352
0.239964245083699,0.971742755419352
0.239964245083699,0.971772800336503
0.24004550625711035,0.971772800336503
0.24004550625711035,0.9718028452536542
0.24028928977734437,0.9718028452536542
0.24028928977734437,0.9718178677122298
0.24053307329757842,0.9718178677122298
0.24053307329757842,0.9718328901708053
0.2406955956444011,0.9718328901708053
0.2406955956444011,0.9718629350879565
0.24077685681781244,0.9718629350879565
0.24077685681781244,0.9718779575465321
0.24085811799122378,0.9718779575465321
0.24085811799122378,0.9719380473808343
0.2410206403380465,0.9719380473808343
0.2410206403380465,0.9719680922979855
0.24110190151145783,0.9719680922979855
0.24110190151145783,0.9719831147565611
0.24118316268486917,0.9719831147565611
0.24118316268486917,0.9719981372151366
0.2412644238582805,0.9719981372151366
0.2412644238582805,0.9720131596737122
0.2414269462051032,0.9720131596737122
0.2415894685519259,0.9720131596737122
0.24175199089874858,0.9720131596737122
0.24175199089874858,0.9720281821322878
0.2421582967658053,0.9720281821322878
0.2421582967658053,0.9720432045908634
0.24223955793921664,0.9720432045908634
0.24223955793921664,0.9720582270494389
0.24240208028603932,0.9720582270494389
0.24240208028603932,0.9720732495080144
0.24264586380627337,0.9720732495080144
0.24264586380627337,0.9721183168837412
0.2427271249796847,0.9721183168837412
0.2427271249796847,0.9721483618008924
0.24280838615309605,0.9721483618008924
0.24280838615309605,0.9722084516351946
0.24305216967333007,0.9722084516351946
0.24305216967333007,0.9722384965523457
0.24362099788720948,0.9722384965523457
0.24362099788720948,0.9722685414694969
0.24386478140744353,0.9722685414694969
0.24386478140744353,0.9723136088452237
0.24394604258085487,0.9723136088452237
0.24394604258085487,0.9723436537623747
0.24418982610108889,0.9723436537623747
0.24418982610108889,0.9723736986795259
0.24427108727450025,0.9723736986795259
0.24427108727450025,0.9724187660552526
0.2443523484479116,0.9724187660552526
0.2443523484479116,0.9724337885138282
0.2445961319681456,0.9724337885138282
0.2445961319681456,0.9724788558895548
0.24483991548837966,0.9724788558895548
0.24483991548837966,0.9725389457238571
0.24532748252884773,0.9725389457238571
0.24532748252884773,0.9725539681824328
0.24540874370225907,0.9725539681824328
0.24589631074272714,0.9725539681824328
0.24597757191613848,0.9725539681824328
0.24597757191613848,0.9725990355581594
0.2462213554363725,0.9725990355581594
0.2462213554363725,0.9726140580167351
0.2462213554363725,0.9726591253924617
0.24638387778319518,0.9726591253924617
0.24638387778319518,0.9726741478510373
0.24646513895660654,0.9726741478510373
0.24646513895660654,0.9727041927681884
0.24662766130342922,0.9727041927681884
0.24662766130342922,0.9727492601439152
0.24687144482366324,0.9727492601439152
0.24687144482366324,0.9727642826024907
0.24695270599707458,0.9727642826024907
0.2471152283438973,0.9727642826024907
0.2471152283438973,0.9727793050610662
0.24719648951730863,0.9727793050610662
0.24719648951730863,0.9727943275196419
0.24727775069071997,0.9727943275196419
0.24727775069071997,0.9728093499782174
0.2473590118641313,0.9728093499782174
0.2473590118641313,0.9728393948953685
0.24752153421095402,0.9728393948953685
0.24752153421095402,0.9728694398125197
0.24752153421095402,0.9728994847296708
0.2476840565577767,0.9728994847296708
0.2476840565577767,0.9729145071882465
0.24776531773118804,0.9729145071882465
0.24776531773118804,0.9729445521053975
0.24792784007801072,0.9729445521053975
0.24809036242483343,0.9729445521053975
0.24809036242483343,0.9729745970225487
0.24809036242483343,0.9730046419396998
0.24833414594506745,0.9730046419396998
0.24833414594506745,0.9730196643982755
0.24857792946530147,0.9730196643982755
0.24857792946530147,0.973034686856851
0.24874045181212417,0.973034686856851
0.24874045181212417,0.9730647317740021
0.24890297415894685,0.9730647317740021
0.24890297415894685,0.9730797542325778
0.24906549650576953,0.9730797542325778
0.24906549650576953,0.9731097991497288
0.24914675767918087,0.9731097991497288
0.24914675767918087,0.9731248216083044
0.24922801885259224,0.9731248216083044
0.24922801885259224,0.97313984406688
0.24930928002600358,0.97313984406688
0.24930928002600358,0.9731548665254556
0.24947180237282626,0.9731548665254556
0.24947180237282626,0.9731849114426067
0.24963432471964894,0.9731849114426067
0.24963432471964894,0.9732149563597579
0.24971558589306028,0.9732149563597579
0.24971558589306028,0.9732450012769089
0.24979684706647165,0.9732450012769089
0.24979684706647165,0.9732750461940601
0.249878108239883,0.9732750461940601
0.249878108239883,0.9733050911112112
0.24995936941329433,0.9733050911112112
0.24995936941329433,0.9733201135697869
0.25004063058670567,0.9733201135697869
0.25020315293352835,0.9733201135697869
0.25020315293352835,0.9733651809455135
0.2502844141069397,0.9733651809455135
0.2502844141069397,0.9733802034040892
0.25036567528035103,0.9733802034040892
0.25036567528035103,0.9733952258626647
0.2505281976271737,0.9733952258626647
0.2505281976271737,0.973455315696967
0.25069071997399645,0.973455315696967
0.25069071997399645,0.9734853606141181
0.2508532423208191,0.9734853606141181
0.2508532423208191,0.9735454504484203
0.25109702584105315,0.9735454504484203
0.25109702584105315,0.973560472906996
0.2511782870144645,0.973560472906996
0.2511782870144645,0.9735905178241471
0.2512595481878758,0.9735905178241471
0.2512595481878758,0.9736205627412983
0.25134080936128717,0.9736205627412983
0.25134080936128717,0.973665630117025
0.2514220705346985,0.973665630117025
0.2514220705346985,0.9736956750341761
0.25150333170810985,0.9736956750341761
0.25150333170810985,0.9737106974927516
0.2515845928815212,0.9737106974927516
0.2515845928815212,0.9737257199513273
0.2516658540549326,0.9737257199513273
0.2516658540549326,0.9737557648684784
0.2517471152283439,0.9737557648684784
0.2517471152283439,0.9737707873270539
0.25182837640175526,0.9737707873270539
0.25182837640175526,0.9737858097856296
0.2519096375751666,0.9737858097856296
0.2519096375751666,0.9738158547027806
0.2520721599219893,0.9738158547027806
0.2520721599219893,0.9738458996199318
0.2523159434422233,0.9738458996199318
0.2523159434422233,0.9738609220785074
0.25239720461563464,0.9738609220785074
0.25239720461563464,0.9738909669956585
0.252478465789046,0.9738909669956585
0.252478465789046,0.9739210119128097
0.2525597269624573,0.9739210119128097
0.2525597269624573,0.9739360343713852
0.25264098813586866,0.9739360343713852
0.25264098813586866,0.9739510568299607
0.2528035104826914,0.9739510568299607
0.2528035104826914,0.9739961242056875
0.25288477165610274,0.9739961242056875
0.25288477165610274,0.9740261691228387
0.2532098163497481,0.9740261691228387
0.2532098163497481,0.9740411915814142
0.25329107752315944,0.9740411915814142
0.25329107752315944,0.9741012814157165
0.2533723386965708,0.9741012814157165
0.2533723386965708,0.974116303874292
0.25353486104339346,0.974116303874292
0.2539411669104502,0.974116303874292
0.2539411669104502,0.9741613712500188
0.25402242808386155,0.9741613712500188
0.25402242808386155,0.9741763937085943
0.25418495043068423,0.9741763937085943
0.25418495043068423,0.9742214610843211
0.25426621160409557,0.9742214610843211
0.25426621160409557,0.9742364835428966
0.2545099951243296,0.9742364835428966
0.25483503981797495,0.9742364835428966
0.25483503981797495,0.9742515060014723
0.2549163009913863,0.9742515060014723
0.2549163009913863,0.9742665284600478
0.2549975621647977,0.9742665284600478
0.2549975621647977,0.9743266182943501
0.25516008451162037,0.9743266182943501
0.25516008451162037,0.9743716856700768
0.2552413456850317,0.9743716856700768
0.2552413456850317,0.9744017305872279
0.25532260685844305,0.9744017305872279
0.2556476515520884,0.9744017305872279
0.2556476515520884,0.9744167530458034
0.2558914350723224,0.9744167530458034
0.2558914350723224,0.9744467979629546
0.25597269624573377,0.9744467979629546
0.25597269624573377,0.9744918653386814
0.2560539574191451,0.9744918653386814
0.2560539574191451,0.9745068877972569
0.2563790021127905,0.9745068877972569
0.2563790021127905,0.974536932714408
0.25646026328620186,0.974536932714408
0.25646026328620186,0.9745519551729837
0.25662278563302454,0.9745519551729837
0.25662278563302454,0.9745669776315592
0.2567040468064359,0.9745669776315592
0.2567040468064359,0.9745820000901347
0.2569478303266699,0.9745820000901347
0.2569478303266699,0.9746120450072859
0.257191613846904,0.9746120450072859
0.257191613846904,0.974642089924437
0.25735413619372666,0.974642089924437
0.25735413619372666,0.9746571123830126
0.25751665854054934,0.9746571123830126
0.25751665854054934,0.9746721348415882
0.2575979197139607,0.9746721348415882
0.2575979197139607,0.9746871573001638
0.257679180887372,0.9746871573001638
0.257679180887372,0.9747021797587393
0.25776044206078336,0.9747021797587393
0.25776044206078336,0.9747172022173148
0.25841053144807413,0.9747172022173148
0.25841053144807413,0.9747322246758905
0.25849179262148547,0.9747322246758905
0.25849179262148547,0.974747247134466
0.25865431496830815,0.974747247134466
0.25889809848854217,0.974747247134466
0.25889809848854217,0.9747923145101928
0.25906062083536485,0.9747923145101928
0.25906062083536485,0.9748073369687683
0.25922314318218753,0.9748073369687683
0.25922314318218753,0.9748223594273439
0.25930440435559887,0.9748223594273439
0.25930440435559887,0.9748373818859194
0.25930440435559887,0.9748974717202218
0.25930440435559887,0.9749124941787973
0.2593856655290102,0.9749124941787973
0.2593856655290102,0.9749275166373729
0.25995449374288965,0.9749275166373729
0.25995449374288965,0.9749725840130996
0.2601170160897123,0.9749725840130996
0.2601170160897123,0.9749876064716752
0.26036079960994635,0.9749876064716752
0.26036079960994635,0.9750176513888263
0.2605233219567691,0.9750176513888263
0.2605233219567691,0.9750326738474019
0.2607671054770031,0.9750326738474019
0.2607671054770031,0.9750476963059774
0.2610108889972371,0.9750476963059774
0.2610108889972371,0.975062718764553
0.26109215017064846,0.975062718764553
0.26125467251747114,0.975062718764553
0.2613359336908825,0.975062718764553
0.26149845603770516,0.975062718764553
0.26174223955793924,0.975062718764553
0.26174223955793924,0.9750927636817042
0.26198602307817326,0.9750927636817042
0.26198602307817326,0.9751077861402797
0.2623110677718186,0.9751077861402797
0.2623110677718186,0.9751528535160064
0.2623110677718186,0.9751979208917332
0.26239232894522996,0.9751979208917332
0.26239232894522996,0.9752129433503087
0.26255485129205264,0.9752129433503087
0.26255485129205264,0.9752429882674598
0.26255485129205264,0.9753030781017621
0.26287989598569805,0.9753030781017621
0.26287989598569805,0.9753331230189133
0.26304241833252073,0.9753331230189133
0.26304241833252073,0.97537819039464
0.26328620185275475,0.97537819039464
0.26328620185275475,0.9753932128532156
0.2633674630261661,0.9753932128532156
0.2633674630261661,0.9754082353117911
0.2636112465464001,0.9754082353117911
0.2636112465464001,0.9754382802289423
0.2638550300666342,0.9754382802289423
0.2638550300666342,0.9755284149803957
0.26401755241345687,0.9755284149803957
0.26401755241345687,0.9755434374389713
0.2642613359336909,0.9755434374389713
0.2642613359336909,0.9756035272732736
0.26434259710710223,0.9756035272732736
0.26434259710710223,0.9756185497318491
0.26442385828051357,0.9756185497318491
0.26442385828051357,0.9756335721904247
0.26483016414757027,0.9756335721904247
0.26483016414757027,0.9756485946490002
0.26507394766780434,0.9756485946490002
0.26507394766780434,0.9756636171075759
0.2651552088412157,0.9756636171075759
0.2651552088412157,0.9756786395661514
0.26548025353486104,0.9756786395661514
0.26548025353486104,0.9757237069418782
0.26548025353486104,0.9757837967761804
0.26548025353486104,0.975798819234756
0.2655615147082724,0.975798819234756
0.2655615147082724,0.9758138416933315
0.26572403705509506,0.9758138416933315
0.2659678205753291,0.9758138416933315
0.2659678205753291,0.9758438866104827
0.2660490817487405,0.9758438866104827
0.2660490817487405,0.9758739315276338
0.2661303429221518,0.9758739315276338
0.2661303429221518,0.975903976444785
0.26637412644238584,0.975903976444785
0.26637412644238584,0.9759189989033605
0.2665366487892085,0.9759189989033605
0.2665366487892085,0.9759340213619361
0.26678043230944254,0.9759340213619361
0.26678043230944254,0.9759941111962384
0.2668616934828539,0.9759941111962384
0.2668616934828539,0.9760241561133896
0.26702421582967656,0.9760241561133896
0.267349260523322,0.9760241561133896
0.267349260523322,0.9760391785719651
0.2677555663903787,0.9760391785719651
0.2677555663903787,0.9760692234891162
0.26783682756379,0.9760692234891162
0.26783682756379,0.9760842459476918
0.2679993499106127,0.9760842459476918
0.2679993499106127,0.9760992684062674
0.2682431334308467,0.9760992684062674
0.2682431334308467,0.9761443357819941
0.26856817812449213,0.9761443357819941
0.26881196164472615,0.9761443357819941
0.2688932228181375,0.9761443357819941
0.2688932228181375,0.9761593582405697
0.2688932228181375,0.9761894031577208
0.26897448399154883,0.9761894031577208
0.26897448399154883,0.9762194480748719
0.26905574516496017,0.9762194480748719
0.26905574516496017,0.9762344705334475
0.26921826751178285,0.9762344705334475
0.26921826751178285,0.9762494929920231
0.2692995286851942,0.9762494929920231
0.2692995286851942,0.9762645154505987
0.2694620510320169,0.9762645154505987
0.2694620510320169,0.9762945603677498
0.26970583455225094,0.9762945603677498
0.26970583455225094,0.9763095828263254
0.26970583455225094,0.9763846951192032
0.26970583455225094,0.9764147400363543
0.2697870957256623,0.9764147400363543
0.2697870957256623,0.97642976249493
0.2698683568990736,0.97642976249493
0.2698683568990736,0.9764447849535055
0.2700308792458963,0.9764447849535055
0.27011214041930764,0.9764447849535055
0.27011214041930764,0.976459807412081
0.2702746627661303,0.976459807412081
0.2705184462863644,0.976459807412081
0.2705184462863644,0.9764748298706566
0.27059970745977574,0.9764748298706566
0.27059970745977574,0.9764898523292322
0.2707622298065984,0.9764898523292322
0.2707622298065984,0.9765048747878078
0.2707622298065984,0.9765799870806856
0.2709247521534211,0.9765799870806856
0.27100601332683244,0.9765799870806856
0.27100601332683244,0.9766100319978368
0.2710872745002438,0.9766100319978368
0.2710872745002438,0.9766250544564123
0.27141231919388914,0.9766250544564123
0.27141231919388914,0.9766400769149879
0.2714935803673005,0.9766400769149879
0.2714935803673005,0.9766550993735634
0.2715748415407119,0.9766550993735634
0.2715748415407119,0.9766701218321391
0.27173736388753456,0.9766701218321391
0.2718186250609459,0.9766701218321391
0.2718186250609459,0.9766851442907146
0.27230619210141394,0.9766851442907146
0.27230619210141394,0.9767151892078657
0.27279375914188203,0.9767151892078657
0.27279375914188203,0.9767452341250169
0.2729562814887047,0.9767452341250169
0.2729562814887047,0.9767903015007436
0.27320006500893873,0.9767903015007436
0.2733625873557614,0.9767903015007436
0.2733625873557614,0.9768053239593192
0.27360637087599543,0.9768053239593192
0.27360637087599543,0.9768503913350459
0.27360637087599543,0.9768654137936215
0.27368763204940677,0.9768654137936215
0.27368763204940677,0.976880436252197
0.27393141556964085,0.976880436252197
0.27393141556964085,0.9768954587107727
0.2744189826101089,0.9768954587107727
0.2744189826101089,0.9769104811693482
0.2746627661303429,0.9769104811693482
0.2746627661303429,0.9769405260864993
0.274906549650577,0.9769405260864993
0.274906549650577,0.9769705710036505
0.275150333170811,0.9769705710036505
0.275150333170811,0.976985593462226
0.275394116691045,0.976985593462226
0.275394116691045,0.9770156383793772
0.27547537786445636,0.9770156383793772
0.27547537786445636,0.9770306608379528
0.27563790021127904,0.9770306608379528
0.27563790021127904,0.9770607057551038
0.2758004225581017,0.9770607057551038
0.2758004225581017,0.9770757282136795
0.27588168373151306,0.9770757282136795
0.27588168373151306,0.9771057731308306
0.27588168373151306,0.9771358180479818
0.2759629449049244,0.9771358180479818
0.2759629449049244,0.9771508405065573
0.2760442060783358,0.9771508405065573
0.2760442060783358,0.9771808854237084
0.2762879895985698,0.9771808854237084
0.2762879895985698,0.9772259527994351
0.2766130342922152,0.9772259527994351
0.2768568178124492,0.9772259527994351
0.2768568178124492,0.9772710201751619
0.27693807898586054,0.9772710201751619
0.27693807898586054,0.9772860426337374
0.2771006013326832,0.9772860426337374
0.2771818625060946,0.9772860426337374
0.2771818625060946,0.977301065092313
0.27750690719973997,0.977301065092313
0.27750690719973997,0.9773311100094642
0.277750690719974,0.9773311100094642
0.277750690719974,0.9773761773851909
0.277994474240208,0.9773761773851909
0.277994474240208,0.9773911998437664
0.27807573541361935,0.9773911998437664
0.27807573541361935,0.977406222302342
0.27807573541361935,0.9774963570537955
0.2781569965870307,0.9774963570537955
0.2781569965870307,0.977511379512371
0.2783195189338534,0.977511379512371
0.2783195189338534,0.9775264019709465
0.2788883471477328,0.9775264019709465
0.2788883471477328,0.9775414244295222
0.2790508694945555,0.9775414244295222
0.2790508694945555,0.9775864918052488
0.2791321306679668,0.9775864918052488
0.2791321306679668,0.9776015142638245
0.27921339184137817,0.9776015142638245
0.27921339184137817,0.9776165367224
0.2792946530147895,0.9776165367224
0.2792946530147895,0.9776315591809756
0.27970095888184626,0.9776315591809756
0.27970095888184626,0.9776465816395511
0.2797822200552576,0.9776465816395511
0.2797822200552576,0.9776616040981267
0.27986348122866894,0.9776616040981267
0.27986348122866894,0.9776916490152778
0.2800260035754916,0.9776916490152778
0.2800260035754916,0.9777367163910046
0.2800260035754916,0.9777667613081557
0.28010726474890296,0.9777667613081557
0.28010726474890296,0.9777968062253068
0.28026978709572564,0.9777968062253068
0.28026978709572564,0.9778118286838824
0.2804323094425484,0.9778118286838824
0.2804323094425484,0.9778268511424579
0.2805135706159597,0.9778268511424579
0.2805135706159597,0.9778568960596091
0.2806760929627824,0.9778568960596091
0.2808386153096051,0.9778568960596091
0.28100113765642776,0.9778568960596091
0.28100113765642776,0.9778869409767602
0.28116366000325044,0.9778869409767602
0.2812449211766618,0.9778869409767602
0.2812449211766618,0.9779169858939114
0.2813261823500731,0.9779169858939114
0.2813261823500731,0.9779470308110625
0.28165122704371853,0.9779470308110625
0.28165122704371853,0.9779770757282137
0.2818137493905412,0.9779770757282137
0.2818137493905412,0.9779920981867892
0.2819762717373639,0.9779920981867892
0.2821387940841866,0.9779920981867892
0.2821387940841866,0.9780221431039404
0.28230131643100925,0.9780221431039404
0.28246383877783193,0.9780221431039404
0.2825450999512433,0.9780221431039404
0.2825450999512433,0.9780521880210915
0.28295140581830003,0.9780521880210915
0.28295140581830003,0.978067210479667
0.2831139281651227,0.978067210479667
0.2831139281651227,0.9780822329382427
0.28319518933853405,0.9780822329382427
0.28319518933853405,0.9780972553968182
0.28343897285876807,0.9780972553968182
0.28343897285876807,0.9781273003139694
0.2835202340321794,0.9781273003139694
0.2835202340321794,0.9781573452311205
0.2836827563790021,0.9781573452311205
0.2836827563790021,0.9781873901482717
0.2842515845928815,0.9781873901482717
0.2844141069397042,0.9781873901482717
0.28449536811311554,0.9781873901482717
0.28449536811311554,0.9782174350654228
0.2851454575004063,0.9782174350654228
0.2851454575004063,0.9782324575239983
0.28522671867381766,0.9782324575239983
0.28522671867381766,0.978247479982574
0.28538924102064034,0.978247479982574
0.28538924102064034,0.9782625024411495
0.28538924102064034,0.9782925473583006
0.2854705021940517,0.9782925473583006
0.2854705021940517,0.9783075698168763
0.28563302454087436,0.9783075698168763
0.28563302454087436,0.9783225922754518
0.2857142857142857,0.9783225922754518
0.2857142857142857,0.9783526371926029
0.2859580692345198,0.9783526371926029
0.2859580692345198,0.9783676596511786
0.2862018527547538,0.9783676596511786
0.2862018527547538,0.9783977045683296
0.2863643751015765,0.9783977045683296
0.2863643751015765,0.9784127270269052
0.2864456362749878,0.9784127270269052
0.2864456362749878,0.9784277494854808
0.2866081586218105,0.9784277494854808
0.2868519421420445,0.9784277494854808
0.2868519421420445,0.9784728168612075
0.2868519421420445,0.9784878393197831
0.28693320331545585,0.9784878393197831
0.28693320331545585,0.9785028617783587
0.28742077035592395,0.9785028617783587
0.28742077035592395,0.9785178842369342
0.2877458150495693,0.9785178842369342
0.2877458150495693,0.9785629516126609
0.28798959856980333,0.9785629516126609
0.28807085974321467,0.9785629516126609
0.28807085974321467,0.9785779740712365
0.2883959044368601,0.9785779740712365
0.2883959044368601,0.9786380639055388
0.2886396879570941,0.9786380639055388
0.2886396879570941,0.9786530863641143
0.2888834714773281,0.9786530863641143
0.2888834714773281,0.97866810882269
0.2890459938241508,0.97866810882269
0.2890459938241508,0.978698153739841
0.28912725499756214,0.978698153739841
0.28912725499756214,0.9787582435741433
0.2892085161709735,0.9787582435741433
0.2892085161709735,0.978773266032719
0.2895335608646189,0.978773266032719
0.2895335608646189,0.9787882884912945
0.28985860555826426,0.9787882884912945
0.28985860555826426,0.97880331094987
0.29002112790508694,0.97880331094987
0.29002112790508694,0.9788183334084456
0.29026491142532096,0.9788183334084456
0.2905899561189664,0.9788183334084456
0.2905899561189664,0.9788333558670212
0.2908337396392004,0.9788333558670212
0.2908337396392004,0.9788483783255968
0.29091500081261173,0.9788483783255968
0.29091500081261173,0.9788634007841723
0.2909962619860231,0.9788634007841723
0.29115878433284575,0.9788634007841723
0.29115878433284575,0.9788934457013235
0.29132130667966843,0.9788934457013235
0.29132130667966843,0.9789084681598991
0.2915650901999025,0.9789084681598991
0.2915650901999025,0.9789234906184746
0.2917276125467252,0.9789234906184746
0.2917276125467252,0.9789385130770502
0.29180887372013653,0.9789385130770502
0.29180887372013653,0.9789535355356258
0.2927027466276613,0.9789535355356258
0.2927027466276613,0.9789685579942013
0.29278400780107267,0.9789685579942013
0.29278400780107267,0.9789835804527769
0.2930277913213067,0.9789835804527769
0.29335283601495205,0.9789835804527769
0.29335283601495205,0.9789986029113524
0.29359661953518607,0.9789986029113524
0.29359661953518607,0.9790286478285036
0.2936778807085974,0.9790286478285036
0.2936778807085974,0.9790887376628059
0.2937591418820088,0.9790887376628059
0.2937591418820088,0.9791338050385326
0.2939216642288315,0.9791338050385326
0.2939216642288315,0.9791638499556837
0.2940029254022428,0.9791638499556837
0.2940029254022428,0.9791938948728349
0.2944092312692995,0.9791938948728349
0.2944092312692995,0.9792089173314105
0.29465301478953354,0.9792089173314105
0.29465301478953354,0.979223939789986
0.2948155371363563,0.979223939789986
0.29497805948317896,0.979223939789986
0.29497805948317896,0.9792389622485616
0.29514058183000164,0.9792389622485616
0.29514058183000164,0.9792990520828638
0.2953031041768243,0.9792990520828638
0.2956281488704697,0.9792990520828638
0.2956281488704697,0.9793140745414395
0.29579067121729236,0.9793140745414395
0.2958719323907037,0.9793140745414395
0.29644076060458313,0.9793140745414395
0.29652202177799447,0.9793140745414395
0.29652202177799447,0.979329097000015
0.29668454412481715,0.979329097000015
0.29668454412481715,0.9793441194585906
0.29668454412481715,0.9793741643757418
0.29684706647163983,0.9793741643757418
0.29692832764505117,0.9793741643757418
0.29692832764505117,0.9794042092928928
0.2970908499918739,0.9794042092928928
0.2970908499918739,0.9794192317514685
0.2972533723386966,0.9794192317514685
0.29741589468551927,0.9794192317514685
0.29741589468551927,0.979434254210044
0.2974971558589306,0.979434254210044
0.2974971558589306,0.9794492766686196
0.2979034617259873,0.9794492766686196
0.2979034617259873,0.9794642991271951
0.29830976759304406,0.9794642991271951
0.29830976759304406,0.9794793215857708
0.29847228993986674,0.9794793215857708
0.29847228993986674,0.9795093665029219
0.2985535511132781,0.9795093665029219
0.2985535511132781,0.9795243889614974
0.2985535511132781,0.9795544338786486
0.2986348122866894,0.9795544338786486
0.2987973346335121,0.9795544338786486
0.2987973346335121,0.9795694563372241
0.2989598569803348,0.9795694563372241
0.2989598569803348,0.9795995012543753
0.29936616284739154,0.9795995012543753
0.29936616284739154,0.9796295461715264
0.2994474240208029,0.9796295461715264
0.2994474240208029,0.979644568630102
0.3000975134080936,0.979644568630102
0.3000975134080936,0.9796595910886776
0.30017877458150494,0.9796595910886776
0.30017877458150494,0.9796746135472532
0.3003412969283277,0.9796746135472532
0.3003412969283277,0.9797347033815554
0.30050381927515035,0.9797347033815554
0.30050381927515035,0.979749725840131
0.30066634162197303,0.979749725840131
0.30066634162197303,0.9797647482987065
0.30074760279538437,0.9797647482987065
0.30074760279538437,0.9797797707572822
0.30115390866244107,0.9797797707572822
0.30115390866244107,0.9798398605915845
0.3014789533560865,0.9798398605915845
0.3014789533560865,0.9798699055087355
0.3014789533560865,0.9798999504258867
0.3014789533560865,0.9799149728844623
0.30164147570290917,0.9799149728844623
0.30164147570290917,0.9799450178016134
0.3023728262636112,0.9799450178016134
0.3023728262636112,0.9799750627187646
0.3025353486104339,0.9799750627187646
0.3025353486104339,0.9800051076359156
0.303022915650902,0.9800051076359156
0.303022915650902,0.9800201300944913
0.30310417682431334,0.9800201300944913
0.30310417682431334,0.9800501750116424
0.303266699171136,0.9800501750116424
0.303266699171136,0.980065197470218
0.30334796034454736,0.980065197470218
0.30334796034454736,0.9801102648459447
0.30351048269137004,0.9801102648459447
0.30351048269137004,0.9801252873045203
0.3039167885584268,0.9801252873045203
0.3039167885584268,0.9801853771388226
0.30399804973183814,0.9801853771388226
0.30399804973183814,0.9802003995973981
0.3040793109052495,0.9802003995973981
0.3040793109052495,0.9802154220559737
0.30424183325207216,0.9802154220559737
0.30424183325207216,0.9802454669731249
0.30424183325207216,0.9802604894317004
0.3043230944254835,0.9802604894317004
0.3043230944254835,0.980275511890276
0.30440435559889484,0.980275511890276
0.30440435559889484,0.9802905343488515
0.3044856167723062,0.9802905343488515
0.3044856167723062,0.9803356017245782
0.30464813911912886,0.9803356017245782
0.3047294002925402,0.9803356017245782
0.3047294002925402,0.980380669100305
0.3048106614659516,0.980380669100305
0.3048106614659516,0.9803956915588805
0.30489192263936293,0.9803956915588805
0.30489192263936293,0.9804257364760317
0.3049731838127743,0.9804257364760317
0.30513570615959695,0.9804257364760317
0.3052169673330083,0.9804257364760317
0.3052169673330083,0.9804407589346072
0.305379489679831,0.9804407589346072
0.305379489679831,0.9804557813931828
0.30570453437347633,0.9804557813931828
0.30570453437347633,0.980485826310334
0.3059483178937104,0.980485826310334
0.3059483178937104,0.9805008487689095
0.30627336258735577,0.9805008487689095
0.30627336258735577,0.9805158712274851
0.3067609296278238,0.9805158712274851
0.3067609296278238,0.9805308936860606
0.30684219080123515,0.9805308936860606
0.30684219080123515,0.9805459161446363
0.3072484966682919,0.9805459161446363
0.3072484966682919,0.9805609386032118
0.3074922801885259,0.9805609386032118
0.3074922801885259,0.9805909835203629
0.30773606370875994,0.9805909835203629
0.30773606370875994,0.9806060059789385
0.30773606370875994,0.9806360508960896
0.30797984722899396,0.9806360508960896
0.30797984722899396,0.9806510733546652
0.3080611084024053,0.9806510733546652
0.3080611084024053,0.9806660958132408
0.3081423695758167,0.9806660958132408
0.3081423695758167,0.9807111631889676
0.3083048919226394,0.9807111631889676
0.30846741426946206,0.9807111631889676
0.30862993661628474,0.9807111631889676
0.30862993661628474,0.9807412081061186
0.3087111977896961,0.9807412081061186
0.3087111977896961,0.9807562305646942
0.3089549813099301,0.9807562305646942
0.3089549813099301,0.9807712530232698
0.3092800260035755,0.9807712530232698
0.3092800260035755,0.9808012979404209
0.3096863318706322,0.9808012979404209
0.3096863318706322,0.9808163203989965
0.3098488542174549,0.9808163203989965
0.30993011539086623,0.9808163203989965
0.30993011539086623,0.9808613877747232
0.3100926377376889,0.9808613877747232
0.3100926377376889,0.9808764102332987
0.3102551600845116,0.9808764102332987
0.310580204778157,0.9808764102332987
0.310580204778157,0.9809064551504499
0.31066146595156835,0.9809064551504499
0.31066146595156835,0.9809214776090255
0.3107427271249797,0.9809214776090255
0.3107427271249797,0.980936500067601
0.31090524947180237,0.980936500067601
0.31090524947180237,0.9809665449847522
0.3109865106452137,0.9809665449847522
0.3109865106452137,0.9809815674433278
0.31106777181862505,0.9809815674433278
0.31106777181862505,0.9809965899019033
0.31123029416544773,0.9809965899019033
0.31123029416544773,0.9810266348190545
0.31131155533885907,0.9810266348190545
0.31131155533885907,0.9810566797362056
0.31155533885909314,0.9810566797362056
0.31155533885909314,0.9810717021947812
0.31155533885909314,0.9811017471119323
0.3116366000325045,0.9811017471119323
0.3116366000325045,0.9811167695705079
0.31196164472614984,0.9811167695705079
0.31196164472614984,0.9811618369462346
0.3121241670729725,0.9811618369462346
0.3124492117666179,0.9811618369462346
0.3124492117666179,0.9811768594048101
0.3125304729400293,0.9811768594048101
0.3125304729400293,0.9811918818633858
0.31269299528685196,0.9811918818633858
0.31269299528685196,0.9812069043219613
0.312936778807086,0.9812069043219613
0.31326182350073134,0.9812069043219613
0.31350560702096536,0.9812069043219613
0.31350560702096536,0.9812219267805369
0.31374939054119944,0.9812219267805369
0.31374939054119944,0.9812369492391124
0.3140744352348448,0.9812369492391124
0.3140744352348448,0.9812669941562636
0.31415569640825614,0.9812669941562636
0.31415569640825614,0.9813120615319904
0.31415569640825614,0.9813421064491414
0.3142369575816675,0.9813421064491414
0.3142369575816675,0.9813571289077171
0.31439947992849016,0.9813571289077171
0.31439947992849016,0.9813721513662926
0.3144807411019015,0.9813721513662926
0.3146432634487242,0.9813721513662926
0.3146432634487242,0.9813871738248682
0.31472452462213557,0.9813871738248682
0.31472452462213557,0.9814322412005949
0.3148057857955469,0.9814322412005949
0.3148057857955469,0.9814472636591705
0.31513083048919227,0.9814472636591705
0.31513083048919227,0.981462286117746
0.31553713635624897,0.981462286117746
0.315780919876483,0.981462286117746
0.3159434422233057,0.981462286117746
0.3159434422233057,0.9814773085763216
0.3162684869169511,0.9814773085763216
0.3162684869169511,0.9814923310348972
0.3162684869169511,0.9815223759520483
0.3162684869169511,0.9815373984106239
0.3163497480903624,0.9815373984106239
0.3165122704371851,0.9815373984106239
0.3165122704371851,0.9815524208691995
0.3166747927840078,0.9815524208691995
0.31683731513083047,0.9815524208691995
0.3169998374776532,0.9815524208691995
0.3169998374776532,0.9815824657863506
0.3169998374776532,0.9815974882449262
0.3172436209978872,0.9815974882449262
0.3172436209978872,0.9816125107035018
0.3175686656915326,0.9816125107035018
0.31773118803835526,0.9816125107035018
0.31773118803835526,0.9816575780792285
0.3179749715585893,0.9816575780792285
0.3179749715585893,0.981672600537804
0.3185437997724687,0.981672600537804
0.3185437997724687,0.9816876229963796
0.31878758329270274,0.9816876229963796
0.3189501056395254,0.9816876229963796
0.3191938891597595,0.9816876229963796
0.3191938891597595,0.9817176679135308
0.3194376726799935,0.9817176679135308
0.3194376726799935,0.9817477128306819
0.31951893385340485,0.9817477128306819
0.31951893385340485,0.9817627352892574
0.3198439785470502,0.9817627352892574
0.3200065008938729,0.9817627352892574
0.3200065008938729,0.981777757747833
0.32008776206728423,0.981777757747833
0.32008776206728423,0.9817927802064086
0.3203315455875183,0.9817927802064086
0.3203315455875183,0.9818078026649841
0.3205753291077523,0.9818078026649841
0.3205753291077523,0.9818228251235597
0.32065659028116367,0.9818228251235597
0.32065659028116367,0.9818378475821353
0.32081911262798635,0.9818378475821353
0.32081911262798635,0.981882914957862
0.32081911262798635,0.9819279823335887
0.3209003738013977,0.9819279823335887
0.3209003738013977,0.9819430047921642
0.3211441573216317,0.9819430047921642
0.3211441573216317,0.9819580272507399
0.32122541849504305,0.9819580272507399
0.32122541849504305,0.981988072167891
0.3213066796684544,0.981988072167891
0.3213066796684544,0.9820331395436177
0.32155046318868846,0.9820331395436177
0.32155046318868846,0.9820631844607689
0.3217942467089225,0.9820631844607689
0.3217942467089225,0.9821533192122223
0.3218755078823338,0.9821533192122223
0.3218755078823338,0.9821683416707978
0.32211929140256784,0.9821683416707978
0.32211929140256784,0.9821833641293735
0.3222005525759792,0.9821833641293735
0.3222005525759792,0.982198386587949
0.3222818137493905,0.982198386587949
0.3222818137493905,0.9822434539636757
0.32236307492280186,0.9822434539636757
0.32236307492280186,0.9822584764222513
0.32260685844303594,0.9822584764222513
0.32260685844303594,0.9822885213394024
0.32260685844303594,0.982303543797978
0.32301316431009264,0.982303543797978
0.32301316431009264,0.9823335887151291
0.323338209003738,0.9823335887151291
0.323338209003738,0.9824087010080069
0.3235007313505607,0.9824087010080069
0.3235007313505607,0.9824237234665826
0.3236632536973834,0.9824237234665826
0.3238257760442061,0.9824237234665826
0.3238257760442061,0.9824687908423092
0.3244758654314968,0.9824687908423092
0.3244758654314968,0.9824838133008849
0.32480091012514223,0.9824838133008849
0.32480091012514223,0.9824988357594604
0.3249634324719649,0.9824988357594604
0.32528847716561027,0.9824988357594604
0.32528847716561027,0.9825138582180359
0.32561352185925563,0.9825138582180359
0.32561352185925563,0.9825288806766115
0.32577604420607836,0.9825288806766115
0.32577604420607836,0.9825589255937627
0.3260198277263124,0.9825589255937627
0.3260198277263124,0.9825739480523382
0.32675117828701444,0.9825739480523382
0.3269137006338372,0.9825739480523382
0.3269137006338372,0.982619015428065
0.3269137006338372,0.9826490603452162
0.3278075735413619,0.9826490603452162
0.3278075735413619,0.9826640828037917
0.328051357061596,0.9826640828037917
0.328051357061596,0.9826791052623672
0.3284576629286527,0.9826791052623672
0.3284576629286527,0.9826941277209428
0.32853892410206403,0.9826941277209428
0.32853892410206403,0.982724172638094
0.32878270762229805,0.982724172638094
0.32878270762229805,0.9827391950966695
0.32951405818300017,0.9827391950966695
0.32951405818300017,0.9827542175552451
0.3295953193564115,0.9827542175552451
0.3295953193564115,0.9827692400138207
0.32983910287664553,0.9827692400138207
0.32983910287664553,0.9827842624723963
0.3300016252234682,0.9827842624723963
0.3300016252234682,0.9828143073895473
0.33040793109052496,0.9828143073895473
0.33040793109052496,0.982829329848123
0.3313018039980497,0.982829329848123
0.3313018039980497,0.9828443523066985
0.3313830651714611,0.9828443523066985
0.3313830651714611,0.9828593747652741
0.33227693807898584,0.9828593747652741
0.33227693807898584,0.9828743972238496
0.3324394604258086,0.9828743972238496
0.3324394604258086,0.9828894196824253
0.3328457662928653,0.9828894196824253
0.3328457662928653,0.9829044421410008
0.3329270274662766,0.9829044421410008
0.3329270274662766,0.9829344870581519
0.33300828863968795,0.9829344870581519
0.33300828863968795,0.9829495095167275
0.3330895498130993,0.9829495095167275
0.3330895498130993,0.9829795544338786
0.33317081098651063,0.9829795544338786
0.33317081098651063,0.9829945768924542
0.333252072159922,0.9829945768924542
0.333252072159922,0.9830095993510298
0.333252072159922,0.9830396442681809
0.333252072159922,0.9830546667267565
0.3333333333333333,0.9830546667267565
0.3333333333333333,0.9830696891853321
0.33341459450674465,0.9830696891853321
0.33341459450674465,0.9830847116439076
0.3338209003738014,0.9830847116439076
0.3338209003738014,0.9831147565610587
0.3339834227206241,0.9831147565610587
0.3339834227206241,0.9831297790196344
0.3342272062408581,0.9831297790196344
0.3342272062408581,0.9831448014782099
0.33430846741426945,0.9831448014782099
0.33430846741426945,0.983174846395361
0.3343897285876808,0.983174846395361
0.3343897285876808,0.9831898688539367
0.33455225093450347,0.9831898688539367
0.33455225093450347,0.9832199137710878
0.33463351210791487,0.9832199137710878
0.33463351210791487,0.9832349362296633
0.3348772956281489,0.9832349362296633
0.3348772956281489,0.983249958688239
0.3349585568015602,0.983249958688239
0.3349585568015602,0.9832649811468145
0.3352836014952056,0.9832649811468145
0.3352836014952056,0.98328000360539
0.335852429709085,0.98328000360539
0.3360149520559077,0.98328000360539
0.33633999674955306,0.98328000360539
0.33633999674955306,0.9833100485225412
0.33650251909637574,0.9833100485225412
0.3368275637900211,0.9833100485225412
0.3371526084836665,0.9833100485225412
0.3371526084836665,0.9833400934396923
0.3374776531773119,0.9833400934396923
0.3374776531773119,0.983355115898268
0.33764017552413456,0.983355115898268
0.33764017552413456,0.9834452506497213
0.3377214366975459,0.9834452506497213
0.3377214366975459,0.9834602731082969
0.3380464813911913,0.9834602731082969
0.3380464813911913,0.9834903180254481
0.338209003738014,0.9834903180254481
0.338209003738014,0.9835053404840236
0.33837152608483667,0.9835053404840236
0.33837152608483667,0.9835353854011748
0.33853404843165935,0.9835353854011748
0.33853404843165935,0.9835504078597503
0.33894035429871605,0.9835504078597503
0.33894035429871605,0.9835654303183259
0.3390216154721274,0.9835654303183259
0.3393466601657728,0.9835654303183259
0.33967170485941817,0.9835654303183259
0.33967170485941817,0.9835954752354771
0.3399967495530635,0.9835954752354771
0.3399967495530635,0.9836104976940526
0.3399967495530635,0.9836405426112037
0.3399967495530635,0.9836705875283549
0.3402405330732976,0.9836705875283549
0.3402405330732976,0.9836856099869304
0.34056557776694296,0.9836856099869304
0.34056557776694296,0.983700632445506
0.340809361287177,0.983700632445506
0.341053144807411,0.983700632445506
0.3412156671542337,0.983700632445506
0.3412156671542337,0.9837156549040816
0.3413781895010564,0.9837156549040816
0.3413781895010564,0.9837306773626572
0.34162197302129044,0.9837306773626572
0.34162197302129044,0.9837456998212327
0.3417032341947018,0.9837456998212327
0.3417032341947018,0.9837607222798083
0.3419470177149358,0.9837607222798083
0.3421095400617585,0.9837607222798083
0.3421095400617585,0.9837757447383839
0.3421908012351698,0.9837757447383839
0.3421908012351698,0.9837907671969595
0.34275962944904925,0.9837907671969595
0.34275962944904925,0.9838208121141105
0.34292215179587193,0.9838208121141105
0.34292215179587193,0.9838358345726862
0.3430846741426946,0.9838358345726862
0.3430846741426946,0.9838508570312617
0.34316593531610595,0.9838508570312617
0.34316593531610595,0.9838658794898373
0.34340971883633997,0.9838658794898373
0.34340971883633997,0.983910946865564
0.34349098000975137,0.983910946865564
0.34349098000975137,0.9839409917827152
0.34365350235657405,0.9839409917827152
0.3438160247033967,0.9839409917827152
0.3442223305704534,0.9839409917827152
0.3443848529172761,0.9839409917827152
0.34446611409068745,0.9839409917827152
0.34446611409068745,0.9839560142412908
0.3445473752640988,0.9839560142412908
0.3445473752640988,0.9839710366998663
0.3447098976109215,0.9839710366998663
0.3448724199577442,0.9839710366998663
0.3448724199577442,0.9839860591584418
0.3450349423045669,0.9839860591584418
0.3450349423045669,0.984016104075593
0.3451162034779782,0.984016104075593
0.3451162034779782,0.9840311265341686
0.3454412481716236,0.9840311265341686
0.3454412481716236,0.9840461489927441
0.3455225093450349,0.9840461489927441
0.3455225093450349,0.9840611714513198
0.345766292865269,0.9840611714513198
0.345766292865269,0.9840761939098953
0.34609133755891436,0.9840761939098953
0.34609133755891436,0.9840912163684709
0.34625385990573704,0.9840912163684709
0.34625385990573704,0.9841362837441976
0.34666016577279374,0.9841362837441976
0.34666016577279374,0.9841663286613487
0.3467414269462051,0.9841663286613487
0.3469039492930278,0.9841663286613487
0.34698521046643915,0.9841663286613487
0.34698521046643915,0.9841813511199243
0.34714773281326183,0.9841813511199243
0.34714773281326183,0.9841963735784999
0.3474727775069072,0.9841963735784999
0.3474727775069072,0.984226418495651
0.3476352998537299,0.984226418495651
0.3476352998537299,0.9842414409542266
0.34812286689419797,0.9842414409542266
0.34812286689419797,0.9842564634128022
0.34828538924102065,0.9842564634128022
0.34828538924102065,0.9842714858713777
0.34844791158784333,0.9842714858713777
0.34844791158784333,0.9843015307885289
0.34893547862831137,0.9843015307885289
0.34893547862831137,0.9843165532471044
0.3490980009751341,0.9843165532471044
0.3490980009751341,0.9843465981642555
0.34958556801560214,0.9843465981642555
0.34958556801560214,0.9843916655399823
0.34982935153583616,0.9843916655399823
0.3502356574028929,0.9843916655399823
0.3502356574028929,0.9844066879985578
0.35031691857630426,0.9844066879985578
0.35031691857630426,0.984436732915709
0.3503981797497156,0.984436732915709
0.3503981797497156,0.9844667778328601
0.3505607020965383,0.9844667778328601
0.3505607020965383,0.9844968227500113
0.350967007963595,0.9844968227500113
0.350967007963595,0.984541890125738
0.35112953031041766,0.984541890125738
0.35112953031041766,0.9845719350428891
0.35112953031041766,0.9846019799600403
0.351210791483829,0.9846019799600403
0.35137331383065173,0.9846019799600403
0.3515358361774744,0.9846019799600403
0.3515358361774744,0.9846170024186158
0.3516983585242971,0.9846170024186158
0.3522671867381765,0.9846170024186158
0.3522671867381765,0.984647047335767
0.3525922314318219,0.984647047335767
0.3525922314318219,0.9846921147114936
0.35275475377864457,0.9846921147114936
0.35291727612546725,0.9846921147114936
0.3529985372988786,0.9846921147114936
0.3529985372988786,0.9847071371700693
0.35307979847228993,0.9847071371700693
0.35307979847228993,0.9847221596286448
0.35332358199252395,0.9847221596286448
0.35332358199252395,0.9847371820872204
0.35364862668616937,0.9847371820872204
0.35364862668616937,0.9847522045457959
0.3537298878595807,0.9847522045457959
0.3537298878595807,0.9847672270043716
0.35381114903299204,0.9847672270043716
0.35405493255322606,0.9847672270043716
0.35405493255322606,0.9847822494629471
0.35421745490004874,0.9847822494629471
0.35421745490004874,0.9847972719215227
0.3543799772468714,0.9847972719215227
0.3543799772468714,0.9848273168386739
0.35454249959369416,0.9848273168386739
0.35470502194051684,0.9848273168386739
0.35470502194051684,0.9848423392972494
0.3547862831139282,0.9848423392972494
0.3547862831139282,0.9848723842144005
0.35535511132780756,0.9848723842144005
0.35535511132780756,0.9848874066729761
0.35551763367463024,0.9848874066729761
0.35551763367463024,0.9849024291315517
0.3555988948480416,0.9849024291315517
0.3555988948480416,0.9849174515901272
0.3560864618885097,0.9849174515901272
0.3560864618885097,0.9849324740487028
0.35641150658215504,0.9849324740487028
0.35641150658215504,0.9849474965072784
0.3567365512758004,0.9849474965072784
0.3567365512758004,0.984962518965854
0.3568178124492118,0.984962518965854
0.3570615959694458,0.984962518965854
0.35779294653014787,0.984962518965854
0.35779294653014787,0.9849775414244295
0.3581179912237933,0.9849775414244295
0.3581179912237933,0.984992563883005
0.3581992523972046,0.984992563883005
0.3581992523972046,0.9850075863415807
0.35828051357061597,0.9850075863415807
0.35828051357061597,0.9850376312587318
0.35868681943767267,0.9850376312587318
0.35868681943767267,0.9850526537173073
0.35884934178449535,0.9850526537173073
0.35884934178449535,0.9850977210930341
0.3589306029579067,0.9850977210930341
0.3589306029579067,0.9851127435516096
0.3596619535186088,0.9851127435516096
0.3596619535186088,0.9851277660101853
0.3603120429058996,0.9851277660101853
0.3603120429058996,0.9851578109273363
0.3607183487729563,0.9851578109273363
0.36088087111977896,0.9851578109273363
0.36088087111977896,0.9851728333859119
0.361124654640013,0.9851728333859119
0.361124654640013,0.9851878558444875
0.36136843816024705,0.9851878558444875
0.36161222168048107,0.9851878558444875
0.3618560052007151,0.9851878558444875
0.3618560052007151,0.9852028783030631
0.3624248334145945,0.9852028783030631
0.3624248334145945,0.9852179007616386
0.36250609458800587,0.9852179007616386
0.36250609458800587,0.9852479456787898
0.3625873557614172,0.9852479456787898
0.3625873557614172,0.9852779905959409
0.36266861693482855,0.9852779905959409
0.36266861693482855,0.9853230579716676
0.3627498781082399,0.9853230579716676
0.3627498781082399,0.9853380804302432
0.3628311392816512,0.9853380804302432
0.3628311392816512,0.9853681253473944
0.36307492280188525,0.9853681253473944
0.36307492280188525,0.9853831478059699
0.3631561839752966,0.9853831478059699
0.3631561839752966,0.9853981702645455
0.36331870632211927,0.9853981702645455
0.36331870632211927,0.9854282151816967
0.36356248984235334,0.9854282151816967
0.36356248984235334,0.9854432376402722
0.3636437510157647,0.9854432376402722
0.3636437510157647,0.9854732825574234
0.36380627336258736,0.9854732825574234
0.3638875345359987,0.9854732825574234
0.3638875345359987,0.9855033274745745
0.36421257922964406,0.9855033274745745
0.36437510157646674,0.9855033274745745
0.3645376239232895,0.9855033274745745
0.3645376239232895,0.98551834993315
0.3653502356574029,0.98551834993315
0.3653502356574029,0.9855333723917257
0.3654314968308142,0.9855333723917257
0.3654314968308142,0.9855483948503012
0.3655940191776369,0.9855483948503012
0.36575654152445963,0.9855483948503012
0.365837802697871,0.9855483948503012
0.365837802697871,0.9855784397674523
0.36600032504469365,0.9855784397674523
0.36600032504469365,0.9856084846846035
0.36640663091175035,0.9856084846846035
0.3668129367788071,0.9856084846846035
0.3676255485129205,0.9856084846846035
0.3676255485129205,0.985623507143179
0.3677880708597432,0.985623507143179
0.3677880708597432,0.9856535520603302
0.3679505932065659,0.9856535520603302
0.3679505932065659,0.9856685745189058
0.36803185437997726,0.9856685745189058
0.36803185437997726,0.9856835969774813
0.36819437672679994,0.9856835969774813
0.3682756379002113,0.9856835969774813
0.3682756379002113,0.9856986194360569
0.3683568990736226,0.9856986194360569
0.3685194214204453,0.9856986194360569
0.3685194214204453,0.9857136418946325
0.36860068259385664,0.9857136418946325
0.36860068259385664,0.985728664353208
0.36884446611409066,0.985728664353208
0.36884446611409066,0.9857436868117836
0.3690069884609134,0.9857436868117836
0.3690069884609134,0.9857587092703591
0.36908824963432474,0.9857587092703591
0.36908824963432474,0.9857887541875103
0.3691695108077361,0.9857887541875103
0.3691695108077361,0.9858037766460859
0.36933203315455876,0.9858037766460859
0.36933203315455876,0.9858488440218126
0.3694132943279701,0.9858488440218126
0.3695758166747928,0.9858488440218126
0.3699821225418495,0.9858488440218126
0.3701446448886722,0.9858488440218126
0.3701446448886722,0.9858788889389638
0.37022590606208355,0.9858788889389638
0.37022590606208355,0.9859089338561149
0.3704696895823176,0.9859089338561149
0.3704696895823176,0.9859239563146904
0.37103851779619695,0.9859239563146904
0.37103851779619695,0.9859540012318416
0.3711197789696083,0.9859540012318416
0.37136356248984237,0.9859540012318416
0.37136356248984237,0.9859840461489927
0.37152608483666505,0.9859840461489927
0.37176986835689907,0.9859840461489927
0.37193239070372175,0.9859840461489927
0.37193239070372175,0.9859990686075684
0.37193239070372175,0.9860741809004462
0.37209491305054443,0.9860741809004462
0.37209491305054443,0.9861042258175973
0.37225743539736716,0.9861042258175973
0.37225743539736716,0.9861192482761729
0.3723386965707785,0.9861192482761729
0.3723386965707785,0.986149293193324
0.37241995774418984,0.986149293193324
0.37241995774418984,0.9861643156518995
0.37266374126442386,0.9861643156518995
0.37266374126442386,0.9861793381104752
0.37307004713148056,0.9861793381104752
0.37307004713148056,0.9861943605690507
0.373395091825126,0.9861943605690507
0.373395091825126,0.9862093830276263
0.37355761417194866,0.9862093830276263
0.37355761417194866,0.9862244054862018
0.3740451812124167,0.9862244054862018
0.3742077035592394,0.9862244054862018
0.37437022590606206,0.9862244054862018
0.37437022590606206,0.9862394279447775
0.37461400942629614,0.9862394279447775
0.37461400942629614,0.986254450403353
0.3751828376401755,0.986254450403353
0.3751828376401755,0.9862694728619286
0.3755078823338209,0.9862694728619286
0.3755078823338209,0.9862844953205041
0.376483016414757,0.9862844953205041
0.376483016414757,0.9863145402376553
0.3766455387615797,0.9863145402376553
0.3766455387615797,0.9863295626962308
0.3768080611084024,0.9863295626962308
0.3769705834552251,0.9863295626962308
0.3775394116691045,0.9863295626962308
0.3775394116691045,0.9863746300719576
0.3776206728425158,0.9863746300719576
0.3776206728425158,0.9863896525305331
0.37770193401592717,0.9863896525305331
0.37770193401592717,0.9864046749891087
0.37778319518933856,0.9864046749891087
0.37778319518933856,0.9864347199062599
0.37794571753616124,0.9864347199062599
0.37794571753616124,0.986464764823411
0.37818950105639526,0.986464764823411
0.37818950105639526,0.9864797872819866
0.3784332845766293,0.9864797872819866
0.3784332845766293,0.9864948097405621
0.3785145457500406,0.9864948097405621
0.3785145457500406,0.9865098321991377
0.3786770680968633,0.9865098321991377
0.3786770680968633,0.9865248546577133
0.378839590443686,0.9865248546577133
0.378839590443686,0.9865398771162889
0.3790021127905087,0.9865398771162889
0.3790021127905087,0.9865548995748644
0.37908337396392006,0.9865548995748644
0.37908337396392006,0.98656992203344
0.3793271574841541,0.98656992203344
0.3793271574841541,0.9865849444920156
0.37948967983097676,0.9865849444920156
0.37948967983097676,0.9865999669505912
0.3797334633512108,0.9865999669505912
0.3797334633512108,0.9866300118677422
0.37989598569803346,0.9866300118677422
0.37989598569803346,0.9866450343263179
0.3800585080448562,0.9866450343263179
0.3808711197789696,0.9866450343263179
0.38103364212579227,0.9866450343263179
0.381196164472615,0.9866450343263179
0.381196164472615,0.9866600567848934
0.38127742564602635,0.9866600567848934
0.38127742564602635,0.986675079243469
0.38152120916626037,0.986675079243469
0.38152120916626037,0.9866901017020445
0.3817649926864944,0.9866901017020445
0.3817649926864944,0.9867201466191957
0.3817649926864944,0.9867501915363468
0.3820087762067284,0.9867501915363468
0.3820087762067284,0.986780236453498
0.38209003738013975,0.986780236453498
0.3822525597269625,0.986780236453498
0.3826588655940192,0.986780236453498
0.3826588655940192,0.9867952589120735
0.38282138794084186,0.9867952589120735
0.38282138794084186,0.9868102813706491
0.38330895498130996,0.9868102813706491
0.3836339996749553,0.9868102813706491
0.38387778319518934,0.9868102813706491
0.38387778319518934,0.9868253038292247
0.384040305542012,0.9868253038292247
0.384040305542012,0.9868403262878003
0.3842028278888347,0.9868403262878003
0.3842028278888347,0.9868553487463758
0.3844466114090688,0.9868553487463758
0.38477165610271413,0.9868553487463758
0.38477165610271413,0.9869004161221026
0.3849341784495368,0.9869004161221026
0.3849341784495368,0.9869304610392536
0.3852592231431822,0.9869304610392536
0.3852592231431822,0.9869755284149804
0.38542174549000485,0.9869755284149804
0.38542174549000485,0.9870055733321316
0.38631561839752965,0.9870055733321316
0.38631561839752965,0.9870205957907071
0.3868844466114091,0.9870205957907071
0.3871282301316431,0.9870205957907071
0.3873720136518771,0.9870205957907071
0.38761579717211114,0.9870205957907071
0.3877783195189339,0.9870205957907071
0.38810336421257924,0.9870205957907071
0.38810336421257924,0.9870356182492827
0.3881846253859906,0.9870356182492827
0.3881846253859906,0.9870506407078582
0.3884284089062246,0.9870506407078582
0.3884284089062246,0.9870656631664338
0.38875345359986996,0.9870656631664338
0.3889159759466927,0.9870656631664338
0.38924102064033805,0.9870656631664338
0.38940354298716073,0.9870656631664338
0.38940354298716073,0.9870806856250094
0.3894848041605721,0.9870806856250094
0.3894848041605721,0.9870957080835849
0.38980984885421743,0.9870957080835849
0.38980984885421743,0.9871107305421605
0.3898911100276288,0.9871107305421605
0.3898911100276288,0.9871257530007361
0.38997237120104017,0.9871257530007361
0.38997237120104017,0.9871407754593117
0.39013489354786285,0.9871407754593117
0.39029741589468553,0.9871407754593117
0.3904599382415082,0.9871407754593117
0.3904599382415082,0.9871708203764629
0.3904599382415082,0.987200865293614
0.3906224605883309,0.987200865293614
0.3906224605883309,0.9872309102107651
0.3908662441085649,0.9872309102107651
0.3908662441085649,0.9872459326693407
0.3910287664553876,0.9872459326693407
0.3910287664553876,0.9872759775864918
0.391353811149033,0.9872759775864918
0.391353811149033,0.9872910000450674
0.39167885584267836,0.9872910000450674
0.39184137818950104,0.9872910000450674
0.39314155696408254,0.9872910000450674
0.39314155696408254,0.9873510898793697
0.3933040793109053,0.9873510898793697
0.39346660165772795,0.9873510898793697
0.3935478628311393,0.9873510898793697
0.393710385177962,0.9873510898793697
0.39387290752478465,0.9873510898793697
0.39403542987160733,0.9873510898793697
0.39427921339184135,0.9873510898793697
0.39427921339184135,0.9873811347965208
0.39460425808548677,0.9873811347965208
0.39460425808548677,0.9873961572550963
0.3946855192588981,0.9873961572550963
0.3946855192588981,0.987411179713672
0.39476678043230945,0.987411179713672
0.39476678043230945,0.9874562470893986
0.39492930277913213,0.9874562470893986
0.39492930277913213,0.9874712695479743
0.39533560864618883,0.9874712695479743
0.39533560864618883,0.9875013144651253
0.3957419145132456,0.9875013144651253
0.3957419145132456,0.9875163369237009
0.3958231756866569,0.9875163369237009
0.3958231756866569,0.9875313593822765
0.39590443686006827,0.9875313593822765
0.39590443686006827,0.9875463818408521
0.3961482203803023,0.9875463818408521
0.3961482203803023,0.9875614042994276
0.3962294815537136,0.9875614042994276
0.3962294815537136,0.9875764267580032
0.3963920039005363,0.9875764267580032
0.3963920039005363,0.9875914492165788
0.3970420932878271,0.9875914492165788
0.3970420932878271,0.9876064716751544
0.3974483991548838,0.9876064716751544
0.39761092150170646,0.9876064716751544
0.3977734438485292,0.9876064716751544
0.3980172273687632,0.9876064716751544
0.3981797497155859,0.9876064716751544
0.3981797497155859,0.9876214941337299
0.3983422720624086,0.9876214941337299
0.3983422720624086,0.9876365165923054
0.39850479440923126,0.9876365165923054
0.39850479440923126,0.9876515390508811
0.3987485779294653,0.9876515390508811
0.3987485779294653,0.9876815839680322
0.39882983910287667,0.9876815839680322
0.39882983910287667,0.9876966064266077
0.3990736226231107,0.9876966064266077
0.3990736226231107,0.9877116288851834
0.4000487567040468,0.9877116288851834
0.4000487567040468,0.9877266513437589
0.4004550625711035,0.9877266513437589
0.4004550625711035,0.9877416738023345
0.40053632374451487,0.9877416738023345
0.40053632374451487,0.98775669626091
0.40094262961157157,0.98775669626091
0.40094262961157157,0.9877717187194857
0.40102389078498296,0.9877717187194857
0.40102389078498296,0.9877867411780612
0.40118641313180564,0.9877867411780612
0.4013489354786283,0.9877867411780612
0.4013489354786283,0.9878318085537879
0.40143019665203966,0.9878318085537879
0.40143019665203966,0.9878468310123635
0.40143019665203966,0.9878768759295147
0.40199902486591904,0.9878768759295147
0.40199902486591904,0.9879069208466658
0.4025678530797985,0.9879069208466658
0.4028116366000325,0.9879069208466658
0.40289289777344384,0.9879069208466658
0.40289289777344384,0.987936965763817
0.4032992036405006,0.987936965763817
0.40346172598732327,0.987936965763817
0.40346172598732327,0.9879519882223925
0.4035429871607346,0.9879519882223925
0.40378677068096863,0.9879519882223925
0.40427433772143667,0.9879519882223925
0.40427433772143667,0.987967010680968
0.40435559889484807,0.987967010680968
0.40451812124167075,0.987967010680968
0.4050056882821388,0.987967010680968
0.4050056882821388,0.9879970555981192
0.40516821062896147,0.9879970555981192
0.40516821062896147,0.9880120780566948
0.40533073297578415,0.9880120780566948
0.40533073297578415,0.9880271005152703
0.40565577766942956,0.9880271005152703
0.40581830001625224,0.9880271005152703
0.40646838940354296,0.9880271005152703
0.4066309117503657,0.9880271005152703
0.4068746952705997,0.9880271005152703
0.4068746952705997,0.9880421229738459
0.4070372176174224,0.9880421229738459
0.4070372176174224,0.9880571454324215
0.4074435234844791,0.9880571454324215
0.4076060458313018,0.9880571454324215
0.4076060458313018,0.9880871903495726
0.4077685681781245,0.9880871903495726
0.4079310905249472,0.9880871903495726
0.40825613521859255,0.9880871903495726
0.40841865756541523,0.9880871903495726
0.4084999187388266,0.9880871903495726
0.4084999187388266,0.9881022128081481
0.40866244108564925,0.9881022128081481
0.40890622460588333,0.9881022128081481
0.40898748577929467,0.9881022128081481
0.40898748577929467,0.9881172352667238
0.40915000812611735,0.9881172352667238
0.40915000812611735,0.9881322577252993
0.4094750528197627,0.9881322577252993
0.4096375751665854,0.9881322577252993
0.40971883633999673,0.9881322577252993
0.40988135868681946,0.9881322577252993
0.4099626198602308,0.9881322577252993
0.4099626198602308,0.9881472801838749
0.41004388103364214,0.9881472801838749
0.41004388103364214,0.9881623026424504
0.4107752315943442,0.9881623026424504
0.4107752315943442,0.9882073700181772
0.41199414919551436,0.9882073700181772
0.41199414919551436,0.9882223924767527
0.41223793271574843,0.9882223924767527
0.41223793271574843,0.9882374149353284
0.4123191938891598,0.9882374149353284
0.41248171623598245,0.9882374149353284
0.4131318056232732,0.9882374149353284
0.4131318056232732,0.9882524373939039
0.4134568503169186,0.9882524373939039
0.41361937266374127,0.9882524373939039
0.414269462051032,0.9882524373939039
0.4144319843978547,0.9882524373939039
0.41451324557126606,0.9882524373939039
0.4147570290915001,0.9882524373939039
0.4151633349585568,0.9882524373939039
0.4151633349585568,0.988282482311055
0.41532585730537946,0.988282482311055
0.41532585730537946,0.9882975047696306
0.41540711847879086,0.9882975047696306
0.4156509019990249,0.9882975047696306
0.4157321631724362,0.9882975047696306
0.4158946855192589,0.9882975047696306
0.4165447749065497,0.9882975047696306
0.4165447749065497,0.9883125272282062
0.4167885584267837,0.9883125272282062
0.4167885584267837,0.9883275496867817
0.4170323419470177,0.9883275496867817
0.4170323419470177,0.9883425721453573
0.41711360312042906,0.9883425721453573
0.41711360312042906,0.9883575946039329
0.4171948642938404,0.9883575946039329
0.4173573866406631,0.9883575946039329
0.4174386478140744,0.9883575946039329
0.4174386478140744,0.9883726170625085
0.41776369250771983,0.9883726170625085
0.41776369250771983,0.9884026619796595
0.4179262148545425,0.9884026619796595
0.4179262148545425,0.9884327068968107
0.4180887372013652,0.9884327068968107
0.4180887372013652,0.9884477293553863
0.41816999837477653,0.9884477293553863
0.4183325207215992,0.9884477293553863
0.4184950430684219,0.9884477293553863
0.4184950430684219,0.9884777742725375
0.41857630424183323,0.9884777742725375
0.41857630424183323,0.9885078191896886
0.4188200877620673,0.9885078191896886
0.4188200877620673,0.9885528865654153
0.41890134893547865,0.9885528865654153
0.4190638712823013,0.9885528865654153
0.419470177149358,0.9885528865654153
0.419470177149358,0.9885829314825665
0.42003900536323746,0.9885829314825665
0.42003900536323746,0.988597953941142
0.4202827888834715,0.988597953941142
0.42044531123029416,0.988597953941142
0.42093287827076226,0.988597953941142
0.42109540061758494,0.988597953941142
0.4211766617909963,0.988597953941142
0.4211766617909963,0.9886129763997176
0.4212579229644076,0.9886129763997176
0.4212579229644076,0.9886279988582931
0.42133918413781896,0.9886279988582931
0.42133918413781896,0.9886430213168688
0.42150170648464164,0.9886430213168688
0.421826751178287,0.9886430213168688
0.421826751178287,0.9886580437754443
0.42190801235169834,0.9886580437754443
0.42190801235169834,0.9886880886925954
0.42223305704534375,0.9886880886925954
0.42239557939216643,0.9886880886925954
0.42247684056557777,0.9886880886925954
0.42263936291240045,0.9886880886925954
0.42312692995286855,0.9886880886925954
0.42337071347310257,0.9886880886925954
0.4236144969933366,0.9886880886925954
0.4236144969933366,0.988703111151171
0.4240208028603933,0.988703111151171
0.4240208028603933,0.9887181336097466
0.4241020640338046,0.9887181336097466
0.4241020640338046,0.9887331560683221
0.42426458638062736,0.9887331560683221
0.42426458638062736,0.9887481785268977
0.4247521534210954,0.9887481785268977
0.4249146757679181,0.9887481785268977
0.42507719811474076,0.9887481785268977
0.42507719811474076,0.9887632009854733
0.42507719811474076,0.9887932459026244
0.4251584592881521,0.9887932459026244
0.4251584592881521,0.9888082683612
0.4253209816349748,0.9888082683612
0.4253209816349748,0.9888383132783511
0.4254022428083862,0.9888383132783511
0.4254022428083862,0.9888683581955022
0.4258085486754429,0.9888683581955022
0.42597107102226556,0.9888683581955022
0.42637737688932226,0.9888683581955022
0.42637737688932226,0.9888833806540779
0.4269462051032017,0.9888833806540779
0.4269462051032017,0.9888984031126534
0.42702746627661303,0.9888984031126534
0.42727124979684705,0.9888984031126534
0.42743377214366973,0.9888984031126534
0.42743377214366973,0.988913425571229
0.42759629449049247,0.988913425571229
0.42759629449049247,0.9889284480298045
0.4276775556639038,0.9889284480298045
0.4276775556639038,0.9889434704883802
0.42792133918413783,0.9889434704883802
0.42792133918413783,0.9889584929469557
0.4282463838777832,0.9889584929469557
0.4282463838777832,0.9890035603226824
0.4287339509182513,0.9890035603226824
0.4289777344384853,0.9890035603226824
0.4289777344384853,0.989018582781258
0.42946530147895334,0.989018582781258
0.42946530147895334,0.9890336052398335
0.4300341296928328,0.9890336052398335
0.43019665203965546,0.9890336052398335
0.4308467414269462,0.9890336052398335
0.4308467414269462,0.9890486276984091
0.4315780919876483,0.9890486276984091
0.4315780919876483,0.9890636501569847
0.43165935316105963,0.9890636501569847
0.4318218755078823,0.9890636501569847
0.43198439785470505,0.9890636501569847
0.43198439785470505,0.9890786726155603
0.4320656590281164,0.9890786726155603
0.4320656590281164,0.9890936950741358
0.4324719648951731,0.9890936950741358
0.4327157484154071,0.9890936950741358
0.4327157484154071,0.9891087175327115
0.43279700958881845,0.9891087175327115
0.43279700958881845,0.989123739991287
0.4328782707622298,0.989123739991287
0.4328782707622298,0.9891387624498625
0.43295953193564113,0.9891387624498625
0.43295953193564113,0.9891537849084381
0.43312205428246386,0.9891537849084381
0.43312205428246386,0.9891688073670137
0.4332033154558752,0.9891688073670137
0.4332033154558752,0.9891838298255893
0.43328457662928654,0.9891838298255893
0.43328457662928654,0.9891988522841648
0.4334470989761092,0.9891988522841648
0.4334470989761092,0.9892138747427404
0.4337721436697546,0.9892138747427404
0.43409718836339994,0.9892138747427404
0.43442223305704536,0.9892138747427404
0.43442223305704536,0.989228897201316
0.4346660165772794,0.989228897201316
0.4346660165772794,0.9892439196598916
0.4347472777506907,0.9892439196598916
0.4349098000975134,0.9892439196598916
0.4350723224443361,0.9892439196598916
0.4350723224443361,0.9892589421184671
0.43523484479115876,0.9892589421184671
0.43523484479115876,0.9892739645770426
0.4353973671379815,0.9892739645770426
0.4356411506582155,0.9892739645770426
0.4358036730050382,0.9892739645770426
0.4358036730050382,0.9892889870356183
0.4360474565252722,0.9892889870356183
0.4360474565252722,0.9893040094941938
0.43612871769868355,0.9893040094941938
0.43645376239232897,0.9893040094941938
0.43661628473915165,0.9893040094941938
0.436697545912563,0.9893040094941938
0.436697545912563,0.9893340544113449
0.43742889647326505,0.9893340544113449
0.43742889647326505,0.9893490768699206
0.4376726799934991,0.9893490768699206
0.43775394116691047,0.9893490768699206
0.43791646351373315,0.9893490768699206
0.4379977246871445,0.9893490768699206
0.4379977246871445,0.9893791217870717
0.4384852917276125,0.9893791217870717
0.43864781407443526,0.9893791217870717
0.4389728587680806,0.9893791217870717
0.43921664228831464,0.9893791217870717
0.4397854705021941,0.9893791217870717
0.4397854705021941,0.9893941442456472
0.4401917763692508,0.9893941442456472
0.4401917763692508,0.9894091667042229
0.44035429871607346,0.9894091667042229
0.44051682106289614,0.9894091667042229
0.44124817162359825,0.9894091667042229
0.44124817162359825,0.9894392116213739
0.44124817162359825,0.9894542340799495
0.4417357386640663,0.9894542340799495
0.4417357386640663,0.9894692565385251
0.44189826101088897,0.9894692565385251
0.44189826101088897,0.9894842789971007
0.44214204453112305,0.9894842789971007
0.4423045668779457,0.9894842789971007
0.4424670892247684,0.9894842789971007
0.4424670892247684,0.9895143239142518
0.4426296115715911,0.9895143239142518
0.4426296115715911,0.9895293463728274
0.44295465626523645,0.9895293463728274
0.44295465626523645,0.989544368831403
0.44303591743864784,0.989544368831403
0.44303591743864784,0.9895593912899785
0.44327970095888186,0.9895593912899785
0.44327970095888186,0.9895894362071297
0.44344222330570454,0.9895894362071297
0.44344222330570454,0.9896345035828563
0.4437672679993499,0.9896345035828563
0.4437672679993499,0.989649526041432
0.44417357386640666,0.989649526041432
0.44433609621322934,0.989649526041432
0.44498618560052006,0.989649526041432
0.44498618560052006,0.9896645485000075
0.44571753616122217,0.9896645485000075
0.44571753616122217,0.989679570958583
0.44588005850804485,0.989679570958583
0.44604258085486753,0.989679570958583
0.44604258085486753,0.9896945934171586
0.4462051032016902,0.9896945934171586
0.44636762554851295,0.9896945934171586
0.44636762554851295,0.9897096158757342
0.44661140906874697,0.9897096158757342
0.44677393141556965,0.9897096158757342
0.44677393141556965,0.9897246383343098
0.44718023728262635,0.9897246383343098
0.44718023728262635,0.9897396607928853
0.4479928490167398,0.9897396607928853
0.4479928490167398,0.989754683251461
0.44831789371038516,0.989754683251461
0.44831789371038516,0.9897697057100365
0.44880546075085326,0.9897697057100365
0.44880546075085326,0.9897847281686121
0.44921176661790996,0.9897847281686121
0.44921176661790996,0.9898147730857633
0.44937428896473264,0.9898147730857633
0.44937428896473264,0.9898297955443388
0.44969933365837805,0.9898297955443388
0.44969933365837805,0.9898448180029144
0.45026816187225743,0.9898448180029144
0.45026816187225743,0.9898598404614899
0.4509182512595482,0.9898598404614899
0.4509182512595482,0.9898748629200655
0.4513245571266049,0.9898748629200655
0.4514870794734276,0.9898748629200655
0.45164960182025027,0.9898748629200655
0.45164960182025027,0.9898898853786411
0.452055907687307,0.9898898853786411
0.452055907687307,0.9899049078372166
0.45229969120754104,0.9899049078372166
0.45229969120754104,0.9899199302957922
0.4523809523809524,0.9899199302957922
0.4526247359011864,0.9899199302957922
0.45270599707459774,0.9899199302957922
0.45270599707459774,0.9899349527543678
0.45294978059483176,0.9899349527543678
0.45294978059483176,0.9899499752129434
0.45319356411506584,0.9899499752129434
0.4533560864618885,0.9899499752129434
0.4540874370225906,0.9899499752129434
0.4540874370225906,0.9899950425886701
0.45433122054282465,0.9899950425886701
0.45433122054282465,0.9900100650472456
0.454412481716236,0.9900100650472456
0.45465626523647,0.9900100650472456
0.4550625711035267,0.9900100650472456
0.4550625711035267,0.9900250875058212
0.45563139931740615,0.9900250875058212
0.45563139931740615,0.9900551324229724
0.4557126604908175,0.9900551324229724
0.4559564440110515,0.9900551324229724
0.4559564440110515,0.9900701548815479
0.45628148870469687,0.9900701548815479
0.45628148870469687,0.9900851773401235
0.4566065333983423,0.9900851773401235
0.4566065333983423,0.990100199798699
0.4566877945717536,0.990100199798699
0.4566877945717536,0.9901152222572747
0.45717536161222166,0.9901152222572747
0.45733788395904434,0.9901152222572747
0.4575004063058671,0.9901152222572747
0.4575004063058671,0.9901302447158502
0.45855680156021456,0.9901302447158502
0.45871932390703724,0.9901302447158502
0.45871932390703724,0.9901452671744257
0.4590443686006826,0.9901452671744257
0.4592068909475053,0.9901452671744257
0.4592881521209166,0.9901452671744257
0.4592881521209166,0.9901602896330013
0.4594506744677393,0.9901602896330013
0.4594506744677393,0.9901753120915769
0.459613196814562,0.9901753120915769
0.459613196814562,0.9901903345501525
0.459613196814562,0.9902203794673036
0.45969445798797337,0.9902203794673036
0.45969445798797337,0.9902354019258792
0.4599382415082074,0.9902354019258792
0.4599382415082074,0.9902504243844548
0.46001950268161873,0.9902504243844548
0.4601820250284414,0.9902504243844548
0.4605883308954981,0.9902504243844548
0.4608321144157322,0.9902504243844548
0.46115715910937755,0.9902504243844548
0.46115715910937755,0.9902654468430303
0.4614822038030229,0.9902654468430303
0.4616447261498456,0.9902654468430303
0.4617259873232569,0.9902654468430303
0.4617259873232569,0.9902804693016058
0.461969770843491,0.9902804693016058
0.462213554363725,0.9902804693016058
0.462213554363725,0.9902954917601815
0.4623760767105477,0.9902954917601815
0.46245733788395904,0.9902954917601815
0.4626198602307817,0.9902954917601815
0.46286364375101574,0.9902954917601815
0.4634324719648952,0.9902954917601815
0.46359499431171786,0.9902954917601815
0.46359499431171786,0.9903255366773326
0.46375751665854054,0.9903255366773326
0.46375751665854054,0.9903405591359081
0.46400130017877456,0.9903405591359081
0.46400130017877456,0.9903706040530593
0.46408256135218595,0.9903706040530593
0.46408256135218595,0.9903856265116349
0.4654640013001788,0.9903856265116349
0.46578904599382415,0.9903856265116349
0.4658703071672355,0.9903856265116349
0.4658703071672355,0.9904006489702105
0.4664391353811149,0.9904006489702105
0.4664391353811149,0.9904156714287861
0.46652039655452626,0.9904156714287861
0.46668291890134894,0.9904156714287861
0.46668291890134894,0.9904457163459371
0.4668454412481716,0.9904457163459371
0.4668454412481716,0.9904607388045128
0.46692670242158296,0.9904607388045128
0.46692670242158296,0.9904907837216639
0.4670079635949943,0.9904907837216639
0.4670079635949943,0.9905358510973906
0.46733300828863966,0.9905358510973906
0.4677393141556964,0.9905358510973906
0.4677393141556964,0.9905658960145417
0.46822688119616446,0.9905658960145417
0.46822688119616446,0.9906109633902684
0.4683081423695758,0.9906109633902684
0.4684706647163985,0.9906109633902684
0.46887697058345523,0.9906109633902684
0.46887697058345523,0.990625985848844
0.4690394929302779,0.990625985848844
0.46912075410368925,0.990625985848844
0.46912075410368925,0.9906410083074196
0.4692020152771006,0.9906410083074196
0.4692020152771006,0.9906560307659952
0.4696895823175687,0.9906560307659952
0.4696895823175687,0.9907161206002975
0.47017714935803673,0.9907161206002975
0.47017714935803673,0.990731143058873
0.4703396717048594,0.990731143058873
0.47155858930602956,0.990731143058873
0.47155858930602956,0.9907461655174485
0.47204615634649766,0.9907461655174485
0.47204615634649766,0.9907762104345997
0.4731838127742565,0.9907762104345997
0.4731838127742565,0.9908062553517508
0.4732650739476678,0.9908062553517508
0.4735901186413132,0.9908062553517508
0.4741589468551926,0.9908062553517508
0.4741589468551926,0.990836300268902
0.4743214692020153,0.990836300268902
0.47448399154883797,0.990836300268902
0.47505281976271735,0.990836300268902
0.47505281976271735,0.9908513227274776
0.4757029091500081,0.9908513227274776
0.4757029091500081,0.9908663451860531
0.4765155208841216,0.9908663451860531
0.4767593044043556,0.9908663451860531
0.47684056557776694,0.9908663451860531
0.47684056557776694,0.9908813676446288
0.4770030879245896,0.9908813676446288
0.4774093937916464,0.9908813676446288
0.47757191613846905,0.9908813676446288
0.4776531773118804,0.9908813676446288
0.4778156996587031,0.9908813676446288
0.4780594831789371,0.9908813676446288
0.4780594831789371,0.9908963901032043
0.4783032666991711,0.9908963901032043
0.4783032666991711,0.9909114125617798
0.47838452787258245,0.9909114125617798
0.47838452787258245,0.9909564799375066
0.4789533560864619,0.9909564799375066
0.4789533560864619,0.9910015473132333
0.47903461725987323,0.9910015473132333
0.47903461725987323,0.9910165697718089
0.4793596619535186,0.9910165697718089
0.4793596619535186,0.9910616371475356
0.47952218430034127,0.9910616371475356
0.47952218430034127,0.9910766596061111
0.47960344547375267,0.9910766596061111
0.47960344547375267,0.9911067045232623
0.479928490167398,0.9911067045232623
0.4800910125142207,0.9911067045232623
0.4800910125142207,0.9911217269818379
0.48106614659515684,0.9911217269818379
0.48106614659515684,0.9911367494404134
0.48130993011539086,0.9911367494404134
0.48147245246221354,0.9911367494404134
0.48196001950268164,0.9911367494404134
0.48196001950268164,0.991151771898989
0.4821225418495043,0.991151771898989
0.48236632536973834,0.991151771898989
0.482528847716561,0.991151771898989
0.482528847716561,0.9911667943575646
0.48309767593044045,0.9911667943575646
0.48309767593044045,0.9911818168161401
0.4834227206240858,0.9911818168161401
0.4835852429709085,0.9911818168161401
0.4835852429709085,0.9911968392747157
0.48374776531773117,0.9911968392747157
0.48374776531773117,0.9912118617332912
0.48399154883796525,0.9912118617332912
0.48399154883796525,0.9912268841918669
0.4840728100113766,0.9912268841918669
0.4843165935316106,0.9912268841918669
0.48480416057207865,0.9912268841918669
0.48480416057207865,0.9912419066504424
0.4856167723061921,0.9912419066504424
0.4856167723061921,0.9912719515675935
0.48569803347960344,0.9912719515675935
0.48569803347960344,0.9913019964847447
0.4857792946530148,0.9913019964847447
0.48594181699983746,0.9913019964847447
0.4863481228668942,0.9913019964847447
0.4863481228668942,0.9913170189433202
0.4870794734275963,0.9913170189433202
0.4874045181212417,0.9913170189433202
0.48748577929465303,0.9913170189433202
0.48748577929465303,0.9913470638604714
0.48813586868194375,0.9913470638604714
0.48813586868194375,0.9913921312361981
0.4882171298553551,0.9913921312361981
0.4882171298553551,0.9914071536947737
0.48846091337558917,0.9914071536947737
0.48846091337558917,0.9914221761533493
0.48886721924264587,0.9914221761533493
0.48886721924264587,0.9914371986119248
0.4891922639362912,0.9914371986119248
0.4891922639362912,0.9914522210705004
0.4893547862831139,0.9914522210705004
0.4893547862831139,0.991467243529076
0.4896798309767593,0.991467243529076
0.489842353323582,0.991467243529076
0.490086136843816,0.991467243529076
0.490086136843816,0.9914972884462271
0.49065496505769546,0.9914972884462271
0.49065496505769546,0.9915123109048026
0.49081748740451814,0.9915123109048026
0.49081748740451814,0.9915874231976806
0.49081748740451814,0.9916024456562561
0.4911425320981635,0.9916024456562561
0.4911425320981635,0.9916174681148316
0.49122379327157484,0.9916174681148316
0.49122379327157484,0.9916324905734073
0.4915488379652202,0.9916324905734073
0.4915488379652202,0.9916475130319828
0.492442710872745,0.9916475130319828
0.492442710872745,0.9916625354905584
0.4926052332195677,0.9916625354905584
0.49276775556639035,0.9916625354905584
0.49325532260685845,0.9916625354905584
0.49325532260685845,0.9917226253248607
0.49382415082073783,0.9917226253248607
0.49398667316756056,0.9917226253248607
0.49479928490167396,0.9917226253248607
0.49496180724849664,0.9917226253248607
0.4951243295953194,0.9917226253248607
0.4951243295953194,0.9917376477834362
0.49528685194214206,0.9917376477834362
0.4953681131155534,0.9917376477834362
0.4953681131155534,0.9917676927005874
0.4956118966357874,0.9917676927005874
0.4956118966357874,0.9917827151591629
0.49569315780919876,0.9917827151591629
0.49569315780919876,0.9918127600763141
0.49585568015602144,0.9918127600763141
0.49609946367625546,0.9918127600763141
0.49609946367625546,0.9918277825348897
0.4962619860230782,0.9918277825348897
0.4962619860230782,0.9918428049934652
0.4964245083699009,0.9918428049934652
0.4965057695433122,0.9918428049934652
0.4965057695433122,0.9918578274520408
0.49674955306354623,0.9918578274520408
0.49674955306354623,0.9918728499106164
0.4968308142369576,0.9918728499106164
0.4968308142369576,0.991887872369192
0.49699333658378025,0.991887872369192
0.49699333658378025,0.9919028948277675
0.4970745977571916,0.9919028948277675
0.49723712010401433,0.9919028948277675
0.49723712010401433,0.991917917286343
0.4975621647976597,0.991917917286343
0.4975621647976597,0.9919780071206453
0.49772468714448237,0.9919780071206453
0.49788720949130505,0.9919780071206453
0.4979684706647164,0.9919780071206453
0.4979684706647164,0.991993029579221
0.49837477653177314,0.991993029579221
0.49837477653177314,0.9920080520377965
0.49861856005200716,0.9920080520377965
0.49902486591906386,0.9920080520377965
0.49902486591906386,0.9920230744963721
0.49918738826588654,0.9920230744963721
0.49918738826588654,0.9920380969549476
0.4998374776531773,0.9920380969549476
0.5,0.9920380969549476
0.5,0.9920531194135233
0.5001625223468227,0.9920531194135233
0.5001625223468227,0.9920681418720988
0.5003250446936454,0.9920681418720988
0.5004063058670567,0.9920681418720988
0.5005688282138794,0.9920681418720988
0.5013001787745816,0.9920681418720988
0.5013001787745816,0.9920831643306743
0.5014627011214042,0.9920831643306743
0.5014627011214042,0.9920981867892499
0.5015439622948156,0.9920981867892499
0.5015439622948156,0.9921132092478255
0.5017064846416383,0.9921132092478255
0.5017064846416383,0.9921282317064011
0.502356574028929,0.9921282317064011
0.502356574028929,0.9921432541649766
0.5030066634162197,0.9921432541649766
0.5031691857630424,0.9921432541649766
0.5034942304566878,0.9921432541649766
0.5034942304566878,0.9921582766235522
0.5035754916300992,0.9921582766235522
0.5035754916300992,0.9921732990821278
0.5036567528035105,0.9921732990821278
0.5036567528035105,0.9921883215407034
0.5039005363237445,0.9921883215407034
0.5039005363237445,0.9922033439992789
0.5043881033642126,0.9922033439992789
0.5047131480578579,0.9922033439992789
0.5047131480578579,0.9922183664578544
0.505200715098326,0.9922183664578544
0.505200715098326,0.9922484113750056
0.5053632374451487,0.9922484113750056
0.5053632374451487,0.9922784562921568
0.5060945880058508,0.9922784562921568
0.5063383715260849,0.9922784562921568
0.5066634162197302,0.9922784562921568
0.5068259385665529,0.9922784562921568
0.5072322444336096,0.9922784562921568
0.5074760279538436,0.9922784562921568
0.5077198114740776,0.9922784562921568
0.5077198114740776,0.9922934787507324
0.5078823338209004,0.9922934787507324
0.5078823338209004,0.9923085012093079
0.5079635949943118,0.9923085012093079
0.5079635949943118,0.9923385461264591
0.5084511620347798,0.9923385461264591
0.5086136843816025,0.9923385461264591
0.5087762067284252,0.9923385461264591
0.5087762067284252,0.9923685910436102
0.5088574679018365,0.9923685910436102
0.5088574679018365,0.9923986359607614
0.5089387290752478,0.9923986359607614
0.5089387290752478,0.9924136584193369
0.5095888184625386,0.9924136584193369
0.5097513408093612,0.9924136584193369
0.510157646676418,0.9924136584193369
0.510157646676418,0.9924286808779125
0.5103201690232407,0.9924286808779125
0.5103201690232407,0.992443703336488
0.5105639525434748,0.992443703336488
0.5105639525434748,0.9924587257950637
0.5112140419307655,0.9924587257950637
0.5112140419307655,0.9924737482536392
0.5117016089712335,0.9924737482536392
0.5118641313180562,0.9924737482536392
0.5120266536648789,0.9924737482536392
0.5120266536648789,0.9925037931707903
0.5121891760117017,0.9925037931707903
0.5123516983585243,0.9925037931707903
0.512514220705347,0.9925037931707903
0.5125954818787584,0.9925037931707903
0.5125954818787584,0.992548860546517
0.5131643100926377,0.992548860546517
0.5131643100926377,0.9925638830050926
0.5141394441735738,0.9925638830050926
0.514383227693808,0.9925638830050926
0.514383227693808,0.9925789054636682
0.5145457500406306,0.9925789054636682
0.51511457825451,0.9925789054636682
0.51511457825451,0.9925939279222438
0.5154396229481554,0.9925939279222438
0.515602145294978,0.9925939279222438
0.5156834064683894,0.9925939279222438
0.5156834064683894,0.9926089503808193
0.5160897123354461,0.9926089503808193
0.5160897123354461,0.9926239728393949
0.5164147570290915,0.9926239728393949
0.5165772793759141,0.9926239728393949
0.5168210628961483,0.9926239728393949
0.5168210628961483,0.9926389952979705
0.5169835852429709,0.9926389952979705
0.5171461075897936,0.9926389952979705
0.517227368763205,0.9926389952979705
0.517227368763205,0.9926690402151216
0.5173898911100276,0.9926690402151216
0.5173898911100276,0.9926840626736971
0.517471152283439,0.9926840626736971
0.5178774581504957,0.9926840626736971
0.518202502844141,0.9926840626736971
0.5184462863643751,0.9926840626736971
0.5184462863643751,0.9926990851322728
0.5193401592718999,0.9926990851322728
0.5195026816187226,0.9926990851322728
0.5195026816187226,0.9927141075908483
0.5195839427921339,0.9927141075908483
0.5195839427921339,0.9927441525079994
0.5197464651389566,0.9927441525079994
0.520071509832602,0.9927441525079994
0.5215342109540062,0.9927441525079994
0.5215342109540062,0.9927591749665751
0.5220217779944742,0.9927591749665751
0.5220217779944742,0.9927741974251506
0.5222655615147083,0.9927741974251506
0.522428083861531,0.9927741974251506
0.5239720461563465,0.9927741974251506
0.5239720461563465,0.9927892198837261
0.5242970908499919,0.9927892198837261
0.5245408743702259,0.9927892198837261
0.5246221355436372,0.9927892198837261
0.5247846578904599,0.9927892198837261
0.5256785307979848,0.9927892198837261
0.5256785307979848,0.9928042423423017
0.5257597919713961,0.9928042423423017
0.5259223143182188,0.9928042423423017
0.5259223143182188,0.9928192648008773
0.5260848366650415,0.9928192648008773
0.5260848366650415,0.9928342872594529
0.5262473590118641,0.9928342872594529
0.5267349260523322,0.9928342872594529
0.5267349260523322,0.9928493097180284
0.5270599707459775,0.9928493097180284
0.5272224930928002,0.9928493097180284
0.5273037542662116,0.9928493097180284
0.5273037542662116,0.992864332176604
0.5277100601332684,0.992864332176604
0.5279538436535024,0.992864332176604
0.5285226718673818,0.992864332176604
0.5286851942142045,0.992864332176604
0.5286851942142045,0.9928943770937552
0.5292540224280838,0.9928943770937552
0.5292540224280838,0.9929093995523307
0.5294978059483179,0.9929093995523307
0.5294978059483179,0.9929394444694819
0.5294978059483179,0.992969489386633
0.5295790671217292,0.992969489386633
0.5295790671217292,0.9929845118452086
0.5298228506419632,0.9929845118452086
0.5298228506419632,0.9930145567623597
0.5301478953356087,0.9930145567623597
0.5301478953356087,0.9930295792209353
0.5306354623760767,0.9930295792209353
0.5306354623760767,0.9930446016795109
0.5316105964570128,0.9930446016795109
0.5316105964570128,0.9930596241380865
0.5317731188038355,0.9930596241380865
0.532098163497481,0.9930596241380865
0.532341947017715,0.9930596241380865
0.532341947017715,0.9931046915138132
0.5325044693645377,0.9931046915138132
0.5325044693645377,0.9931197139723887
0.532585730537949,0.9931197139723887
0.532585730537949,0.9931347364309643
0.5326669917113603,0.9931347364309643
0.5326669917113603,0.9931497588895398
0.5332358199252397,0.9931497588895398
0.5332358199252397,0.9931647813481155
0.5334796034454737,0.9931647813481155
0.5334796034454737,0.993179803806691
0.5338859093125304,0.993179803806691
0.5338859093125304,0.9932098487238421
0.5343734763529986,0.9932098487238421
0.5345359986998213,0.9932098487238421
0.5346172598732326,0.9932098487238421
0.5346172598732326,0.9932248711824178
0.534942304566878,0.9932248711824178
0.535186088087112,0.9932248711824178
0.535186088087112,0.9932398936409933
0.5352673492605233,0.9932398936409933
0.5352673492605233,0.9932549160995688
0.5355111327807573,0.9932549160995688
0.5355111327807573,0.99328496101672
0.53567365512758,0.99328496101672
0.5359986998212254,0.99328496101672
0.5359986998212254,0.9932999834752956
0.5360799609946367,0.9932999834752956
0.5360799609946367,0.9933150059338711
0.5364862668616934,0.9933150059338711
0.5366487892085162,0.9933150059338711
0.5366487892085162,0.9933300283924467
0.537786445636275,0.9933300283924467
0.537786445636275,0.9933750957681734
0.5385990573703884,0.9933750957681734
0.5385990573703884,0.9933901182267489
0.5387615797172112,0.9933901182267489
0.5389241020640338,0.9933901182267489
0.5389241020640338,0.9934051406853246
0.5395741914513246,0.9934051406853246
0.5397367137981472,0.9934051406853246
0.5397367137981472,0.9934201631439001
0.5402242808386153,0.9934201631439001
0.5402242808386153,0.9934351856024757
0.540386803185438,0.9934351856024757
0.540386803185438,0.9934502080610512
0.540630586705672,0.9934502080610512
0.540630586705672,0.9934652305196269
0.5410368925727288,0.9934652305196269
0.5410368925727288,0.9934802529782024
0.5426621160409556,0.9934802529782024
0.5426621160409556,0.993495275436778
0.5427433772143669,0.993495275436778
0.5429058995611896,0.993495275436778
0.5433934666016578,0.993495275436778
0.5433934666016578,0.9935102978953535
0.5439622948155372,0.9935102978953535
0.5439622948155372,0.9935253203539292
0.5442873395091825,0.9935253203539292
0.5445311230294165,0.9935253203539292
0.5446936453762392,0.9935253203539292
0.5448561677230619,0.9935253203539292
0.5454249959369414,0.9935253203539292
0.5454249959369414,0.9935403428125047
0.5457500406305867,0.9935403428125047
0.5457500406305867,0.9935553652710802
0.5464001300178775,0.9935553652710802
0.5465626523647001,0.9935553652710802
0.5466439135381115,0.9935553652710802
0.5466439135381115,0.9935703877296559
0.5468064358849342,0.9935703877296559
0.5469689582317568,0.9935703877296559
0.5469689582317568,0.9935854101882314
0.5475377864456362,0.9935854101882314
0.5478628311392817,0.9935854101882314
0.5481066146595157,0.9935854101882314
0.5483503981797497,0.9935854101882314
0.5485129205265724,0.9935854101882314
0.5485129205265724,0.993600432646807
0.5485941816999838,0.993600432646807
0.5485941816999838,0.9936154551053825
0.5486754428733951,0.9936154551053825
0.5488379652202178,0.9936154551053825
0.5491630099138631,0.9936154551053825
0.5491630099138631,0.9936304775639582
0.5492442710872745,0.9936304775639582
0.5492442710872745,0.9936455000225337
0.5495693157809198,0.9936455000225337
0.5499756216479766,0.9936455000225337
0.5501381439947993,0.9936455000225337
0.5503819275150333,0.9936455000225337
0.550544449861856,0.9936455000225337
0.5507069722086787,0.9936455000225337
0.5511132780757354,0.9936455000225337
0.5511132780757354,0.9936605224811093
0.5514383227693808,0.9936605224811093
0.5514383227693808,0.9936755449396848
0.5516008451162034,0.9936755449396848
0.5517633674630261,0.9936755449396848
0.5517633674630261,0.9936905673982604
0.5519258898098488,0.9936905673982604
0.5519258898098488,0.993705589856836
0.5521696733300829,0.993705589856836
0.5521696733300829,0.9937356347739871
0.552413456850317,0.9937356347739871
0.552413456850317,0.9937506572325627
0.5525759791971396,0.9937506572325627
0.5527385015439623,0.9937506572325627
0.5527385015439623,0.9937656796911383
0.5535511132780757,0.9937656796911383
0.5535511132780757,0.9937807021497138
0.5542012026653664,0.9937807021497138
0.5543637250121892,0.9937807021497138
0.5547700308792459,0.9937807021497138
0.5549325532260686,0.9937807021497138
0.5549325532260686,0.9937957246082894
0.5551763367463026,0.9937957246082894
0.5551763367463026,0.993810747066865
0.555257597919714,0.993810747066865
0.555257597919714,0.9938257695254405
0.5553388590931253,0.9938257695254405
0.5553388590931253,0.9938407919840161
0.555501381439948,0.9938407919840161
0.5556639037867707,0.9938407919840161
0.5576141719486429,0.9938407919840161
0.557857955468877,0.9938407919840161
0.5580204778156996,0.9938407919840161
0.5580204778156996,0.9938558144425916
0.558589306029579,0.9938558144425916
0.558589306029579,0.9938708369011673
0.5589956118966358,0.9938708369011673
0.5589956118966358,0.9939008818183184
0.5594019177636925,0.9939008818183184
0.5594019177636925,0.9939159042768939
0.5595644401105152,0.9939159042768939
0.5597269624573379,0.9939159042768939
0.5598894848041606,0.9939159042768939
0.5599707459775719,0.9939159042768939
0.5599707459775719,0.9939459491940451
0.5600520071509832,0.9939459491940451
0.5600520071509832,0.9939609716526207
0.5602145294978059,0.9939609716526207
0.5602145294978059,0.9939759941111962
0.560702096538274,0.9939759941111962
0.560702096538274,0.9939910165697718
0.5609458800585081,0.9939910165697718
0.5611084024053308,0.9939910165697718
0.5621647976596782,0.9939910165697718
0.5623273200065009,0.9939910165697718
0.5624085811799122,0.9939910165697718
0.5624085811799122,0.9940060390283474
0.5628961482203803,0.9940060390283474
0.5628961482203803,0.9940210614869229
0.5639525434747278,0.9940210614869229
0.5641150658215505,0.9940210614869229
0.5641150658215505,0.9940360839454985
0.5646026328620185,0.9940360839454985
0.5647651552088412,0.9940360839454985
0.5648464163822525,0.9940360839454985
0.5648464163822525,0.9940511064040741
0.5648464163822525,0.9940811513212252
0.5651714610758979,0.9940811513212252
0.5651714610758979,0.9940961737798008
0.565415244596132,0.9940961737798008
0.565415244596132,0.9941111962383764
0.565659028116366,0.9941111962383764
0.565659028116366,0.994126218696952
0.5657402892897774,0.994126218696952
0.5657402892897774,0.9941412411555275
0.5658215504631887,0.9941412411555275
0.5658215504631887,0.994156263614103
0.5659840728100114,0.994156263614103
0.5661465951568341,0.994156263614103
0.5664716398504794,0.994156263614103
0.5664716398504794,0.9941712860726787
0.5667154233707135,0.9941712860726787
0.5667154233707135,0.9942163534484054
0.5668779457175361,0.9942163534484054
0.5668779457175361,0.994231375906981
0.5670404680643588,0.994231375906981
0.5670404680643588,0.9942463983655565
0.567528035104827,0.9942463983655565
0.567528035104827,0.9942764432827077
0.568015602145295,0.9942764432827077
0.5681781244921177,0.9942764432827077
0.5683406468389404,0.9942764432827077
0.5683406468389404,0.9943064881998588
0.5684219080123517,0.9943064881998588
0.5685844303591744,0.9943064881998588
0.5687469527059971,0.9943064881998588
0.5689094750528197,0.9943064881998588
0.5690719973996424,0.9943064881998588
0.5690719973996424,0.9943215106584343
0.5694783032666991,0.9943215106584343
0.5694783032666991,0.9943665780341611
0.5697220867869333,0.9943665780341611
0.5697220867869333,0.9943966229513123
0.570372176174224,0.9943966229513123
0.570372176174224,0.9944116454098878
0.5707784820412807,0.9944116454098878
0.5710222655615147,0.9944116454098878
0.5712660490817487,0.9944116454098878
0.5712660490817487,0.9944266678684633
0.5714285714285714,0.9944266678684633
0.5717536161222168,0.9944266678684633
0.5717536161222168,0.9944416903270389
0.5719973996424509,0.9944416903270389
0.5719973996424509,0.9944567127856145
0.5720786608158622,0.9944567127856145
0.5723224443360962,0.9944567127856145
0.5724849666829189,0.9944567127856145
0.5724849666829189,0.9944717352441901
0.572972533723387,0.9944717352441901
0.572972533723387,0.9944867577027656
0.573216317243621,0.9944867577027656
0.5735413619372663,0.9944867577027656
0.5738664066309117,0.9944867577027656
0.5738664066309117,0.9945017801613412
0.5745164960182025,0.9945017801613412
0.5745164960182025,0.9945318250784924
0.5747602795384366,0.9945318250784924
0.5750040630586706,0.9945318250784924
0.5750853242320819,0.9945318250784924
0.5750853242320819,0.9945468475370679
0.5753291077523159,0.9945468475370679
0.5753291077523159,0.9945618699956434
0.57557289127255,0.9945618699956434
0.57557289127255,0.9945768924542191
0.5757354136193726,0.9945768924542191
0.5757354136193726,0.9945919149127946
0.576060458313018,0.9945919149127946
0.5762229806598407,0.9945919149127946
0.5765480253534861,0.9945919149127946
0.5765480253534861,0.9946219598299457
0.5766292865268975,0.9946219598299457
0.5766292865268975,0.9946369822885214
0.5771981147407769,0.9946369822885214
0.5771981147407769,0.9946520047470969
0.5772793759141882,0.9946520047470969
0.5772793759141882,0.9946670272056725
0.5776044206078336,0.9946670272056725
0.5776044206078336,0.994682049664248
0.5789045993824151,0.994682049664248
0.5789045993824151,0.9947120945813992
0.5790671217292378,0.9947120945813992
0.5793921664228832,0.9947120945813992
0.5795546887697058,0.9947120945813992
0.5795546887697058,0.9947271170399747
0.5798797334633512,0.9947271170399747
0.5798797334633512,0.9947721844157015
0.5801235169835852,0.9947721844157015
0.5801235169835852,0.9948022293328526
0.5802860393304079,0.9948022293328526
0.5802860393304079,0.9948172517914282
0.5809361287176987,0.9948172517914282
0.5809361287176987,0.9948322742500038
0.5810173898911101,0.9948322742500038
0.5810173898911101,0.9948472967085793
0.5810986510645214,0.9948472967085793
0.5810986510645214,0.994862319167155
0.5815049569315781,0.994862319167155
0.5815049569315781,0.9948773416257305
0.5818300016252235,0.9948773416257305
0.5821550463188688,0.9948773416257305
0.5822363074922802,0.9948773416257305
0.5823988298391028,0.9948773416257305
0.5825613521859255,0.9948773416257305
0.5828051357061595,0.9948773416257305
0.5832927027466277,0.9948773416257305
0.5835364862668617,0.9948773416257305
0.5836990086136844,0.9948773416257305
0.5837802697870957,0.9948773416257305
0.5844303591743865,0.9948773416257305
0.5850804485616772,0.9948773416257305
0.5850804485616772,0.994892364084306
0.5851617097350885,0.994892364084306
0.5853242320819113,0.994892364084306
0.5860555826426134,0.994892364084306
0.5860555826426134,0.9949073865428816
0.5863806273362587,0.9949073865428816
0.5863806273362587,0.9949374314600328
0.5867869332033154,0.9949374314600328
0.5867869332033154,0.9949524539186083
0.5884121566715423,0.9949524539186083
0.5884121566715423,0.9949674763771839
0.588574679018365,0.9949674763771839
0.588574679018365,0.9949824988357595
0.588818462538599,0.9949824988357595
0.5889809848854217,0.9949824988357595
0.5890622460588331,0.9949824988357595
0.5890622460588331,0.994997521294335
0.5896310742727126,0.994997521294335
0.5896310742727126,0.9950125437529106
0.5901186413131806,0.9950125437529106
0.5902811636600033,0.9950125437529106
0.5906062083536486,0.9950125437529106
0.5906062083536486,0.9950275662114861
0.5910125142207053,0.9950275662114861
0.5910125142207053,0.9950425886700618
0.5915000812611734,0.9950425886700618
0.591662603607996,0.9950425886700618
0.5928002600357549,0.9950425886700618
0.5930440435559889,0.9950425886700618
0.593287827076223,0.9950425886700618
0.593287827076223,0.9950576111286373
0.5939379164635137,0.9950576111286373
0.5939379164635137,0.9950726335872129
0.594019177636925,0.9950726335872129
0.5942629611571592,0.9950726335872129
0.5943442223305705,0.9950726335872129
0.5943442223305705,0.9950876560457884
0.5945067446773932,0.9950876560457884
0.5945067446773932,0.9951026785043641
0.5948317893710385,0.9951026785043641
0.5948317893710385,0.9951177009629396
0.5951568340646839,0.9951177009629396
0.5954006175849179,0.9951177009629396
0.5960507069722086,0.9951177009629396
0.5960507069722086,0.9951327234215152
0.5964570128392654,0.9951327234215152
0.5964570128392654,0.9951477458800907
0.5965382740126768,0.9951477458800907
0.5965382740126768,0.9951627683386663
0.5974321469202015,0.9951627683386663
0.5974321469202015,0.9951777907972419
0.5976759304404355,0.9951777907972419
0.5978384527872582,0.9951777907972419
0.5983260198277263,0.9951777907972419
0.598488542174549,0.9951777907972419
0.5986510645213717,0.9951777907972419
0.5986510645213717,0.9951928132558174
0.5987323256947831,0.9951928132558174
0.5987323256947831,0.995207835714393
0.5991386315618398,0.995207835714393
0.5991386315618398,0.9952228581729686
0.5992198927352511,0.9952228581729686
0.5992198927352511,0.9952529030901197
0.5993011539086625,0.9952529030901197
0.5993011539086625,0.9952679255486953
0.5994636762554851,0.9952679255486953
0.5998699821225418,0.9952679255486953
0.6001950268161872,0.9952679255486953
0.6003575491630099,0.9952679255486953
0.6003575491630099,0.9952829480072709
0.6006825938566553,0.9952829480072709
0.600845116203478,0.9952829480072709
0.6014139444173574,0.9952829480072709
0.6014139444173574,0.9952979704658464
0.6018202502844141,0.9952979704658464
0.6018202502844141,0.995312992924422
0.6027953843653502,0.995312992924422
0.602957906712173,0.995312992924422
0.6030391678855843,0.995312992924422
0.6030391678855843,0.9953280153829975
0.6040143019665204,0.9953280153829975
0.6040143019665204,0.9953580603001487
0.6040955631399317,0.9953580603001487
0.6040955631399317,0.9953730827587243
0.6043393466601658,0.9953730827587243
0.6043393466601658,0.9953881052172998
0.6043393466601658,0.995418150134451
0.6045018690069884,0.995418150134451
0.605314480741102,0.995418150134451
0.605314480741102,0.9954331725930265
0.6054770030879246,0.9954331725930265
0.6054770030879246,0.9954632175101777
0.60580204778157,0.9954632175101777
0.6059645701283927,0.9954632175101777
0.6066959206890947,0.9954632175101777
0.6066959206890947,0.9954782399687533
0.6069397042093287,0.9954782399687533
0.6069397042093287,0.9954932624273288
0.6080773606370876,0.9954932624273288
0.6082398829839103,0.9954932624273288
0.6082398829839103,0.99552330734448
0.6083211441573216,0.99552330734448
0.6084836665041443,0.99552330734448
0.608889972371201,0.99552330734448
0.608889972371201,0.9955383298030556
0.6090524947180237,0.9955383298030556
0.6090524947180237,0.9955683747202068
0.6110840240533073,0.9955683747202068
0.61124654640013,0.9955683747202068
0.6125467251747115,0.9955683747202068
0.6127092475215342,0.9955683747202068
0.6147407768568178,0.9955683747202068
0.6149845603770518,0.9955683747202068
0.6155533885909312,0.9955683747202068
0.6155533885909312,0.9955833971787823
0.6157971721111652,0.9955833971787823
0.6161222168048106,0.9955833971787823
0.6162847391516334,0.9955833971787823
0.6162847391516334,0.9956134420959334
0.6167723061921014,0.9956134420959334
0.6169348285389241,0.9956134420959334
0.6171786120591581,0.9956134420959334
0.6171786120591581,0.995628464554509
0.6173411344059808,0.995628464554509
0.6173411344059808,0.9956434870130846
0.6178287014464489,0.9956434870130846
0.6179912237932715,0.9956434870130846
0.6183162684869169,0.9956434870130846
0.6183162684869169,0.9956585094716601
0.618560052007151,0.9956585094716601
0.6187225743539737,0.9956585094716601
0.6187225743539737,0.9956735319302357
0.6192914025678531,0.9956735319302357
0.6194539249146758,0.9956735319302357
0.6200227531285551,0.9956735319302357
0.6201852754753778,0.9956735319302357
0.6204290589956118,0.9956735319302357
0.6204290589956118,0.9956885543888113
0.6208353648626687,0.9956885543888113
0.6210791483829027,0.9956885543888113
0.6214854542499594,0.9956885543888113
0.6216479765967821,0.9956885543888113
0.6218917601170161,0.9956885543888113
0.6221355436372501,0.9956885543888113
0.6221355436372501,0.9957185993059624
0.6223793271574841,0.9957185993059624
0.6225418495043068,0.9957185993059624
0.6227856330245408,0.9957185993059624
0.6227856330245408,0.995733621764538
0.624004550625711,0.995733621764538
0.624004550625711,0.9957486442231136
0.6245733788395904,0.9957486442231136
0.6248171623598244,0.9957486442231136
0.6251422070534699,0.9957486442231136
0.6253047294002926,0.9957486442231136
0.6270112140419307,0.9957486442231136
0.6270112140419307,0.9957636666816891
0.6271737363887534,0.9957636666816891
0.6274175199089875,0.9957636666816891
0.6276613034292216,0.9957636666816891
0.6282301316431009,0.9957636666816891
0.6285551763367463,0.9957636666816891
0.628961482203803,0.9957636666816891
0.628961482203803,0.9957786891402647
0.6291240045506257,0.9957786891402647
0.6291240045506257,0.9957937115988402
0.6293677880708597,0.9957937115988402
0.6293677880708597,0.9958087340574159
0.6294490492442711,0.9958087340574159
0.6296115715910938,0.9958087340574159
0.6305054444986186,0.9958087340574159
0.6305054444986186,0.9958237565159914
0.6308304891922639,0.9958237565159914
0.6309930115390866,0.9958237565159914
0.6309930115390866,0.995838778974567
0.6313993174061433,0.995838778974567
0.6313993174061433,0.9958538014331425
0.6318056232732001,0.9958538014331425
0.6318056232732001,0.9958688238917182
0.6318868844466115,0.9958688238917182
0.6318868844466115,0.9958838463502937
0.6320494067934341,0.9958838463502937
0.6320494067934341,0.9958988688088692
0.6327807573541362,0.9958988688088692
0.6327807573541362,0.9959138912674448
0.6331058020477816,0.9959138912674448
0.6331058020477816,0.9959289137260204
0.6331870632211929,0.9959289137260204
0.6331870632211929,0.995943936184596
0.6335121079148383,0.995943936184596
0.6335121079148383,0.9959589586431715
0.6339184137818951,0.9959589586431715
0.6339184137818951,0.9959890035603227
0.6344872419957744,0.9959890035603227
0.6344872419957744,0.9960040260188983
0.6347310255160085,0.9960040260188983
0.6347310255160085,0.9960190484774738
0.6348122866894198,0.9960190484774738
0.6349748090362425,0.9960190484774738
0.6350560702096538,0.9960190484774738
0.6350560702096538,0.9960340709360493
0.6352185925564765,0.9960340709360493
0.6353811149032992,0.9960340709360493
0.6356248984235332,0.9960340709360493
0.6358686819437672,0.9960340709360493
0.6358686819437672,0.996049093394625
0.6360312042905899,0.996049093394625
0.6360312042905899,0.9960641158532005
0.6361937266374127,0.9960641158532005
0.6361937266374127,0.9960791383117761
0.636274987810824,0.9960791383117761
0.6364375101576467,0.9960791383117761
0.6366812936778807,0.9960791383117761
0.6368438160247034,0.9960791383117761
0.6369250771981148,0.9960791383117761
0.6369250771981148,0.9960941607703516
0.6375751665854055,0.9960941607703516
0.6375751665854055,0.9961091832289273
0.6381439947992849,0.9961091832289273
0.6381439947992849,0.9961242056875028
0.6397692182675118,0.9961242056875028
0.6400942629611571,0.9961242056875028
0.6400942629611571,0.9961392281460784
0.6406630911750366,0.9961392281460784
0.6406630911750366,0.996154250604654
0.6408256135218593,0.996154250604654
0.6415569640825614,0.996154250604654
0.6418007476027954,0.996154250604654
0.6418007476027954,0.9961692730632296
0.6429384040305542,0.9961692730632296
0.6431821875507883,0.9961692730632296
0.6434259710710223,0.9961692730632296
0.643588493417845,0.9961692730632296
0.6437510157646676,0.9961692730632296
0.6439947992849017,0.9961692730632296
0.6450511945392492,0.9961692730632296
0.6450511945392492,0.9961842955218051
0.6457012839265399,0.9961842955218051
0.6457012839265399,0.9961993179803806
0.6457825450999513,0.9961993179803806
0.6461075897935966,0.9961993179803806
0.6473265073947668,0.9961993179803806
0.6475702909150008,0.9961993179803806
0.6481391191288802,0.9961993179803806
0.6481391191288802,0.9962143404389563
0.6487079473427596,0.9962143404389563
0.6487079473427596,0.9962293628975318
0.6493580367300504,0.9962293628975318
0.6495205590768731,0.9962293628975318
0.6509019990248659,0.9962293628975318
0.6510645213716886,0.9962293628975318
0.6511457825450999,0.9962293628975318
0.6511457825450999,0.9962443853561074
0.6512270437185113,0.9962443853561074
0.6512270437185113,0.9962594078146829
0.6513083048919226,0.9962594078146829
0.6514708272387453,0.9962594078146829
0.6519583942792134,0.9962594078146829
0.6519583942792134,0.9962744302732586
0.6520396554526248,0.9962744302732586
0.6520396554526248,0.9962894527318341
0.6522021777994474,0.9962894527318341
0.6522021777994474,0.9963044751904097
0.6523647001462701,0.9963044751904097
0.6530147895335608,0.9963044751904097
0.6530147895335608,0.9963194976489852
0.6542337071347311,0.9963194976489852
0.6543962294815537,0.9963194976489852
0.6553713635624898,0.9963194976489852
0.6553713635624898,0.9963345201075609
0.6566715423370714,0.9963345201075609
0.6566715423370714,0.9963495425661364
0.6567528035104827,0.9963495425661364
0.6567528035104827,0.9963795874832875
0.6576466764180074,0.9963795874832875
0.6576466764180074,0.9963946099418631
0.6578091987648301,0.9963946099418631
0.6579717211116528,0.9963946099418631
0.6590281163660003,0.9963946099418631
0.6592718998862344,0.9963946099418631
0.6593531610596457,0.9963946099418631
0.6593531610596457,0.9964096324004387
0.6600845116203478,0.9964096324004387
0.6600845116203478,0.9964246548590142
0.6608158621810499,0.9964246548590142
0.6608158621810499,0.9964546997761654
0.6608971233544613,0.9964546997761654
0.661059645701284,0.9964546997761654
0.661059645701284,0.996469722234741
0.6614659515683406,0.996469722234741
0.6617097350885747,0.996469722234741
0.6617097350885747,0.9964847446933165
0.662278563302454,0.9964847446933165
0.6625223468226881,0.9964847446933165
0.6633349585568016,0.9964847446933165
0.6633349585568016,0.996499767151892
0.6634162197302129,0.996499767151892
0.6634162197302129,0.9965147896104677
0.6636600032504469,0.9965147896104677
0.664147570290915,0.9965147896104677
0.664147570290915,0.9965298120690432
0.6643100926377377,0.9965298120690432
0.6643100926377377,0.9965598569861943
0.6653664878920852,0.9965598569861943
0.6653664878920852,0.99657487944477
0.6673167560539575,0.99657487944477
0.6673167560539575,0.996604924361921
0.6673980172273688,0.996604924361921
0.6673980172273688,0.9966199468204966
0.6680481066146595,0.9966199468204966
0.6680481066146595,0.9966349692790722
0.6682918901348935,0.9966349692790722
0.6682918901348935,0.9966499917376478
0.6683731513083049,0.9966499917376478
0.6688607183487729,0.9966499917376478
0.6690232406955956,0.9966499917376478
0.6690232406955956,0.9966650141962233
0.6691045018690069,0.9966650141962233
0.6691045018690069,0.9966800366547989
0.6693482853892411,0.9966800366547989
0.6695108077360638,0.9966800366547989
0.6699171136031205,0.9966800366547989
0.6701608971233545,0.9966800366547989
0.6710547700308792,0.9966800366547989
0.6713798147245246,0.9966800366547989
0.6721924264586381,0.9966800366547989
0.6721924264586381,0.9967100815719501
0.6722736876320494,0.9967100815719501
0.6724362099788721,0.9967100815719501
0.6726799934991061,0.9967100815719501
0.6730862993661628,0.9967100815719501
0.6732488217129855,0.9967100815719501
0.6734113440598082,0.9967100815719501
0.6735738664066309,0.9967100815719501
0.6739801722736877,0.9967100815719501
0.6739801722736877,0.9967251040305256
0.6747927840078011,0.9967251040305256
0.6751178287014464,0.9967251040305256
0.6751990898748578,0.9967251040305256
0.6755241345685031,0.9967251040305256
0.6758491792621485,0.9967251040305256
0.6760117016089713,0.9967251040305256
0.6760117016089713,0.9967401264891012
0.676174223955794,0.9967401264891012
0.6763367463026166,0.9967401264891012
0.67714935803673,0.9967401264891012
0.67714935803673,0.9967701714062523
0.6776369250771981,0.9967701714062523
0.6777994474240208,0.9967701714062523
0.6780432309442548,0.9967701714062523
0.6780432309442548,0.9967851938648279
0.6784495368113116,0.9967851938648279
0.678774581504957,0.9967851938648279
0.6789371038517796,0.9967851938648279
0.6789371038517796,0.9968002163234035
0.679018365025191,0.9968002163234035
0.6791808873720137,0.9968002163234035
0.679749715585893,0.9968002163234035
0.679749715585893,0.9968152387819791
0.6801560214529497,0.9968152387819791
0.6804810661465952,0.9968152387819791
0.6806435884934179,0.9968152387819791
0.6808061108402406,0.9968152387819791
0.682106289614822,0.9968152387819791
0.682106289614822,0.9968302612405546
0.6827563790021128,0.9968302612405546
0.6827563790021128,0.9968452836991302
0.6833252072159922,0.9968452836991302
0.6834877295628149,0.9968452836991302
0.6835689907362262,0.9968452836991302
0.6838127742564603,0.9968452836991302
0.684462863643751,0.9968452836991302
0.6846253859905737,0.9968452836991302
0.6850316918576305,0.9968452836991302
0.6850316918576305,0.9968603061577058
0.6855192588980985,0.9968603061577058
0.6855192588980985,0.9968753286162814
0.6856005200715098,0.9968753286162814
0.6857630424183325,0.9968753286162814
0.6858443035917439,0.9968753286162814
0.6858443035917439,0.9968903510748569
0.6862506094588006,0.9968903510748569
0.6864943929790346,0.9968903510748569
0.6869006988460913,0.9968903510748569
0.6870632211929141,0.9968903510748569
0.6871444823663254,0.9968903510748569
0.6871444823663254,0.9969053735334324
0.6872257435397368,0.9969053735334324
0.6873882658865594,0.9969053735334324
0.6874695270599708,0.9969053735334324
0.6874695270599708,0.9969203959920081
0.6885259223143182,0.9969203959920081
0.6885259223143182,0.9969354184505836
0.6889322281813749,0.9969354184505836
0.6889322281813749,0.9969504409091592
0.6889322281813749,0.9969804858263104
0.6890947505281976,0.9969804858263104
0.6893385340484317,0.9969804858263104
0.6895010563952544,0.9969804858263104
0.6895823175686657,0.9969804858263104
0.6895823175686657,0.9969955082848859
0.6898261010888997,0.9969955082848859
0.6899886234357224,0.9969955082848859
0.6903136681293678,0.9969955082848859
0.6908012351698358,0.9969955082848859
0.6912075410368925,0.9969955082848859
0.6913700633837152,0.9969955082848859
0.691532585730538,0.9969955082848859
0.691532585730538,0.9970105307434615
0.6916951080773607,0.9970105307434615
0.6916951080773607,0.997025553202037
0.6921826751178287,0.997025553202037
0.6924264586380627,0.997025553202037
0.6932390703721761,0.997025553202037
0.6932390703721761,0.9970405756606127
0.6935641150658215,0.9970405756606127
0.6935641150658215,0.9970555981191882
0.693645376239233,0.9970555981191882
0.693645376239233,0.9970706205777637
0.693889159759467,0.9970706205777637
0.693889159759467,0.9970856430363393
0.694376726799935,0.9970856430363393
0.694376726799935,0.9971006654949149
0.6945392491467577,0.9971006654949149
0.6945392491467577,0.9971156879534905
0.694620510320169,0.9971156879534905
0.6947830326669917,0.9971156879534905
0.6955143832276938,0.9971156879534905
0.6956769055745164,0.9971156879534905
0.6957581667479278,0.9971156879534905
0.6957581667479278,0.9971457328706416
0.6958394279213392,0.9971457328706416
0.6958394279213392,0.9971607553292172
0.6959206890947506,0.9971607553292172
0.6960832114415733,0.9971607553292172
0.6964082561352186,0.9971607553292172
0.6964082561352186,0.9971757777877928
0.6965707784820413,0.9971757777877928
0.6965707784820413,0.9971908002463683
0.6966520396554526,0.9971908002463683
0.6966520396554526,0.9972058227049438
0.6968145620022753,0.9972058227049438
0.6968145620022753,0.9972208451635195
0.696977084349098,0.9972208451635195
0.696977084349098,0.997235867622095
0.6975459125629774,0.997235867622095
0.6975459125629774,0.9972508900806706
0.6977084349098001,0.9972508900806706
0.6979522184300341,0.9972508900806706
0.6979522184300341,0.9972659125392461
0.6982772631236795,0.9972659125392461
0.6982772631236795,0.9972809349978218
0.6986023078173249,0.9972809349978218
0.6987648301641476,0.9972809349978218
0.699821225418495,0.9972809349978218
0.6999837477653177,0.9972809349978218
0.7002275312855518,0.9972809349978218
0.7002275312855518,0.9972959574563973
0.7007963594994312,0.9972959574563973
0.7007963594994312,0.9973410248321241
0.7011214041930766,0.9973410248321241
0.7011214041930766,0.9973710697492751
0.7012839265398992,0.9973710697492751
0.7012839265398992,0.9973860922078507
0.7013651877133106,0.9973860922078507
0.7015277100601333,0.9973860922078507
0.7016089712335446,0.9973860922078507
0.7016089712335446,0.9974011146664263
0.7017714935803673,0.9974011146664263
0.70193401592719,0.9974011146664263
0.7025028441410694,0.9974011146664263
0.7025028441410694,0.9974161371250019
0.7026653664878921,0.9974161371250019
0.7026653664878921,0.9974311595835774
0.7035592393954169,0.9974311595835774
0.7037217617422395,0.9974311595835774
0.7040468064358849,0.9974311595835774
0.7042093287827076,0.9974311595835774
0.7050219405168211,0.9974311595835774
0.7051844628636438,0.9974311595835774
0.7059970745977572,0.9974311595835774
0.7059970745977572,0.9974461820421531
0.7063221192914025,0.9974461820421531
0.7063221192914025,0.9974612045007286
0.7064846416382252,0.9974612045007286
0.7065659028116366,0.9974612045007286
0.7068096863318706,0.9974612045007286
0.7069722086786934,0.9974612045007286
0.7069722086786934,0.9974762269593042
0.7069722086786934,0.9975363167936064
0.7070534698521047,0.9975363167936064
0.7072159921989274,0.9975363167936064
0.7080286039330408,0.9975363167936064
0.7080286039330408,0.997551339252182
0.7084349098000975,0.997551339252182
0.7086786933203315,0.997551339252182
0.7087599544937428,0.997551339252182
0.7087599544937428,0.9975663617107576
0.7094100438810337,0.9975663617107576
0.7095725662278564,0.9975663617107576
0.7100601332683244,0.9975663617107576
0.7100601332683244,0.9975813841693332
0.7119291402567853,0.9975813841693332
0.7119291402567853,0.9975964066279087
0.712335446123842,0.9975964066279087
0.7128230131643101,0.9975964066279087
0.7133105802047781,0.9975964066279087
0.7136356248984236,0.9975964066279087
0.7137981472452463,0.9975964066279087
0.7139606695920689,0.9975964066279087
0.7139606695920689,0.9976114290864843
0.7153421095400617,0.9976114290864843
0.7153421095400617,0.9976264515450599
0.7155858930602957,0.9976264515450599
0.7155858930602957,0.9976865413793622
0.7158296765805299,0.9976865413793622
0.7160734601007639,0.9976865413793622
0.7162359824475866,0.9976865413793622
0.7163985047944093,0.9976865413793622
0.7163985047944093,0.9977015638379377
0.7164797659678206,0.9977015638379377
0.7164797659678206,0.9977165862965133
0.716804810661466,0.9977165862965133
0.7171298553551113,0.9977165862965133
0.7171298553551113,0.9977316087550888
0.7197302129042743,0.9977316087550888
0.7200552575979197,0.9977316087550888
0.7200552575979197,0.9977466312136645
0.7203803022915651,0.9977466312136645
0.7205428246383878,0.9977466312136645
0.7211116528522672,0.9977466312136645
0.7211116528522672,0.99776165367224
0.7215179587193239,0.99776165367224
0.7215179587193239,0.9977766761308156
0.7217617422395579,0.9977766761308156
0.7224118316268487,0.9977766761308156
0.7224118316268487,0.9977916985893911
0.7228181374939054,0.9977916985893911
0.7228181374939054,0.9978067210479667
0.7230619210141395,0.9978067210479667
0.7233057045343735,0.9978067210479667
0.7237120104014302,0.9978067210479667
0.7238745327482529,0.9978067210479667
0.7241995774418982,0.9978067210479667
0.7241995774418982,0.9978217435065423
0.7246871444823664,0.9978217435065423
0.7246871444823664,0.9978367659651178
0.7249309280026004,0.9978367659651178
0.7250934503494231,0.9978367659651178
0.7254184950430684,0.9978367659651178
0.7255810173898911,0.9978367659651178
0.7265561514708272,0.9978367659651178
0.7265561514708272,0.9978818333408446
0.7267186738176499,0.9978818333408446
0.7268811961644727,0.9978818333408446
0.7272875020315294,0.9978818333408446
0.7276125467251747,0.9978818333408446
0.7284251584592881,0.9978818333408446
0.7285876808061108,0.9978818333408446
0.7288314643263448,0.9978818333408446
0.7289939866731676,0.9978818333408446
0.7301316431009264,0.9978818333408446
0.7301316431009264,0.9978968557994201
0.7314318218755079,0.9978968557994201
0.7315943442223306,0.9978968557994201
0.7322444336096213,0.9978968557994201
0.732406955956444,0.9978968557994201
0.7324882171298553,0.9978968557994201
0.7324882171298553,0.9979118782579957
0.732650739476678,0.9979118782579957
0.732894522996912,0.9979118782579957
0.7330570453437347,0.9979118782579957
0.7336258735576142,0.9979118782579957
0.7336258735576142,0.9979269007165713
0.7340321794246709,0.9979269007165713
0.7341947017714936,0.9979269007165713
0.7346010076385503,0.9979269007165713
0.7346010076385503,0.9979419231751468
0.7348447911587843,0.9979419231751468
0.7348447911587843,0.9979569456337224
0.7350885746790183,0.9979569456337224
0.7357386640663092,0.9979569456337224
0.7359011864131318,0.9979569456337224
0.7367137981472452,0.9979569456337224
0.7367137981472452,0.9979719680922979
0.7367950593206566,0.9979719680922979
0.7369575816674793,0.9979719680922979
0.7372013651877133,0.9979719680922979
0.737363887534536,0.9979719680922979
0.73760767105477,0.9979719680922979
0.7377701934015927,0.9979719680922979
0.7379327157484155,0.9979719680922979
0.7379327157484155,0.9979869905508736
0.7380952380952381,0.9979869905508736
0.7383390216154722,0.9979869905508736
0.7383390216154722,0.9980020130094491
0.7393141556964082,0.9980020130094491
0.7396392003900536,0.9980020130094491
0.7401267674305217,0.9980020130094491
0.7402892897773444,0.9980020130094491
0.7406143344709898,0.9980020130094491
0.7406143344709898,0.9980170354680247
0.7409393791646351,0.9980170354680247
0.7409393791646351,0.9980320579266002
0.7413456850316918,0.9980320579266002
0.7413456850316918,0.9980470803851759
0.7416707297253372,0.9980470803851759
0.7418332520721599,0.9980470803851759
0.7418332520721599,0.998077125302327
0.7421582967658052,0.998077125302327
0.7424833414594507,0.998077125302327
0.7426458638062734,0.998077125302327
0.7427271249796847,0.998077125302327
0.7428896473265074,0.998077125302327
0.7428896473265074,0.9981221926780537
0.7434584755403868,0.9981221926780537
0.7436209978872095,0.9981221926780537
0.7437022590606208,0.9981221926780537
0.7437022590606208,0.9981372151366292
0.7437835202340322,0.9981372151366292
0.7437835202340322,0.9981522375952049
0.7441085649276775,0.9981522375952049
0.7455712660490817,0.9981522375952049
0.7457337883959044,0.9981522375952049
0.7458150495693158,0.9981522375952049
0.7459775719161384,0.9981522375952049
0.7463838777831951,0.9981522375952049
0.7465464001300178,0.9981522375952049
0.7466276613034292,0.9981522375952049
0.7466276613034292,0.9981672600537804
0.747521534210954,0.9981672600537804
0.747765317731188,0.9981672600537804
0.7483341459450674,0.9981672600537804
0.7484966682918901,0.9981672600537804
0.7488217129855355,0.9981672600537804
0.7488217129855355,0.998182282512356
0.7490654965057696,0.998182282512356
0.7490654965057696,0.9981973049709315
0.749878108239883,0.9981973049709315
0.749878108239883,0.9982123274295072
0.7500406305867057,0.9982123274295072
0.7502844141069397,0.9982123274295072
0.7504469364537624,0.9982123274295072
0.7506907199739964,0.9982123274295072
0.7507719811474077,0.9982123274295072
0.7510970258410531,0.9982123274295072
0.7515845928815212,0.9982123274295072
0.7515845928815212,0.9982273498880827
0.7519096375751666,0.9982273498880827
0.7519096375751666,0.9982573948052338
0.7519908987485779,0.9982573948052338
0.7521534210954006,0.9982573948052338
0.7523159434422233,0.9982573948052338
0.7525597269624573,0.9982573948052338
0.753209816349748,0.9982573948052338
0.7533723386965708,0.9982573948052338
0.7536973833902162,0.9982573948052338
0.7540224280838616,0.9982573948052338
0.7541849504306842,0.9982573948052338
0.7543474727775069,0.9982573948052338
0.7545912562977409,0.9982573948052338
0.7545912562977409,0.9982724172638094
0.7547537786445636,0.9982724172638094
0.7549163009913863,0.9982724172638094
0.7551600845116203,0.9982724172638094
0.7554038680318543,0.9982724172638094
0.7557289127254998,0.9982724172638094
0.7564602632862019,0.9982724172638094
0.7564602632862019,0.998287439722385
0.7566227856330245,0.998287439722385
0.7570290915000812,0.998287439722385
0.7571916138469039,0.998287439722385
0.7572728750203153,0.998287439722385
0.7574353973671379,0.998287439722385
0.7575166585405493,0.998287439722385
0.7575166585405493,0.9983174846395361
0.7575166585405493,0.9983325070981117
0.757679180887372,0.9983325070981117
0.7580042255810174,0.9983325070981117
0.7581667479278401,0.9983325070981117
0.7586543149683082,0.9983325070981117
0.7586543149683082,0.9983475295566873
0.7597919713960669,0.9983475295566873
0.7597919713960669,0.9983625520152628
0.7602795384365351,0.9983625520152628
0.7602795384365351,0.9983775744738383
0.7610921501706485,0.9983775744738383
0.7610921501706485,0.998392596932414
0.76239232894523,0.998392596932414
0.76239232894523,0.9984076193909895
0.7625548512920527,0.9984076193909895
0.7635299853729888,0.9984076193909895
0.7636925077198115,0.9984076193909895
0.764748902974159,0.9984076193909895
0.7649114253209817,0.9984076193909895
0.7651552088412157,0.9984076193909895
0.7653989923614497,0.9984076193909895
0.7655615147082724,0.9984076193909895
0.7662116040955631,0.9984076193909895
0.7662116040955631,0.9984226418495651
0.7663741264423858,0.9984226418495651
0.7665366487892085,0.9984226418495651
0.7666991711360313,0.9984226418495651
0.7668616934828539,0.9984226418495651
0.767349260523322,0.9984226418495651
0.7675117828701447,0.9984226418495651
0.7690557451649602,0.9984226418495651
0.7692182675117829,0.9984226418495651
0.7692182675117829,0.9984376643081406
0.7701121404193076,0.9984376643081406
0.7701121404193076,0.9984526867667163
0.7705184462863643,0.9984526867667163
0.770680968633187,0.9984526867667163
0.7714123191938892,0.9984526867667163
0.7716561027141232,0.9984526867667163
0.773037542662116,0.9984526867667163
0.7732000650089387,0.9984526867667163
0.7732813261823501,0.9984526867667163
0.7734438485291728,0.9984526867667163
0.7735251097025841,0.9984526867667163
0.7736876320494068,0.9984526867667163
0.7747440273037542,0.9984526867667163
0.7747440273037542,0.9984677092252918
0.7750690719973996,0.9984677092252918
0.7750690719973996,0.9984827316838674
0.7752315943442223,0.9984827316838674
0.7752315943442223,0.9984977541424429
0.7766130342922152,0.9984977541424429
0.7766130342922152,0.9985127766010186
0.7772631236795059,0.9985127766010186
0.7774256460263286,0.9985127766010186
0.7776694295465627,0.9985127766010186
0.7779132130667967,0.9985127766010186
0.7780757354136194,0.9985127766010186
0.7782382577604421,0.9985127766010186
0.7789696083211441,0.9985127766010186
0.7789696083211441,0.9985277990595941
0.7794571753616122,0.9985277990595941
0.7794571753616122,0.9985578439767452
0.7800260035754917,0.9985578439767452
0.7801885259223144,0.9985578439767452
0.7801885259223144,0.9985728664353208
0.7805135706159597,0.9985728664353208
0.7806760929627824,0.9985728664353208
0.7809198764830164,0.9985728664353208
0.7810823988298391,0.9985728664353208
0.7813261823500731,0.9985728664353208
0.782220055257598,0.9985728664353208
0.782463838777832,0.9985728664353208
0.7826263611246547,0.9985728664353208
0.7835202340321794,0.9985728664353208
0.7836827563790021,0.9985728664353208
0.7844953681131156,0.9985728664353208
0.7844953681131156,0.9985878888938964
0.7854705021940517,0.9985878888938964
0.785795546887697,0.9985878888938964
0.7861205915813424,0.9985878888938964
0.7862831139281651,0.9985878888938964
0.7870957256622786,0.9985878888938964
0.7872582480091013,0.9985878888938964
0.787664553876158,0.9985878888938964
0.787908337396392,0.9985878888938964
0.7896960832114416,0.9985878888938964
0.7896960832114416,0.9986029113524719
0.7899398667316756,0.9986029113524719
0.7899398667316756,0.9986179338110475
0.790264911425321,0.9986179338110475
0.7904274337721436,0.9986179338110475
0.7904274337721436,0.9986329562696231
0.7909962619860231,0.9986329562696231
0.7911587843328458,0.9986329562696231
0.7914025678530798,0.9986329562696231
0.7914025678530798,0.9986479787281987
0.7917276125467252,0.9986479787281987
0.7917276125467252,0.9986630011867742
0.7923777019340159,0.9986630011867742
0.7923777019340159,0.9986780236453497
0.7926214854542499,0.9986780236453497
0.7931903136681294,0.9986780236453497
0.7931903136681294,0.9986930461039254
0.7940841865756542,0.9986930461039254
0.7942467089224768,0.9986930461039254
0.7948155371363562,0.9986930461039254
0.7948155371363562,0.9987080685625009
0.7950593206565902,0.9987080685625009
0.7950593206565902,0.9987230910210765
0.7953843653502357,0.9987230910210765
0.7957906712172924,0.9987230910210765
0.7959531935641151,0.9987230910210765
0.7961157159109378,0.9987230910210765
0.7963594994311718,0.9987230910210765
0.7963594994311718,0.9987381134796521
0.7965220217779945,0.9987381134796521
0.7965220217779945,0.9987531359382277
0.7970908499918739,0.9987531359382277
0.7972533723386965,0.9987531359382277
0.7974971558589306,0.9987531359382277
0.7976596782057533,0.9987531359382277
0.797822200552576,0.9987531359382277
0.797822200552576,0.9987681583968032
0.7979034617259874,0.9987681583968032
0.79806598407281,0.9987681583968032
0.7983097675930441,0.9987681583968032
0.7984722899398667,0.9987681583968032
0.8003412969283277,0.9987681583968032
0.8005850804485617,0.9987681583968032
0.8005850804485617,0.9987831808553788
0.8009913863156184,0.9987831808553788
0.8012351698358524,0.9987831808553788
0.8018852592231431,0.9987831808553788
0.8020477815699659,0.9987831808553788
0.8022103039167886,0.9987831808553788
0.8023728262636113,0.9987831808553788
0.802779132130668,0.9987831808553788
0.802779132130668,0.9987982033139544
0.8031041768243133,0.9987982033139544
0.8035917438647814,0.9987982033139544
0.8039167885584267,0.9987982033139544
0.8040793109052494,0.9987982033139544
0.8043230944254836,0.9987982033139544
0.8044856167723062,0.9987982033139544
0.8045668779457176,0.9987982033139544
0.8045668779457176,0.99881322577253
0.8046481391191289,0.99881322577253
0.8048106614659516,0.99881322577253
0.8048919226393629,0.99881322577253
0.8052169673330083,0.99881322577253
0.8052982285064196,0.99881322577253
0.8052982285064196,0.9988282482311055
0.8062733625873557,0.9988282482311055
0.8062733625873557,0.998843270689681
0.8070047131480579,0.998843270689681
0.8071672354948806,0.998843270689681
0.8071672354948806,0.9988582931482567
0.8073297578417032,0.9988582931482567
0.8073297578417032,0.9988733156068322
0.807979847228994,0.9988733156068322
0.8083048919226393,0.9988733156068322
0.8083048919226393,0.9989033605239833
0.808467414269462,0.9989033605239833
0.8087111977896961,0.9989033605239833
0.8090362424833415,0.9989033605239833
0.8092800260035755,0.9989033605239833
0.8092800260035755,0.998918382982559
0.8102551600845116,0.998918382982559
0.8102551600845116,0.9989484278997101
0.8112302941654478,0.9989484278997101
0.8113928165122705,0.9989484278997101
0.8114740776856818,0.9989484278997101
0.8116366000325045,0.9989484278997101
0.8119616447261498,0.9989484278997101
0.8121241670729725,0.9989484278997101
0.8126929952868519,0.9989484278997101
0.8126929952868519,0.9989634503582856
0.8129367788070859,0.9989634503582856
0.8132618235007314,0.9989634503582856
0.8138306517146108,0.9989634503582856
0.8138306517146108,0.9989784728168613
0.8143182187550788,0.9989784728168613
0.8143182187550788,0.9989934952754368
0.8149683081423695,0.9989934952754368
0.8152120916626036,0.9989934952754368
0.8156996587030717,0.9989934952754368
0.8156996587030717,0.9990085177340123
0.8160247033967171,0.9990085177340123
0.8166747927840078,0.9990085177340123
0.8169998374776531,0.9990085177340123
0.8171623598244758,0.9990085177340123
0.8173248821712985,0.9990085177340123
0.8173248821712985,0.9990385626511635
0.8187063221192914,0.9990385626511635
0.8189501056395254,0.9990385626511635
0.8200877620672843,0.9990385626511635
0.8200877620672843,0.9990535851097391
0.8203315455875183,0.9990535851097391
0.820494067934341,0.9990535851097391
0.8210628961482204,0.9990535851097391
0.8210628961482204,0.9990686075683146
0.8213879408418657,0.9990686075683146
0.8215504631886884,0.9990686075683146
0.8222005525759792,0.9990686075683146
0.8225255972696246,0.9990686075683146
0.8227693807898586,0.9990686075683146
0.8229319031366813,0.9990686075683146
0.823338209003738,0.9990686075683146
0.823338209003738,0.9990836300268902
0.8237445148707947,0.9990836300268902
0.8239070372176174,0.9990836300268902
0.8239882983910287,0.9990836300268902
0.8241508207378515,0.9990836300268902
0.8243946042580855,0.9990836300268902
0.8246383877783195,0.9990836300268902
0.8247196489517309,0.9990836300268902
0.8250446936453762,0.9990836300268902
0.8252884771656103,0.9990836300268902
0.8252884771656103,0.9990986524854658
0.8260198277263123,0.9990986524854658
0.8263448724199578,0.9990986524854658
0.8264261335933691,0.9990986524854658
0.8266699171136032,0.9990986524854658
0.8276450511945392,0.9990986524854658
0.8276450511945392,0.9991286974026169
0.8278075735413619,0.9991286974026169
0.8282138794084186,0.9991286974026169
0.8282138794084186,0.9991437198611924
0.8287827076222981,0.9991437198611924
0.8287827076222981,0.9991587423197681
0.8295953193564115,0.9991587423197681
0.8295953193564115,0.9991737647783436
0.8297578417032342,0.9991737647783436
0.8310580204778157,0.9991737647783436
0.8312205428246384,0.9991737647783436
0.8317081098651065,0.9991737647783436
0.8318706322119291,0.9991737647783436
0.8321144157321632,0.9991737647783436
0.8321144157321632,0.9991887872369192
0.8323581992523972,0.9991887872369192
0.8325207215992199,0.9991887872369192
0.8326832439460425,0.9991887872369192
0.8328457662928652,0.9991887872369192
0.8329270274662766,0.9991887872369192
0.833252072159922,0.9991887872369192
0.8333333333333334,0.9991887872369192
0.833495855680156,0.9991887872369192
0.8339834227206241,0.9991887872369192
0.8341459450674468,0.9991887872369192
0.8347960344547375,0.9991887872369192
0.8351210791483828,0.9991887872369192
0.8355273850154397,0.9991887872369192
0.8355273850154397,0.9992038096954947
0.8360149520559077,0.9992038096954947
0.8361774744027304,0.9992038096954947
0.8382902649114253,0.9992038096954947
0.8385340484316594,0.9992038096954947
0.8392653989923614,0.9992038096954947
0.8394279213391841,0.9992038096954947
0.8395091825125954,0.9992038096954947
0.8395091825125954,0.9992188321540704
0.8396717048594182,0.9992188321540704
0.8396717048594182,0.9992338546126459
0.840565577766943,0.9992338546126459
0.8407281001137656,0.9992338546126459
0.8413781895010564,0.9992338546126459
0.8413781895010564,0.9992488770712215
0.8421095400617585,0.9992488770712215
0.8422720624085812,0.9992488770712215
0.8426783682756379,0.9992488770712215
0.8430034129692833,0.9992488770712215
0.8438160247033967,0.9992488770712215
0.8438160247033967,0.999263899529797
0.8443035917438648,0.999263899529797
0.8443035917438648,0.9992789219883726
0.8443848529172762,0.9992789219883726
0.8446286364375102,0.9992789219883726
0.8450349423045669,0.9992789219883726
0.8450349423045669,0.9992939444469482
0.8451974646513896,0.9992939444469482
0.8453599869982122,0.9992939444469482
0.846010076385503,0.9992939444469482
0.846010076385503,0.9993089669055237
0.8461725987323256,0.9993089669055237
0.8464163822525598,0.9993089669055237
0.8464976434259711,0.9993089669055237
0.8467414269462051,0.9993089669055237
0.8473102551600845,0.9993089669055237
0.8473102551600845,0.9993239893640993
0.8475540386803185,0.9993239893640993
0.8478790833739639,0.9993239893640993
0.8480416057207866,0.9993239893640993
0.8481228668941979,0.9993239893640993
0.8483666504144319,0.9993239893640993
0.8494230456687795,0.9993239893640993
0.8495855680156021,0.9993239893640993
0.8500731350560702,0.9993239893640993
0.8503981797497155,0.9993239893640993
0.8514545750040631,0.9993239893640993
0.8516170973508858,0.9993239893640993
0.8516983585242971,0.9993239893640993
0.8518608808711198,0.9993239893640993
0.8521046643913538,0.9993239893640993
0.8525109702584105,0.9993239893640993
0.8527547537786445,0.9993239893640993
0.8529172761254673,0.9993239893640993
0.85307979847229,0.9993239893640993
0.8532423208191127,0.9993239893640993
0.853567365512758,0.9993239893640993
0.853811149032992,0.9993239893640993
0.8558426783682757,0.9993239893640993
0.8560052007150983,0.9993239893640993
0.856411506582155,0.9993239893640993
0.856411506582155,0.9993390118226749
0.8564927677555664,0.9993390118226749
0.856655290102389,0.9993390118226749
0.8569803347960344,0.9993390118226749
0.8569803347960344,0.9993540342812505
0.8577929465301479,0.9993540342812505
0.8579554688769706,0.9993540342812505
0.858768080611084,0.9993540342812505
0.8589306029579067,0.9993540342812505
0.8602307817324882,0.9993540342812505
0.8603933040793109,0.9993540342812505
0.8623435722411832,0.9993540342812505
0.8623435722411832,0.999369056739826
0.8636437510157646,0.999369056739826
0.8636437510157646,0.9993840791984017
0.8638062733625873,0.9993840791984017
0.8638062733625873,0.9993991016569772
0.8639687957094101,0.9993991016569772
0.8642938404030555,0.9993991016569772
0.8643751015764668,0.9993991016569772
0.8646188850967008,0.9993991016569772
0.8648626686169348,0.9993991016569772
0.8650251909637575,0.9993991016569772
0.8651064521371689,0.9993991016569772
0.8654314968308142,0.9993991016569772
0.8655940191776369,0.9993991016569772
0.8662441085649277,0.9993991016569772
0.8665691532585731,0.9993991016569772
0.8670567202990411,0.9993991016569772
0.8672192426458638,0.9993991016569772
0.8673005038192751,0.9993991016569772
0.8674630261660978,0.9993991016569772
0.8677068096863318,0.9993991016569772
0.8677068096863318,0.9994291465741283
0.8678693320331545,0.9994291465741283
0.8683568990736226,0.9994291465741283
0.8683568990736226,0.9994441690327039
0.8693320331545588,0.9994441690327039
0.8694945555013814,0.9994441690327039
0.8699008613684381,0.9994441690327039
0.8700633837152608,0.9994441690327039
0.8711197789696083,0.9994441690327039
0.8714448236632537,0.9994441690327039
0.8718511295303104,0.9994441690327039
0.8718511295303104,0.9994591914912795
0.8721761742239558,0.9994591914912795
0.8721761742239558,0.999474213949855
0.8721761742239558,0.9995042588670062
0.8727450024378351,0.9995042588670062
0.8729075247846579,0.9995042588670062
0.8732325694783033,0.9995042588670062
0.8732325694783033,0.9995192813255818
0.8746952705997074,0.9995192813255818
0.8746952705997074,0.9995343037841573
0.8747765317731188,0.9995343037841573
0.8750203152933529,0.9995343037841573
0.8751828376401756,0.9995343037841573
0.8756704046806436,0.9995343037841573
0.8758329270274663,0.9995343037841573
0.876483016414757,0.9995343037841573
0.876483016414757,0.9995493262427328
0.8766455387615797,0.9995493262427328
0.8768080611084024,0.9995493262427328
0.8776206728425159,0.9995493262427328
0.8777831951893386,0.9995493262427328
0.8781082398829839,0.9995493262427328
0.8781082398829839,0.9995643487013085
0.8792458963107427,0.9995643487013085
0.8792458963107427,0.999579371159884
0.8808711197789696,0.999579371159884
0.8811149032992036,0.999579371159884
0.881439947992849,0.999579371159884
0.8816024703396717,0.999579371159884
0.8824963432471965,0.999579371159884
0.8827401267674305,0.999579371159884
0.8831464326344872,0.999579371159884
0.8833089549813099,0.999579371159884
0.8837152608483666,0.999579371159884
0.8850154396229482,0.999579371159884
0.8851779619697708,0.999579371159884
0.8857467901836502,0.999579371159884
0.8859093125304729,0.999579371159884
0.8862343572241184,0.999579371159884
0.8862343572241184,0.9995943936184596
0.886396879570941,0.9995943936184596
0.8866406630911751,0.9995943936184596
0.8867219242645864,0.9995943936184596
0.8869657077848204,0.9995943936184596
0.8871282301316431,0.9995943936184596
0.8881033642125792,0.9995943936184596
0.8883471477328133,0.9995943936184596
0.8890784982935154,0.9995943936184596
0.889241020640338,0.9995943936184596
0.8893222818137494,0.9995943936184596
0.8894848041605721,0.9995943936184596
0.8897285876808061,0.9995943936184596
0.8898911100276288,0.9995943936184596
0.8907849829351536,0.9995943936184596
0.8909475052819763,0.9995943936184596
0.8917601170160897,0.9995943936184596
0.8919226393629124,0.9995943936184596
0.8920851617097351,0.9995943936184596
0.8924102064033804,0.9995943936184596
0.8933040793109053,0.9995943936184596
0.893466601657728,0.9995943936184596
0.894685519258898,0.9995943936184596
0.8948480416057207,0.9995943936184596
0.8954981309930116,0.9995943936184596
0.8956606533398342,0.9995943936184596
0.8957419145132456,0.9995943936184596
0.8959856980334796,0.9995943936184596
0.896066959206891,0.9995943936184596
0.8962294815537136,0.9995943936184596
0.896310742727125,0.9995943936184596
0.8964732650739476,0.9995943936184596
0.8967170485941817,0.9995943936184596
0.8967170485941817,0.9996244385356108
0.8969608321144157,0.9996244385356108
0.8972046156346498,0.9996244385356108
0.8981797497155859,0.9996244385356108
0.8983422720624086,0.9996244385356108
0.8986673167560539,0.9996244385356108
0.8988298391028766,0.9996244385356108
0.8995611896635788,0.9996244385356108
0.8997237120104015,0.9996244385356108
0.8999674955306355,0.9996244385356108
0.8999674955306355,0.9996394609941863
0.9013489354786283,0.9996394609941863
0.9016739801722737,0.9996394609941863
0.9019177636925078,0.9996394609941863
0.9022428083861531,0.9996394609941863
0.9024865919063871,0.9996394609941863
0.9026491142532098,0.9996394609941863
0.9032992036405005,0.9996394609941863
0.9034617259873232,0.9996394609941863
0.9034617259873232,0.9996544834527619
0.9042743377214367,0.9996544834527619
0.9044368600682594,0.9996544834527619
0.9048431659353161,0.9996544834527619
0.9048431659353161,0.9996695059113374
0.9050056882821388,0.9996695059113374
0.9051682106289615,0.9996695059113374
0.9053307329757841,0.9996695059113374
0.9055745164960182,0.9996695059113374
0.9055745164960182,0.9996845283699131
0.9058995611896635,0.9996845283699131
0.9058995611896635,0.9996995508284886
0.9065496505769544,0.9996995508284886
0.906712172923777,0.9996995508284886
0.9068746952705997,0.9996995508284886
0.9070372176174224,0.9996995508284886
0.9070372176174224,0.9997145732870641
0.9072810011376564,0.9997145732870641
0.9074435234844791,0.9997145732870641
0.9084186575654153,0.9997145732870641
0.908581179912238,0.9997145732870641
0.9086624410856493,0.9997145732870641
0.908824963432472,0.9997145732870641
0.9102876645538761,0.9997145732870641
0.9104501869006989,0.9997145732870641
0.9104501869006989,0.9997596406627909
0.9109377539411669,0.9997596406627909
0.9111002762879896,0.9997596406627909
0.9120754103689257,0.9997596406627909
0.9122379327157484,0.9997596406627909
0.9127254997562165,0.9997596406627909
0.9128880221030392,0.9997596406627909
0.9129692832764505,0.9997596406627909
0.9132130667966846,0.9997596406627909
0.9135381114903299,0.9997596406627909
0.9137006338371526,0.9997596406627909
0.9141882008776206,0.9997596406627909
0.9141882008776206,0.999789685579942
0.9144319843978547,0.999789685579942
0.9145945067446773,0.999789685579942
0.9163822525597269,0.999789685579942
0.9163822525597269,0.9998047080385176
0.9167072972533723,0.9998047080385176
0.9167072972533723,0.9998197304970932
0.9176011701608972,0.9998197304970932
0.9179262148545425,0.9998197304970932
0.9182512595481879,0.9998197304970932
0.9185763042418332,0.9998197304970932
0.9188200877620673,0.9998197304970932
0.9213391841378189,0.9998197304970932
0.9215017064846417,0.9998197304970932
0.9222330570453438,0.9998197304970932
0.9222330570453438,0.9998347529556687
0.9229644076060458,0.9998347529556687
0.9231269299528685,0.9998347529556687
0.9232894522996912,0.9998347529556687
0.9235332358199252,0.9998347529556687
0.923695758166748,0.9998347529556687
0.9238582805135707,0.9998347529556687
0.9243458475540387,0.9998347529556687
0.9254835039817975,0.9998347529556687
0.9254835039817975,0.9998497754142442
0.9256460263286201,0.9998497754142442
0.9259710710222656,0.9998497754142442
0.9266211604095563,0.9998497754142442
0.926783682756379,0.9998497754142442
0.9269462051032017,0.9998497754142442
0.927271249796847,0.9998497754142442
0.9275962944904924,0.9998497754142442
0.9277588168373151,0.9998497754142442
0.9290589956118966,0.9998497754142442
0.9292215179587193,0.9998497754142442
0.9297903461725987,0.9998497754142442
0.9300341296928327,0.9998497754142442
0.9301153908662441,0.9998497754142442
0.9302779132130667,0.9998497754142442
0.9307654802535349,0.9998497754142442
0.9309280026003576,0.9998497754142442
0.9310905249471803,0.9998497754142442
0.9312530472940029,0.9998497754142442
0.9327157484154072,0.9998497754142442
0.9329595319356412,0.9998497754142442
0.9332845766292865,0.9998497754142442
0.9335283601495206,0.9998497754142442
0.9337721436697546,0.9998497754142442
0.9339346660165773,0.9998497754142442
0.9341784495368113,0.9998497754142442
0.9353161059645702,0.9998497754142442
0.9355598894848042,0.9998497754142442
0.9362912400455062,0.9998497754142442
0.9364537623923289,0.9998497754142442
0.9365350235657403,0.9998497754142442
0.9366975459125629,0.9998497754142442
0.936941329432797,0.9998497754142442
0.9371038517796197,0.9998497754142442
0.9372663741264424,0.9998497754142442
0.9374288964732651,0.9998497754142442
0.9376726799934991,0.9998497754142442
0.9378352023403218,0.9998497754142442
0.9382415082073785,0.9998497754142442
0.9388103364212579,0.9998497754142442
0.9389728587680806,0.9998497754142442
0.9390541199414919,0.9998497754142442
0.9393791646351374,0.9998497754142442
0.9401105151958394,0.9998497754142442
0.9401105151958394,0.9998647978728199
0.9409231269299528,0.9998647978728199
0.9409231269299528,0.9998798203313954
0.941654477490655,0.9998798203313954
0.941654477490655,0.999894842789971
0.9434422233057045,0.999894842789971
0.9436047456525273,0.999894842789971
0.9438485291727613,0.999894842789971
0.9440923126929953,0.999894842789971
0.944254835039818,0.999894842789971
0.944254835039818,0.9999098652485465
0.9452299691207541,0.9999098652485465
0.9453924914675768,0.9999098652485465
0.9455550138143994,0.9999098652485465
0.9457175361612221,0.9999098652485465
0.946367625548513,0.9999098652485465
0.9465301478953356,0.9999098652485465
0.946611409068747,0.9999098652485465
0.946855192588981,0.9999098652485465
0.9470177149358037,0.9999098652485465
0.9471802372826263,0.9999098652485465
0.9472614984560377,0.9999098652485465
0.9474240208028604,0.9999098652485465
0.9478303266699171,0.9999098652485465
0.9479928490167397,0.9999098652485465
0.9481553713635625,0.9999098652485465
0.9483178937103852,0.9999098652485465
0.9484804160572079,0.9999098652485465
0.9486429384040306,0.9999098652485465
0.9501056395254347,0.9999098652485465
0.9501056395254347,0.9999248877071222
0.9505119453924915,0.9999248877071222
0.9506744677393142,0.9999248877071222
0.9510807736063709,0.9999248877071222
0.9510807736063709,0.9999399101656977
0.9512432959531936,0.9999399101656977
0.9514870794734276,0.9999399101656977
0.9516496018202503,0.9999399101656977
0.9527059970745978,0.9999399101656977
0.9528685194214205,0.9999399101656977
0.9535998699821225,0.9999399101656977
0.9537623923289452,0.9999399101656977
0.9540061758491792,0.9999399101656977
0.9541686981960019,0.9999399101656977
0.9542499593694133,0.9999399101656977
0.9544124817162359,0.9999399101656977
0.9553876157971721,0.9999399101656977
0.9555501381439948,0.9999399101656977
0.9569315780919877,0.9999399101656977
0.9570941004388104,0.9999399101656977
0.9573378839590444,0.9999399101656977
0.9575004063058671,0.9999399101656977
0.9576629286526898,0.9999399101656977
0.9578254509995124,0.9999399101656977
0.9584755403868032,0.9999399101656977
0.9586380627336258,0.9999399101656977
0.9588005850804485,0.9999399101656977
0.9588005850804485,0.9999549326242733
0.9590443686006825,0.9999549326242733
0.959369413294328,0.9999549326242733
0.9594506744677394,0.9999549326242733
0.959613196814562,0.9999549326242733
0.9609946367625548,0.9999549326242733
0.9611571591093775,0.9999549326242733
0.9614009426296116,0.9999549326242733
0.9614009426296116,0.9999699550828488
0.9615634649764343,0.9999699550828488
0.9618072484966683,0.9999699550828488
0.961969770843491,0.9999699550828488
0.962213554363725,0.9999699550828488
0.9623760767105477,0.9999699550828488
0.9625385990573704,0.9999699550828488
0.9627823825776044,0.9999699550828488
0.9629449049244271,0.9999699550828488
0.9631886884446611,0.9999699550828488
0.9640013001787746,0.9999699550828488
0.9641638225255973,0.9999699550828488
0.9644888672192427,0.9999699550828488
0.9644888672192427,0.9999849775414245
0.9646513895660653,0.9999849775414245
0.964813911912888,0.9999849775414245
0.967170485941817,0.9999849775414245
0.9674955306354623,0.9999849775414245
0.967658052982285,0.9999849775414245
0.9683081423695759,0.9999849775414245
0.9685519258898099,0.9999849775414245
0.9692020152771006,0.9999849775414245
0.969527059970746,0.9999849775414245
0.9702584105314481,0.9999849775414245
0.9705834552250935,0.9999849775414245
0.9709897610921502,0.9999849775414245
0.9713960669592069,0.9999849775414245
0.9724524622135544,0.9999849775414245
0.9726149845603771,0.9999849775414245
0.9735088574679018,0.9999849775414245
0.9736713798147245,0.9999849775414245
0.9739151633349585,0.9999849775414245
0.9740776856817812,0.9999849775414245
0.9743214692020152,0.9999849775414245
0.9744839915488379,0.9999849775414245
0.9752966032829514,0.9999849775414245
0.9754591256297741,0.9999849775414245
0.9769218267511783,0.9999849775414245
0.977084349098001,0.9999849775414245
0.9772468714448237,0.9999849775414245
0.9774906549650577,0.9999849775414245
0.9782220055257598,0.9999849775414245
0.9783845278725825,0.9999849775414245
0.9788720949130505,0.9999849775414245
0.9790346172598733,0.9999849775414245
0.9800910125142207,0.9999849775414245
0.9803347960344547,0.9999849775414245
0.9804160572078661,0.9999849775414245
0.9806598407281001,0.9999849775414245
0.9810661465951568,0.9999849775414245
0.9812286689419796,0.9999849775414245
0.9815537136356249,0.9999849775414245
0.982285064196327,0.9999849775414245
0.9824475865431497,0.9999849775414245
0.9835039817974972,0.9999849775414245
0.9836665041443199,0.9999849775414245
0.9840728100113766,0.9999849775414245
0.9842353323581993,0.9999849775414245
0.984641638225256,0.9999849775414245
0.9848041605720786,0.9999849775414245
0.9852104664391353,0.9999849775414245
0.9855355111327807,0.9999849775414245
0.9864293840403056,0.9999849775414245
0.9865919063871282,0.9999849775414245
0.9868356899073623,0.9999849775414245
0.9870794734275963,0.9999849775414245
0.987241995774419,0.9999849775414245
0.9878920851617098,0.9999849775414245
0.9880546075085325,0.9999849775414245
0.9887859580692345,0.9999849775414245
0.9889484804160572,0.9999849775414245
0.9892735251097026,0.9999849775414245
0.9894360474565252,0.9999849775414245
0.9910612709247522,0.9999849775414245
0.9910612709247522,1.0
0.9913050544449862,1.0
0.9914675767918089,1.0
0.9917113603120429,1.0
0.9918738826588656,1.0
0.9928490167398017,1.0
0.9930115390866244,1.0
0.9933365837802698,1.0
0.9935803673005038,1.0
0.9944742402080287,1.0
0.9946367625548513,1.0
0.9955306354623761,1.0
0.9956931578091988,1.0
0.9959369413294328,1.0
0.9960994636762555,1.0
0.9967495530635463,1.0
0.9969933365837803,1.0
0.9972371201040143,1.0
1.0,1.0
