fpr,tpr
0.0,0.0
0.0,1.5022458575570477e-05
0.0,0.00010515721002899334
0.0,0.0001352021271801343
0.0,0.00015022458575570478
0.0,0.00018026950290684574
0.0,0.00040560638154040293
0.0,0.00043565129869154384
0.0,0.0005257860501449667
0.0,0.0005708534258716782
0.0,0.0006459657187495306
0.0,0.0007060555530518125
0.0,0.0007361004702029535
0.0,0.0007661453873540944
0.0,0.0009614373488365106
0.0,0.0009914822659876515
0.0,0.0012017966860456383
0.0,0.0012318416031967792
0.0,0.001352021271801343
0.0,0.001382066188952484
0.0,0.0020280319077020147
0.0,0.002073099283428726
0.0,0.0021932789520332898
0.0,0.0022233238691844307
0.0,0.002238346327760001
0.0,0.002268391244911142
0.0,0.0024035933720912765
0.0,0.0024336382892424175
0.0,0.0024486607478179877
0.0,0.0024787056649691287
0.0,0.0025387954992714106
0.0,0.0025688404164225516
0.0,0.0030345366322652367
0.0,0.0030645815494163777
0.0,0.003169738759445371
0.0,0.0032598735108987937
0.0,0.0034551654723812097
0.0,0.0034852103895323507
0.0,0.0035453002238346326
0.0,0.0035753451409857736
0.0,0.003710547268165908
0.0,0.003740592185317049
0.0,0.0039358841467994655
0.0,0.003965929063950606
0.0,0.004146198566857452
0.0,0.004176243484008593
0.0,0.004206288401159734
0.0,0.004236333318310875
0.0,0.004341490528339868
0.0,0.004371535445491009
0.0,0.004626917241275707
0.0,0.004656962158426848
0.0,0.004762119368455842
0.0,0.004792164285606982
0.0,0.004867276578484835
0.0,0.0048973214956359755
0.0,0.005077590998542821
0.0,0.005137680832845103
0.0,0.005558309672961077
0.0,0.005603377048687788
0.0,0.005708534258716782
0.0,0.005738579175867922
0.0,0.005768624093019064
0.0,0.005798669010170204
0.0,0.005828713927321346
0.0,0.005858758844472486
0.0,0.005873781303048057
0.0,0.0059038262201991975
0.0,0.006324455060315171
0.0,0.006354499977466312
0.0,0.006369522436041883
0.0,0.0063995673531930235
0.0,0.0066249042318265805
0.0,0.006669971607553292
0.0,0.006730061441855574
0.0,0.0070154881547914135
0.0,0.007060555530518125
0.0,0.007195757657698259
0.0,0.0072258025748494
0.0,0.007270869950576111
0.0,0.007285892409151682
0.0,0.007315937326302823
0.0,0.007526251746360809
0.0,0.007556296663511951
0.0,0.007721543707843226
0.0,0.007751588624994366
0.0,0.00785674583502336
0.0,0.00790181321075007
0.0,0.007931858127901212
0.0,0.007976925503627923
0.0,0.008052037796505776
0.0,0.008082082713656917
0.0,0.00818723992368591
0.0,0.008217284840837051
0.0,0.008292397133714904
0.0,0.008322442050866045
0.0,0.00850271155377289
0.0,0.008547778929499601
0.0,0.008713025973830878
0.0,0.008743070890982018
0.0,0.00914867727252242
0.0,0.009178722189673562
0.0,0.00941908152688269
0.0,0.009449126444033831
0.0,0.009509216278336112
0.0,0.009539261195487253
0.0,0.009809665449847522
0.0,0.009839710366998662
0.0,0.009884777742725375
0.0,0.009959890035603226
0.0,0.009989934952754367
0.0,0.01005002478705665
0.0,0.010095092162783361
0.0,0.010350473958568059
0.0,0.0103805188757192
0.0,0.010425586251445912
0.0,0.010590833295777187
0.0,0.010620878212928328
0.0,0.01102648459446873
0.0,0.011071551970195442
0.0,0.011251821473102289
0.0,0.011281866390253428
0.0,0.011296888848829
0.0,0.011341956224555711
0.0,0.011477158351735845
0.0,0.011507203268886986
0.0,0.011567293103189267
0.0,0.011597338020340409
0.0,0.012093079153334234
0.0,0.012138146529060947
0.0,0.01222828128051437
0.0,0.01225832619766551
0.0,0.01227334865624108
0.0,0.012303393573392222
0.0,0.012453618159147925
0.0,0.012483663076299067
0.0,0.012513707993450208
0.0,0.01254375291060135
0.0,0.012964381750717322
0.0,0.012994426667868464
0.0,0.013114606336473027
0.0,0.013159673712199739
0.0,0.013249808463653161
0.0,0.013279853380804302
0.0,0.013430077966560008
0.0,0.013460122883711147
0.0,0.013610347469466853
0.0,0.013640392386617994
0.0,0.0137906169723737
0.0,0.013820661889524839
0.0,0.013925819099553833
0.0,0.013985908933856116
0.0,0.014241290729640813
0.0,0.014286358105367524
0.0,0.014391515315396518
0.0,0.014421560232547658
0.0,0.014556762359727794
0.0,0.014616852194030075
0.0,0.014812144155512491
0.0,0.014842189072663632
0.0,0.014902278906965914
0.0,0.014932323824117055
0.0,0.014977391199843766
0.0,0.015007436116994908
0.0,0.015127615785599471
0.0,0.015187705619901752
0.0,0.015247795454204035
0.0,0.015292862829930746
0.0,0.015518199708564304
0.0,0.015548244625715444
0.0,0.01569846921147115
0.0,0.01572851412862229
0.0,0.015818648880075715
0.0,0.015878738714377994
0.0,0.016074030675860412
0.0,0.016104075593011552
0.0,0.016284345095918397
0.0,0.01632941247164511
0.0,0.01634443493022068
0.0,0.01637447984737182
0.0,0.016404524764522962
0.0,0.016434569681674102
0.0,0.016614839184580947
0.0,0.01664488410173209
0.0,0.01665990656030766
0.0,0.0166899514774588
0.0,0.016825153604638935
0.0,0.016855198521790075
0.0,0.017050490483272493
0.0,0.017080535400423633
0.0,0.017155647693301485
0.0,0.017215737527603768
0.0,0.017396007030510613
0.0,0.017426051947661756
0.0,0.01759129899199303
0.0,0.01762134390914417
0.0,0.017681433743446454
0.0,0.017726501119173163
0.0,0.017756546036324306
0.0,0.017771568494899876
0.0,0.01783165832920216
0.0,0.0178617032463533
0.0,0.017891748163504438
0.0,0.01792179308065558
0.0,0.01795183799780672
0.0,0.017996905373533434
0.0,0.018026950290684574
0.0,0.01822224225216699
0.0,0.01825228716931813
0.0,0.018402511755073837
0.0,0.018432556672224976
0.0,0.018462601589376116
0.0,0.01849264650652726
0.0,0.01861282617513182
0.0,0.018672916009434104
0.0,0.018793095678038666
0.0,0.01891327534664323
0.0,0.01894332026379437
0.0,0.018973365180945514
0.0,0.019003410098096654
0.0,0.019063499932398937
0.0,0.019093544849550077
0.0,0.019108567308125646
0.0,0.01913861222527679
0.0,0.01927381435245692
0.0,0.019303859269608065
0.0,0.019348926645334774
0.0,0.019393994021061487
0.0,0.019544218606817192
0.0,0.019589285982543902
0.0,0.019724488109724037
0.0,0.01976955548545075
0.0,0.019904757612630882
0.0,0.019934802529782025
0.0,0.020205206784142293
0.0,0.020235251701293432
0.0,0.020280319077020145
0.0,0.020310363994171285
0.0,0.020355431369897998
0.0,0.020385476287049138
0.0,0.020400498745624707
0.0,0.02043054366277585
0.0,0.020520678414229273
0.0,0.020550723331380413
0.0,0.020565745789955986
0.0,0.020595790707107126
0.0,0.020836150044316253
0.0,0.020896239878618536
0.0,0.020956329712920815
0.0,0.021016419547223098
0.0,0.021151621674403234
0.0,0.021181666591554373
0.0,0.021542205597368067
0.0,0.021572250514519206
0.0,0.021587272973094776
8.126117341134406e-05,0.021587272973094776
8.126117341134406e-05,0.02194781197890847
8.126117341134406e-05,0.02197785689605961
8.126117341134406e-05,0.022128081481815314
8.126117341134406e-05,0.022158126398966454
8.126117341134406e-05,0.022188171316117597
8.126117341134406e-05,0.022248261150419876
8.126117341134406e-05,0.022353418360448872
8.126117341134406e-05,0.02238346327760001
8.126117341134406e-05,0.02239848573617558
8.126117341134406e-05,0.022428530653326725
8.126117341134406e-05,0.022458575570477864
8.126117341134406e-05,0.022488620487629004
8.126117341134406e-05,0.022548710321931287
8.126117341134406e-05,0.022593777697658
8.126117341134406e-05,0.022834137034867127
8.126117341134406e-05,0.022864181952018267
8.126117341134406e-05,0.023164631123529678
8.126117341134406e-05,0.0232547658749831
8.126117341134406e-05,0.023359923085012092
8.126117341134406e-05,0.023404990460738805
8.126117341134406e-05,0.023525170129343367
8.126117341134406e-05,0.02355521504649451
8.126117341134406e-05,0.023630327339372363
8.126117341134406e-05,0.023660372256523503
8.126117341134406e-05,0.0239157540523082
8.126117341134406e-05,0.023945798969459343
8.126117341134406e-05,0.024035933720912766
8.126117341134406e-05,0.024065978638063906
8.126117341134406e-05,0.02423122568239518
8.126117341134406e-05,0.02426127059954632
8.126117341134406e-05,0.024321360433848603
8.126117341134406e-05,0.024351405350999746
8.126117341134406e-05,0.024832124025418
8.126117341134406e-05,0.02486216894256914
8.126117341134406e-05,0.02540297745128968
8.126117341134406e-05,0.02544804482701639
8.126117341134406e-05,0.02550813466131867
8.126117341134406e-05,0.02553817957846981
8.126117341134406e-05,0.025643336788498807
8.126117341134406e-05,0.025673381705649947
8.126117341134406e-05,0.025688404164225517
8.126117341134406e-05,0.02571844908137666
8.126117341134406e-05,0.025838628749981222
8.126117341134406e-05,0.025883696125707935
8.126117341134406e-05,0.025898718584283505
8.126117341134406e-05,0.025928763501434644
8.126117341134406e-05,0.02606396562861478
8.126117341134406e-05,0.02609401054576592
8.126117341134406e-05,0.02643952709300404
8.126117341134406e-05,0.026469572010155182
8.126117341134406e-05,0.026529661844457465
8.126117341134406e-05,0.026574729220184175
8.126117341134406e-05,0.026604774137335318
8.126117341134406e-05,0.026634819054486458
8.126117341134406e-05,0.026664863971637597
8.126117341134406e-05,0.02669490888878874
8.126117341134406e-05,0.02673997626451545
8.126117341134406e-05,0.02702540297745129
8.126117341134406e-05,0.02705544789460243
8.126117341134406e-05,0.027145582646055853
8.126117341134406e-05,0.027175627563206996
8.126117341134406e-05,0.027220694938933705
8.126117341134406e-05,0.02725073985608485
8.126117341134406e-05,0.027295807231811558
8.126117341134406e-05,0.02735589706611384
8.126117341134406e-05,0.02738594198326498
8.126117341134406e-05,0.027415986900416123
8.126117341134406e-05,0.027461054276142833
8.126117341134406e-05,0.027491099193293976
8.126117341134406e-05,0.02768639115477639
8.126117341134406e-05,0.02771643607192753
8.126117341134406e-05,0.027866660657683236
8.126117341134406e-05,0.02789670557483438
8.126117341134406e-05,0.027956795409136658
8.126117341134406e-05,0.02800186278486337
8.126117341134406e-05,0.028107019994892363
8.126117341134406e-05,0.028137064912043507
8.126117341134406e-05,0.02821217720492136
8.126117341134406e-05,0.0282422221220725
8.126117341134406e-05,0.028467559000706057
8.126117341134406e-05,0.02858773866931062
8.126117341134406e-05,0.02860276112788619
8.126117341134406e-05,0.02866285096218847
8.126117341134406e-05,0.02885814292367089
8.126117341134406e-05,0.02891823275797317
8.126117341134406e-05,0.028948277675124312
8.126117341134406e-05,0.02897832259227545
8.126117341134406e-05,0.029083479802304444
8.126117341134406e-05,0.029113524719455587
8.126117341134406e-05,0.02921868192948458
8.126117341134406e-05,0.029278771763786862
8.126117341134406e-05,0.029368906515240285
8.126117341134406e-05,0.029398951432391424
8.126117341134406e-05,0.029459041266693707
8.126117341134406e-05,0.029489086183844847
8.126117341134406e-05,0.02989469256538525
8.126117341134406e-05,0.029924737482536393
8.126117341134406e-05,0.029954782399687532
8.126117341134406e-05,0.029984827316838675
8.126117341134406e-05,0.030225186654047803
8.126117341134406e-05,0.030255231571198943
8.126117341134406e-05,0.030270254029774513
8.126117341134406e-05,0.030300298946925652
8.126117341134406e-05,0.030360388781227935
8.126117341134406e-05,0.030390433698379078
8.126117341134406e-05,0.030450523532681358
8.126117341134406e-05,0.0304805684498325
8.126117341134406e-05,0.03054065828413478
8.126117341134406e-05,0.030570703201285923
8.126117341134406e-05,0.030630793035588206
8.126117341134406e-05,0.030660837952739346
8.126117341134406e-05,0.030705905328466055
8.126117341134406e-05,0.030735950245617198
8.126117341134406e-05,0.030931242207099613
8.126117341134406e-05,0.030961287124250756
8.126117341134406e-05,0.031021376958553035
8.126117341134406e-05,0.0311415566271576
8.126117341134406e-05,0.03117160154430874
8.126117341134406e-05,0.031216668920035454
8.126117341134406e-05,0.031246713837186593
8.126117341134406e-05,0.03193774693166283
8.126117341134406e-05,0.03198281430738955
8.126117341134406e-05,0.032133038893145255
8.126117341134406e-05,0.032178106268871964
8.126117341134406e-05,0.0323133083960521
8.126117341134406e-05,0.03237339823035438
8.126117341134406e-05,0.03238842068892995
8.126117341134406e-05,0.03243348806465666
8.126117341134406e-05,0.032538645274685654
8.126117341134406e-05,0.03259873510898794
8.126117341134406e-05,0.03273393723616807
8.126117341134406e-05,0.032763982153319215
8.126117341134406e-05,0.032809049529045925
8.126117341134406e-05,0.032839094446197065
8.126117341134406e-05,0.032869139363348204
8.126117341134406e-05,0.032899184280499344
8.126117341134406e-05,0.03301936394910391
8.126117341134406e-05,0.03304940886625505
8.126117341134406e-05,0.033214655910586324
8.126117341134406e-05,0.03324470082773747
8.126117341134406e-05,0.03331981312061532
8.126117341134406e-05,0.03334985803776646
8.126117341134406e-05,0.03336488049634203
8.126117341134406e-05,0.033409947872068746
8.126117341134406e-05,0.033439992789219886
8.126117341134406e-05,0.03360523983355116
8.126117341134406e-05,0.0336352847507023
8.126117341134406e-05,0.03390568900506257
8.126117341134406e-05,0.03395075638078928
8.126117341134406e-05,0.034416452596631966
8.126117341134406e-05,0.034446497513783106
8.126117341134406e-05,0.0345516547238121
8.126117341134406e-05,0.03458169964096324
8.126117341134406e-05,0.03462676701668995
8.126117341134406e-05,0.03465681193384109
8.126117341134406e-05,0.03467183439241666
8.126117341134406e-05,0.03470187930956781
8.126117341134406e-05,0.03485210389532351
8.126117341134406e-05,0.03489717127105022
8.126117341134406e-05,0.0349572611053525
8.126117341134406e-05,0.03498730602250364
8.126117341134406e-05,0.03503237339823036
8.126117341134406e-05,0.03527273273543948
8.126117341134406e-05,0.03530277765259062
8.126117341134406e-05,0.03533282256974176
8.126117341134406e-05,0.03539291240404405
8.126117341134406e-05,0.035468024696921896
8.126117341134406e-05,0.03549806961407304
8.126117341134406e-05,0.03557318190695089
8.126117341134406e-05,0.03558820436552646
8.126117341134406e-05,0.0356182492826776
8.126117341134406e-05,0.036113990415671426
8.126117341134406e-05,0.03614403533282257
8.126117341134406e-05,0.03642946204575841
8.126117341134406e-05,0.03648955188006069
8.126117341134406e-05,0.03715054005738579
8.126117341134406e-05,0.0371956074331125
8.126117341134406e-05,0.03725569726741478
8.126117341134406e-05,0.03728574218456593
8.126117341134406e-05,0.0373007646431415
8.126117341134406e-05,0.03733080956029264
8.126117341134406e-05,0.03734583201886821
8.126117341134406e-05,0.03740592185317049
8.126117341134406e-05,0.03742094431174606
8.126117341134406e-05,0.037450989228897204
8.126117341134406e-05,0.03755614643892619
8.126117341134406e-05,0.03758619135607733
8.126117341134406e-05,0.03767632610753076
8.126117341134406e-05,0.0377063710246819
8.126117341134406e-05,0.0379617528204666
8.126117341134406e-05,0.03800682019619331
8.126117341134406e-05,0.03826220199197801
8.126117341134406e-05,0.03832229182628029
8.126117341134406e-05,0.038457493953460424
8.126117341134406e-05,0.038487538870611564
8.126117341134406e-05,0.03854762870491384
8.126117341134406e-05,0.03857767362206499
8.126117341134406e-05,0.03871287574924512
8.126117341134406e-05,0.038742920666396265
8.126117341134406e-05,0.038787988042122974
8.126117341134406e-05,0.038818032959274114
8.126117341134406e-05,0.039193594423663373
8.126117341134406e-05,0.03922363934081452
8.126117341134406e-05,0.03926870671654123
8.126117341134406e-05,0.03929875163369237
8.126117341134406e-05,0.039479021136599214
8.126117341134406e-05,0.039509066053750354
8.126117341134406e-05,0.03959920080520378
8.126117341134406e-05,0.03964426818093049
8.126117341134406e-05,0.03967431309808163
8.126117341134406e-05,0.039704358015232775
8.126117341134406e-05,0.0399447173524419
8.126117341134406e-05,0.03997476226959304
8.126117341134406e-05,0.03998978472816861
8.126117341134406e-05,0.040049874562470895
8.126117341134406e-05,0.040109964396773175
8.126117341134406e-05,0.04017005423107546
8.126117341134406e-05,0.04032027881683116
8.126117341134406e-05,0.040350323733982306
8.126117341134406e-05,0.04050054831973801
8.126117341134406e-05,0.04053059323688915
8.126117341134406e-05,0.04056063815404029
8.126117341134406e-05,0.04059068307119143
8.126117341134406e-05,0.040650772905493716
8.126117341134406e-05,0.040680817822644856
8.126117341134406e-05,0.040770952574098275
8.126117341134406e-05,0.040800997491249415
8.126117341134406e-05,0.04087610978412727
8.126117341134406e-05,0.04090615470127841
8.126117341134406e-05,0.04092117715985398
8.126117341134406e-05,0.04095122207700512
8.126117341134406e-05,0.04096624453558069
8.126117341134406e-05,0.040996289452731836
8.126117341134406e-05,0.04128171616566767
8.126117341134406e-05,0.04132678354139439
8.126117341134406e-05,0.0416272327129058
8.126117341134406e-05,0.04165727763005694
8.126117341134406e-05,0.041762434840085925
8.126117341134406e-05,0.04179247975723707
8.126117341134406e-05,0.04191265942584163
8.126117341134406e-05,0.04195772680156835
8.126117341134406e-05,0.04200279417729506
8.126117341134406e-05,0.042032839094446196
8.126117341134406e-05,0.04231826580738204
8.126117341134406e-05,0.04234831072453318
8.126117341134406e-05,0.04257364760316673
8.126117341134406e-05,0.04260369252031788
8.126117341134406e-05,0.042949209067556
8.126117341134406e-05,0.04297925398470714
8.126117341134406e-05,0.04306938873616056
8.126117341134406e-05,0.0430994336533117
8.126117341134406e-05,0.04315952348761398
8.126117341134406e-05,0.04320459086334069
8.126117341134406e-05,0.04321961332191626
8.126117341134406e-05,0.04324965823906741
8.126117341134406e-05,0.04349001757627653
8.126117341134406e-05,0.04352006249342767
8.126117341134406e-05,0.04358015232772996
8.126117341134406e-05,0.0436101972448811
8.126117341134406e-05,0.04374539937206123
8.126117341134406e-05,0.04377544428921237
8.126117341134406e-05,0.04430123033935734
8.126117341134406e-05,0.04433127525650848
8.126117341134406e-05,0.044721859179473314
8.126117341134406e-05,0.044751904096624454
8.126117341134406e-05,0.04484203884807788
8.126117341134406e-05,0.04487208376522902
8.126117341134406e-05,0.04488710622380459
8.126117341134406e-05,0.0449321735995313
8.126117341134406e-05,0.045352802439647275
8.126117341134406e-05,0.045382847356798414
8.126117341134406e-05,0.045397869815373984
8.126117341134406e-05,0.045442937191100694
8.126117341134406e-05,0.04557813931828083
8.126117341134406e-05,0.045638229152583115
8.126117341134406e-05,0.04589361094836781
8.126117341134406e-05,0.04592365586551895
8.126117341134406e-05,0.04595370078267009
8.126117341134406e-05,0.046013790616972375
8.126117341134406e-05,0.046043835534123514
8.126117341134406e-05,0.04616401520272808
8.126117341134406e-05,0.04619406011987922
8.126117341134406e-05,0.046374329622786065
8.126117341134406e-05,0.046404374539937204
8.126117341134406e-05,0.046434419457088344
8.126117341134406e-05,0.04647948683281506
8.126117341134406e-05,0.046629711418570766
8.126117341134406e-05,0.046689801252873045
8.126117341134406e-05,0.04690011567293103
8.126117341134406e-05,0.046930160590082176
8.126117341134406e-05,0.047020295341535595
8.126117341134406e-05,0.047080385175837874
8.126117341134406e-05,0.04715549746871573
8.126117341134406e-05,0.04721558730301801
8.126117341134406e-05,0.047320744513047006
8.126117341134406e-05,0.047365811888773715
8.126117341134406e-05,0.04756110385025613
8.126117341134406e-05,0.047591148767407276
8.126117341134406e-05,0.047621193684558416
8.126117341134406e-05,0.047681283518860695
8.126117341134406e-05,0.047726350894587405
8.126117341134406e-05,0.04775639581173855
8.126117341134406e-05,0.047951687773220966
8.126117341134406e-05,0.048011777607523246
8.126117341134406e-05,0.048327249237610226
8.126117341134406e-05,0.048372316613336935
8.126117341134406e-05,0.04850751874051707
8.126117341134406e-05,0.04853756365766822
8.126117341134406e-05,0.04873285561915063
8.126117341134406e-05,0.04876290053630177
8.126117341134406e-05,0.04889810266348191
8.126117341134406e-05,0.04894317003920862
8.126117341134406e-05,0.04903330479066204
8.126117341134406e-05,0.04906334970781318
8.126117341134406e-05,0.04949900100650472
8.126117341134406e-05,0.04952904592365587
8.126117341134406e-05,0.04954406838223144
8.126117341134406e-05,0.04958913575795815
8.126117341134406e-05,0.0505806180239458
8.126117341134406e-05,0.05061066294109694
8.126117341134406e-05,0.05068577523397479
8.126117341134406e-05,0.05076088752685264
8.126117341134406e-05,0.05082097736115493
8.126117341134406e-05,0.05086604473688164
8.126117341134406e-05,0.05089608965403278
8.126117341134406e-05,0.05091111211260835
8.126117341134406e-05,0.05094115702975949
8.126117341134406e-05,0.05115147144981748
8.126117341134406e-05,0.05118151636696862
8.126117341134406e-05,0.0512416062012709
8.126117341134406e-05,0.05127165111842204
8.126117341134406e-05,0.0514969879970556
8.126117341134406e-05,0.05154205537278231
8.126117341134406e-05,0.05155707783135788
8.126117341134406e-05,0.05158712274850902
8.126117341134406e-05,0.051647212582811304
8.126117341134406e-05,0.051692279958538014
8.126117341134406e-05,0.05175236979284029
8.126117341134406e-05,0.05181245962714258
8.126117341134406e-05,0.05206784142292727
8.126117341134406e-05,0.05212793125722956
8.126117341134406e-05,0.05220304355010741
8.126117341134406e-05,0.052248110925834125
8.126117341134406e-05,0.052323223218711974
8.126117341134406e-05,0.052353268135863114
8.126117341134406e-05,0.052578605014496675
8.126117341134406e-05,0.052608649931647815
8.126117341134406e-05,0.05277389697597909
8.126117341134406e-05,0.0528189643517058
8.126117341134406e-05,0.052999233854612644
8.126117341134406e-05,0.053029278771763784
8.126117341134406e-05,0.05304430123033936
8.126117341134406e-05,0.05308936860606607
8.126117341134406e-05,0.05311941352321721
8.126117341134406e-05,0.05314945844036835
8.126117341134406e-05,0.05319452581609506
8.126117341134406e-05,0.053224570733246206
8.126117341134406e-05,0.053284660567548485
8.126117341134406e-05,0.053314705484699625
8.126117341134406e-05,0.05338981777757748
8.126117341134406e-05,0.05344990761187976
8.126117341134406e-05,0.05350999744618204
8.126117341134406e-05,0.053540042363333186
8.126117341134406e-05,0.053675244490513314
8.126117341134406e-05,0.0537353343248156
8.126117341134406e-05,0.05382546907626902
8.126117341134406e-05,0.053855513993420166
8.126117341134406e-05,0.053885558910571306
8.126117341134406e-05,0.053915603827722446
8.126117341134406e-05,0.053960671203449155
8.126117341134406e-05,0.05406582841347815
8.126117341134406e-05,0.05412591824778043
8.126117341134406e-05,0.05445641233644298
8.126117341134406e-05,0.05448645725359412
8.126117341134406e-05,0.0545014797121697
8.126117341134406e-05,0.054531524629320836
8.126117341134406e-05,0.054636681839349825
8.126117341134406e-05,0.05466672675650097
8.126117341134406e-05,0.05471179413222768
8.126117341134406e-05,0.05474183904937882
8.126117341134406e-05,0.05498219838658795
8.126117341134406e-05,0.05501224330373909
8.126117341134406e-05,0.055267625099523786
8.126117341134406e-05,0.05529767001667493
8.126117341134406e-05,0.05570327639821533
8.126117341134406e-05,0.05573332131536647
8.126117341134406e-05,0.05577838869109318
8.126117341134406e-05,0.055913590818273316
8.126117341134406e-05,0.0559736806525756
8.126117341134406e-05,0.05613892769690688
8.126117341134406e-05,0.05616897261405802
8.126117341134406e-05,0.05639430949269157
8.126117341134406e-05,0.05642435440984272
8.126117341134406e-05,0.05643937686841829
8.126117341134406e-05,0.05646942178556943
8.126117341134406e-05,0.05655955653702285
8.126117341134406e-05,0.05658960145417399
8.126117341134406e-05,0.05696516291856325
8.126117341134406e-05,0.05699520783571439
8.126117341134406e-05,0.057551038803010504
8.126117341134406e-05,0.057596106178737214
8.126117341134406e-05,0.0579566451845509
8.126117341134406e-05,0.05798669010170204
8.126117341134406e-05,0.05803175747742875
8.126117341134406e-05,0.05807682485315547
8.126117341134406e-05,0.05810686977030661
8.126117341134406e-05,0.05813691468745775
8.126117341134406e-05,0.05816695960460889
8.126117341134406e-05,0.05818198206318446
8.126117341134406e-05,0.058212026980335604
8.126117341134406e-05,0.05840731894181802
8.126117341134406e-05,0.05845238631754473
8.126117341134406e-05,0.058602610903300434
8.126117341134406e-05,0.058632655820451574
8.126117341134406e-05,0.059263599080625534
8.126117341134406e-05,0.059308666456352244
8.126117341134406e-05,0.05969925037931708
8.126117341134406e-05,0.05972929529646822
8.126117341134406e-05,0.05974431775504379
8.126117341134406e-05,0.05977436267219493
8.126117341134406e-05,0.059879519882223925
8.126117341134406e-05,0.059939609716526204
8.126117341134406e-05,0.06005978938513077
8.126117341134406e-05,0.06011987921943305
8.126117341134406e-05,0.060164946595159766
8.126117341134406e-05,0.060210013970886475
8.126117341134406e-05,0.060225036429462045
8.126117341134406e-05,0.060255081346613185
8.126117341134406e-05,0.060270103805188754
8.126117341134406e-05,0.0603001487223399
8.126117341134406e-05,0.06036023855664218
8.126117341134406e-05,0.06039028347379332
8.126117341134406e-05,0.06040530593236889
8.126117341134406e-05,0.060450373308095606
8.126117341134406e-05,0.0607057551038803
8.126117341134406e-05,0.06075082247960701
8.126117341134406e-05,0.060840957231060436
8.126117341134406e-05,0.060886024606787145
8.126117341134406e-05,0.060916069523938285
8.126117341134406e-05,0.06094611444108943
8.126117341134406e-05,0.061126383943996276
8.126117341134406e-05,0.061201496236874126
8.126117341134406e-05,0.06127660852975198
8.126117341134406e-05,0.06130665344690312
8.126117341134406e-05,0.06132167590547869
8.126117341134406e-05,0.06135172082262983
8.126117341134406e-05,0.06166719245271681
8.126117341134406e-05,0.06169723736986795
8.126117341134406e-05,0.061892529331350365
8.126117341134406e-05,0.06192257424850151
8.126117341134406e-05,0.0620277314585305
8.126117341134406e-05,0.06205777637568165
8.126117341134406e-05,0.06211786620998393
8.126117341134406e-05,0.062147911127135066
8.126117341134406e-05,0.0623882704643442
8.126117341134406e-05,0.06241831538149534
8.126117341134406e-05,0.06300419126594259
8.126117341134406e-05,0.0630492586416693
8.126117341134406e-05,0.06307930355882044
8.126117341134406e-05,0.06310934847597158
8.126117341134406e-05,0.06315441585169829
8.126117341134406e-05,0.063199483227425
8.126117341134406e-05,0.06322952814457614
8.126117341134406e-05,0.06333468535460514
8.126117341134406e-05,0.06336473027175628
8.126117341134406e-05,0.06366517944326769
8.126117341134406e-05,0.06369522436041883
8.126117341134406e-05,0.06402571844908138
8.126117341134406e-05,0.06405576336623252
8.126117341134406e-05,0.06429612270344165
8.126117341134406e-05,0.06432616762059279
8.126117341134406e-05,0.0643712349963195
8.126117341134406e-05,0.06441630237204621
8.126117341134406e-05,0.06444634728919735
8.126117341134406e-05,0.06458154941637749
8.126117341134406e-05,0.06464163925067977
8.126117341134406e-05,0.06470172908498205
8.126117341134406e-05,0.06473177400213319
8.126117341134406e-05,0.06474679646070876
8.126117341134406e-05,0.0647768413778599
8.126117341134406e-05,0.06485195367073775
8.126117341134406e-05,0.06491204350504004
8.126117341134406e-05,0.06510733546652245
8.126117341134406e-05,0.06515240284224916
8.126117341134406e-05,0.06531764988658044
8.126117341134406e-05,0.06534769480373158
8.126117341134406e-05,0.06552796430663843
8.126117341134406e-05,0.06555800922378957
8.126117341134406e-05,0.06576832364384755
8.126117341134406e-05,0.06579836856099869
8.126117341134406e-05,0.06582841347814983
8.126117341134406e-05,0.06585845839530098
8.126117341134406e-05,0.06600868298105668
8.126117341134406e-05,0.06605375035678339
8.126117341134406e-05,0.06614388510823681
8.126117341134406e-05,0.06617393002538796
8.126117341134406e-05,0.06618895248396353
8.126117341134406e-05,0.06621899740111467
8.126117341134406e-05,0.06626406477684138
8.126117341134406e-05,0.06629410969399252
8.126117341134406e-05,0.06668469361695735
8.126117341134406e-05,0.06671473853410849
8.126117341134406e-05,0.06709029999849775
8.126117341134406e-05,0.06712034491564889
8.126117341134406e-05,0.06716541229137561
8.126117341134406e-05,0.06730061441855574
8.126117341134406e-05,0.06733065933570688
8.126117341134406e-05,0.06761608604864272
8.126117341134406e-05,0.06766115342436943
8.126117341134406e-05,0.06805173734733426
8.126117341134406e-05,0.0680817822644854
8.126117341134406e-05,0.06848738864602581
8.126117341134406e-05,0.06851743356317695
8.126117341134406e-05,0.06862259077320594
8.126117341134406e-05,0.06868268060750822
8.126117341134406e-05,0.06875779290038608
8.126117341134406e-05,0.06878783781753722
8.126117341134406e-05,0.06880286027611279
8.126117341134406e-05,0.06883290519326393
8.126117341134406e-05,0.06907326453047306
8.126117341134406e-05,0.06911833190619977
8.126117341134406e-05,0.06938873616056004
8.126117341134406e-05,0.06941878107771118
8.126117341134406e-05,0.06949389337058903
8.126117341134406e-05,0.06952393828774017
8.126117341134406e-05,0.06956900566346688
8.126117341134406e-05,0.06959905058061802
8.126117341134406e-05,0.06964411795634473
8.126117341134406e-05,0.06968918533207144
8.126117341134406e-05,0.06973425270779816
8.126117341134406e-05,0.0697642976249493
8.126117341134406e-05,0.06995958958643171
8.126117341134406e-05,0.06998963450358285
8.126117341134406e-05,0.07004972433788514
8.126117341134406e-05,0.07007976925503628
8.126117341134406e-05,0.07021497138221641
8.126117341134406e-05,0.07024501629936755
8.126117341134406e-05,0.07036519596797212
8.126117341134406e-05,0.07039524088512326
8.126117341134406e-05,0.0704252858022744
8.126117341134406e-05,0.07047035317800111
8.126117341134406e-05,0.07063560022233238
8.126117341134406e-05,0.0706806675980591
8.126117341134406e-05,0.07071071251521024
8.126117341134406e-05,0.0710862739795995
8.126117341134406e-05,0.07111631889675064
8.126117341134406e-05,0.07114636381390178
8.126117341134406e-05,0.07117640873105292
8.126117341134406e-05,0.07135667823395977
8.126117341134406e-05,0.07143179052683762
8.126117341134406e-05,0.07158201511259332
8.126117341134406e-05,0.07162708248832003
8.126117341134406e-05,0.07164210494689562
8.126117341134406e-05,0.07168717232262233
8.126117341134406e-05,0.0717021947811979
8.126117341134406e-05,0.07173223969834903
8.126117341134406e-05,0.07176228461550017
8.126117341134406e-05,0.07179232953265131
8.126117341134406e-05,0.07249838508570312
8.126117341134406e-05,0.07252843000285426
8.126117341134406e-05,0.07258851983715654
8.126117341134406e-05,0.0726185647543077
8.126117341134406e-05,0.07272372196433669
8.126117341134406e-05,0.07275376688148782
8.126117341134406e-05,0.07278381179863896
8.126117341134406e-05,0.0728138567157901
8.126117341134406e-05,0.07300914867727253
8.126117341134406e-05,0.07303919359442367
8.126117341134406e-05,0.07318941818017936
8.126117341134406e-05,0.0732194630973305
8.126117341134406e-05,0.07330959784878394
8.126117341134406e-05,0.07335466522451065
8.126117341134406e-05,0.0734297775173885
8.126117341134406e-05,0.0734748448931152
8.126117341134406e-05,0.07354995718599305
8.126117341134406e-05,0.07358000210314421
8.126117341134406e-05,0.07361004702029535
8.126117341134406e-05,0.07365511439602206
8.126117341134406e-05,0.07407574323613803
8.126117341134406e-05,0.07412081061186473
8.126117341134406e-05,0.07425601273904488
8.126117341134406e-05,0.07428605765619602
8.126117341134406e-05,0.07443628224195172
8.126117341134406e-05,0.07446632715910285
8.126117341134406e-05,0.07482686616491654
8.126117341134406e-05,0.0748569110820677
8.126117341134406e-05,0.07508224796070125
8.126117341134406e-05,0.07511229287785239
8.126117341134406e-05,0.07529256238075924
8.126117341134406e-05,0.07532260729791038
8.126117341134406e-05,0.07563807892799736
8.126117341134406e-05,0.07569816876229964
8.126117341134406e-05,0.07587843826520649
8.126117341134406e-05,0.0759235056409332
8.126117341134406e-05,0.07634413448104917
8.126117341134406e-05,0.0763741793982003
8.126117341134406e-05,0.07640422431535145
8.126117341134406e-05,0.07643426923250259
8.126117341134406e-05,0.07646431414965373
8.126117341134406e-05,0.07649435906680488
8.126117341134406e-05,0.07650938152538045
8.126117341134406e-05,0.07655444890110716
8.126117341134406e-05,0.0765844938182583
8.126117341134406e-05,0.07661453873540944
8.126117341134406e-05,0.07685489807261857
8.126117341134406e-05,0.07693001036549642
8.126117341134406e-05,0.07723045953700783
8.126117341134406e-05,0.07727552691273454
8.126117341134406e-05,0.07729054937131011
8.126117341134406e-05,0.07733561674703682
8.126117341134406e-05,0.0773957065813391
8.126117341134406e-05,0.07744077395706582
8.126117341134406e-05,0.07759099854282152
8.126117341134406e-05,0.07762104345997266
8.126117341134406e-05,0.07763606591854823
8.126117341134406e-05,0.07766611083569937
8.126117341134406e-05,0.07772620067000165
0.00016252234682268812,0.07772620067000165
0.00016252234682268812,0.07792149263148407
0.00016252234682268812,0.07795153754863521
0.00016252234682268812,0.07801162738293749
0.00016252234682268812,0.07804167230008863
0.00016252234682268812,0.07823696426157105
0.00016252234682268812,0.07829705409587333
0.00016252234682268812,0.07855243589165803
0.00016252234682268812,0.07858248080880917
0.00016252234682268812,0.07859750326738474
0.00016252234682268812,0.07864257064311145
0.00016252234682268812,0.07906319948322743
0.00016252234682268812,0.07910826685895414
0.00016252234682268812,0.07916835669325642
0.00016252234682268812,0.07919840161040756
0.00016252234682268812,0.07936364865473884
0.00016252234682268812,0.07939369357188998
0.00016252234682268812,0.07957396307479682
0.00016252234682268812,0.07961903045052353
0.00016252234682268812,0.07978427749485481
0.00016252234682268812,0.07981432241200595
0.00016252234682268812,0.08008472666636622
0.00016252234682268812,0.08011477158351736
0.00016252234682268812,0.0801448165006685
0.00016252234682268812,0.08018988387639521
0.00016252234682268812,0.08032508600357534
0.00016252234682268812,0.08035513092072649
0.00016252234682268812,0.08058046779936004
0.00016252234682268812,0.08061051271651118
0.00016252234682268812,0.08062553517508675
0.00016252234682268812,0.08067060255081347
0.00016252234682268812,0.08073069238511575
0.00016252234682268812,0.08076073730226689
0.00016252234682268812,0.08085087205372031
0.00016252234682268812,0.08088091697087145
0.00016252234682268812,0.08113629876665615
0.00016252234682268812,0.08118136614238286
0.00016252234682268812,0.08142172547959199
0.00016252234682268812,0.08148181531389427
0.00016252234682268812,0.08149683777246984
0.00016252234682268812,0.08155692760677212
0.00016252234682268812,0.08179728694398125
0.00016252234682268812,0.08182733186113239
0.00016252234682268812,0.08203764628119038
0.00016252234682268812,0.08208271365691709
0.00016252234682268812,0.08229302807697508
0.00016252234682268812,0.08232307299412622
0.00016252234682268812,0.0823831628284285
0.00016252234682268812,0.08241320774557964
0.00016252234682268812,0.08298406117145132
0.00016252234682268812,0.08301410608860246
0.00016252234682268812,0.08328451034296273
0.00016252234682268812,0.08331455526011387
0.00016252234682268812,0.08334460017726501
0.00016252234682268812,0.08337464509441615
0.00016252234682268812,0.08352486968017185
0.00016252234682268812,0.08356993705589857
0.00016252234682268812,0.0841107455646191
0.00016252234682268812,0.08414079048177024
0.00016252234682268812,0.08423092523322367
0.00016252234682268812,0.08426097015037481
0.00016252234682268812,0.08438114981897937
0.00016252234682268812,0.08441119473613051
0.00016252234682268812,0.08450132948758393
0.00016252234682268812,0.08453137440473509
0.00016252234682268812,0.08463653161476407
0.00016252234682268812,0.08466657653191521
0.00016252234682268812,0.08486186849339764
0.00016252234682268812,0.08489191341054877
0.00016252234682268812,0.08495200324485105
0.00016252234682268812,0.0849820481620022
0.00016252234682268812,0.08505716045488004
0.00016252234682268812,0.08510222783060675
0.00016252234682268812,0.08541769946069373
0.00016252234682268812,0.08546276683642044
0.00016252234682268812,0.08561299142217615
0.00016252234682268812,0.0856430363393273
0.00016252234682268812,0.085688103715054
0.00016252234682268812,0.08571814863220514
0.00016252234682268812,0.08597353042798984
0.00016252234682268812,0.08600357534514098
0.00016252234682268812,0.08618384484804784
0.00016252234682268812,0.08624393468235012
0.00016252234682268812,0.08640918172668138
0.00016252234682268812,0.0864542491024081
0.00016252234682268812,0.08672465335676836
0.00016252234682268812,0.0867546982739195
0.00016252234682268812,0.08678474319107066
0.00016252234682268812,0.08682981056679737
0.00016252234682268812,0.08688990040109965
0.00016252234682268812,0.08693496777682636
0.00016252234682268812,0.0869650126939775
0.00016252234682268812,0.08698003515255306
0.00016252234682268812,0.08702510252827977
0.00016252234682268812,0.08705514744543091
0.00016252234682268812,0.08710021482115764
0.00016252234682268812,0.0874757762855469
0.00016252234682268812,0.08750582120269804
0.00016252234682268812,0.08756591103700032
0.00016252234682268812,0.08761097841272703
0.00016252234682268812,0.08770111316418044
0.00016252234682268812,0.08776120299848274
0.00016252234682268812,0.088136764462872
0.00016252234682268812,0.08816680938002314
0.00016252234682268812,0.08824192167290099
0.00016252234682268812,0.08827196659005213
0.00016252234682268812,0.08891793230880166
0.00016252234682268812,0.0889479772259528
0.00016252234682268812,0.08917331410458636
0.00016252234682268812,0.0892033590217375
0.00016252234682268812,0.08930851623176649
0.00016252234682268812,0.08935358360749321
0.00016252234682268812,0.08944371835894663
0.00016252234682268812,0.08947376327609777
0.00016252234682268812,0.08957892048612676
0.00016252234682268812,0.0896089654032779
0.00016252234682268812,0.0897141226133069
0.00016252234682268812,0.08974416753045804
0.00016252234682268812,0.08984932474048703
0.00016252234682268812,0.08987936965763817
0.00016252234682268812,0.09004461670196945
0.00016252234682268812,0.09008968407769616
0.00016252234682268812,0.09058542521068998
0.00016252234682268812,0.09063049258641669
0.00016252234682268812,0.09082578454789911
0.00016252234682268812,0.09085582946505025
0.00016252234682268812,0.09099103159223039
0.00016252234682268812,0.09102107650938153
0.00016252234682268812,0.09114125617798609
0.00016252234682268812,0.09117130109513723
0.00016252234682268812,0.0911863235537128
0.00016252234682268812,0.09121636847086394
0.00016252234682268812,0.09127645830516623
0.00016252234682268812,0.09130650322231737
0.00016252234682268812,0.09166704222813106
0.00016252234682268812,0.0916970871452822
0.00016252234682268812,0.09174215452100891
0.00016252234682268812,0.09177219943816005
0.00016252234682268812,0.09178722189673562
0.00016252234682268812,0.0918473117310379
0.00016252234682268812,0.0919524689410669
0.00016252234682268812,0.09199753631679361
0.00016252234682268812,0.09205762615109589
0.00016252234682268812,0.09208767106824703
0.00016252234682268812,0.09217780581970045
0.00016252234682268812,0.09220785073685159
0.00016252234682268812,0.09243318761548515
0.00016252234682268812,0.09246323253263629
0.00016252234682268812,0.092508299908363
0.00016252234682268812,0.09253834482551414
0.00016252234682268812,0.09279372662129884
0.00016252234682268812,0.09285381645560112
0.00016252234682268812,0.09294395120705455
0.00016252234682268812,0.09297399612420569
0.00016252234682268812,0.09300404104135683
0.00016252234682268812,0.09303408595850797
0.00016252234682268812,0.0931692880856881
0.00016252234682268812,0.09321435546141482
0.00016252234682268812,0.09322937791999039
0.00016252234682268812,0.09325942283714153
0.00016252234682268812,0.09330449021286824
0.00016252234682268812,0.09333453513001938
0.00016252234682268812,0.09343969234004837
0.00016252234682268812,0.09346973725719951
0.00016252234682268812,0.09349978217435065
0.00016252234682268812,0.0935298270915018
0.00016252234682268812,0.09374014151155978
0.00016252234682268812,0.09377018642871092
0.00016252234682268812,0.09407063560022233
0.00016252234682268812,0.09410068051737347
0.00016252234682268812,0.09429597247885589
0.00016252234682268812,0.09432601739600703
0.00016252234682268812,0.09440112968888488
0.00016252234682268812,0.09444619706461159
0.00016252234682268812,0.09494193819760542
0.00016252234682268812,0.09497198311475656
0.00016252234682268812,0.09507714032478555
0.00016252234682268812,0.09512220770051226
0.00016252234682268812,0.09531749966199468
0.00016252234682268812,0.09534754457914582
0.00016252234682268812,0.09536256703772139
0.00016252234682268812,0.09539261195487253
0.00016252234682268812,0.09575315096068622
0.00016252234682268812,0.09578319587783737
0.00016252234682268812,0.09590337554644193
0.00016252234682268812,0.09593342046359307
0.00016252234682268812,0.09611368996649992
0.00016252234682268812,0.09614373488365106
0.00016252234682268812,0.09659440864091817
0.00016252234682268812,0.09662445355806931
0.00016252234682268812,0.09663947601664488
0.00016252234682268812,0.09666952093379602
0.00016252234682268812,0.09687983535385401
0.00016252234682268812,0.09690988027100515
0.00016252234682268812,0.09703005993960971
0.00016252234682268812,0.09706010485676085
0.00016252234682268812,0.09707512731533643
0.00016252234682268812,0.09713521714963871
0.00016252234682268812,0.09757086844833025
0.00016252234682268812,0.09760091336548139
0.00016252234682268812,0.09763095828263253
0.00016252234682268812,0.09766100319978367
0.00016252234682268812,0.0977511379512371
0.00016252234682268812,0.09778118286838824
0.00016252234682268812,0.0981567443327775
0.00016252234682268812,0.09818678924992864
0.00016252234682268812,0.09827692400138206
0.00016252234682268812,0.0983069689185332
0.00016252234682268812,0.09854732825574233
0.00016252234682268812,0.09860741809004461
0.00016252234682268812,0.09863746300719575
0.00016252234682268812,0.09866750792434689
0.00016252234682268812,0.09887782234440488
0.00016252234682268812,0.09890786726155602
0.00016252234682268812,0.09935854101882315
0.00016252234682268812,0.09938858593597429
0.00016252234682268812,0.09944867577027657
0.00016252234682268812,0.0994787206874277
0.00016252234682268812,0.09949374314600327
0.00016252234682268812,0.09953881052172998
0.00016252234682268812,0.09956885543888112
0.00016252234682268812,0.09970405756606127
0.00016252234682268812,0.0997341024832124
0.00016252234682268812,0.0999894842789971
0.00016252234682268812,0.10001952919614825
0.00016252234682268812,0.10066549491489778
0.00016252234682268812,0.10069553983204892
0.00016252234682268812,0.10074060720777563
0.00016252234682268812,0.10077065212492677
0.00016252234682268812,0.10107110129643818
0.00016252234682268812,0.10110114621358932
0.00016252234682268812,0.10117625850646716
0.00016252234682268812,0.10122132588219387
0.00016252234682268812,0.10125137079934501
0.00016252234682268812,0.10138657292652516
0.00016252234682268812,0.10143164030225187
0.00016252234682268812,0.10144666276082744
0.00016252234682268812,0.10149173013655415
0.00016252234682268812,0.10150675259512972
0.00016252234682268812,0.10153679751228085
0.00016252234682268812,0.10155181997085642
0.00016252234682268812,0.10158186488800758
0.00016252234682268812,0.10161190980515872
0.00016252234682268812,0.10165697718088543
0.00016252234682268812,0.10176213439091442
0.00016252234682268812,0.10185226914236784
0.00016252234682268812,0.10191235897667013
0.00016252234682268812,0.10194240389382127
0.00016252234682268812,0.10230294289963496
0.00016252234682268812,0.1023329878167861
0.00016252234682268812,0.1025883696125708
0.00016252234682268812,0.10261841452972194
0.00016252234682268812,0.10291886370123335
0.00016252234682268812,0.10296393107696006
0.00016252234682268812,0.10297895353553563
0.00016252234682268812,0.10300899845268677
0.00016252234682268812,0.10305406582841348
0.00016252234682268812,0.10308411074556462
0.00016252234682268812,0.10323433533132033
0.00016252234682268812,0.10326438024847147
0.00016252234682268812,0.10366998663001187
0.00016252234682268812,0.10370003154716301
0.00016252234682268812,0.10419577268015684
0.00016252234682268812,0.10422581759730798
0.00016252234682268812,0.1043159523487614
0.00016252234682268812,0.10434599726591254
0.00016252234682268812,0.10458635660312167
0.00016252234682268812,0.10461640152027281
0.00016252234682268812,0.10493187315035979
0.00016252234682268812,0.10496191806751093
0.00016252234682268812,0.10508209773611549
0.00016252234682268812,0.10511214265326663
0.00016252234682268812,0.10512716511184221
0.00016252234682268812,0.10515721002899335
0.00016252234682268812,0.1052323223218712
0.00016252234682268812,0.10526236723902234
0.00016252234682268812,0.10527738969759791
0.00016252234682268812,0.10530743461474905
0.00016252234682268812,0.10536752444905133
0.00016252234682268812,0.10539756936620247
0.00016252234682268812,0.10545765920050476
0.00016252234682268812,0.10550272657623147
0.00016252234682268812,0.10566797362056274
0.00016252234682268812,0.10569801853771388
0.00016252234682268812,0.10622380458785885
0.00016252234682268812,0.10628389442216113
0.00016252234682268812,0.10656932113509697
0.00016252234682268812,0.10662941096939925
0.00016252234682268812,0.10665945588655039
0.00016252234682268812,0.10677963555515496
0.00016252234682268812,0.1068096804723061
0.00016252234682268812,0.10697492751663737
0.00016252234682268812,0.10700497243378851
0.00016252234682268812,0.10723030931242207
0.00016252234682268812,0.10727537668814878
0.00016252234682268812,0.10735048898102663
0.00016252234682268812,0.10738053389817778
0.00016252234682268812,0.1076208932353869
0.00016252234682268812,0.10765093815253804
0.00016252234682268812,0.10801147715835173
0.00016252234682268812,0.10804152207550288
0.00016252234682268812,0.108281881412712
0.00016252234682268812,0.10831192632986314
0.00016252234682268812,0.10862739795995012
0.00016252234682268812,0.10865744287710126
0.00016252234682268812,0.10868748779425241
0.00016252234682268812,0.10871753271140355
0.00016252234682268812,0.10885273483858368
0.00016252234682268812,0.10889780221431039
0.00016252234682268812,0.10895789204861267
0.00016252234682268812,0.10898793696576382
0.00016252234682268812,0.10907807171721724
0.00016252234682268812,0.10910811663436838
0.00016252234682268812,0.10927336367869965
0.00016252234682268812,0.10933345351300194
0.00016252234682268812,0.10936349843015308
0.00016252234682268812,0.10937852088872865
0.00016252234682268812,0.10943861072303093
0.00016252234682268812,0.10963390268451335
0.00016252234682268812,0.1096639476016645
0.00016252234682268812,0.11014466627608274
0.00016252234682268812,0.11017471119323388
0.00016252234682268812,0.1103249357789896
0.00016252234682268812,0.11035498069614073
0.00016252234682268812,0.11044511544759415
0.00016252234682268812,0.11047516036474529
0.00016252234682268812,0.11068547478480328
0.00016252234682268812,0.11071551970195442
0.00016252234682268812,0.1109859239563147
0.00016252234682268812,0.11101596887346583
0.00016252234682268812,0.1110309913320414
0.00016252234682268812,0.11106103624919254
0.00016252234682268812,0.11110610362491925
0.00016252234682268812,0.11113614854207039
0.00016252234682268812,0.1112863731278261
0.00016252234682268812,0.11131641804497724
0.00016252234682268812,0.11149668754788408
0.00016252234682268812,0.11152673246503522
0.00016252234682268812,0.11161686721648865
0.00016252234682268812,0.11166193459221536
0.00016252234682268812,0.11208256343233133
0.00016252234682268812,0.11211260834948247
0.00016252234682268812,0.11229287785238933
0.00016252234682268812,0.11233794522811603
0.00016252234682268812,0.1125031922724473
0.00016252234682268812,0.11253323718959846
0.00016252234682268812,0.11269848423392972
0.00016252234682268812,0.11272852915108086
0.00016252234682268812,0.11277359652680757
0.00016252234682268812,0.11278861898538314
0.00016252234682268812,0.11283368636110985
0.00016252234682268812,0.11313413553262126
0.00016252234682268812,0.1131641804497724
0.00016252234682268812,0.11320924782549913
0.00016252234682268812,0.11323929274265027
0.00016252234682268812,0.11329938257695255
0.00016252234682268812,0.11332942749410368
0.00016252234682268812,0.11338951732840596
0.00016252234682268812,0.1134195622455571
0.00016252234682268812,0.11394534829570208
0.00016252234682268812,0.11397539321285322
0.00016252234682268812,0.11402046058857992
0.00016252234682268812,0.11405050550573106
0.00016252234682268812,0.11424579746721349
0.00016252234682268812,0.11427584238436463
0.00016252234682268812,0.11460633647302718
0.00016252234682268812,0.11463638139017832
0.00016252234682268812,0.11468144876590503
0.00016252234682268812,0.11472651614163173
0.00016252234682268812,0.1147415386002073
0.00016252234682268812,0.11477158351735844
0.00016252234682268812,0.11489176318596302
0.00016252234682268812,0.11492180810311416
0.00016252234682268812,0.11502696531314315
0.00016252234682268812,0.11505701023029428
0.00016252234682268812,0.11513212252317215
0.00016252234682268812,0.11516216744032329
0.00016252234682268812,0.11529736956750342
0.00016252234682268812,0.11532741448465456
0.00016252234682268812,0.11544759415325913
0.00016252234682268812,0.11549266152898584
0.00016252234682268812,0.11552270644613698
0.00016252234682268812,0.11555275136328812
0.00016252234682268812,0.11576306578334611
0.00016252234682268812,0.11579311070049725
0.00016252234682268812,0.1159132903691018
0.00016252234682268812,0.11594333528625295
0.00016252234682268812,0.11609355987200866
0.00016252234682268812,0.1161236047891598
0.00016252234682268812,0.11645409887782235
0.00016252234682268812,0.11649916625354906
0.00016252234682268812,0.11651418871212463
0.00016252234682268812,0.11658930100500248
0.00016252234682268812,0.11663436838072919
0.00016252234682268812,0.11666441329788033
0.00016252234682268812,0.11669445821503147
0.00016252234682268812,0.11675454804933376
0.00016252234682268812,0.117340423933781
0.00016252234682268812,0.11738549130950772
0.00016252234682268812,0.11744558114381
0.00016252234682268812,0.11747562606096114
0.00016252234682268812,0.11753571589526342
0.00016252234682268812,0.11758078327099013
0.00016252234682268812,0.11791127735965268
0.00016252234682268812,0.11794132227680382
0.00016252234682268812,0.11798638965253053
0.00016252234682268812,0.11803145702825725
0.00016252234682268812,0.11806150194540839
0.00016252234682268812,0.11812159177971067
0.00016252234682268812,0.11827181636546637
0.00016252234682268812,0.11831688374119308
0.00016252234682268812,0.1185121757026755
0.00016252234682268812,0.11854222061982664
0.00016252234682268812,0.11866240028843121
0.00016252234682268812,0.11869244520558235
0.00016252234682268812,0.11882764733276248
0.00016252234682268812,0.11885769224991362
0.00016252234682268812,0.11900791683566933
0.00016252234682268812,0.11903796175282047
0.00016252234682268812,0.11938347830005859
0.00016252234682268812,0.1194285456757853
0.00016252234682268812,0.11948863551008758
0.00016252234682268812,0.11951868042723872
0.00016252234682268812,0.11977406222302342
0.00016252234682268812,0.11980410714017456
0.00016252234682268812,0.11996935418450584
0.00016252234682268812,0.11999939910165698
0.00016252234682268812,0.12013460122883711
0.00016252234682268812,0.12019469106313939
0.00016252234682268812,0.1202397584388661
0.00016252234682268812,0.12042002794177295
0.00016252234682268812,0.12046509531749966
0.00016252234682268812,0.12048011777607523
0.00016252234682268812,0.12054020761037751
0.00016252234682268812,0.12055523006895308
0.00016252234682268812,0.12058527498610423
0.00016252234682268812,0.12061531990325537
0.00016252234682268812,0.12064536482040651
0.00016252234682268812,0.12090074661619121
0.00016252234682268812,0.12094581399191792
0.00016252234682268812,0.12162182462781859
0.00016252234682268812,0.12165186954496973
0.00016252234682268812,0.12180209413072543
0.00016252234682268812,0.12183213904787657
0.00016252234682268812,0.12216263313653912
0.00016252234682268812,0.12222272297084141
0.00016252234682268812,0.12228281280514369
0.00016252234682268812,0.12231285772229483
0.00016252234682268812,0.1223278801808704
0.00016252234682268812,0.12235792509802154
0.00016252234682268812,0.12237294755659711
0.00016252234682268812,0.12240299247374825
0.00016252234682268812,0.12241801493232382
0.00016252234682268812,0.12244805984947496
0.00016252234682268812,0.12250814968377725
0.00016252234682268812,0.1225381946009284
0.00016252234682268812,0.1227334865624108
0.00016252234682268812,0.12276353147956194
0.00016252234682268812,0.12309402556822449
0.00016252234682268812,0.12315411540252678
0.00016252234682268812,0.12398035062418315
0.00016252234682268812,0.12401039554133429
0.00016252234682268812,0.12404044045848543
0.00016252234682268812,0.12407048537563657
0.00016252234682268812,0.12414559766851443
0.00016252234682268812,0.12432586717142127
0.00016252234682268812,0.12435591208857241
0.00016252234682268812,0.12450613667432812
0.00016252234682268812,0.12453618159147926
0.00016252234682268812,0.12458124896720597
0.00016252234682268812,0.12461129388435711
0.00016252234682268812,0.12503192272447308
0.00016252234682268812,0.1250769901001998
0.00016252234682268812,0.1251220574759265
0.00016252234682268812,0.12518214731022878
0.00016252234682268812,0.12540748418886236
0.00016252234682268812,0.1254375291060135
0.00016252234682268812,0.12560277615034476
0.00016252234682268812,0.1256328210674959
0.00016252234682268812,0.12600838253188518
0.00016252234682268812,0.12603842744903632
0.00016252234682268812,0.1260985172833386
0.00016252234682268812,0.12612856220048974
0.00016252234682268812,0.12620367449336758
0.00016252234682268812,0.12623371941051872
0.00016252234682268812,0.12630883170339657
0.00016252234682268812,0.12636892153769885
0.00016252234682268812,0.12642901137200113
0.00016252234682268812,0.12645905628915227
0.00016252234682268812,0.12672946054351256
0.00016252234682268812,0.12677452791923927
0.00016252234682268812,0.12689470758784382
0.00016252234682268812,0.12692475250499496
0.00016252234682268812,0.12698484233929724
0.00016252234682268812,0.12701488725644838
0.00016252234682268812,0.12721017921793082
0.00016252234682268812,0.12725524659365753
0.00016252234682268812,0.12769089789234905
0.00016252234682268812,0.12773596526807576
0.00016252234682268812,0.1278861898538315
0.00016252234682268812,0.1279312572295582
0.00016252234682268812,0.12806645935673833
0.00016252234682268812,0.12809650427388947
0.00016252234682268812,0.1282317064010696
0.00016252234682268812,0.12826175131822073
0.00016252234682268812,0.12847206573827874
0.00016252234682268812,0.12853215557258102
0.00016252234682268812,0.12856220048973216
0.00016252234682268812,0.12868238015833672
0.00016252234682268812,0.128742469992639
0.00016252234682268812,0.1295086153799931
0.00016252234682268812,0.12953866029714423
0.00016252234682268812,0.12964381750717321
0.00016252234682268812,0.12967386242432435
0.00016252234682268812,0.12982408701008008
0.00016252234682268812,0.1298691543858068
0.00016252234682268812,0.13000435651298692
0.00016252234682268812,0.13003440143013806
0.00016252234682268812,0.13004942388871363
0.00016252234682268812,0.13007946880586477
0.00016252234682268812,0.13027476076734718
0.00016252234682268812,0.13030480568449831
0.00016252234682268812,0.13037991797737616
0.00016252234682268812,0.13044000781167847
0.00016252234682268812,0.1307254345246143
0.00016252234682268812,0.13078552435891658
0.00016252234682268812,0.13090570402752114
0.00016252234682268812,0.13093574894467228
0.00016252234682268812,0.13114606336473028
0.00016252234682268812,0.13117610828188142
0.00016252234682268812,0.1313864227019394
0.00016252234682268812,0.13141646761909054
0.00016252234682268812,0.1314314900776661
0.00016252234682268812,0.13146153499481725
0.00016252234682268812,0.13150660237054396
0.00016252234682268812,0.1315366472876951
0.00016252234682268812,0.1315817146634218
0.00016252234682268812,0.13162678203914852
0.00016252234682268812,0.1320023435035378
0.00016252234682268812,0.1320474108792645
0.00016252234682268812,0.13252812955368276
0.00016252234682268812,0.1325581744708339
0.00016252234682268812,0.13278351134946745
0.00016252234682268812,0.13282857872519416
0.00016252234682268812,0.13288866855949644
0.00016252234682268812,0.13335436477533913
0.00016252234682268812,0.13339943215106584
0.00016252234682268812,0.1334745444439437
0.00016252234682268812,0.1335196118196704
0.00016252234682268812,0.13354965673682154
0.00016252234682268812,0.13366983640542612
0.00016252234682268812,0.13369988132257726
0.00016252234682268812,0.1339252182012108
0.00016252234682268812,0.13397028557693752
0.00016252234682268812,0.1339853080355131
0.00016252234682268812,0.13401535295266423
0.00016252234682268812,0.13425571228987335
0.00016252234682268812,0.13428575720702451
0.00016252234682268812,0.13431580212417565
0.00016252234682268812,0.1343458470413268
0.00016252234682268812,0.13472140850571604
0.00016252234682268812,0.13476647588144275
0.00016252234682268812,0.1347965207985939
0.00016252234682268812,0.1348415881743206
0.00016252234682268812,0.13491670046719847
0.00016252234682268812,0.13497679030150075
0.00016252234682268812,0.1350969699701053
0.00016252234682268812,0.13514203734583202
0.00016252234682268812,0.13542746405876785
0.00016252234682268812,0.135457508975919
0.00016252234682268812,0.13563777847882585
0.00016252234682268812,0.135667823395977
0.00016252234682268812,0.13580302552315712
0.00016252234682268812,0.13583307044030826
0.00016252234682268812,0.13610347469466852
0.00016252234682268812,0.13613351961181966
0.00016252234682268812,0.13617858698754637
0.00016252234682268812,0.13620863190469754
0.00016252234682268812,0.13626872173899982
0.00016252234682268812,0.13629876665615095
0.00016252234682268812,0.13655414845193564
0.00016252234682268812,0.13658419336908678
0.00016252234682268812,0.13700482220920276
0.00016252234682268812,0.1370348671263539
0.00016252234682268812,0.13715504679495846
0.00016252234682268812,0.13720011417068517
0.00016252234682268812,0.13721513662926074
0.00016252234682268812,0.13724518154641188
0.00016252234682268812,0.13739540613216758
0.00016252234682268812,0.13742545104931872
0.00016252234682268812,0.1374404735078943
0.00016252234682268812,0.1375005633421966
0.00016252234682268812,0.1375456307179233
0.00016252234682268812,0.13760572055222559
0.00016252234682268812,0.13763576546937673
0.00016252234682268812,0.13801132693376597
0.00016252234682268812,0.1380413718509171
0.00016252234682268812,0.13808643922664382
0.00016252234682268812,0.13813150660237056
0.00016252234682268812,0.1381615515195217
0.00016252234682268812,0.13885258461399794
0.00016252234682268812,0.13888262953114908
0.00016252234682268812,0.1392131236198116
0.00016252234682268812,0.13924316853696275
0.00016252234682268812,0.13939339312271845
0.00016252234682268812,0.13942343803986962
0.00016252234682268812,0.13957366262562532
0.00016252234682268812,0.13961873000135203
0.00016252234682268812,0.13972388721138101
0.00016252234682268812,0.13975393212853215
0.00016252234682268812,0.13991917917286342
0.00016252234682268812,0.13994922409001456
0.00016252234682268812,0.14003935884146798
0.00016252234682268812,0.14006940375861915
0.00016252234682268812,0.14062523472591523
0.00016252234682268812,0.14065527964306637
0.00016252234682268812,0.1407003470187931
0.00016252234682268812,0.14073039193594425
0.00016252234682268812,0.14074541439451982
0.00016252234682268812,0.14077545931167096
0.00016252234682268812,0.1408505716045488
0.00016252234682268812,0.1409106614388511
0.00016252234682268812,0.14092568389742666
0.00016252234682268812,0.1409557288145778
0.00016252234682268812,0.1411510207760602
0.00016252234682268812,0.14118106569321134
0.00016252234682268812,0.14137635765469378
0.00016252234682268812,0.14140640257184492
0.00016252234682268812,0.14160169453332733
0.00016252234682268812,0.14163173945047847
0.00016252234682268812,0.14164676190905404
0.00016252234682268812,0.14167680682620518
0.00016252234682268812,0.14170685174335632
0.00016252234682268812,0.14173689666050746
0.00016252234682268812,0.14178196403623416
0.00016252234682268812,0.1418120089533853
0.00016252234682268812,0.14199227845629217
0.00016252234682268812,0.1420223233734433
0.00016252234682268812,0.14203734583201888
0.00016252234682268812,0.1420824132077456
0.00016252234682268812,0.14211245812489673
0.00016252234682268812,0.14220259287635015
0.00016252234682268812,0.1422326377935013
0.00016252234682268812,0.14224766025207686
0.00016252234682268812,0.142277705169228
0.00016252234682268812,0.14229272762780357
0.00016252234682268812,0.1423227725449547
0.00016252234682268812,0.14238286237925699
0.00016252234682268812,0.1424279297549837
0.00016252234682268812,0.14245797467213484
0.00016252234682268812,0.14251806450643711
0.00016252234682268812,0.14266828909219284
0.00016252234682268812,0.14269833400934398
0.00016252234682268812,0.14307389547373323
0.00016252234682268812,0.14310394039088437
0.00016252234682268812,0.1434945243138492
0.00016252234682268812,0.14352456923100035
0.00016252234682268812,0.1435996815238782
0.00016252234682268812,0.14362972644102934
0.00016252234682268812,0.1437949734853606
0.00016252234682268812,0.14382501840251175
0.00016252234682268812,0.14393017561254076
0.00016252234682268812,0.1439602205296919
0.00016252234682268812,0.1440653777397209
0.00016252234682268812,0.14412546757402317
0.00016252234682268812,0.1441555124911743
0.00016252234682268812,0.14418555740832545
0.00016252234682268812,0.14433578199408115
0.00016252234682268812,0.1443658269112323
0.00016252234682268812,0.1444559616626857
0.00016252234682268812,0.14448600657983685
0.00016252234682268812,0.14450102903841242
0.00016252234682268812,0.14453107395556355
0.00016252234682268812,0.14456111887271472
0.00016252234682268812,0.14459116378986586
0.00016252234682268812,0.144621208707017
0.00016252234682268812,0.1446662760827437
0.00016252234682268812,0.14474138837562156
0.00016252234682268812,0.1447714332927727
0.00016252234682268812,0.1448165006684994
0.00016252234682268812,0.14484654558565055
0.00016252234682268812,0.14501179262998182
0.00016252234682268812,0.14504183754713296
0.00016252234682268812,0.1452371295086154
0.00016252234682268812,0.14526717442576653
0.00016252234682268812,0.1452821968843421
0.00016252234682268812,0.14531224180149324
0.00016252234682268812,0.1453873540943711
0.00016252234682268812,0.14541739901152223
0.00016252234682268812,0.1454324214700978
0.00016252234682268812,0.1454774888458245
0.00016252234682268812,0.14552255622155122
0.00016252234682268812,0.14555260113870236
0.00016252234682268812,0.14579296047591148
0.00016252234682268812,0.14582300539306262
0.00016252234682268812,0.14597322997881834
0.00016252234682268812,0.14601829735454505
0.00016252234682268812,0.14610843210599847
0.00016252234682268812,0.1461384770231496
0.00016252234682268812,0.14631874652605645
0.00016252234682268812,0.1463487914432076
0.00016252234682268812,0.14637883636035873
0.00016252234682268812,0.14642390373608544
0.00016252234682268812,0.14657412832184116
0.00016252234682268812,0.14661919569756787
0.00016252234682268812,0.14669430799044572
0.00016252234682268812,0.14673937536617243
0.00016252234682268812,0.1467994652004747
0.00016252234682268812,0.14682951011762585
0.00016252234682268812,0.14708489191341054
0.00016252234682268812,0.14711493683056168
0.00016252234682268812,0.14729520633346854
0.00016252234682268812,0.14734027370919525
0.00016252234682268812,0.1474153860020731
0.00016252234682268812,0.14747547583637538
0.00016252234682268812,0.14753556567067766
0.00016252234682268812,0.14758063304640437
0.00016252234682268812,0.1476106779635555
0.00016252234682268812,0.1477158351735845
0.00016252234682268812,0.14774588009073564
0.00016252234682268812,0.14783601484218908
0.00016252234682268812,0.14786605975934022
0.00016252234682268812,0.1485420703952409
0.00016252234682268812,0.14860216022954317
0.00016252234682268812,0.14867727252242102
0.00016252234682268812,0.14872233989814773
0.00016252234682268812,0.14882749710817672
0.00016252234682268812,0.14885754202532786
0.00016252234682268812,0.14900776661108356
0.00016252234682268812,0.14905283398681027
0.00016252234682268812,0.14917301365541485
0.00016252234682268812,0.149203058572566
0.00016252234682268812,0.14932323824117055
0.00016252234682268812,0.1493532831583217
0.00016252234682268812,0.14938332807547283
0.00016252234682268812,0.14941337299262397
0.00016252234682268812,0.14951853020265296
0.00016252234682268812,0.1495485751198041
0.00016252234682268812,0.14956359757837967
0.00016252234682268812,0.1495936424955308
0.00016252234682268812,0.14962368741268195
0.00016252234682268812,0.14966875478840866
0.00016252234682268812,0.14972884462271097
0.00016252234682268812,0.14977391199843768
0.00016252234682268812,0.14984902429131552
0.00016252234682268812,0.1499091141256178
0.00016252234682268812,0.15017951837997806
0.00016252234682268812,0.15022458575570477
0.00016252234682268812,0.15040485525861164
0.00016252234682268812,0.15043490017576278
0.00016252234682268812,0.15051001246864062
0.00016252234682268812,0.15054005738579176
0.00016252234682268812,0.15064521459582075
0.00016252234682268812,0.15069028197154746
0.00016252234682268812,0.15075037180584974
0.00016252234682268812,0.15078041672300088
0.00016252234682268812,0.15139633752459927
0.00016252234682268812,0.1514263824417504
0.00016252234682268812,0.15156158456893054
0.00016252234682268812,0.15159162948608168
0.00016252234682268812,0.15168176423753513
0.00016252234682268812,0.1517418540718374
0.00016252234682268812,0.15177189898898855
0.00016252234682268812,0.15178692144756412
0.00016252234682268812,0.15181696636471526
0.00016252234682268812,0.15222257274625564
0.00016252234682268812,0.15226764012198235
0.00016252234682268812,0.1523577748734358
0.00016252234682268812,0.15238781979058694
0.00016252234682268812,0.15277840371355175
0.00016252234682268812,0.1528084486307029
0.00016252234682268812,0.1528535160064296
0.00016252234682268812,0.1528985833821563
0.00016252234682268812,0.15292862829930745
0.00016252234682268812,0.15307885288506318
0.00016252234682268812,0.15310889780221432
0.00016252234682268812,0.15327414484654558
0.00016252234682268812,0.15333423468084786
0.00016252234682268812,0.153364279597999
0.00016252234682268812,0.15343939189087685
0.00016252234682268812,0.15381495335526613
0.00016252234682268812,0.15384499827241727
0.00016252234682268812,0.15401024531674853
0.00016252234682268812,0.15405531269247524
0.00016252234682268812,0.15440082923971338
0.00016252234682268812,0.15443087415686452
0.00016252234682268812,0.15494163774843392
0.00016252234682268812,0.15497168266558506
0.00016252234682268812,0.15509186233418962
0.00016252234682268812,0.15512190725134076
0.00016252234682268812,0.15516697462706747
0.00016252234682268812,0.1551970195442186
0.00016252234682268812,0.15524208691994532
0.00016252234682268812,0.15528715429567203
0.00016252234682268812,0.15543737888142772
0.00016252234682268812,0.1555575585500323
0.00016252234682268812,0.15602325476587497
0.00016252234682268812,0.15606832214160168
0.00016252234682268812,0.15614343443447953
0.00016252234682268812,0.15620352426878184
0.00016252234682268812,0.1562185467273574
0.00016252234682268812,0.15624859164450855
0.00016252234682268812,0.1563687713131131
0.00016252234682268812,0.15641383868883982
0.00016252234682268812,0.1565790857331711
0.00016252234682268812,0.15660913065032223
0.00016252234682268812,0.1567743776946535
0.00016252234682268812,0.15680442261180466
0.00016252234682268812,0.1569846921147115
0.00016252234682268812,0.1570297594904382
0.00016252234682268812,0.1572400739104962
0.00016252234682268812,0.15727011882764733
0.00016252234682268812,0.15730016374479847
0.00016252234682268812,0.15737527603767631
0.00016252234682268812,0.15761563537488546
0.00016252234682268812,0.1576456802920366
0.00016252234682268812,0.15773581504349002
0.00016252234682268812,0.15776585996064116
0.00016252234682268812,0.1579911968392747
0.00016252234682268812,0.15803626421500142
0.00016252234682268812,0.15809635404930372
0.00016252234682268812,0.15812639896645486
0.00016252234682268812,0.15844187059654183
0.00016252234682268812,0.15847191551369297
0.00016252234682268812,0.1585019604308441
0.00016252234682268812,0.15854702780657082
0.00016252234682268812,0.15878738714377996
0.00016252234682268812,0.1588174320609311
0.00016252234682268812,0.1588624994366578
0.00016252234682268812,0.15890756681238452
0.00016252234682268812,0.1591178812324425
0.00016252234682268812,0.15917797106674478
0.00016252234682268812,0.1592681058181982
0.00016252234682268812,0.15929815073534934
0.00016252234682268812,0.15955353253113405
0.00016252234682268812,0.1596286448240119
0.00016252234682268812,0.1596737121997386
0.00016252234682268812,0.15970375711688975
0.00016252234682268812,0.15979389186834317
0.00016252234682268812,0.1598239367854943
0.00016252234682268812,0.15991407153694773
0.00016252234682268812,0.15994411645409887
0.00016252234682268812,0.15998918382982558
0.00016252234682268812,0.16006429612270345
0.00016252234682268812,0.1600943410398546
0.00016252234682268812,0.16010936349843016
0.00016252234682268812,0.1601394084155813
0.00016252234682268812,0.16021452070845915
0.00016252234682268812,0.16030465545991257
0.00016252234682268812,0.1603347003770637
0.00016252234682268812,0.16072528430002855
0.00016252234682268812,0.1607553292171797
0.00016252234682268812,0.16093559872008653
0.00016252234682268812,0.16096564363723767
0.00016252234682268812,0.1609956885543888
0.00016252234682268812,0.16102573347153995
0.00016252234682268812,0.16123604789159793
0.00016252234682268812,0.1612961377259002
0.00016252234682268812,0.16149142968738264
0.00016252234682268812,0.16153649706310935
0.00016252234682268812,0.16164165427313834
0.00016252234682268812,0.16168672164886505
0.00016252234682268812,0.16170174410744062
0.00016252234682268812,0.16173178902459176
0.00016252234682268812,0.16201721573752761
0.00016252234682268812,0.16204726065467875
0.00016252234682268812,0.16224255261616116
0.00016252234682268812,0.1622725975333123
0.00016252234682268812,0.16251295687052142
0.00016252234682268812,0.16255802424624813
0.00016252234682268812,0.1625730467048237
0.00016252234682268812,0.16260309162197487
0.00016252234682268812,0.162738293749155
0.00016252234682268812,0.16276833866630613
0.00016252234682268812,0.1630838102963931
0.00016252234682268812,0.16311385521354424
0.00016252234682268812,0.16321901242357323
0.00016252234682268812,0.1632490573407244
0.00016252234682268812,0.16351946159508465
0.00016252234682268812,0.1635495065122358
0.00016252234682268812,0.16377484339086934
0.00016252234682268812,0.16380488830802048
0.00016252234682268812,0.1638499556837472
0.00016252234682268812,0.16388000060089836
0.00016252234682268812,0.1643607192753166
0.00016252234682268812,0.16442080910961887
0.00016252234682268812,0.16445085402677
0.00016252234682268812,0.16448089894392115
0.00016252234682268812,0.16475130319828143
0.00016252234682268812,0.16481139303258371
0.00016252234682268812,0.16490152778403713
0.00016252234682268812,0.16493157270118827
0.00016252234682268812,0.16500668499406612
0.00016252234682268812,0.1650667748283684
0.00016252234682268812,0.16508179728694397
0.00016252234682268812,0.16512686466267068
0.00016252234682268812,0.16541229137560653
0.00016252234682268812,0.16544233629275767
0.00016252234682268812,0.16548740366848438
0.00016252234682268812,0.16602821217720493
0.00016252234682268812,0.16605825709435607
0.00016252234682268812,0.1661934592215362
0.00016252234682268812,0.1662385265972629
0.00016252234682268812,0.16647888593447205
0.00016252234682268812,0.16652395331019876
0.00016252234682268812,0.1666591554373789
0.00016252234682268812,0.16668920035453003
0.00016252234682268812,0.1667492901888323
0.00016252234682268812,0.16679435756455901
0.00016252234682268812,0.166899514774588
0.00016252234682268812,0.1669445821503147
0.00016252234682268812,0.16697462706746585
0.00016252234682268812,0.167004671984617
0.00016252234682268812,0.1671699190289483
0.00016252234682268812,0.16719996394609943
0.00016252234682268812,0.16723000886325057
0.00016252234682268812,0.16730512115612842
0.00016252234682268812,0.16754548049333753
0.00016252234682268812,0.16757552541048867
0.00016252234682268812,0.16772574999624437
0.00016252234682268812,0.1677708173719711
0.00016252234682268812,0.1678309072062734
0.00016252234682268812,0.16786095212342453
0.00016252234682268812,0.16790601949915124
0.00016252234682268812,0.16793606441630238
0.00016252234682268812,0.1682214911292382
0.00016252234682268812,0.1682665585049649
0.00016252234682268812,0.1683266483392672
0.00016252234682268812,0.16835669325641833
0.00016252234682268812,0.16844682800787178
0.00016252234682268812,0.16847687292502292
0.00016252234682268812,0.16855198521790077
0.00016252234682268812,0.1685820301350519
0.00016252234682268812,0.16862709751077862
0.00016252234682268812,0.16865714242792976
0.00016252234682268812,0.16867216488650533
0.00016252234682268812,0.16870220980365647
0.00016252234682268812,0.16880736701368546
0.00016252234682268812,0.16885243438941216
0.00016252234682268812,0.16916790601949916
0.00016252234682268812,0.16921297339522587
0.00016252234682268812,0.169243018312377
0.00016252234682268812,0.16927306322952815
0.00016252234682268812,0.1693932428981327
0.00016252234682268812,0.16942328781528385
0.00016252234682268812,0.16973875944537084
0.00016252234682268812,0.1698138717382487
0.00016252234682268812,0.1698589391139754
0.00016252234682268812,0.16988898403112654
0.00016252234682268812,0.16991902894827768
0.00016252234682268812,0.16997911878257996
0.00016252234682268812,0.17009929845118452
0.00016252234682268812,0.17012934336833566
0.00016252234682268812,0.1702044556612135
0.00016252234682268812,0.17023450057836464
0.00016252234682268812,0.1703697027055448
0.00016252234682268812,0.17044481499842265
0.00016252234682268812,0.17074526416993405
0.00016252234682268812,0.1707753090870852
0.00016252234682268812,0.17085042137996304
0.00016252234682268812,0.17088046629711418
0.00016252234682268812,0.1710757582585966
0.00016252234682268812,0.17110580317574775
0.00016252234682268812,0.17121096038577674
0.00016252234682268812,0.17124100530292788
0.00016252234682268812,0.1713311400543813
0.00016252234682268812,0.17136118497153244
0.00016252234682268812,0.17142127480583472
0.00016252234682268812,0.17145131972298586
0.00016252234682268812,0.17151140955728814
0.00016252234682268812,0.17154145447443928
0.00016252234682268812,0.17155647693301485
0.00016252234682268812,0.17161656676731715
0.00016252234682268812,0.17166163414304386
0.00016252234682268812,0.171691679060195
0.00016252234682268812,0.17182688118737513
0.00016252234682268812,0.17185692610452627
0.00016252234682268812,0.1719470608559797
0.00016252234682268812,0.17197710577313083
0.00016252234682268812,0.1719921282317064
0.00016252234682268812,0.1720371956074331
0.00016252234682268812,0.17206724052458425
0.00016252234682268812,0.17211230790031096
0.00016252234682268812,0.17287845328766505
0.00016252234682268812,0.1729084982048162
0.00016252234682268812,0.17317890245917647
0.00016252234682268812,0.1732089473763276
0.00016252234682268812,0.1733141045863566
0.00016252234682268812,0.17334414950350774
0.00016252234682268812,0.17368966605074587
0.00016252234682268812,0.173719710967897
0.00016252234682268812,0.17405020505655955
0.00016252234682268812,0.1740802499737107
0.00016252234682268812,0.17409527243228626
0.00024378352023403217,0.17409527243228626
0.00024378352023403217,0.17411029489086183
0.00024378352023403217,0.17414033980801297
0.00024378352023403217,0.17436567668664654
0.00024378352023403217,0.17439572160379768
0.00024378352023403217,0.17456096864812895
0.00024378352023403217,0.17465110339958237
0.00024378352023403217,0.17471119323388465
0.00024378352023403217,0.1747412381510358
0.00024378352023403217,0.17481635044391364
0.00024378352023403217,0.1749966199468205
0.00024378352023403217,0.17502666486397164
0.00024378352023403217,0.17535715895263418
0.00024378352023403217,0.17538720386978532
0.00024378352023403217,0.17564258566557003
0.00024378352023403217,0.17567263058272117
0.00024378352023403217,0.17574774287559902
0.00024378352023403217,0.17577778779275016
0.00024378352023403217,0.17648384334580197
0.00024378352023403217,0.1765138882629531
0.00024378352023403217,0.1766641128487088
0.00024378352023403217,0.17670918022443552
0.00024378352023403217,0.17684438235161568
0.00024378352023403217,0.17687442726876682
0.00024378352023403217,0.1770246518545225
0.00024378352023403217,0.17705469677167365
0.00024378352023403217,0.17706971923024922
0.00024378352023403217,0.17709976414740036
0.00024378352023403217,0.1772349662745805
0.00024378352023403217,0.1772800336503072
0.00024378352023403217,0.17737016840176062
0.00024378352023403217,0.17741523577748736
0.00024378352023403217,0.17770066249042318
0.00024378352023403217,0.17773070740757432
0.00024378352023403217,0.17777577478330103
0.00024378352023403217,0.17782084215902774
0.00024378352023403217,0.17800111166193458
0.00024378352023403217,0.17803115657908572
0.00024378352023403217,0.17824147099914373
0.00024378352023403217,0.17827151591629486
0.00024378352023403217,0.17843676296062613
0.00024378352023403217,0.17846680787777727
0.00024378352023403217,0.17851187525350398
0.00024378352023403217,0.17854192017065512
0.00024378352023403217,0.1785569426292307
0.00024378352023403217,0.17861703246353297
0.00024378352023403217,0.1786470773806841
0.00024378352023403217,0.17870716721498642
0.00024378352023403217,0.17914281851367794
0.00024378352023403217,0.17917286343082908
0.00024378352023403217,0.17933811047516038
0.00024378352023403217,0.17936815539231152
0.00024378352023403217,0.17960851472952064
0.00024378352023403217,0.17965358210524734
0.00024378352023403217,0.17969864948097405
0.00024378352023403217,0.1797286943981252
0.00024378352023403217,0.18010425586251447
0.00024378352023403217,0.18016434569681675
0.00024378352023403217,0.18017936815539232
0.00024378352023403217,0.18020941307254346
0.00024378352023403217,0.18037466011687472
0.00024378352023403217,0.18040470503402586
0.00024378352023403217,0.180539907161206
0.00024378352023403217,0.1805849745369327
0.00024378352023403217,0.180645064371235
0.00024378352023403217,0.18069013174696172
0.00024378352023403217,0.18103564829419982
0.00024378352023403217,0.1810957381285021
0.00024378352023403217,0.18126098517283337
0.00024378352023403217,0.18129103008998454
0.00024378352023403217,0.18154641188576923
0.00024378352023403217,0.18157645680292037
0.00024378352023403217,0.18159147926149594
0.00024378352023403217,0.1817116589301005
0.00024378352023403217,0.18177174876440277
0.00024378352023403217,0.18181681614012948
0.00024378352023403217,0.18190695089158293
0.00024378352023403217,0.18193699580873407
0.00024378352023403217,0.1820271305601875
0.00024378352023403217,0.18205717547733863
0.00024378352023403217,0.18214731022879205
0.00024378352023403217,0.18219237760451876
0.00024378352023403217,0.18234260219027446
0.00024378352023403217,0.1823726471074256
0.00024378352023403217,0.18238766956600116
0.00024378352023403217,0.18247780431745458
0.00024378352023403217,0.18250784923460572
0.00024378352023403217,0.18253789415175686
0.00024378352023403217,0.1826881187375126
0.00024378352023403217,0.18274820857181487
0.00024378352023403217,0.18340919674913997
0.00024378352023403217,0.1834392416662911
0.00024378352023403217,0.18352937641774453
0.00024378352023403217,0.18355942133489567
0.00024378352023403217,0.18375471329637807
0.00024378352023403217,0.18378475821352921
0.00024378352023403217,0.1839500052578605
0.00024378352023403217,0.18398005017501165
0.00024378352023403217,0.1840551624678895
0.00024378352023403217,0.18408520738504064
0.00024378352023403217,0.18447579130800545
0.00024378352023403217,0.18450583622515662
0.00024378352023403217,0.18524193669535957
0.00024378352023403217,0.1852719816125107
0.00024378352023403217,0.18530202652966185
0.00024378352023403217,0.18534709390538856
0.00024378352023403217,0.1856775879940511
0.00024378352023403217,0.18570763291120224
0.00024378352023403217,0.1857226553697778
0.00024378352023403217,0.18575270028692895
0.00024378352023403217,0.1858428350383824
0.00024378352023403217,0.18587287995553353
0.00024378352023403217,0.18591794733126024
0.00024378352023403217,0.18597803716556252
0.00024378352023403217,0.18600808208271366
0.00024378352023403217,0.1860381269998648
0.00024378352023403217,0.1862935087956495
0.00024378352023403217,0.18632355371280063
0.00024378352023403217,0.18635359862995177
0.00024378352023403217,0.1863836435471029
0.00024378352023403217,0.1866540478014632
0.00024378352023403217,0.18668409271861433
0.00024378352023403217,0.1868944071386723
0.00024378352023403217,0.18692445205582345
0.00024378352023403217,0.18726996860306158
0.00024378352023403217,0.18730001352021272
0.00024378352023403217,0.18734508089593943
0.00024378352023403217,0.18737512581309057
0.00024378352023403217,0.18739014827166614
0.00024378352023403217,0.18742019318881728
0.00024378352023403217,0.187465260564544
0.00024378352023403217,0.18752535039884627
0.00024378352023403217,0.1878257995703577
0.00024378352023403217,0.18785584448750883
0.00024378352023403217,0.18796100169753782
0.00024378352023403217,0.1880210915318401
0.00024378352023403217,0.18805113644899124
0.00024378352023403217,0.18808118136614238
0.00024378352023403217,0.18844172037195608
0.00024378352023403217,0.1884867877476828
0.00024378352023403217,0.18850181020625836
0.00024378352023403217,0.1885318551234095
0.00024378352023403217,0.1885769224991362
0.00024378352023403217,0.18860696741628735
0.00024378352023403217,0.18865203479201406
0.00024378352023403217,0.1886820797091652
0.00024378352023403217,0.18886234921207204
0.00024378352023403217,0.18890741658779875
0.00024378352023403217,0.1889825288806766
0.00024378352023403217,0.18901257379782777
0.00024378352023403217,0.18917782084215903
0.00024378352023403217,0.18920786575931017
0.00024378352023403217,0.18937311280364144
0.00024378352023403217,0.18940315772079258
0.00024378352023403217,0.1895383598479727
0.00024378352023403217,0.18956840476512385
0.00024378352023403217,0.18977871918518185
0.00024378352023403217,0.18982378656090856
0.00024378352023403217,0.18988387639521084
0.00024378352023403217,0.19009419081526882
0.00024378352023403217,0.19012423573241996
0.00024378352023403217,0.19037961752820468
0.00024378352023403217,0.19042468490393138
0.00024378352023403217,0.1905148196553848
0.00024378352023403217,0.19054486457253594
0.00024378352023403217,0.19069508915829164
0.00024378352023403217,0.19075517899259392
0.00024378352023403217,0.19080024636832063
0.00024378352023403217,0.19083029128547177
0.00024378352023403217,0.19084531374404734
0.00024378352023403217,0.19087535866119848
0.00024378352023403217,0.19111571799840762
0.00024378352023403217,0.19114576291555876
0.00024378352023403217,0.19129598750131446
0.00024378352023403217,0.19134105487704117
0.00024378352023403217,0.1913710997941923
0.00024378352023403217,0.19140114471134345
0.00024378352023403217,0.19153634683852358
0.00024378352023403217,0.19156639175567475
0.00024378352023403217,0.19165652650712817
0.00024378352023403217,0.1916865714242793
0.00024378352023403217,0.19176168371715716
0.00024378352023403217,0.1917917286343083
0.00024378352023403217,0.19186684092718614
0.00024378352023403217,0.19191190830291285
0.00024378352023403217,0.19204711043009298
0.00024378352023403217,0.19207715534724412
0.00024378352023403217,0.1921823125572731
0.00024378352023403217,0.19227244730872656
0.00024378352023403217,0.19243769435305783
0.00024378352023403217,0.19246773927020897
0.00024378352023403217,0.1926029413973891
0.00024378352023403217,0.19263298631454023
0.00024378352023403217,0.19278321090029593
0.00024378352023403217,0.19281325581744707
0.00024378352023403217,0.19293343548605166
0.00024378352023403217,0.1929634804032028
0.00024378352023403217,0.19338410924331875
0.00024378352023403217,0.1934141541604699
0.00024378352023403217,0.19342917661904546
0.00024378352023403217,0.1934592215361966
0.00024378352023403217,0.19369958087340575
0.00024378352023403217,0.1937296257905569
0.00024378352023403217,0.19383478300058588
0.00024378352023403217,0.19387985037631258
0.00024378352023403217,0.1939249177520393
0.00024378352023403217,0.19395496266919043
0.00024378352023403217,0.19400003004491714
0.00024378352023403217,0.19403007496206828
0.00024378352023403217,0.1942403893821263
0.00024378352023403217,0.194285456757853
0.00024378352023403217,0.19445070380218427
0.00024378352023403217,0.1944807487193354
0.00024378352023403217,0.1947811978908468
0.00024378352023403217,0.19481124280799797
0.00024378352023403217,0.19493142247660253
0.00024378352023403217,0.1949915123109048
0.00024378352023403217,0.19527693902384063
0.00024378352023403217,0.19530698394099177
0.00024378352023403217,0.19532200639956734
0.00024378352023403217,0.19535205131671848
0.00024378352023403217,0.19548725344389864
0.00024378352023403217,0.19553232081962535
0.00024378352023403217,0.19563747802965434
0.00024378352023403217,0.19566752294680548
0.00024378352023403217,0.1959529496597413
0.00024378352023403217,0.19598299457689244
0.00024378352023403217,0.19610317424549703
0.00024378352023403217,0.19613321916264817
0.00024378352023403217,0.19623837637267716
0.00024378352023403217,0.19628344374840387
0.00024378352023403217,0.19653882554418856
0.00024378352023403217,0.1965688704613397
0.00024378352023403217,0.19662896029564197
0.00024378352023403217,0.19665900521279311
0.00024378352023403217,0.19676416242282213
0.00024378352023403217,0.19679420733997327
0.00024378352023403217,0.19706461159433353
0.00024378352023403217,0.19709465651148467
0.00024378352023403217,0.19713972388721138
0.00024378352023403217,0.19716976880436252
0.00024378352023403217,0.19738008322442052
0.00024378352023403217,0.19741012814157166
0.00024378352023403217,0.1974401730587228
0.00024378352023403217,0.19747021797587394
0.00024378352023403217,0.19772559977165863
0.00024378352023403217,0.19777066714738534
0.00024378352023403217,0.19795093665029218
0.00024378352023403217,0.19798098156744331
0.00024378352023403217,0.19801102648459448
0.00024378352023403217,0.1980560938603212
0.00024378352023403217,0.19807111631889676
0.00024378352023403217,0.1981011612360479
0.00024378352023403217,0.19826640828037917
0.00024378352023403217,0.1982964531975303
0.00024378352023403217,0.19834152057325702
0.00024378352023403217,0.19864196974476842
0.00024378352023403217,0.19867201466191958
0.00024378352023403217,0.19874712695479743
0.00024378352023403217,0.19877717187194857
0.00024378352023403217,0.19894241891627984
0.00024378352023403217,0.19897246383343098
0.00024378352023403217,0.19907762104345997
0.00024378352023403217,0.1991076659606111
0.00024378352023403217,0.19919780071206453
0.00024378352023403217,0.19927291300494238
0.00024378352023403217,0.19949824988357595
0.00024378352023403217,0.1995282948007271
0.00024378352023403217,0.1995733621764538
0.00024378352023403217,0.1996184295521805
0.00024378352023403217,0.19988883380654077
0.00024378352023403217,0.1999188787236919
0.00024378352023403217,0.2000390583922965
0.00024378352023403217,0.20006910330944763
0.00024378352023403217,0.2003845749395346
0.00024378352023403217,0.20041461985668574
0.00024378352023403217,0.2004296423152613
0.00024378352023403217,0.20045968723241245
0.00024378352023403217,0.20057986690101703
0.00024378352023403217,0.20060991181816817
0.00024378352023403217,0.2007000465696216
0.00024378352023403217,0.20073009148677273
0.00024378352023403217,0.20086529361395286
0.00024378352023403217,0.200895338531104
0.00024378352023403217,0.20128592245406884
0.00024378352023403217,0.20134601228837112
0.00024378352023403217,0.20161641654273138
0.00024378352023403217,0.20167650637703366
0.00024378352023403217,0.20173659621133594
0.00024378352023403217,0.20176664112848708
0.00024378352023403217,0.2018117085042138
0.00024378352023403217,0.2018567758799405
0.00024378352023403217,0.20194691063139394
0.00024378352023403217,0.20199197800712065
0.00024378352023403217,0.20205206784142293
0.00024378352023403217,0.20209713521714964
0.00024378352023403217,0.2024126068472366
0.00024378352023403217,0.20244265176438775
0.00024378352023403217,0.20263794372587018
0.00024378352023403217,0.20266798864302132
0.00024378352023403217,0.2027731458530503
0.00024378352023403217,0.20281821322877702
0.00024378352023403217,0.202923370438806
0.00024378352023403217,0.20295341535595715
0.00024378352023403217,0.20299848273168386
0.00024378352023403217,0.20314870731743956
0.00024378352023403217,0.20317875223459073
0.00024378352023403217,0.2031937746931663
0.00024378352023403217,0.203238842068893
0.00024378352023403217,0.20331395436177085
0.00024378352023403217,0.203343999278922
0.00024378352023403217,0.2033890666546487
0.00024378352023403217,0.2034341340303754
0.00024378352023403217,0.20355431369897997
0.00024378352023403217,0.20359938107470668
0.00024378352023403217,0.20376462811903795
0.00024378352023403217,0.20382471795334026
0.00024378352023403217,0.20398996499767152
0.00024378352023403217,0.20403503237339823
0.00024378352023403217,0.20417023450057836
0.00024378352023403217,0.2042002794177295
0.00024378352023403217,0.20421530187630507
0.00024378352023403217,0.2042453467934562
0.00024378352023403217,0.20426036925203178
0.00024378352023403217,0.20429041416918292
0.00024378352023403217,0.20442561629636305
0.00024378352023403217,0.20445566121351422
0.00024378352023403217,0.2045157510478165
0.00024378352023403217,0.2045608184235432
0.00024378352023403217,0.20469602055072333
0.00024378352023403217,0.20472606546787447
0.00024378352023403217,0.20478615530217675
0.00024378352023403217,0.2048162002193279
0.00024378352023403217,0.2049664248050836
0.00024378352023403217,0.20499646972223473
0.00024378352023403217,0.20504153709796144
0.00024378352023403217,0.20508660447368815
0.00024378352023403217,0.20511664939083932
0.00024378352023403217,0.20519176168371717
0.00024378352023403217,0.2052218066008683
0.00024378352023403217,0.20558234560668198
0.00024378352023403217,0.2056274129824087
0.00024378352023403217,0.20570252527528654
0.00024378352023403217,0.2057325701924377
0.00024378352023403217,0.2058377274024667
0.00024378352023403217,0.20586777231961784
0.00024378352023403217,0.20601799690537353
0.00024378352023403217,0.20604804182252467
0.00024378352023403217,0.20619826640828037
0.00024378352023403217,0.2062283113254315
0.00024378352023403217,0.20637853591118724
0.00032504469364537625,0.20637853591118724
0.00032504469364537625,0.20642360328691395
0.00032504469364537625,0.2064536482040651
0.00032504469364537625,0.20682920966845433
0.00032504469364537625,0.20685925458560547
0.00032504469364537625,0.20700947917136117
0.00032504469364537625,0.2070545465470879
0.00032504469364537625,0.20708459146423905
0.00032504469364537625,0.20712965883996576
0.00032504469364537625,0.20727988342572146
0.00032504469364537625,0.20733997326002374
0.00032504469364537625,0.20756531013865728
0.00032504469364537625,0.20759535505580842
0.00032504469364537625,0.20788078176874428
0.00032504469364537625,0.20791082668589542
0.00032504469364537625,0.20795589406162213
0.00032504469364537625,0.20800096143734884
0.00032504469364537625,0.20807607373022668
0.00032504469364537625,0.20813616356452896
0.00032504469364537625,0.2082713656917091
0.00032504469364537625,0.20830141060886023
0.00032504469364537625,0.20831643306743583
0.00032504469364537625,0.20836150044316254
0.00032504469364537625,0.20869199453182508
0.00032504469364537625,0.20872203944897622
0.00032504469364537625,0.20884221911758077
0.00032504469364537625,0.2088722640347319
0.00032504469364537625,0.2089323538690342
0.00032504469364537625,0.20896239878618536
0.00032504469364537625,0.2093379602505746
0.00032504469364537625,0.20938302762630132
0.00032504469364537625,0.20950320729490587
0.00032504469364537625,0.20954827467063258
0.00032504469364537625,0.20957831958778372
0.00032504469364537625,0.20963840942208603
0.00032504469364537625,0.20972854417353945
0.00032504469364537625,0.209848723842144
0.00032504469364537625,0.20989379121787072
0.00032504469364537625,0.20996890351074857
0.00032504469364537625,0.21001397088647528
0.00032504469364537625,0.2101491730136554
0.00032504469364537625,0.21017921793080654
0.00032504469364537625,0.21034446497513784
0.00032504469364537625,0.21037450989228898
0.00032504469364537625,0.21062989168807367
0.00032504469364537625,0.2106599366052248
0.00032504469364537625,0.2109754082353118
0.00032504469364537625,0.21100545315246294
0.00032504469364537625,0.21106554298676522
0.00032504469364537625,0.21111061036249193
0.00032504469364537625,0.2116814637883636
0.00032504469364537625,0.21171150870551475
0.00032504469364537625,0.21216218246278185
0.00032504469364537625,0.21220724983850858
0.00032504469364537625,0.212297384589962
0.00032504469364537625,0.21232742950711314
0.00032504469364537625,0.21235747442426428
0.00032504469364537625,0.21238751934141542
0.00032504469364537625,0.21247765409286884
0.00032504469364537625,0.21252272146859555
0.00032504469364537625,0.2125527663857467
0.00032504469364537625,0.2128532155572581
0.00032504469364537625,0.21288326047440925
0.00032504469364537625,0.21292832785013596
0.00032504469364537625,0.2131085973530428
0.00032504469364537625,0.21313864227019394
0.00032504469364537625,0.21382967536467018
0.00032504469364537625,0.21385972028182132
0.00032504469364537625,0.2139648774918503
0.00032504469364537625,0.21399492240900145
0.00032504469364537625,0.21405501224330373
0.00032504469364537625,0.21408505716045487
0.00032504469364537625,0.2141301245361816
0.00032504469364537625,0.21416016945333274
0.00032504469364537625,0.21434043895623958
0.00032504469364537625,0.21437048387339072
0.00032504469364537625,0.214430573707693
0.00032504469364537625,0.21446061862484414
0.00032504469364537625,0.21456577583487313
0.00032504469364537625,0.21459582075202427
0.00032504469364537625,0.21464088812775098
0.00032504469364537625,0.21467093304490212
0.00032504469364537625,0.21482115763065784
0.00032504469364537625,0.2148962699235357
0.00032504469364537625,0.21492631484068683
0.00032504469364537625,0.21495635975783797
0.00032504469364537625,0.21527183138792494
0.00032504469364537625,0.21530187630507608
0.00032504469364537625,0.21558730301801193
0.00032504469364537625,0.21561734793516307
0.00032504469364537625,0.21567743776946535
0.00032504469364537625,0.2157074826866165
0.00032504469364537625,0.21578259497949434
0.00032504469364537625,0.21581263989664548
0.00032504469364537625,0.21591779710667447
0.00032504469364537625,0.2159478420238256
0.00032504469364537625,0.21624829119533703
0.00032504469364537625,0.21627833611248817
0.00032504469364537625,0.21638349332251716
0.00032504469364537625,0.2164135382396683
0.00032504469364537625,0.21663887511830185
0.00032504469364537625,0.216668920035453
0.00032504469364537625,0.2167290098697553
0.00032504469364537625,0.216774077245482
0.00032504469364537625,0.2171195937927201
0.00032504469364537625,0.21714963870987125
0.00032504469364537625,0.21740502050565597
0.00032504469364537625,0.21746511033995825
0.00032504469364537625,0.2177355145943185
0.00032504469364537625,0.21776555951146964
0.00032504469364537625,0.2177805819700452
0.00032504469364537625,0.21781062688719635
0.00032504469364537625,0.21785569426292306
0.00032504469364537625,0.2178857391800742
0.00032504469364537625,0.21815614343443449
0.00032504469364537625,0.21818618835158562
0.00032504469364537625,0.21842654768879474
0.00032504469364537625,0.21847161506452145
0.00032504469364537625,0.2185467273573993
0.00032504469364537625,0.218591794733126
0.00032504469364537625,0.21902744603181756
0.00032504469364537625,0.21907251340754427
0.00032504469364537625,0.2194180299547824
0.00032504469364537625,0.21944807487193355
0.00032504469364537625,0.2197635465020205
0.00032504469364537625,0.21979359141917165
0.00032504469364537625,0.22000390583922966
0.00032504469364537625,0.22006399567353194
0.00032504469364537625,0.22019919780071207
0.00032504469364537625,0.2202292427178632
0.00032504469364537625,0.2203343999278922
0.00032504469364537625,0.22036444484504333
0.00032504469364537625,0.22040951222077004
0.00032504469364537625,0.22043955713792118
0.00032504469364537625,0.22075502876800818
0.00032504469364537625,0.22081511860231046
0.00032504469364537625,0.2208451635194616
0.00032504469364537625,0.22087520843661274
0.00032504469364537625,0.22090525335376388
0.00032504469364537625,0.22093529827091501
0.00032504469364537625,0.2212057025252753
0.00032504469364537625,0.22128081481815315
0.00032504469364537625,0.22138597202818214
0.00032504469364537625,0.22141601694533328
0.00032504469364537625,0.22146108432106
0.00032504469364537625,0.2215061516967867
0.00032504469364537625,0.2216563762825424
0.00032504469364537625,0.2217014436582691
0.00032504469364537625,0.22171646611684467
0.00032504469364537625,0.22176153349257138
0.00032504469364537625,0.2218666907026004
0.00032504469364537625,0.2219117580783271
0.00032504469364537625,0.22210705003980952
0.00032504469364537625,0.22213709495696066
0.00032504469364537625,0.22227229708414079
0.00032504469364537625,0.2223173644598675
0.00032504469364537625,0.22239247675274534
0.00032504469364537625,0.22242252166989648
0.00032504469364537625,0.22251265642134993
0.00032504469364537625,0.22254270133850107
0.00032504469364537625,0.2226328360899545
0.00032504469364537625,0.2226779034656812
0.00032504469364537625,0.22291826280289032
0.00032504469364537625,0.2229783526371926
0.00032504469364537625,0.22305346493007044
0.00032504469364537625,0.22309853230579715
0.00032504469364537625,0.2232938242672796
0.00032504469364537625,0.22332386918443073
0.00032504469364537625,0.2234440488530353
0.00032504469364537625,0.223489116228762
0.00032504469364537625,0.22375952048312225
0.00032504469364537625,0.223804587858849
0.00032504469364537625,0.2238947226103024
0.00032504469364537625,0.22392476752745355
0.00032504469364537625,0.22425526161611609
0.00032504469364537625,0.22428530653326723
0.00032504469364537625,0.22457073324620308
0.00032504469364537625,0.22460077816335422
0.00032504469364537625,0.2246158006219298
0.00032504469364537625,0.2246608679976565
0.00032504469364537625,0.22482611504198777
0.00032504469364537625,0.22488620487629005
0.00032504469364537625,0.22494629471059233
0.00032504469364537625,0.22539696846785945
0.00032504469364537625,0.2254270133850106
0.00032504469364537625,0.22565235026364414
0.00032504469364537625,0.22568239518079528
0.00032504469364537625,0.22574248501509758
0.00032504469364537625,0.22577252993224872
0.00032504469364537625,0.22586266468370214
0.00032504469364537625,0.22590773205942885
0.00032504469364537625,0.22625324860666696
0.00032504469364537625,0.22629831598239367
0.00032504469364537625,0.2263884507338471
0.00032504469364537625,0.22643351810957382
0.00032504469364537625,0.22646356302672496
0.00032504469364537625,0.22652365286102724
0.00032504469364537625,0.22655369777817838
0.00032504469364537625,0.2266888999053585
0.00032504469364537625,0.22671894482250965
0.00032504469364537625,0.22691423678399206
0.00032504469364537625,0.2269442817011432
0.00032504469364537625,0.22695930415971877
0.00032504469364537625,0.2270043715354455
0.00032504469364537625,0.2270494389111722
0.00032504469364537625,0.22707948382832335
0.00032504469364537625,0.22718464103835234
0.00032504469364537625,0.22721468595550348
0.00032504469364537625,0.2275001126684393
0.00032504469364537625,0.22754518004416602
0.00032504469364537625,0.22757522496131716
0.00032504469364537625,0.2276052698784683
0.00032504469364537625,0.22762029233704387
0.00032504469364537625,0.22765033725419503
0.00032504469364537625,0.22772544954707288
0.00032504469364537625,0.22775549446422402
0.00032504469364537625,0.22778553938137516
0.00032504469364537625,0.22783060675710187
0.00032504469364537625,0.2281611008457644
0.00032504469364537625,0.22819114576291555
0.00032504469364537625,0.228281280514369
0.00032504469364537625,0.2283263478900957
0.00032504469364537625,0.22838643772439798
0.00032504469364537625,0.22841648264154912
0.00032504469364537625,0.22849159493442697
0.00032504469364537625,0.2285216398515781
0.00032504469364537625,0.22861177460303153
0.00032504469364537625,0.22864181952018267
0.00032504469364537625,0.22925774032178106
0.00032504469364537625,0.22930280769750777
0.00032504469364537625,0.22937791999038562
0.00032504469364537625,0.22940796490753676
0.00032504469364537625,0.22949809965899018
0.0004063058670567203,0.22949809965899018
0.0004063058670567203,0.22972343653762375
0.0004063058670567203,0.22976850391335046
0.0004063058670567203,0.22987366112337945
0.0004063058670567203,0.2299037060405306
0.0004063058670567203,0.2299487734162573
0.0004063058670567203,0.22997881833340844
0.0004063058670567203,0.23000886325055958
0.0004063058670567203,0.23015908783631528
0.00048756704046806434,0.23015908783631528
0.00048756704046806434,0.23017411029489085
0.00048756704046806434,0.23020415521204202
0.00048756704046806434,0.23024922258776873
0.00048756704046806434,0.23027926750491987
0.00048756704046806434,0.23032433488064658
0.00048756704046806434,0.23036940225637328
0.00048756704046806434,0.2304144696321
0.00048756704046806434,0.23044451454925113
0.00048756704046806434,0.23048958192497784
0.00048756704046806434,0.23054967175928012
0.00048756704046806434,0.23057971667643126
0.00048756704046806434,0.23063980651073354
0.00048756704046806434,0.23069989634503582
0.00048756704046806434,0.23072994126218696
0.00048756704046806434,0.23089518830651826
0.00048756704046806434,0.2309252332236694
0.00048756704046806434,0.23095527814082054
0.00048756704046806434,0.23098532305797168
0.00048756704046806434,0.23113554764372737
0.00048756704046806434,0.2311655925608785
0.00048756704046806434,0.23125572731233193
0.00048756704046806434,0.23133083960520978
0.00048756704046806434,0.23157119894241893
0.00048756704046806434,0.23160124385957007
0.00048756704046806434,0.23164631123529678
0.00048756704046806434,0.23167635615244792
0.00048756704046806434,0.23179653582105247
0.00048756704046806434,0.23184160319677918
0.00048756704046806434,0.23202187269968602
0.00048756704046806434,0.23205191761683716
0.00048756704046806434,0.2321420523682906
0.00048756704046806434,0.23217209728544175
0.00048756704046806434,0.23227725449547074
0.00048756704046806434,0.23232232187119745
0.00048756704046806434,0.23236738924692416
0.00048756704046806434,0.2323974341640753
0.00048756704046806434,0.23251761383267985
0.00048756704046806434,0.23256268120840656
0.00048756704046806434,0.23287815283849356
0.00048756704046806434,0.23292322021422027
0.00048756704046806434,0.23293824267279584
0.00048756704046806434,0.23299833250709812
0.00048756704046806434,0.23304339988282483
0.00048756704046806434,0.23307344479997597
0.00048756704046806434,0.23326873676145837
0.00048756704046806434,0.23332882659576065
0.00048756704046806434,0.2334640287229408
0.00048756704046806434,0.23350909609866752
0.00048756704046806434,0.23367434314299879
0.00048756704046806434,0.23370438806014993
0.00048756704046806434,0.23373443297730107
0.00048756704046806434,0.2337644778944522
0.00048756704046806434,0.23380954527017891
0.00048756704046806434,0.23383959018733005
0.00048756704046806434,0.2339597698559346
0.00048756704046806434,0.23398981477308575
0.00048756704046806434,0.2340799495245392
0.00048756704046806434,0.23410999444169034
0.00048756704046806434,0.23420012919314376
0.00048756704046806434,0.2342301741102949
0.00048756704046806434,0.23429026394459718
0.00048756704046806434,0.23432030886174832
0.00048756704046806434,0.2343803986960506
0.00048756704046806434,0.23441044361320174
0.00048756704046806434,0.23450057836465515
0.00048756704046806434,0.23454564574038186
0.00048756704046806434,0.23486111737046886
0.00048756704046806434,0.23489116228762
0.00048756704046806434,0.23498129703907342
0.00048756704046806434,0.23501134195622456
0.00048756704046806434,0.23511649916625355
0.00048756704046806434,0.23516156654198025
0.00048756704046806434,0.2355521504649451
0.00048756704046806434,0.23561224029924738
0.00048756704046806434,0.23571739750927637
0.00048756704046806434,0.2357474424264275
0.00048756704046806434,0.2361079814322412
0.00048756704046806434,0.23613802634939235
0.00048756704046806434,0.23648354289663046
0.00048756704046806434,0.23652861027235716
0.00048756704046806434,0.23666381239953732
0.00048756704046806434,0.2367239022338396
0.00048756704046806434,0.2367689696095663
0.00048756704046806434,0.2368290594438686
0.00048756704046806434,0.23685910436101973
0.00048756704046806434,0.23688914927817087
0.00048756704046806434,0.236919194195322
0.00048756704046806434,0.23718959844968227
0.00048756704046806434,0.2372196433668334
0.00048756704046806434,0.23747502516261812
0.00048756704046806434,0.23750507007976926
0.00048756704046806434,0.23807592350564094
0.00048756704046806434,0.23810596842279208
0.00048756704046806434,0.23831628284285006
0.00048756704046806434,0.23836135021857677
0.00048756704046806434,0.2383913951357279
0.00048756704046806434,0.23843646251145462
0.00048756704046806434,0.2384965523457569
0.00048756704046806434,0.2385416197214836
0.00048756704046806434,0.23858668709721034
0.00048756704046806434,0.23861673201436148
0.00048756704046806434,0.2386617993900882
0.00048756704046806434,0.23869184430723933
0.00048756704046806434,0.2387068667658149
0.00048756704046806434,0.2387519341415416
0.00048756704046806434,0.23878197905869275
0.00048756704046806434,0.23884206889299503
0.00048756704046806434,0.23887211381014617
0.00048756704046806434,0.2389021587272973
0.00048756704046806434,0.2392176303573843
0.00048756704046806434,0.23924767527453544
0.00048756704046806434,0.23953310198747127
0.00048756704046806434,0.2395631469046224
0.00048756704046806434,0.23963825919750026
0.00048756704046806434,0.23969834903180254
0.00048756704046806434,0.23974341640752925
0.00048756704046806434,0.23995373082758725
0.00048756704046806434,0.2399837757447384
0.00048756704046806434,0.24008893295476738
0.00048756704046806434,0.24014902278906966
0.00048756704046806434,0.24020911262337194
0.00048756704046806434,0.24023915754052308
0.00048756704046806434,0.2403292922919765
0.00048756704046806434,0.24035933720912764
0.00048756704046806434,0.2403743596677032
0.00048756704046806434,0.24040440458485435
0.00048756704046806434,0.2404795168777322
0.00048756704046806434,0.24050956179488336
0.00048756704046806434,0.2411555275136329
0.00048756704046806434,0.24118557243078403
0.00048756704046806434,0.24138086439226644
0.00048756704046806434,0.24141090930941758
0.00048756704046806434,0.24142593176799315
0.00048756704046806434,0.2414559766851443
0.00048756704046806434,0.2416062012709
0.00048756704046806434,0.24166629110520227
0.00048756704046806434,0.24199678519386483
0.00048756704046806434,0.24202683011101597
0.00048756704046806434,0.2420568750281671
0.00048756704046806434,0.24208691994531825
0.00048756704046806434,0.24232727928252737
0.00048756704046806434,0.24238736911682965
0.00048756704046806434,0.24280799795694563
0.00048756704046806434,0.24283804287409677
0.00048756704046806434,0.24288311024982348
0.00048756704046806434,0.24291315516697462
0.00048756704046806434,0.2430183123770036
0.00048756704046806434,0.24304835729415475
0.00048756704046806434,0.24315351450418377
0.00048756704046806434,0.2431835594213349
0.00048756704046806434,0.24339387384139288
0.00048756704046806434,0.24342391875854402
0.00048756704046806434,0.24360418826145086
0.00048756704046806434,0.24366427809575314
0.00048756704046806434,0.24370934547147985
0.00048756704046806434,0.24373939038863102
0.00048756704046806434,0.2437994802229333
0.00048756704046806434,0.24382952514008444
0.00048756704046806434,0.24402481710156684
0.00048756704046806434,0.2440999293944447
0.00048756704046806434,0.24449051331740954
0.00048756704046806434,0.24456562561028738
0.00048756704046806434,0.24504634428470565
0.00048756704046806434,0.2450763892018568
0.00048756704046806434,0.24566226508630404
0.00048756704046806434,0.24569231000345518
0.00048756704046806434,0.24572235492060632
0.00048756704046806434,0.24575239983775746
0.00048756704046806434,0.24581248967205974
0.00048756704046806434,0.24584253458921088
0.00048756704046806434,0.24618805113644898
0.00048756704046806434,0.24626316342932683
0.00048756704046806434,0.2464885003079604
0.00048756704046806434,0.24651854522511155
0.00048756704046806434,0.24656361260083826
0.00048756704046806434,0.2465936575179894
0.00048756704046806434,0.24681899439662294
0.00048756704046806434,0.24684903931377408
0.00048756704046806434,0.24708939865098323
0.00048756704046806434,0.24711944356813437
0.00048756704046806434,0.24716451094386108
0.00048756704046806434,0.24720957831958779
0.00048756704046806434,0.2472546456953145
0.00048756704046806434,0.24728469061246564
0.00048756704046806434,0.24741989273964576
0.00048756704046806434,0.24747998257394804
0.00048756704046806434,0.24754007240825032
0.00048756704046806434,0.24757011732540146
0.00048756704046806434,0.24763020715970377
0.00048756704046806434,0.2476602520768549
0.00048756704046806434,0.24836630762990672
0.00048756704046806434,0.24839635254705786
0.00048756704046806434,0.24883200384574938
0.00048756704046806434,0.2488920936800517
0.00048756704046806434,0.24905734072438296
0.00048756704046806434,0.24910240810010967
0.00048756704046806434,0.2492376102272898
0.00048756704046806434,0.24926765514444094
0.00048756704046806434,0.24932774497874322
0.00048756704046806434,0.24935778989589436
0.00048756704046806434,0.24941787973019663
0.00048756704046806434,0.24944792464734777
0.00048756704046806434,0.2495530818573768
0.00048756704046806434,0.24958312677452793
0.00048756704046806434,0.24965823906740578
0.00048756704046806434,0.24968828398455692
0.00048756704046806434,0.24976339627743477
0.00048756704046806434,0.2497934411945859
0.00048756704046806434,0.2503943395376087
0.0005688282138794084,0.2503943395376087
0.0005688282138794084,0.25042438445475984
0.0005688282138794084,0.250454429371911
0.0005688282138794084,0.250664743791969
0.0005688282138794084,0.2507098111676957
0.0005688282138794084,0.250875058212027
0.0005688282138794084,0.25090510312917813
0.0005688282138794084,0.2511304400078117
0.0005688282138794084,0.2511755073835384
0.0005688282138794084,0.25131070951071854
0.0005688282138794084,0.2513407544278697
0.0005688282138794084,0.2515210239307765
0.0005688282138794084,0.25155106884792766
0.0005688282138794084,0.2517313383508345
0.0005688282138794084,0.25177640572656124
0.0005688282138794084,0.25191160785374134
0.0005688282138794084,0.2519416527708925
0.0005688282138794084,0.2520317875223459
0.0005688282138794084,0.25206183243949704
0.0005688282138794084,0.25221205702525273
0.0005688282138794084,0.25225712440097947
0.0005688282138794084,0.2522871693181306
0.0005688282138794084,0.25231721423528175
0.0005688282138794084,0.2523472591524329
0.0005688282138794084,0.25237730406958403
0.0005688282138794084,0.2524373939038863
0.0005688282138794084,0.25246743882103745
0.0005688282138794084,0.25252752865533973
0.0005688282138794084,0.25255757357249087
0.0005688282138794084,0.2528129553682756
0.0005688282138794084,0.2528430002854267
0.0005688282138794084,0.25308335962263584
0.0005688282138794084,0.253113404539787
0.0005688282138794084,0.25354905583847853
0.0005688282138794084,0.2536091456727808
0.0005688282138794084,0.25395466222001895
0.0005688282138794084,0.2539847071371701
0.0005688282138794084,0.25408986434719905
0.0005688282138794084,0.2541199092643502
0.0005688282138794084,0.2541499541815013
0.0005688282138794084,0.25417999909865246
0.0005688282138794084,0.2542851563086815
0.0005688282138794084,0.25433022368440816
0.0005688282138794084,0.2544804482701639
0.0005688282138794084,0.25451049318731506
0.0005688282138794084,0.2546907626902219
0.0005688282138794084,0.2547508525245242
0.0005688282138794084,0.2549761894031577
0.0005688282138794084,0.2550062343203089
0.0005688282138794084,0.25520152628179127
0.0005688282138794084,0.255246593657518
0.0005688282138794084,0.2553367284089714
0.0005688282138794084,0.25536677332612256
0.0005688282138794084,0.2553968182432737
0.0005688282138794084,0.25542686316042484
0.0005688282138794084,0.2554418856190004
0.0005688282138794084,0.2554719305361515
0.0005688282138794084,0.2558024246248141
0.0005688282138794084,0.25583246954196526
0.0005688282138794084,0.25596767166914536
0.0005688282138794084,0.2559977165862965
0.0005688282138794084,0.2564183454264125
0.0005688282138794084,0.25644839034356365
0.0005688282138794084,0.25674883951507504
0.0005688282138794084,0.2567788844322262
0.0005688282138794084,0.2569741763937086
0.0005688282138794084,0.2570342662280109
0.0005688282138794084,0.257169468355191
0.0005688282138794084,0.25719951327234214
0.0005688282138794084,0.2573347153995223
0.0005688282138794084,0.25736476031667344
0.0005688282138794084,0.25751498490242913
0.0005688282138794084,0.2575450298195803
0.0005688282138794084,0.25768023194676043
0.0005688282138794084,0.25771027686391157
0.0005688282138794084,0.2577252993224871
0.0005688282138794084,0.25777036669821385
0.0005688282138794084,0.25781543407394053
0.0005688282138794084,0.25786050144966727
0.0005688282138794084,0.25792059128396955
0.0005688282138794084,0.25796565865969623
0.0005688282138794084,0.25799570357684737
0.0005688282138794084,0.2582661078312077
0.0005688282138794084,0.2582961527483588
0.0005688282138794084,0.2593477248486487
0.0005688282138794084,0.25939279222437545
0.0005688282138794084,0.2596031066444334
0.0006500893872907525,0.2596031066444334
0.0006500893872907525,0.2596782189373113
0.0006500893872907525,0.25970826385446244
0.0006500893872907525,0.2598735108987937
0.0006500893872907525,0.2599185782745204
0.0006500893872907525,0.2600688028602761
0.0006500893872907525,0.26009884777742726
0.0006500893872907525,0.2607748584133279
0.0006500893872907525,0.26080490333047907
0.0006500893872907525,0.2609250829990836
0.0006500893872907525,0.2610602851262638
0.0006500893872907525,0.26110535250199046
0.0006500893872907525,0.2611353974191416
0.0006500893872907525,0.26116544233629274
0.0006500893872907525,0.2611954872534439
0.0006500893872907525,0.2612405546291706
0.0006500893872907525,0.26127059954632176
0.0006500893872907525,0.26157104871783315
0.0006500893872907525,0.26164616101071103
0.0006500893872907525,0.2616912283864377
0.0006500893872907525,0.26172127330358885
0.0006500893872907525,0.26181140805504227
0.0006500893872907525,0.2618414529721934
0.0006500893872907525,0.262382261480914
0.0006500893872907525,0.2624123063980651
0.0006500893872907525,0.26259257590097196
0.0006500893872907525,0.26263764327669864
0.0006500893872907525,0.2626827106524254
0.0006500893872907525,0.26274280048672766
0.0006500893872907525,0.2629380924482101
0.0006500893872907525,0.26296813736536123
0.0006500893872907525,0.2631333844096925
0.0006500893872907525,0.2631634293268436
0.0006500893872907525,0.2632385416197215
0.0006500893872907525,0.26326858653687263
0.0006500893872907525,0.2633286763711749
0.0006500893872907525,0.26335872128832605
0.0006500893872907525,0.2635389907912329
0.0006500893872907525,0.2635840581669596
0.0006500893872907525,0.2640197094656512
0.0006500893872907525,0.2640497543828023
0.0006500893872907525,0.2641699340514069
0.0006500893872907525,0.26421500142713356
0.0006500893872907525,0.2642600688028603
0.0006500893872907525,0.26429011372001143
0.0006500893872907525,0.2643952709300404
0.0006500893872907525,0.26442531584719153
0.0006500893872907525,0.2646356302672495
0.0006500893872907525,0.2646656751844007
0.0006500893872907525,0.26492105698018537
0.0006500893872907525,0.2649661243559121
0.0006500893872907525,0.2650111917316388
0.0006500893872907525,0.2650412366487899
0.0006500893872907525,0.26507128156594106
0.0006500893872907525,0.2651013264830922
0.0006500893872907525,0.26544684303033034
0.0006500893872907525,0.2654768879474815
0.0006500893872907525,0.26555200024035935
0.0006500893872907525,0.26561209007466163
0.0006500893872907525,0.2657322697432662
0.0006500893872907525,0.26576231466041733
0.0006500893872907525,0.26592756170474857
0.0006500893872907525,0.26595760662189977
0.0006500893872907525,0.2661979659591089
0.0006500893872907525,0.26625805579341116
0.0006500893872907525,0.26631814562771344
0.0006500893872907525,0.2663481905448646
0.0006500893872907525,0.26640828037916686
0.0006500893872907525,0.26646837021346914
0.0006500893872907525,0.26663361725780044
0.0006500893872907525,0.2666786846335271
0.0006500893872907525,0.26670872955067826
0.0006500893872907525,0.2668138867607073
0.0006500893872907525,0.26685895413643396
0.0006500893872907525,0.2670993134736431
0.0006500893872907525,0.2671443808493698
0.0006500893872907525,0.26732465035227665
0.0006500893872907525,0.2673546952694278
0.0006500893872907525,0.2673997626451545
0.0006500893872907525,0.26742980756230567
0.0006500893872907525,0.2675199423137591
0.0006500893872907525,0.2675499872309102
0.0006500893872907525,0.2676100770652125
0.0006500893872907525,0.26764012198236364
0.0006500893872907525,0.26789550377814836
0.0006500893872907525,0.2679255486952995
0.0006500893872907525,0.2680607508224796
0.0006500893872907525,0.26809079573963074
0.0006500893872907525,0.2681358631153575
0.0006500893872907525,0.2681659080325086
0.0006500893872907525,0.26819595294965975
0.0006500893872907525,0.2682259978668109
0.0006500893872907525,0.2682860877011132
0.0006500893872907525,0.2683161326182643
0.0006500893872907525,0.2684513347454444
0.0006500893872907525,0.26849640212117115
0.0006500893872907525,0.2685264470383223
0.0006500893872907525,0.26855649195547343
0.0006500893872907525,0.26879685129268255
0.0006500893872907525,0.2688419186684093
0.0006500893872907525,0.2688569411269848
0.0006500893872907525,0.26888698604413597
0.0006500893872907525,0.2689771207955894
0.0006500893872907525,0.2690221881713161
0.0006500893872907525,0.2690672555470428
0.0006500893872907525,0.26911232292276954
0.0006500893872907525,0.26935268225997866
0.0006500893872907525,0.2693827271771298
0.0006500893872907525,0.2694428170114321
0.0006500893872907525,0.2694878843871588
0.0006500893872907525,0.2695479742214611
0.0006500893872907525,0.26957801913861223
0.0006500893872907525,0.26972824372436793
0.0006500893872907525,0.2697582886415191
0.0006500893872907525,0.27022398485736177
0.0006500893872907525,0.2702540297745129
0.0006500893872907525,0.27041927681884415
0.0006500893872907525,0.27044932173599534
0.0006500893872907525,0.2706596361560533
0.0006500893872907525,0.27068968107320446
0.0006500893872907525,0.27074977090750674
0.0006500893872907525,0.2707948382832334
0.0006500893872907525,0.2708549281175357
0.0006500893872907525,0.27088497303468684
0.0006500893872907525,0.2711103099133204
0.0006500893872907525,0.2711703997476227
0.0006500893872907525,0.27120044466477383
0.0006500893872907525,0.27123048958192497
0.0006500893872907525,0.2712605344990761
0.0006500893872907525,0.27135066925052953
0.0006500893872907525,0.27136569170910513
0.0006500893872907525,0.27139573662625627
0.0006500893872907525,0.2719515675935524
0.0006500893872907525,0.2719816125107035
0.0006500893872907525,0.2721017921793081
0.0006500893872907525,0.27214685955503476
0.0006500893872907525,0.2723421515165172
0.0006500893872907525,0.27237219643366833
0.0006500893872907525,0.2726426006880286
0.0006500893872907525,0.27267264560517973
0.0006500893872907525,0.27270269052233087
0.0006500893872907525,0.2727477578980576
0.0006500893872907525,0.2727928252737843
0.0006500893872907525,0.27282287019093543
0.0006500893872907525,0.272837892649511
0.0006500893872907525,0.27286793756666217
0.0006500893872907525,0.27303318461099346
0.0006500893872907525,0.2730632295281446
0.0006500893872907525,0.2734538134511094
0.0006500893872907525,0.27348385836826056
0.0006500893872907525,0.27378430753977195
0.0006500893872907525,0.27384439737407423
0.0006500893872907525,0.2738744422912254
0.0006500893872907525,0.27400964441840553
0.0006500893872907525,0.2740697342527078
0.0006500893872907525,0.27408475671128335
0.0006500893872907525,0.2741298240870101
0.0006500893872907525,0.27423498129703905
0.0006500893872907525,0.2742650262141902
0.0006500893872907525,0.27470067751288174
0.0006500893872907525,0.2747307224300329
0.0006500893872907525,0.2747457448886085
0.0006500893872907525,0.2747757898057596
0.0006500893872907525,0.27480583472291076
0.0006500893872907525,0.27485090209863744
0.0006500893872907525,0.27525650848017785
0.0006500893872907525,0.275286553397329
0.0006500893872907525,0.27540673306593355
0.0006500893872907525,0.2754367779830847
0.0006500893872907525,0.2756320699445671
0.0006500893872907525,0.27566211486171827
0.0006500893872907525,0.2757822945303228
0.0006500893872907525,0.27581233944747396
0.0006500893872907525,0.27588745174035184
0.0006500893872907525,0.275917496657503
0.0006500893872907525,0.2759325191160785
0.0006500893872907525,0.27596256403322966
0.0006500893872907525,0.27611278861898536
0.0006500893872907525,0.2761428335361365
0.0006500893872907525,0.2761578559947121
0.0006500893872907525,0.27618790091186324
0.0006500893872907525,0.27653341745910137
0.0006500893872907525,0.2765634623762525
0.0006500893872907525,0.27687893400633945
0.0006500893872907525,0.27690897892349065
0.0006500893872907525,0.2769240013820662
0.0006500893872907525,0.2769690687577929
0.0006500893872907525,0.27729956284645546
0.0006500893872907525,0.27734463022218214
0.0006500893872907525,0.27741974251506
0.0006500893872907525,0.2774648098907867
0.0006500893872907525,0.27749485480793784
0.0006500893872907525,0.2776901467694203
0.0006500893872907525,0.27775023660372256
0.0006500893872907525,0.2779305061066294
0.0006500893872907525,0.27797557348235613
0.0006500893872907525,0.2782910451124431
0.0006500893872907525,0.2783361124881698
0.0006500893872907525,0.27838117986389654
0.0006500893872907525,0.2784412696981988
0.0006500893872907525,0.2785764718253789
0.0006500893872907525,0.27860651674253006
0.0006500893872907525,0.27883185362116364
0.0006500893872907525,0.2788618985383148
0.0006500893872907525,0.2788919434554659
0.0006500893872907525,0.27893701083119266
0.0006500893872907525,0.2793125722955819
0.0006500893872907525,0.27937266212988415
0.0006500893872907525,0.2796731113013956
0.0006500893872907525,0.27970315621854674
0.0006500893872907525,0.2797482235942734
0.0006500893872907525,0.27977826851142457
0.0006500893872907525,0.279868403262878
0.0006500893872907525,0.2798984481800291
0.0006500893872907525,0.2799585380143314
0.0006500893872907525,0.28000360539005814
0.0006500893872907525,0.2800486727657848
0.0006500893872907525,0.28007871768293596
0.0006500893872907525,0.28025898718584286
0.0006500893872907525,0.280289032102994
0.0006500893872907525,0.28031907702014514
0.0006500893872907525,0.2803491219372963
0.0006500893872907525,0.2805894812745054
0.0006500893872907525,0.28061952619165653
0.0006500893872907525,0.28078477323598783
0.0006500893872907525,0.2808298406117145
0.0006500893872907525,0.2810401550317725
0.0006500893872907525,0.2810701999489236
0.0006500893872907525,0.28125046945183046
0.0006500893872907525,0.2812955368275572
0.0006500893872907525,0.28141571649616176
0.0006500893872907525,0.2814457614133129
0.0006500893872907525,0.2822269292592426
0.0006500893872907525,0.28227199663496927
0.0006500893872907525,0.2824522661378761
0.0006500893872907525,0.28248231105502725
0.0006500893872907525,0.2826625805579341
0.0006500893872907525,0.2826926254750853
0.0006500893872907525,0.28281280514368984
0.0006500893872907525,0.2828578725194165
0.0006500893872907525,0.2828728949779921
0.0006500893872907525,0.2829179623537188
0.0006500893872907525,0.2830231195637478
0.0006500893872907525,0.2830681869394745
0.0006500893872907525,0.28311325431520123
0.0006500893872907525,0.2831432992323524
0.0006500893872907525,0.2833986810281371
0.0006500893872907525,0.28345877086243937
0.0006500893872907525,0.2837291751167996
0.0006500893872907525,0.28375922003395077
0.0006500893872907525,0.2839394895368576
0.0006500893872907525,0.28396953445400874
0.0006500893872907525,0.2840897141226133
0.0006500893872907525,0.28411975903976444
0.0006500893872907525,0.28426998362552014
0.0006500893872907525,0.2843300734598224
0.0006500893872907525,0.28491594934426967
0.0006500893872907525,0.2849610167199964
0.0006500893872907525,0.2852764883500834
0.0006500893872907525,0.28530653326723454
0.0006500893872907525,0.2854717803115658
0.0006500893872907525,0.2855168476872925
0.0006500893872907525,0.2857121396487749
0.0006500893872907525,0.28574218456592604
0.0006500893872907525,0.2858172968588039
0.0006500893872907525,0.28584734177595505
0.0006500893872907525,0.28589240915168174
0.0006500893872907525,0.28592245406883293
0.0006500893872907525,0.28607267865458863
0.0006500893872907525,0.2861177460303153
0.0006500893872907525,0.28620788078176873
0.0006500893872907525,0.28623792569891987
0.0006500893872907525,0.2864181952018267
0.0006500893872907525,0.28644824011897785
0.0006500893872907525,0.28661348716330914
0.0006500893872907525,0.2866435320804603
0.0006500893872907525,0.2868388240419427
0.0006500893872907525,0.28686886895909386
0.0006500893872907525,0.28706416092057624
0.0006500893872907525,0.2870942058377274
0.0006500893872907525,0.2877401715564769
0.0006500893872907525,0.2878303063079304
0.0006500893872907525,0.2879655084351105
0.0006500893872907525,0.2880706656451395
0.0006500893872907525,0.2883560923580753
0.0006500893872907525,0.2884161821923776
0.0006500893872907525,0.28856640677813333
0.0006500893872907525,0.2886264966124356
0.0006500893872907525,0.28871663136388903
0.0006500893872907525,0.28874667628104017
0.0006500893872907525,0.2887616987396157
0.0006500893872907525,0.28879174365676685
0.0006500893872907525,0.2892273949554584
0.0006500893872907525,0.28925743987260955
0.0006500893872907525,0.2893025072483363
0.0006500893872907525,0.2893325521654874
0.0006500893872907525,0.28934757462406296
0.0006500893872907525,0.2893776195412141
0.0006500893872907525,0.2897531810056034
0.0006500893872907525,0.2897832259227545
0.0006500893872907525,0.29032403443147503
0.0006500893872907525,0.29035407934862617
0.0006500893872907525,0.2903841242657773
0.0006500893872907525,0.29042919164150405
0.0006500893872907525,0.2904892814758063
0.0006500893872907525,0.2906995958958643
0.0006500893872907525,0.29074466327159104
0.0006500893872907525,0.29084982048162
0.0006500893872907525,0.29087986539877114
0.0006500893872907525,0.2910901798188292
0.0006500893872907525,0.2911202247359803
0.0006500893872907525,0.29115026965313145
0.0006500893872907525,0.2911803145702826
0.0006500893872907525,0.2913155166974627
0.0006500893872907525,0.291375606531765
0.0006500893872907525,0.291480763741794
0.0006500893872907525,0.29154085357609627
0.0006500893872907525,0.29176619045472985
0.0006500893872907525,0.291796235371881
0.0006500893872907525,0.2919314374990611
0.0006500893872907525,0.29199152733336337
0.0006500893872907525,0.2921267294605435
0.0006500893872907525,0.29221686421199694
0.0006500893872907525,0.2922469091291481
0.0006500893872907525,0.2922769540462992
0.0006500893872907525,0.2923520663391771
0.0006500893872907525,0.29238211125632824
0.0006500893872907525,0.2924271786320549
0.0006500893872907525,0.29247224600778166
0.0006500893872907525,0.2930430994336533
0.0006500893872907525,0.29307314435080445
0.0006500893872907525,0.2931182117265312
0.0006500893872907525,0.29317830156083347
0.0006500893872907525,0.2932083464779846
0.0006500893872907525,0.29323839139513574
0.0006500893872907525,0.2932684363122869
0.0006500893872907525,0.293298481229438
0.0006500893872907525,0.2933585710637403
0.0006500893872907525,0.2934487058151937
0.0006500893872907525,0.2935688854837983
0.0006500893872907525,0.2935989304009494
0.0006500893872907525,0.29379422236243186
0.0006500893872907525,0.293824267279583
0.0006500893872907525,0.2938843571138853
0.0006500893872907525,0.29392942448961196
0.0006500893872907525,0.29394444694818755
0.0006500893872907525,0.2939744918653387
0.0006500893872907525,0.2942148512025478
0.0006500893872907525,0.2942749410368501
0.0006500893872907525,0.29445521053975693
0.0006500893872907525,0.29448525545690807
0.0006500893872907525,0.29450027791548367
0.0006500893872907525,0.2945303228326348
0.0006500893872907525,0.2950410864242042
0.0006500893872907525,0.2950711313413553
0.0006500893872907525,0.2951462436342332
0.0006500893872907525,0.29517628855138434
0.0006500893872907525,0.295221355927111
0.0006500893872907525,0.29525140084426216
0.0006500893872907525,0.2955218050986224
0.0006500893872907525,0.29555185001577355
0.0006500893872907525,0.2959875013144651
0.0006500893872907525,0.29601754623161625
0.0006500893872907525,0.296062613607343
0.0006500893872907525,0.29610768098306967
0.0006500893872907525,0.2962579055688254
0.0006500893872907525,0.29628795048597656
0.0006500893872907525,0.2967085793260925
0.0006500893872907525,0.29673862424324365
0.0006500893872907525,0.2968137365361215
0.0006500893872907525,0.2968437814532726
0.0006500893872907525,0.29703907341475505
0.0006500893872907525,0.2970691183319062
0.0006500893872907525,0.2972644102933886
0.0006500893872907525,0.29729445521053977
0.0006500893872907525,0.29733952258626645
0.0006500893872907525,0.2974747247134466
0.0006500893872907525,0.29750476963059774
0.0006500893872907525,0.29760992684062676
0.0006500893872907525,0.2976399717577779
0.0006500893872907525,0.2977150840506557
0.0006500893872907525,0.29789535355356256
0.0006500893872907525,0.2979404209292893
0.0006500893872907525,0.29812069043219613
0.0006500893872907525,0.2981507353493473
0.0006500893872907525,0.29821082518364955
0.0006500893872907525,0.2982408701008007
0.0006500893872907525,0.2982558925593763
0.0006500893872907525,0.29828593747652743
0.0006500893872907525,0.29866149894091665
0.0006500893872907525,0.2986915438580678
0.0006500893872907525,0.2991722625324861
0.0006500893872907525,0.2992623972839395
0.0006500893872907525,0.29927741974251504
0.0006500893872907525,0.2993375095768173
0.0006500893872907525,0.29936755449396846
0.0006500893872907525,0.2993975994111196
0.0006500893872907525,0.2995027566211486
0.0006500893872907525,0.29953280153829975
0.0006500893872907525,0.29959289137260203
0.0006500893872907525,0.29963795874832877
0.0006500893872907525,0.29975813841693333
0.0006500893872907525,0.29978818333408447
0.0006500893872907525,0.29980320579266
0.0006500893872907525,0.29984827316838675
0.0006500893872907525,0.299908363002689
0.0006500893872907525,0.29993840791984017
0.0006500893872907525,0.2999684528369913
0.0006500893872907525,0.3001336998813226
0.0006500893872907525,0.3001787672570493
0.0006500893872907525,0.30046419396998514
0.0006500893872907525,0.3004942388871363
0.0006500893872907525,0.3009899800201301
0.0006500893872907525,0.30102002493728125
0.0006500893872907525,0.30126038427449037
0.0006500893872907525,0.30132047410879265
0.0006500893872907525,0.3013505190259438
0.0006500893872907525,0.3013805639430949
0.0006500893872907525,0.3013955864016705
0.0006500893872907525,0.3014556762359728
0.0006500893872907525,0.3015007436116995
0.0006500893872907525,0.3015307885288506
0.0006500893872907525,0.3018462601589376
0.0006500893872907525,0.30187630507608876
0.0006500893872907525,0.3018913275346643
0.0006500893872907525,0.30192137245181544
0.0006500893872907525,0.3019664398275422
0.0006500893872907525,0.3019964847446933
0.0006500893872907525,0.30204155212042005
0.0006500893872907525,0.3020715970375712
0.0006500893872907525,0.30223684408190243
0.0006500893872907525,0.3022668889990536
0.0006500893872907525,0.302462180960536
0.0006500893872907525,0.3025222707948383
0.0006500893872907525,0.30265747292201844
0.0006500893872907525,0.3026875178391696
0.0006500893872907525,0.30274760767347186
0.0006500893872907525,0.30279267504919855
0.0006500893872907525,0.3030180119278321
0.0006500893872907525,0.30304805684498326
0.0006500893872907525,0.30319828143073896
0.0006500893872907525,0.3032884161821924
0.0006500893872907525,0.3033935733922214
0.0006500893872907525,0.30342361830937253
0.0006500893872907525,0.30360388781227937
0.0006500893872907525,0.3036339327294305
0.0006500893872907525,0.3036790001051572
0.0006500893872907525,0.30372406748088393
0.0006500893872907525,0.3037390899394595
0.0006500893872907525,0.3037691348566106
0.0006500893872907525,0.30379917977376175
0.0006500893872907525,0.3038292246909129
0.0006500893872907525,0.30387429206663963
0.0006500893872907525,0.30390433698379077
0.0006500893872907525,0.3040846064866976
0.0006500893872907525,0.30412967386242434
0.0006500893872907525,0.304490212868238
0.0006500893872907525,0.3045503027025403
0.0006500893872907525,0.3046103925368426
0.0006500893872907525,0.3046404374539937
0.0006500893872907525,0.30468550482972045
0.0006500893872907525,0.3050610662941097
0.0006500893872907525,0.3050911112112608
0.0006500893872907525,0.30606757101867293
0.0006500893872907525,0.3060976159358241
0.0006500893872907525,0.3061727282287019
0.0006500893872907525,0.30620277314585304
0.0006500893872907525,0.3062328180630042
0.0006500893872907525,0.3062778854387309
0.0006500893872907525,0.3063379752730332
0.0006500893872907525,0.30636802019018433
0.0006500893872907525,0.30639806510733547
0.0006500893872907525,0.30644313248306215
0.0006500893872907525,0.3064731774002133
0.0006500893872907525,0.3065933570688179
0.0006500893872907525,0.30662340198596905
0.0006500893872907525,0.3067435816545736
0.0006500893872907525,0.3068036714888759
0.0006500893872907525,0.3068938062403293
0.0006500893872907525,0.306938873616056
0.0006500893872907525,0.3069538960746316
0.0006500893872907525,0.3069839409917827
0.0006500893872907525,0.30701398590893386
0.0006500893872907525,0.30705905328466054
0.0006500893872907525,0.3074346147490498
0.0006500893872907525,0.3074947045833521
0.0006500893872907525,0.3076449291691078
0.0006500893872907525,0.30767497408625893
0.0006500893872907525,0.3079604007991948
0.0006500893872907525,0.30799044571634593
0.0006500893872907525,0.30802049063349707
0.0006500893872907525,0.3080505355506482
0.0006500893872907525,0.3080655580092238
0.0006500893872907525,0.30809560292637495
0.0006500893872907525,0.3081406703021016
0.0006500893872907525,0.30817071521925277
0.0006500893872907525,0.30824582751213064
0.0006500893872907525,0.3082758724292818
0.0006500893872907525,0.30832093980500846
0.0006500893872907525,0.3083660071807352
0.0006500893872907525,0.3085312542250665
0.0006500893872907525,0.30856129914221764
0.0006500893872907525,0.3087415686451245
0.0006500893872907525,0.3087716135622756
0.0006500893872907525,0.30878663602085116
0.0006500893872907525,0.3088317033965779
0.0006500893872907525,0.3089218381480313
0.0006500893872907525,0.30895188306518245
0.0006500893872907525,0.30904201781663587
0.0006500893872907525,0.309072062733787
0.0006500893872907525,0.30926735469526945
0.0006500893872907525,0.3093274445295717
0.0006500893872907525,0.30934246698814727
0.0006500893872907525,0.3093725119052984
0.0006500893872907525,0.30949269157390297
0.0006500893872907525,0.3095227364910541
0.0006500893872907525,0.30982318566256556
0.0007313505607020966,0.30982318566256556
0.0007313505607020966,0.3100635449997747
0.0007313505607020966,0.31012363483407696
0.0007313505607020966,0.31018372466837923
0.0007313505607020966,0.3102137695855304
0.0007313505607020966,0.31031892679555934
0.0007313505607020966,0.3103489717127105
0.0007313505607020966,0.3104090615470128
0.0007313505607020966,0.31043910646416395
0.0007313505607020966,0.31066444334279747
0.0007313505607020966,0.3107095107185242
0.0007313505607020966,0.3109198251385822
0.0007313505607020966,0.3109498700557333
0.0007313505607020966,0.3110249823486112
0.0007313505607020966,0.3110700497243379
0.0007313505607020966,0.31120525185151804
0.0007313505607020966,0.3112352967686692
0.0007313505607020966,0.311731037901663
0.0007313505607020966,0.3117911277359653
0.0007313505607020966,0.311941352321721
0.0007313505607020966,0.31200144215602327
0.0007313505607020966,0.3120765544489011
0.0007313505607020966,0.31210659936605223
0.0007313505607020966,0.3121216218246278
0.0007313505607020966,0.3121817116589301
0.0007313505607020966,0.31221175657608125
0.0007313505607020966,0.3122418014932324
0.0007313505607020966,0.31228686886895907
0.0007313505607020966,0.31252722820616824
0.0007313505607020966,0.3125572731233194
0.0007313505607020966,0.31260234049904606
0.0007313505607020966,0.3126474078747728
0.0007313505607020966,0.31299292442201093
0.0007313505607020966,0.31302296933916207
0.0007313505607020966,0.3130379917977376
0.0007313505607020966,0.3130980816320399
0.0007313505607020966,0.3137290248922139
0.0007313505607020966,0.313759069809365
0.0007313505607020966,0.31384920456081844
0.0007313505607020966,0.3138792494779696
0.0007313505607020966,0.3139543617708474
0.0007313505607020966,0.31398440668799854
0.0007313505607020966,0.3140444965223008
0.0007313505607020966,0.31407454143945196
0.0007313505607020966,0.31414965373232984
0.0007313505607020966,0.3141947211080565
0.0007313505607020966,0.3145853050310214
0.0007313505607020966,0.31464539486532367
0.0007313505607020966,0.3146604173238992
0.0007313505607020966,0.3147205071582015
0.0007313505607020966,0.31484068682680605
0.0007313505607020966,0.3148707317439572
0.0007313505607020966,0.3149758889539862
0.0007313505607020966,0.31502095632971294
0.0007313505607020966,0.3150359787882885
0.0007313505607020966,0.3150810461640152
0.0007313505607020966,0.31524629320834646
0.0007313505607020966,0.3152763381254976
0.0007313505607020966,0.31541154025267776
0.0007313505607020966,0.31545660762840444
0.0007313505607020966,0.31556176483843346
0.0007313505607020966,0.31562185467273574
0.0007313505607020966,0.315681944507038
0.0007313505607020966,0.31571198942418915
0.0007313505607020966,0.31619270809860744
0.0007313505607020966,0.3162227530157586
0.0007313505607020966,0.3163729776015143
0.0007313505607020966,0.3164030225186654
0.0007313505607020966,0.31643306743581656
0.0007313505607020966,0.31649315727011884
0.0007313505607020966,0.3169888984031127
0.0007313505607020966,0.3170189433202638
0.0007313505607020966,0.31713912298886837
0.0007313505607020966,0.3171691679060195
0.0007313505607020966,0.31740952724322863
0.0007313505607020966,0.31743957216037977
0.0007313505607020966,0.3174696170775309
0.0007313505607020966,0.31749966199468205
0.0007313505607020966,0.31766490903901334
0.0007313505607020966,0.3176949539561645
0.0007313505607020966,0.3178301560833446
0.0007313505607020966,0.3178752234590713
0.0007313505607020966,0.31811558279628044
0.0007313505607020966,0.3181456277134316
0.0007313505607020966,0.3181606501720072
0.0007313505607020966,0.3181906950891583
0.0007313505607020966,0.3183258972163384
0.0007313505607020966,0.31835594213348956
0.0007313505607020966,0.3183859870506407
0.0007313505607020966,0.31841603196779183
0.0007313505607020966,0.3184761218020941
0.0007313505607020966,0.31850616671924525
0.0007313505607020966,0.31852118917782085
0.0008126117341134406,0.31852118917782085
0.0008126117341134406,0.31858127901212313
0.0008126117341134406,0.31861132392927427
0.0008126117341134406,0.31883666080790785
0.0008126117341134406,0.31891177310078567
0.0008126117341134406,0.3191671548965704
0.0008126117341134406,0.3191971998137215
0.0008126117341134406,0.3192572896480238
0.0008126117341134406,0.3193474243994772
0.0008126117341134406,0.3194225366923551
0.0008126117341134406,0.31945258160950624
0.0008126117341134406,0.3194676040680818
0.0008126117341134406,0.3195126714438085
0.0008126117341134406,0.31969294094671535
0.0008126117341134406,0.3197229858638665
0.0008126117341134406,0.3197680532395932
0.0008126117341134406,0.3197980981567443
0.0008126117341134406,0.32005347995252903
0.0008126117341134406,0.32008352486968017
0.0008126117341134406,0.3201736596211336
0.0008126117341134406,0.32020370453828473
0.0008126117341134406,0.32023374945543587
0.0008126117341134406,0.320263794372587
0.0008126117341134406,0.32045908633406944
0.0008126117341134406,0.3204891312512206
0.0008126117341134406,0.32059428846124954
0.0008126117341134406,0.3206243333784007
0.0008126117341134406,0.32084967025703426
0.0008126117341134406,0.3208797151741854
0.0008126117341134406,0.320894737632761
0.0008126117341134406,0.32092478254991214
0.0008126117341134406,0.32115011942854566
0.0008126117341134406,0.32121020926284793
0.0008126117341134406,0.3212702990971502
0.0008126117341134406,0.32130034401430135
0.0008126117341134406,0.3213454113900281
0.0008126117341134406,0.32139047876575483
0.0008126117341134406,0.3214505686000571
0.0008126117341134406,0.3214956359757838
0.0008126117341134406,0.32152568089293493
0.0008126117341134406,0.32170595039584177
0.0008126117341134406,0.3217359953129929
0.0008126117341134406,0.3217960851472952
0.0008126117341134406,0.3218411525230219
0.0008126117341134406,0.32187119744017306
0.0008938729075247847,0.32187119744017306
0.0008938729075247847,0.3219763546502021
0.0008938729075247847,0.3220063995673532
0.0008938729075247847,0.3222016915288356
0.0008938729075247847,0.32223173644598674
0.0008938729075247847,0.3222768038217135
0.0008938729075247847,0.3223068487388646
0.0008938729075247847,0.32233689365601575
0.0009751340809361287,0.32233689365601575
0.0009751340809361287,0.3223669385731669
0.0009751340809361287,0.32239698349031803
0.0009751340809361287,0.32247209578319586
0.0009751340809361287,0.322502140700347
0.0009751340809361287,0.3229077470818874
0.0009751340809361287,0.32293779199903855
0.0009751340809361287,0.3229978818333408
0.0009751340809361287,0.32302792675049197
0.0009751340809361287,0.32304294920906756
0.0009751340809361287,0.32308801658479425
0.0009751340809361287,0.32325326362912554
0.0009751340809361287,0.3232983310048523
0.0009751340809361287,0.3233884657563057
0.0009751340809361287,0.323448555590608
0.0009751340809361287,0.3235386903420614
0.0009751340809361287,0.32356873525921254
0.0009751340809361287,0.32425976835368875
0.0009751340809361287,0.3243048357294155
0.0009751340809361287,0.32431985818799103
0.0009751340809361287,0.32434990310514217
0.0009751340809361287,0.32436492556371777
0.0009751340809361287,0.32440999293944445
0.0009751340809361287,0.324530172608049
0.0009751340809361287,0.32459026244235134
0.0009751340809361287,0.3246052849009269
0.0009751340809361287,0.324635329818078
0.0009751340809361287,0.32468039719380476
0.0009751340809361287,0.3247104421109559
0.0009751340809361287,0.32472546456953144
0.0009751340809361287,0.3247705319452582
0.0009751340809361287,0.3250709811167696
0.0009751340809361287,0.3251010260339207
0.0009751340809361287,0.32523622816110087
0.0009751340809361287,0.325266273078252
0.0009751340809361287,0.3254014752054321
0.0009751340809361287,0.3254615650397344
0.0009751340809361287,0.32549160995688553
0.0009751340809361287,0.32552165487403667
0.0009751340809361287,0.3256117896254901
0.0009751340809361287,0.3256568570012168
0.0009751340809361287,0.32568690191836797
0.0009751340809361287,0.32583712650412366
0.0009751340809361287,0.3258671714212748
0.0009751340809361287,0.32615259813421066
0.0009751340809361287,0.3261826430513618
0.0009751340809361287,0.3262277104270885
0.0009751340809361287,0.3262577553442396
0.0009751340809361287,0.3262727778028152
0.0009751340809361287,0.32630282271996636
0.0009751340809361287,0.3263929574714198
0.0009751340809361287,0.3264230023885709
0.0009751340809361287,0.32643802484714646
0.0009751340809361287,0.3264830922228732
0.0009751340809361287,0.3267384740186579
0.0009751340809361287,0.32676851893580905
0.0009751340809361287,0.3267985638529602
0.0009751340809361287,0.32682860877011133
0.0009751340809361287,0.3269337659801403
0.0009751340809361287,0.32696381089729143
0.0009751340809361287,0.32699385581444257
0.0009751340809361287,0.3270239007315937
0.0009751340809361287,0.3270990130244716
0.0009751340809361287,0.3271290579416227
0.0009751340809361287,0.32721919269307614
0.0009751340809361287,0.3272492376102273
0.0009751340809361287,0.327294304985954
0.0009751340809361287,0.3274144846545586
0.0009751340809361287,0.32747457448886086
0.0009751340809361287,0.3275647092403143
0.0009751340809361287,0.3275947541574654
0.0009751340809361287,0.32779004611894785
0.0009751340809361287,0.32785013595325013
0.0009751340809361287,0.3278651584118257
0.0009751340809361287,0.3279102257875524
0.0009751340809361287,0.32794027070470355
0.0009751340809361287,0.32798533808043023
0.0009751340809361287,0.3281205402076104
0.0009751340809361287,0.32818063004191267
0.0009751340809361287,0.3286613487163309
0.0009751340809361287,0.32869139363348204
0.0009751340809361287,0.3287214385506332
0.0009751340809361287,0.32878152838493546
0.0009751340809361287,0.3288265957606622
0.0009751340809361287,0.3288716631363889
0.0009751340809361287,0.32890170805354
0.0009751340809361287,0.3289617978878423
0.0009751340809361287,0.3290218877221446
0.0009751340809361287,0.3290519326392958
0.0009751340809361287,0.32960776360659183
0.0009751340809361287,0.32963780852374297
0.0009751340809361287,0.32965283098231857
0.0009751340809361287,0.3296828758994697
0.0009751340809361287,0.32981807802664986
0.0009751340809361287,0.32987816786095214
0.0009751340809361287,0.32995328015382996
0.0009751340809361287,0.3299833250709811
0.0009751340809361287,0.3302086619496147
0.0009751340809361287,0.3302387068667658
0.0009751340809361287,0.33031381915964364
0.0009751340809361287,0.33034386407679484
0.0009751340809361287,0.3307494704583352
0.0009751340809361287,0.33079453783406193
0.0009751340809361287,0.3308546276683642
0.0009751340809361287,0.33088467258551535
0.0009751340809361287,0.33103489717127105
0.0009751340809361287,0.3310649420884222
0.0009751340809361287,0.33129027896705576
0.0009751340809361287,0.3313203238842069
0.0009751340809361287,0.33150059338711374
0.0009751340809361287,0.3315306383042649
0.0009751340809361287,0.3320113569786831
0.0009751340809361287,0.3320714468129854
0.0009751340809361287,0.33235687352592125
0.0009751340809361287,0.3323869184430724
0.0009751340809361287,0.3324920756531014
0.0009751340809361287,0.33252212057025254
0.0009751340809361287,0.3326423002388571
0.0009751340809361287,0.3326873676145838
0.0009751340809361287,0.33291270449321736
0.0009751340809361287,0.3329427494103685
0.0009751340809361287,0.33321315366472876
0.0009751340809361287,0.3332431985818799
0.0009751340809361287,0.3333333333333333
0.0009751340809361287,0.33336337825048445
0.0009751340809361287,0.3334985803776646
0.0009751340809361287,0.33352862529481575
0.0009751340809361287,0.3338140520077516
0.0009751340809361287,0.3338741418420539
0.0009751340809361287,0.3340544113449607
0.0009751340809361287,0.3340994787206874
0.0009751340809361287,0.334324815599321
0.0009751340809361287,0.3343548605164721
0.0009751340809361287,0.33439992789219886
0.0009751340809361287,0.33442997280935
0.0009751340809361287,0.33495575885949497
0.0009751340809361287,0.33501584869379725
0.0009751340809361287,0.3351210059038262
0.0009751340809361287,0.33515105082097735
0.0009751340809361287,0.3351961181967041
0.0009751340809361287,0.3352261631138552
0.0009751340809361287,0.33525620803100636
0.0009751340809361287,0.3352862529481575
0.0009751340809361287,0.33545149999248874
0.0009751340809361287,0.33548154490963994
0.0009751340809361287,0.3356618144125468
0.0009751340809361287,0.33570688178827346
0.0009751340809361287,0.3359622635840582
0.0009751340809361287,0.33602235341836045
0.0009751340809361287,0.336142533086965
0.0009751340809361287,0.33617257800411615
0.0009751340809361287,0.33633782504844745
0.0009751340809361287,0.3363678699655986
0.0009751340809361287,0.33642795979990087
0.0009751340809361287,0.336458004717052
0.0009751340809361287,0.33647302717562755
0.0009751340809361287,0.3365030720927787
0.0009751340809361287,0.3366833415956855
0.0009751340809361287,0.3367434314299878
0.0009751340809361287,0.3371189928943771
0.0009751340809361287,0.3371490378115282
0.0009751340809361287,0.3371640602701038
0.0009751340809361287,0.33719410518725496
0.0009751340809361287,0.3372091276458305
0.0009751340809361287,0.33723917256298164
0.0009751340809361287,0.3372692174801328
0.0009751340809361287,0.3372992623972839
0.0009751340809361287,0.3379151831988823
0.0009751340809361287,0.33794522811603345
0.0009751340809361287,0.3380804302432136
0.0009751340809361287,0.33811047516036474
0.0009751340809361287,0.338170564994667
0.0009751340809361287,0.33820060991181816
0.0009751340809361287,0.3383358120389983
0.0009751340809361287,0.33841092433187614
0.0009751340809361287,0.3384559917076029
0.0009751340809361287,0.33851608154190516
0.0009751340809361287,0.3388615980891433
0.0009751340809361287,0.33890666546486997
0.0009751340809361287,0.3389517328405967
0.0009751340809361287,0.3389968002163234
0.0009751340809361287,0.33911697988492795
0.0009751340809361287,0.3391470248020791
0.0009751340809361287,0.3392521820121081
0.0009751340809361287,0.3392972493878348
0.0009751340809361287,0.33952258626646836
0.0009751340809361287,0.33959769855934624
0.0009751340809361287,0.33967281085222406
0.0009751340809361287,0.3397028557693752
0.0009751340809361287,0.33982303543797976
0.0009751340809361287,0.3398530803551309
0.0009751340809361287,0.33998828248231105
0.0009751340809361287,0.34004837231661333
0.0010563952543474727,0.34004837231661333
0.0010563952543474727,0.34009343969234007
0.0010563952543474727,0.34015352952664235
0.0010563952543474727,0.34019859690236903
0.0010563952543474727,0.3404239337810026
0.0010563952543474727,0.3404840236153049
0.0010563952543474727,0.340829540162543
0.0010563952543474727,0.34090465245542084
0.0010563952543474727,0.34091967491399644
0.0010563952543474727,0.3409497198311476
0.0010563952543474727,0.3409647422897231
0.0010563952543474727,0.34099478720687426
0.0010563952543474727,0.34100980966544986
0.0010563952543474727,0.341039854582601
0.0010563952543474727,0.3411299893340544
0.0010563952543474727,0.3411750567097811
0.0010563952543474727,0.34122012408550784
0.0010563952543474727,0.341250169002659
0.0010563952543474727,0.3414905283398681
0.0010563952543474727,0.34153559571559483
0.0010563952543474727,0.3417308876770772
0.0010563952543474727,0.34176093259422835
0.0010563952543474727,0.34177595505280395
0.0010563952543474727,0.3418059999699551
0.0010563952543474727,0.3420613817657398
0.0010563952543474727,0.34209142668289094
0.0010563952543474727,0.3421515165171932
0.0010563952543474727,0.34218156143434436
0.0010563952543474727,0.34222662881007104
0.0010563952543474727,0.3422716961857978
0.0010563952543474727,0.3423017411029489
0.0010563952543474727,0.3424519656887046
0.0010563952543474727,0.34248201060585576
0.0010563952543474727,0.34252707798158244
0.0010563952543474727,0.3425571228987336
0.0010563952543474727,0.34264725765018705
0.0010563952543474727,0.3426773025673382
0.0010563952543474727,0.3427674373187916
0.0010563952543474727,0.34279748223594275
0.0010563952543474727,0.34303784157315187
0.0010563952543474727,0.343067886490303
0.0010563952543474727,0.34350353778899456
0.0010563952543474727,0.3435335827061457
0.0010563952543474727,0.34365376237475026
0.0010563952543474727,0.34369882975047694
0.0010563952543474727,0.3437288746676281
0.0010563952543474727,0.3438190094190815
0.0010563952543474727,0.34384905433623264
0.0010563952543474727,0.3439391890876861
0.0010563952543474727,0.34396923400483725
0.0010563952543474727,0.34401430138056394
0.0010563952543474727,0.3440593687562907
0.0010563952543474727,0.3440894136734418
0.0010563952543474727,0.34451004251355777
0.0010563952543474727,0.3445400874307089
0.0010563952543474727,0.34458515480643565
0.0010563952543474727,0.3446151997235868
0.0010563952543474727,0.344780446767918
0.0010563952543474727,0.34482551414364476
0.0010563952543474727,0.34518605314945844
0.0010563952543474727,0.3452160980666096
0.0010563952543474727,0.3453212552766386
0.0010563952543474727,0.3453813451109409
0.0010563952543474727,0.3454714798623943
0.0010563952543474727,0.34550152477954543
0.0010563952543474727,0.34553156969669657
0.0010563952543474727,0.3455616146138477
0.0010563952543474727,0.3457869514924813
0.0010563952543474727,0.3458169964096324
0.0010563952543474727,0.3459221536196614
0.0010563952543474727,0.3459672209953881
0.0010563952543474727,0.3460723782054171
0.0010563952543474727,0.3461024231225682
0.0010563952543474727,0.34628269262547506
0.0010563952543474727,0.3463127375426262
0.0010563952543474727,0.3463728273769285
0.0010563952543474727,0.3464028722940796
0.0010563952543474727,0.3469887481785269
0.0010563952543474727,0.3470338155542536
0.0010563952543474727,0.3472591524328872
0.0010563952543474727,0.3472891973500383
0.0010563952543474727,0.34730421980861387
0.0010563952543474727,0.3473492871843406
0.0010563952543474727,0.347544579145823
0.0010563952543474727,0.3475896465215497
0.0010563952543474727,0.3481004101131191
0.0010563952543474727,0.34814547748884583
0.0010563952543474727,0.3481905448645725
0.0010563952543474727,0.34823561224029925
0.0010563952543474727,0.3485060164946595
0.0010563952543474727,0.34853606141181065
0.0010563952543474727,0.3486562410804152
0.0010563952543474727,0.34870130845614195
0.0010563952543474727,0.3487313533732931
0.0010563952543474727,0.3487613982904442
0.0010563952543474727,0.34879144320759536
0.0010563952543474727,0.34885153304189764
0.0010563952543474727,0.34900175762765334
0.0010563952543474727,0.3490318025448045
0.0010563952543474727,0.3492120720477113
0.0010563952543474727,0.34930220679916474
0.0010563952543474727,0.34939234155061816
0.0010563952543474727,0.3494223864677693
0.0010563952543474727,0.34945243138492044
0.0010563952543474727,0.3494824763020716
0.0010563952543474727,0.3495275436777983
0.0010563952543474727,0.3495876335121006
0.0010563952543474727,0.3497378580978563
0.0010563952543474727,0.34976790301500743
0.0010563952543474727,0.34987306022503645
0.0010563952543474727,0.3499031051421876
0.0010563952543474727,0.3499331500593387
0.0010563952543474727,0.349993239893641
0.0010563952543474727,0.3500833746450944
0.0010563952543474727,0.3501284420208211
0.0010563952543474727,0.350203554313699
0.0010563952543474727,0.35024862168942567
0.0010563952543474727,0.3502786666065768
0.0010563952543474727,0.3503688013580303
0.0010563952543474727,0.3503988462751814
0.0010563952543474727,0.3506091606952394
0.0010563952543474727,0.35063920561239054
0.0010563952543474727,0.3509096098667508
0.0010563952543474727,0.35093965478390193
0.0010563952543474727,0.35098472215962867
0.0010563952543474727,0.3510147670767798
0.0010563952543474727,0.35124010395541333
0.0010563952543474727,0.35127014887256447
0.0010563952543474727,0.3515255306683492
0.0010563952543474727,0.35160064296122706
0.0010563952543474727,0.35179593492270944
0.0010563952543474727,0.3518259798398606
0.0010563952543474727,0.3518560247570117
0.0010563952543474727,0.35190109213273846
0.0010563952543474727,0.3519311370498896
0.0010563952543474727,0.3521414514699476
0.0010563952543474727,0.35218651884567426
0.0010563952543474727,0.35241185572430783
0.0010563952543474727,0.35244190064145897
0.0010563952543474727,0.35257710276863913
0.0010563952543474727,0.35260714768579027
0.0010563952543474727,0.3533432481559932
0.0010563952543474727,0.3533883155317199
0.0010563952543474727,0.3537638769961092
0.0010563952543474727,0.3537939219132603
0.0010563952543474727,0.35389907912328933
0.0010563952543474727,0.353944146499016
0.0010563952543474727,0.35397419141616715
0.0010563952543474727,0.3540042363333183
0.0010563952543474727,0.35406432616762057
0.0010563952543474727,0.3541093935433473
0.0010563952543474727,0.3541995282948007
0.0010563952543474727,0.35422957321195186
0.0010563952543474727,0.3543197079634053
0.0010563952543474727,0.35437979779770756
0.0010563952543474727,0.3544248651734343
0.0010563952543474727,0.3544849550077366
0.0010563952543474727,0.35454504484203886
0.0010563952543474727,0.35457508975919
0.0010563952543474727,0.3547102918863701
0.0010563952543474727,0.35474033680352124
0.0010563952543474727,0.3548154490963991
0.0010563952543474727,0.35484549401355026
0.0010563952543474727,0.35501074105788155
0.0010563952543474727,0.35507083089218383
0.0010563952543474727,0.3551158982679105
0.0010563952543474727,0.35514594318506165
0.0010563952543474727,0.3551910105607884
0.0010563952543474727,0.35525110039509067
0.0010563952543474727,0.3556416843180555
0.0010563952543474727,0.3556717292352066
0.0010563952543474727,0.35570177415235776
0.0010563952543474727,0.3557318190695089
0.0010563952543474727,0.35585199873811346
0.0010563952543474727,0.3558820436552646
0.0010563952543474727,0.35657307674974087
0.0010563952543474727,0.356603121666892
0.0010563952543474727,0.35661814412546755
0.0010563952543474727,0.3566632115011943
0.0010563952543474727,0.35669325641834543
0.0010563952543474727,0.35670827887692097
0.0010563952543474727,0.35673832379407217
0.0010563952543474727,0.35687352592125227
0.0010563952543474727,0.356918593296979
0.0010563952543474727,0.35703877296558356
0.0010563952543474727,0.3570688178827347
0.0010563952543474727,0.35723406492706594
0.0010563952543474727,0.3572941547613682
0.0010563952543474727,0.35741433442997284
0.0010563952543474727,0.357444379347124
0.0010563952543474727,0.3574744242642751
0.0010563952543474727,0.35750446918142625
0.0010563952543474727,0.3575194916400018
0.0010563952543474727,0.35754953655715294
0.0010563952543474727,0.35794012048011775
0.0010563952543474727,0.3579701653972689
0.0010563952543474727,0.3582255471930536
0.0010563952543474727,0.358315681944507
0.0010563952543474727,0.3583757717788093
0.0010563952543474727,0.35840581669596044
0.0010563952543474727,0.3584659065302627
0.0010563952543474727,0.35849595144741386
0.0010563952543474727,0.358525996364565
0.0010563952543474727,0.35857106374029174
0.0010563952543474727,0.358946625204681
0.0010563952543474727,0.35897667012183215
0.0010563952543474727,0.35917196208331453
0.0010563952543474727,0.35921702945904127
0.0010563952543474727,0.3593221866690703
0.0010563952543474727,0.3593522315862214
0.0010563952543474727,0.3594123214205237
0.0010563952543474727,0.3594573887962504
0.0010563952543474727,0.35959259092343054
0.0010563952543474727,0.3596226358405817
0.0010563952543474727,0.3598029053434885
0.0010563952543474727,0.35983295026063966
0.0010563952543474727,0.35999819730497096
0.0010563952543474727,0.36005828713927324
0.0010563952543474727,0.36019348926645334
0.0010563952543474727,0.3602235341836045
0.0010563952543474727,0.36029864647648235
0.0010563952543474727,0.3603286913936335
0.0010563952543474727,0.3605690507308426
0.0010563952543474727,0.36059909564799375
0.0010563952543474727,0.3608845223609296
0.0010563952543474727,0.3609295897366563
0.0010563952543474727,0.3610948367809876
0.0010563952543474727,0.36115492661528986
0.0010563952543474727,0.36121501644959214
0.0010563952543474727,0.3612450613667433
0.0010563952543474727,0.36132017365962116
0.0010563952543474727,0.36136524103534784
0.0011376564277588168,0.36136524103534784
0.0011376564277588168,0.361395285952499
0.0011376564277588168,0.3614253308696501
0.0011376564277588168,0.3614854207039524
0.0011376564277588168,0.36168071266543483
0.0011376564277588168,0.361710757582586
0.0011376564277588168,0.36181591479261493
0.0011376564277588168,0.36186098216834167
0.0011376564277588168,0.3618760046269172
0.0011376564277588168,0.3619060495440684
0.0011376564277588168,0.3619511169197951
0.0011376564277588168,0.3621013415055508
0.0011376564277588168,0.36213138642270193
0.0011376564277588168,0.3621464088812775
0.0011376564277588168,0.36217645379842867
0.0011376564277588168,0.3624468580527889
0.0011376564277588168,0.36247690296994006
0.0011376564277588168,0.3626721949314225
0.0011376564277588168,0.36270223984857364
0.0011376564277588168,0.3629125542686316
0.0011376564277588168,0.36294259918578275
0.0011376564277588168,0.36307780131296286
0.0011376564277588168,0.363107846230114
0.0011376564277588168,0.3632881157330209
0.0011376564277588168,0.36333318310874757
0.0011376564277588168,0.363423317860201
0.0011376564277588168,0.36345336277735213
0.0011376564277588168,0.363738789490288
0.0011376564277588168,0.3637688344074391
0.0011376564277588168,0.3638890140760437
0.0011376564277588168,0.3639190589931948
0.0011376564277588168,0.36411435095467726
0.0011376564277588168,0.3641443958718284
0.0011376564277588168,0.3641894632475551
0.0011376564277588168,0.3642195081647062
0.0011376564277588168,0.3645049348776421
0.0011376564277588168,0.3645349797947932
0.0011376564277588168,0.3645500022533688
0.0011376564277588168,0.3645950696290955
0.0011376564277588168,0.36462511454624663
0.0011376564277588168,0.36467018192197337
0.0011376564277588168,0.3647002268391245
0.0011376564277588168,0.36473027175627565
0.0011376564277588168,0.36477533913200233
0.0011376564277588168,0.36495560863490917
0.0011376564277588168,0.3649856535520603
0.0011376564277588168,0.3651509005963916
0.0011376564277588168,0.36519596797211834
0.0011376564277588168,0.36528610272357176
0.0011376564277588168,0.36534619255787404
0.0011376564277588168,0.3654062823921763
0.0011376564277588168,0.36543632730932746
0.0011376564277588168,0.3655114396022053
0.0011376564277588168,0.3655414845193564
0.0011376564277588168,0.36590202352517015
0.0011376564277588168,0.36596211335947243
0.0011376564277588168,0.36624754007240823
0.0011376564277588168,0.36627758498955937
0.0011376564277588168,0.36666816891252424
0.0011376564277588168,0.3666982138296754
0.0011376564277588168,0.3668484384154311
0.0011376564277588168,0.3668784833325822
0.0011376564277588168,0.36690852824973336
0.0011376564277588168,0.36696861808403564
0.0011376564277588168,0.3670437303769135
0.0011376564277588168,0.3671038202112158
0.0011376564277588168,0.3672540447969715
0.0011376564277588168,0.36731413463127377
0.0011376564277588168,0.3673892469241516
0.0011376564277588168,0.36741929184130273
0.0011376564277588168,0.36744933675845387
0.0011376564277588168,0.367479381675605
0.0011376564277588168,0.36752444905133175
0.0011376564277588168,0.3675544939684829
0.0011376564277588168,0.3676446287199363
0.0011376564277588168,0.36767467363708745
0.0011376564277588168,0.367794853305692
0.0011376564277588168,0.36782489822284314
0.0011376564277588168,0.36791503297429656
0.0011376564277588168,0.3679601003500233
0.0011376564277588168,0.36800516772575
0.0011376564277588168,0.3680352126429011
0.0011376564277588168,0.36814036985293014
0.0011376564277588168,0.3681704147700813
0.0011376564277588168,0.36827557198011024
0.0011376564277588168,0.3683056168972614
0.0011376564277588168,0.3685760211516217
0.0011376564277588168,0.36860606606877283
0.0011376564277588168,0.36874126819595293
0.0011376564277588168,0.36877131311310407
0.0011376564277588168,0.36884642540598195
0.0011376564277588168,0.36889149278170863
0.0011376564277588168,0.3690717622846155
0.0011376564277588168,0.3691168296603422
0.0011376564277588168,0.3693722114561269
0.0011376564277588168,0.36940225637327806
0.0011376564277588168,0.369822885213394
0.0011376564277588168,0.36985293013054515
0.0011376564277588168,0.36986795258912075
0.0011376564277588168,0.36991301996484743
0.0011376564277588168,0.3699881322577253
0.0011376564277588168,0.37001817717487645
0.0011376564277588168,0.3700482220920276
0.0011376564277588168,0.37007826700917873
0.0011376564277588168,0.3701233343849054
0.0011376564277588168,0.37015337930205655
0.0011376564277588168,0.37021346913635883
0.0011376564277588168,0.37024351405350997
0.0011376564277588168,0.3703636937221146
0.0011376564277588168,0.3703937386392657
0.0011376564277588168,0.3705139183078703
0.0011376564277588168,0.3705439632250214
0.0011376564277588168,0.3706040530593237
0.0011376564277588168,0.3706491204350504
0.0011376564277588168,0.370664142893626
0.0011376564277588168,0.3706941878107771
0.0011376564277588168,0.3708293899379572
0.0011376564277588168,0.37085943485510836
0.0011376564277588168,0.37087445731368396
0.0011376564277588168,0.3709045022308351
0.0011376564277588168,0.3709195246894107
0.0011376564277588168,0.37094956960656184
0.0011376564277588168,0.37125001877807323
0.0011376564277588168,0.37128006369522437
0.0011376564277588168,0.3712950861537999
0.0011376564277588168,0.37134015352952665
0.0011376564277588168,0.37173073745249147
0.0011376564277588168,0.3717607823696426
0.0011376564277588168,0.371850917121096
0.0011376564277588168,0.37188096203824716
0.0011376564277588168,0.37225652350263644
0.0011376564277588168,0.3723166133369387
0.0011376564277588168,0.37242177054696773
0.0011376564277588168,0.3724518154641189
0.0011376564277588168,0.3725419502155723
0.0011376564277588168,0.37260204004987457
0.0011376564277588168,0.37264710742560125
0.0011376564277588168,0.372692174801328
0.0011376564277588168,0.3730376913485661
0.0011376564277588168,0.3730827587242928
0.0011376564277588168,0.3733982303543798
0.0011376564277588168,0.37342827527153094
0.0011376564277588168,0.37389397148737363
0.0011376564277588168,0.3739390388631003
0.0011376564277588168,0.3741042859074316
0.0011376564277588168,0.37413433082458275
0.0011376564277588168,0.37428455541033845
0.0011376564277588168,0.3743146003274896
0.0011376564277588168,0.37467513933330326
0.0011376564277588168,0.3747051842504544
0.0011376564277588168,0.37485540883621016
0.0011376564277588168,0.3748854537533613
0.0011376564277588168,0.37499061096339026
0.0011376564277588168,0.3750206558805414
0.0011376564277588168,0.3753211050520528
0.0011376564277588168,0.37535114996920393
0.0011376564277588168,0.3754863520963841
0.0011376564277588168,0.37551639701353523
0.0011376564277588168,0.37553141947211083
0.0011376564277588168,0.37556146438926197
0.0011376564277588168,0.37607222798083134
0.0011376564277588168,0.3761022728979825
0.0011376564277588168,0.3768083284510343
0.0011376564277588168,0.37686841828533657
0.0011376564277588168,0.3770036204125167
0.0011376564277588168,0.37703366532966787
0.0011376564277588168,0.37707873270539455
0.0011376564277588168,0.3771087776225457
0.0011376564277588168,0.3778749230098998
0.0011376564277588168,0.3779049679270509
0.0011376564277588168,0.37801012513707993
0.0011376564277588168,0.3780401700542311
0.0011376564277588168,0.37820541709856237
0.0011376564277588168,0.3782354620157135
0.0011376564277588168,0.37831057430859133
0.0011376564277588168,0.37834061922574247
0.0011376564277588168,0.3783706641428936
0.0011376564277588168,0.3784307539771959
0.0011376564277588168,0.3784758213529226
0.0011376564277588168,0.37850586627007377
0.0011376564277588168,0.378986584944492
0.0011376564277588168,0.37901662986164314
0.0011376564277588168,0.3792269442817011
0.0011376564277588168,0.37927201165742785
0.0011376564277588168,0.379302056574579
0.0011376564277588168,0.37933210149173013
0.0011376564277588168,0.37949734853606143
0.0011376564277588168,0.37952739345321257
0.0011376564277588168,0.37981282016614837
0.0011376564277588168,0.3798428650832995
0.0011376564277588168,0.37988793245902625
0.0011376564277588168,0.3799179773761774
0.0011376564277588168,0.3800081121276308
0.0011376564277588168,0.38005317950335754
0.0011376564277588168,0.3800832244205087
0.0011376564277588168,0.3801132693376598
0.0011376564277588168,0.38069914522210707
0.0011376564277588168,0.38075923505640935
0.0011376564277588168,0.381014616852194
0.0011376564277588168,0.3810897291450719
0.0011376564277588168,0.3812699986479787
0.0011376564277588168,0.38131506602370546
0.0011376564277588168,0.3813451109408566
0.0011376564277588168,0.3813901783165833
0.0011376564277588168,0.38152538044376344
0.0011376564277588168,0.3815704478194901
0.0011376564277588168,0.381855874532426
0.0011376564277588168,0.3819009419081527
0.0011376564277588168,0.38217134616251297
0.0011376564277588168,0.3822013910796641
0.0011376564277588168,0.38230654828969307
0.0011376564277588168,0.3823365932068442
0.0011376564277588168,0.38242672795829763
0.0011376564277588168,0.38247179533402437
0.0011376564277588168,0.3827121546712335
0.0011376564277588168,0.3827572220469602
0.0011376564277588168,0.38284735679841364
0.0011376564277588168,0.3828924241741403
0.0011376564277588168,0.38299758138416934
0.0011376564277588168,0.3830276263013205
0.0011376564277588168,0.3834182102242853
0.0011376564277588168,0.3834783000585876
0.0011376564277588168,0.38355341235146545
0.0011376564277588168,0.3835834572686166
0.0011376564277588168,0.38370363693722115
0.0011376564277588168,0.3837336818543723
0.0011376564277588168,0.3840341310258837
0.0011376564277588168,0.3840641759430348
0.0011376564277588168,0.38409422086018596
0.0011376564277588168,0.3841242657773371
0.0011376564277588168,0.38416933315306384
0.0011376564277588168,0.3842294229873661
0.0011376564277588168,0.3842744903630928
0.0011376564277588168,0.3843646251145462
0.0011376564277588168,0.38439467003169736
0.0011376564277588168,0.3844998272417264
0.0011376564277588168,0.38455991707602866
0.0011376564277588168,0.38478525395466223
0.0011376564277588168,0.38481529887181337
0.0011376564277588168,0.38496552345756907
0.0011376564277588168,0.38501059083329575
0.0011376564277588168,0.3850706806675981
0.0011376564277588168,0.3851007255847492
0.0011376564277588168,0.38534108492195834
0.0011376564277588168,0.3853711298391095
0.0011376564277588168,0.38549130950771404
0.0011376564277588168,0.3855213544248652
0.0011376564277588168,0.3855513993420163
0.0011376564277588168,0.38558144425916746
0.0011376564277588168,0.3856715790106209
0.0011376564277588168,0.385701623927772
0.0011376564277588168,0.3857617137620743
0.0011376564277588168,0.38579175867922544
0.0011376564277588168,0.3858518485135277
0.0011376564277588168,0.38588189343067886
0.0011376564277588168,0.3863175447293704
0.0011376564277588168,0.38634758964652155
0.0011376564277588168,0.38643772439797497
0.0011376564277588168,0.3864827917737017
0.0011376564277588168,0.3865729265251551
0.0011376564277588168,0.38660297144230626
0.0011376564277588168,0.3867231511109108
0.0011376564277588168,0.38675319602806196
0.0011376564277588168,0.3869785329066955
0.0011376564277588168,0.3870236002824222
0.0011376564277588168,0.38712875749245124
0.0011376564277588168,0.3871588024096024
0.0011376564277588168,0.3871888473267535
0.0011376564277588168,0.3872489371610558
0.0011376564277588168,0.3873090269953581
0.0011376564277588168,0.3873390719125092
0.0011376564277588168,0.38787988042122973
0.0011376564277588168,0.387939970255532
0.0011376564277588168,0.38797001517268315
0.0011376564277588168,0.3880301050069854
0.0011376564277588168,0.3881653071341656
0.0011376564277588168,0.38822539696846786
0.0011376564277588168,0.3882404194270434
0.0011376564277588168,0.38828548680277014
0.0011376564277588168,0.3884958012228281
0.0011376564277588168,0.38852584613997926
0.0011376564277588168,0.3889164300629441
0.0011376564277588168,0.38894647498009527
0.0011376564277588168,0.38900656481439755
0.0011376564277588168,0.3893671038202112
0.0011376564277588168,0.38939714873736236
0.0011376564277588168,0.3896675529917226
0.0011376564277588168,0.38971262036744936
0.0011376564277588168,0.3898027551189028
0.0011376564277588168,0.3898328000360539
0.0011376564277588168,0.38984782249462946
0.0011376564277588168,0.3898778674117806
0.0011376564277588168,0.3899379572460829
0.0011376564277588168,0.389968002163234
0.0011376564277588168,0.3900881818318386
0.0011376564277588168,0.3901182267489897
0.0011376564277588168,0.39020836150044313
0.0011376564277588168,0.39025342887616987
0.0011376564277588168,0.3905388555891057
0.0011376564277588168,0.39056890050625687
0.0011376564277588168,0.3905839229648324
0.0011376564277588168,0.3906440127991347
0.0011376564277588168,0.3908393047606171
0.0011376564277588168,0.39088437213634386
0.0011376564277588168,0.39094446197064614
0.0011376564277588168,0.3909895293463728
0.0011376564277588168,0.39101957426352396
0.0011376564277588168,0.3910496191806751
0.0011376564277588168,0.3914402031036399
0.0011376564277588168,0.39147024802079106
0.0011376564277588168,0.39165051752369795
0.0011376564277588168,0.39171060735800023
0.0011376564277588168,0.39210119128096504
0.0011376564277588168,0.3921312361981162
0.0011376564277588168,0.39234155061817416
0.0011376564277588168,0.3923866179939009
0.0011376564277588168,0.39241666291105204
0.0011376564277588168,0.3924467078282032
0.0011376564277588168,0.3929875163369237
0.0011376564277588168,0.39303258371265043
0.0011376564277588168,0.3932428981327084
0.0012189176011701609,0.3932428981327084
0.0012189176011701609,0.39336307780131297
0.0012189176011701609,0.3933931227184641
0.0012189176011701609,0.3934532125527664
0.0012189176011701609,0.39351330238706866
0.0012189176011701609,0.3936034371385221
0.0012189176011701609,0.3936334820556732
0.0012189176011701609,0.3937837066414289
0.0012189176011701609,0.39381375155858006
0.0012189176011701609,0.39397899860291136
0.0012189176011701609,0.3940090435200625
0.0012189176011701609,0.3943094926915739
0.0012189176011701609,0.39433953760872503
0.0012189176011701609,0.39467003169738757
0.0012189176011701609,0.3947000766145387
0.0012189176011701609,0.3950305707032013
0.0012189176011701609,0.3950906605375036
0.0012189176011701609,0.39515075037180586
0.0012189176011701609,0.395180795288957
0.0012189176011701609,0.39519581774753254
0.0012189176011701609,0.3952258626646837
0.0012189176011701609,0.39576667117340425
0.0012189176011701609,0.3957967160905554
0.0012189176011701609,0.39581173854913093
0.0012189176011701609,0.39584178346628207
0.0012189176011701609,0.3959319182177355
0.0012189176011701609,0.39596196313488663
0.0012189176011701609,0.39621734493067134
0.0012189176011701609,0.3962473898478225
0.0012189176011701609,0.3962624123063981
0.0012189176011701609,0.39630747968212476
0.0012189176011701609,0.3965478390193339
0.0012189176011701609,0.396577883936485
0.0012189176011701609,0.3966529962293629
0.0012189176011701609,0.3967130860636652
0.0012189176011701609,0.39678819835654305
0.0012189176011701609,0.3968182432736942
0.0012189176011701609,0.3968633106494209
0.0012189176011701609,0.396893355566572
0.0012189176011701609,0.39698349031802543
0.0012189176011701609,0.39702855769375217
0.0012189176011701609,0.3970435801523277
0.0012189176011701609,0.39707362506947885
0.0012189176011701609,0.3972689170309613
0.0012189176011701609,0.39729896194811243
0.0012189176011701609,0.39734402932383917
0.0012189176011701609,0.3973740742409903
0.0012189176011701609,0.3977195907882284
0.0012189176011701609,0.3977496357053795
0.0012189176011701609,0.3978698153739841
0.0012189176011701609,0.39792990520828636
0.0012189176011701609,0.39811017471119325
0.0012189176011701609,0.3981402196283444
0.0012189176011701609,0.39815524208691994
0.0012189176011701609,0.3981852870040711
0.0012189176011701609,0.3983355115898268
0.0012189176011701609,0.3983655565069779
0.0012189176011701609,0.39866600567848937
0.0012189176011701609,0.3986960505956405
0.0012189176011701609,0.3987711628885183
0.0012189176011701609,0.39880120780566947
0.0012189176011701609,0.3988462751813962
0.0012189176011701609,0.39887632009854734
0.0012189176011701609,0.39895143239142516
0.0012189176011701609,0.39901152222572744
0.0012189176011701609,0.3990415671428786
0.0012189176011701609,0.3990716120600297
0.0012189176011701609,0.3993570387729656
0.0012189176011701609,0.3993870836901167
0.0012189176011701609,0.39949224090014573
0.0012189176011701609,0.3995373082758724
0.0012189176011701609,0.399552330734448
0.0012189176011701609,0.39958237565159915
0.0012189176011701609,0.39964246548590143
0.0012189176011701609,0.39967251040305257
0.0012189176011701609,0.39971757777877925
0.0012189176011701609,0.399762645154506
0.0012189176011701609,0.39982273498880827
0.0012189176011701609,0.39998798203313957
0.0012189176011701609,0.40003304940886625
0.0012189176011701609,0.4002433638289242
0.0012189176011701609,0.40027340874607537
0.0012189176011701609,0.4004536782489822
0.0012189176011701609,0.40049874562470894
0.0012189176011701609,0.4005438130004357
0.0012189176011701609,0.40058888037616236
0.0012189176011701609,0.4006940375861914
0.0012189176011701609,0.4007240825033425
0.0012189176011701609,0.4010095092162783
0.0012189176011701609,0.40105457659200505
0.0012189176011701609,0.4010846215091562
0.0012189176011701609,0.40111466642630733
0.0012189176011701609,0.40126489101206303
0.0012189176011701609,0.40129493592921417
0.0012189176011701609,0.4013249808463653
0.0012189176011701609,0.40137004822209205
0.0012189176011701609,0.4014000931392432
0.0012189176011701609,0.4014301380563943
0.0012189176011701609,0.40144516051496987
0.0012189176011701609,0.401475205432121
0.0012189176011701609,0.40167049739360344
0.0012189176011701609,0.4017305872279057
0.0012189176011701609,0.4018657893550859
0.0012189176011701609,0.401895834272237
0.0012189176011701609,0.4020460588579927
0.0012189176011701609,0.40207610377514386
0.0012189176011701609,0.40213619360944614
0.0012189176011701609,0.4021662385265973
0.0012189176011701609,0.4027070470353178
0.0012189176011701609,0.40273709195246893
0.0012189176011701609,0.4029023389968002
0.0012189176011701609,0.40293238391395136
0.0012189176011701609,0.4030525635825559
0.001300178774581505,0.4030525635825559
0.001300178774581505,0.40309763095828266
0.001300178774581505,0.4031877657097361
0.001300178774581505,0.4032628780026139
0.001300178774581505,0.4033229678369162
0.001300178774581505,0.4033530127540673
0.001300178774581505,0.4035182597983986
0.001300178774581505,0.40354830471554975
0.001300178774581505,0.40360839454985203
0.001300178774581505,0.4036384394670032
0.001300178774581505,0.40375861913560773
0.001300178774581505,0.40378866405275887
0.001300178774581505,0.40393888863851457
0.001300178774581505,0.4039689335556657
0.001300178774581505,0.4041191581414214
0.001300178774581505,0.40414920305857255
0.001300178774581505,0.40423933781002597
0.001300178774581505,0.4042693827271771
0.001300178774581505,0.40431445010290384
0.001300178774581505,0.404344495020055
0.001300178774581505,0.4045097420643863
0.001300178774581505,0.40455480944011296
0.001300178774581505,0.40461489927441524
0.001300178774581505,0.4046449441915664
0.001300178774581505,0.4046900115672931
0.001300178774581505,0.40472005648444426
0.001300178774581505,0.4048252136944732
0.001300178774581505,0.40485525861162436
0.001300178774581505,0.4049453933630778
0.001300178774581505,0.4049754382802289
0.001300178774581505,0.4059819430047922
0.001300178774581505,0.4060119879219433
0.001300178774581505,0.40608710021482114
0.001300178774581505,0.4061171451319723
0.001300178774581505,0.406162212507699
0.001300178774581505,0.40619225742485016
0.001300178774581505,0.4062072798834257
0.001300178774581505,0.40625234725915244
0.001300178774581505,0.40664293118211725
0.001300178774581505,0.4066729760992684
0.001300178774581505,0.40679315576787295
0.001300178774581505,0.4068232006850241
0.001300178774581505,0.40688329051932637
0.001300178774581505,0.4070785824808088
0.001300178774581505,0.4071386723151111
0.001300178774581505,0.4073189418180179
0.001300178774581505,0.40734898673516906
0.001300178774581505,0.40757432361380264
0.001300178774581505,0.4076193909895294
0.001300178774581505,0.4076344134481049
0.001300178774581505,0.40766445836525605
0.001300178774581505,0.40782970540958735
0.001300178774581505,0.40787477278531403
0.001300178774581505,0.4079498850781919
0.001300178774581505,0.4079949524539186
0.001300178774581505,0.4081001096639476
0.001300178774581505,0.40813015458109875
0.001300178774581505,0.40828037916685445
0.001300178774581505,0.4083104240840056
0.001300178774581505,0.408505716045488
0.001300178774581505,0.4085507834212147
0.001300178774581505,0.40858082833836584
0.001300178774581505,0.4086559406312437
0.001300178774581505,0.408716030465546
0.001300178774581505,0.40874607538269714
0.001300178774581505,0.4087911427584238
0.001300178774581505,0.40882118767557496
0.001300178774581505,0.40924181651569097
0.001300178774581505,0.4092718614328421
0.001300178774581505,0.4094821758529001
0.001300178774581505,0.40954226568720237
0.001300178774581505,0.4095723106043535
0.001300178774581505,0.40961737798008024
0.001300178774581505,0.40969249027295807
0.001300178774581505,0.4097375576486848
0.001300178774581505,0.40975258010726034
0.001300178774581505,0.4097826250244115
0.001300178774581505,0.4098877822344405
0.001300178774581505,0.40991782715159164
0.001300178774581505,0.4101281415716496
0.001300178774581505,0.41015818648880076
0.001300178774581505,0.41053374795319003
0.001300178774581505,0.41056379287034117
0.001300178774581505,0.41071401745609687
0.001300178774581505,0.41077410729039915
0.001300178774581505,0.4108041522075503
0.001300178774581505,0.4108942869590037
0.001300178774581505,0.41093935433473044
0.001300178774581505,0.41101446662760827
0.001300178774581505,0.4110445115447594
0.001300178774581505,0.4111046013790617
0.001300178774581505,0.4111496687547884
0.001300178774581505,0.41131491579911966
0.001300178774581505,0.4113449607162708
0.001300178774581505,0.41139002809199754
0.001300178774581505,0.4114200730091487
0.001300178774581505,0.4115102077606021
0.001300178774581505,0.41155527513632884
0.001300178774581505,0.4116153649706311
0.001300178774581505,0.41164540988778225
0.001300178774581505,0.41170549972208453
0.001300178774581505,0.4117655895563868
0.001300178774581505,0.41184070184926463
0.001300178774581505,0.4118707467664158
0.001300178774581505,0.41211110610362495
0.001300178774581505,0.4121411510207761
0.001300178774581505,0.4122162633136539
0.001300178774581505,0.41224630823080505
0.001300178774581505,0.4122763531479562
0.001300178774581505,0.4123063980651073
0.001300178774581505,0.41250169002658976
0.001300178774581505,0.4125317349437409
0.001300178774581505,0.4125768023194676
0.001300178774581505,0.4126068472366187
0.001300178774581505,0.4128922739495546
0.001300178774581505,0.4129223188667057
0.001300178774581505,0.4130725434524614
0.001300178774581505,0.41310258836961256
0.001300178774581505,0.4132377904967927
0.001300178774581505,0.41326783541394385
0.001300178774581505,0.41367344179548426
0.001300178774581505,0.4137485540883621
0.001300178774581505,0.4138987786741178
0.001300178774581505,0.4139288235912689
0.001300178774581505,0.4139438460498445
0.001300178774581505,0.41397389096699566
0.001300178774581505,0.4140640257184491
0.001300178774581505,0.4141090930941758
0.001300178774581505,0.41428936259708266
0.001300178774581505,0.4143945198071116
0.001300178774581505,0.4144696320999895
0.001300178774581505,0.41449967701714063
0.001300178774581505,0.41458981176859405
0.001300178774581505,0.41464990160289633
0.001300178774581505,0.4146649240614719
0.001300178774581505,0.41469496897862307
0.001300178774581505,0.41474003635434975
0.001300178774581505,0.4147851037300765
0.001300178774581505,0.41483017110580317
0.001300178774581505,0.4148602160229543
0.001300178774581505,0.41489026094010545
0.001300178774581505,0.4149203058572566
0.001300178774581505,0.4150254630672856
0.001300178774581505,0.41505550798443674
0.001300178774581505,0.4151756876530413
0.001300178774581505,0.415220755028768
0.001300178774581505,0.4152507999459191
0.001300178774581505,0.41529586732164586
0.001300178774581505,0.41574654107891296
0.001300178774581505,0.4157765859960641
0.001300178774581505,0.4159268105818198
0.001300178774581505,0.41600192287469767
0.001300178774581505,0.4160469902504244
0.001300178774581505,0.41607703516757555
0.001300178774581505,0.4160920576261511
0.001300178774581505,0.41615214746045337
0.001300178774581505,0.4162422822119068
0.001300178774581505,0.41627232712905793
0.001300178774581505,0.41682815809635404
0.001300178774581505,0.4168582030135052
0.001300178774581505,0.4168732254720808
0.001300178774581505,0.4169032703892319
0.001300178774581505,0.41697838268210974
0.001300178774581505,0.4170084275992609
0.001300178774581505,0.4170985623507143
0.001300178774581505,0.4171586521850166
0.001300178774581505,0.41724878693647
0.001300178774581505,0.4172788318536212
0.001300178774581505,0.41739901152222575
0.001300178774581505,0.41745910135652803
0.001300178774581505,0.4175041687322547
0.001300178774581505,0.41754923610798145
0.001300178774581505,0.41777457298661497
0.001300178774581505,0.4178046179037661
0.001300178774581505,0.41784968527949284
0.001300178774581505,0.417879730196644
0.001300178774581505,0.4179698649480974
0.001300178774581505,0.41799990986524854
0.001300178774581505,0.41801493232382414
0.001300178774581505,0.4180750221581264
0.001300178774581505,0.41831538149533554
0.001300178774581505,0.4183454264124867
0.001300178774581505,0.4184956509982424
0.001300178774581505,0.4185256959153935
0.001300178774581505,0.41854071837396906
0.001300178774581505,0.4185857857496958
0.001300178774581505,0.4186008082082714
0.001300178774581505,0.41863085312542253
0.001300178774581505,0.4191866840927186
0.001300178774581505,0.4192167290098698
0.001300178774581505,0.41933690867847434
0.001300178774581505,0.419381976054201
0.001300178774581505,0.4196073129328346
0.001300178774581505,0.41963735784998574
0.001300178774581505,0.420012919314375
0.001300178774581505,0.42008803160725283
0.001300178774581505,0.4204035032373398
0.001300178774581505,0.42043354815449097
0.001300178774581505,0.4204485706130665
0.001300178774581505,0.4204786155302177
0.001300178774581505,0.42049363798879325
0.001300178774581505,0.4205687502816711
0.001300178774581505,0.4209142668289092
0.001300178774581505,0.42095933420463594
0.001300178774581505,0.4210044015803626
0.001300178774581505,0.42103444649751376
0.001300178774581505,0.421620322381961
0.001300178774581505,0.42165036729911215
0.001300178774581505,0.42166538975768775
0.001300178774581505,0.4216954346748389
0.001300178774581505,0.4219958838463503
0.001300178774581505,0.42205597368065256
0.001300178774581505,0.422251265642135
0.001300178774581505,0.42228131055928614
0.001300178774581505,0.4225517148136464
0.001300178774581505,0.42258175973079753
0.001300178774581505,0.42267189448225095
0.001300178774581505,0.4227019393994021
0.001300178774581505,0.4228521639851578
0.001300178774581505,0.42288220890230893
0.001300178774581505,0.4229422987366112
0.001300178774581505,0.4230023885709135
0.001300178774581505,0.42303243348806463
0.001300178774581505,0.4230624784052158
0.001300178774581505,0.42307750086379137
0.001300178774581505,0.4231075457809425
0.001300178774581505,0.42339297249387836
0.001300178774581505,0.4234230174110295
0.001300178774581505,0.42354319707963406
0.001300178774581505,0.4235732419967852
0.001300178774581505,0.4236183093725119
0.001300178774581505,0.423648354289663
0.001300178774581505,0.42367839920681416
0.001300178774581505,0.42370844412396536
0.001300178774581505,0.42405396067120343
0.001300178774581505,0.4241140505055057
0.001300178774581505,0.4241290729640813
0.001300178774581505,0.42415911788123245
0.001300178774581505,0.424174140339808
0.001300178774581505,0.42423423017411027
0.001300178774581505,0.42429432000841255
0.001300178774581505,0.42430934246698815
0.001300178774581505,0.4243393873841393
0.001300178774581505,0.4244295221355927
0.001300178774581505,0.42445956705274385
0.001300178774581505,0.42460979163849955
0.001300178774581505,0.4246398365556507
0.001300178774581505,0.4246698814728018
0.001300178774581505,0.42471494884852856
0.001300178774581505,0.4248351285171331
0.001300178774581505,0.4248801958928598
0.001300178774581505,0.4248952183514354
0.001300178774581505,0.42492526326858654
0.001300178774581505,0.42531584719155135
0.001300178774581505,0.4253458921087025
0.001300178774581505,0.4253609145672781
0.001381439947992849,0.4253609145672781
0.001381439947992849,0.42539095948442923
0.001381439947992849,0.4256012739044872
0.001381439947992849,0.4256613637387895
0.001381439947992849,0.42603692520317876
0.001381439947992849,0.4260669701203299
0.001381439947992849,0.42617212733035886
0.001381439947992849,0.42620217224751
0.001381439947992849,0.42624723962323674
0.001381439947992849,0.4262772845403879
0.001381439947992849,0.4262923069989635
0.001381439947992849,0.4263223519161146
0.001381439947992849,0.42656271125332373
0.001381439947992849,0.4265927561704749
0.001381439947992849,0.42671293583907943
0.001381439947992849,0.42674298075623057
0.001381439947992849,0.42689320534198627
0.001381439947992849,0.4269232502591374
0.001381439947992849,0.4269833400934397
0.001381439947992849,0.42701338501059083
0.001381439947992849,0.427148587137771
0.001381439947992849,0.42719365451349767
0.001381439947992849,0.42741899139213124
0.001381439947992849,0.4274490363092824
0.001381439947992849,0.42756921597788694
0.001381439947992849,0.4276142833536137
0.001381439947992849,0.4277945528565205
0.001381439947992849,0.42782459777367166
0.001381439947992849,0.4279147325251251
0.001381439947992849,0.4279447774422762
0.001381439947992849,0.42812504694518305
0.001381439947992849,0.4281550918623342
0.001381439947992849,0.4282452266137876
0.001381439947992849,0.4283203389066655
0.001381439947992849,0.4284104736581189
0.001381439947992849,0.42844051857527005
0.001381439947992849,0.4285606982438746
0.001381439947992849,0.4286057656196013
0.001381439947992849,0.4286959003710547
0.001381439947992849,0.42872594528820585
0.001381439947992849,0.4287710126639326
0.001381439947992849,0.42881608003965926
0.001381439947992849,0.42890621479111274
0.001381439947992849,0.4289512821668394
0.001381439947992849,0.42899634954256616
0.001381439947992849,0.4290263944597173
0.001381439947992849,0.4291015067525951
0.001381439947992849,0.42919164150404854
0.001381439947992849,0.42920666396262414
0.001381439947992849,0.4292517313383508
0.001381439947992849,0.4294019559241065
0.001381439947992849,0.42943200084125766
0.001381439947992849,0.4296423152613157
0.001381439947992849,0.42967236017846683
0.001381439947992849,0.42985262968137367
0.001381439947992849,0.42989769705710035
0.001381439947992849,0.43015307885288506
0.001381439947992849,0.4301831237700362
0.001381439947992849,0.43036339327294304
0.001381439947992849,0.4303934381900942
0.001381439947992849,0.43052864031727434
0.001381439947992849,0.4305586852344255
0.001381439947992849,0.4306938873616056
0.001381439947992849,0.43076899965448345
0.001381439947992849,0.43087415686451247
0.001381439947992849,0.43091922424023915
0.001381439947992849,0.431099493743146
0.001381439947992849,0.43112953866029713
0.001381439947992849,0.4311896284945994
0.001381439947992849,0.43123469587032615
0.001381439947992849,0.4312647407874773
0.001381439947992849,0.4314299878318086
0.001381439947992849,0.4314600327489597
0.001381439947992849,0.4315051001246864
0.001381439947992849,0.43153514504183754
0.001381439947992849,0.43183559421334894
0.001381439947992849,0.4318656391305001
0.001381439947992849,0.4318806615890757
0.001381439947992849,0.4319107065062268
0.001381439947992849,0.4319557738819535
0.001381439947992849,0.43200084125768023
0.001381439947992849,0.4321811107605871
0.001381439947992849,0.4322111556777382
0.001381439947992849,0.43233133534634277
0.001381439947992849,0.4323613802634939
0.001381439947992849,0.4324665374735229
0.001381439947992849,0.4325266273078252
0.001381439947992849,0.43272191926930764
0.001381439947992849,0.4327519641864588
0.001381439947992849,0.4327820091036099
0.001381439947992849,0.43281205402076106
0.001381439947992849,0.43317259302657474
0.001381439947992849,0.4332026379437259
0.001381439947992849,0.4336082443252663
0.001381439947992849,0.43363828924241743
0.001381439947992849,0.4337434464524464
0.001381439947992849,0.43377349136959753
0.001381439947992849,0.43387864857962655
0.0014627011214041932,0.43387864857962655
0.0014627011214041932,0.43396878333107997
0.0014627011214041932,0.4339988282482311
0.0014627011214041932,0.43434434479546924
0.0014627011214041932,0.4343743897126204
0.0014627011214041932,0.4344495020054982
0.0014627011214041932,0.43447954692264934
0.0014627011214041932,0.4347199062598585
0.0014627011214041932,0.43474995117700965
0.0014627011214041932,0.43490017576276535
0.0014627011214041932,0.4349302206799165
0.0014627011214041932,0.43497528805564317
0.0014627011214041932,0.43503537788994545
0.0014627011214041932,0.4356963660672706
0.0014627011214041932,0.4357264109844217
0.0014627011214041932,0.43575645590157286
0.0014627011214041932,0.435786500818724
0.0014627011214041932,0.43613201736596213
0.0014627011214041932,0.43616206228311327
0.0014627011214041932,0.4364024216203224
0.0014627011214041932,0.43643246653747353
0.0014627011214041932,0.43682305046043834
0.0014627011214041932,0.4368831402947406
0.0014627011214041932,0.43698829750476964
0.0014627011214041932,0.4370483873390719
0.0014627011214041932,0.4370934547147986
0.0014627011214041932,0.43712349963194974
0.0014627011214041932,0.4371986119248276
0.0014627011214041932,0.43724367930055436
0.0014627011214041932,0.43728874667628104
0.0014627011214041932,0.4373187915934322
0.0014627011214041932,0.43752910601349015
0.0014627011214041932,0.4375591509306413
0.0014627011214041932,0.43776946535069927
0.0014627011214041932,0.4377995102678504
0.001543962294815537,0.4377995102678504
0.001543962294815537,0.437919689936455
0.001543962294815537,0.43794973485360617
0.001543962294815537,0.4380699145222107
0.001543962294815537,0.43809995943936186
0.001543962294815537,0.4384154310694488
0.001543962294815537,0.43844547598659994
0.001543962294815537,0.4386858353238091
0.001543962294815537,0.43871588024096025
0.001543962294815537,0.43885108236814035
0.001543962294815537,0.4388961497438671
0.001543962294815537,0.43892619466101823
0.001543962294815537,0.43925668874968077
0.001543962294815537,0.4392867336668319
0.001543962294815537,0.4394369582525876
0.001543962294815537,0.43946700316973875
0.001543962294815537,0.4395421154626166
0.001543962294815537,0.43957216037976776
0.001543962294815537,0.43961722775549444
0.001543962294815537,0.4396472726726456
0.001543962294815537,0.43978247479982574
0.001543962294815537,0.4398125197169769
0.001543962294815537,0.43988763200985476
0.001543962294815537,0.4399176769270059
0.001543962294815537,0.44002283413703486
0.001543962294815537,0.440052879054186
0.001543962294815537,0.44009794642991273
0.001543962294815537,0.4401430138056394
0.001543962294815537,0.44038337314284853
0.001543962294815537,0.4404134180599997
0.001543962294815537,0.4406087100214821
0.001543962294815537,0.44063875493863325
0.001543962294815537,0.4406988447729355
0.001543962294815537,0.44072888969008667
0.001543962294815537,0.4410143164030225
0.001543962294815537,0.44104436132017366
0.001543962294815537,0.44110445115447594
0.001543962294815537,0.4411495185302027
0.001543962294815537,0.44135983295026066
0.001543962294815537,0.4414499677017141
0.001543962294815537,0.44173539441464993
0.001543962294815537,0.4417804617903766
0.001543962294815537,0.4418856190004056
0.001543962294815537,0.4419306863761323
0.001543962294815537,0.44197575375185905
0.001543962294815537,0.4420057986690102
0.001543962294815537,0.4422461580062193
0.001543962294815537,0.4423062478405216
0.001543962294815537,0.44235131521624826
0.001543962294815537,0.44238136013339946
0.001543962294815537,0.4424564724262773
0.001543962294815537,0.4424865173434284
0.001543962294815537,0.4425616296363063
0.001543962294815537,0.442606697012033
0.001543962294815537,0.44272687668063754
0.001543962294815537,0.4427569215977887
0.001543962294815537,0.4432676851893581
0.001543962294815537,0.44329773010650925
0.001543962294815537,0.4433127525650848
0.001543962294815537,0.44334279748223593
0.001543962294815537,0.44338786485796267
0.001543962294815537,0.4434179097751138
0.001543962294815537,0.4435080445265672
0.001543962294815537,0.44353808944371836
0.001543962294815537,0.4436282241951718
0.001543962294815537,0.4436582691123229
0.001543962294815537,0.4438084936980786
0.001543962294815537,0.44385356107380536
0.001543962294815537,0.4438836059909565
0.001543962294815537,0.4439587182838343
0.001543962294815537,0.44398876320098546
0.001543962294815537,0.4441840551624679
0.001543962294815537,0.4442441449967702
0.001543962294815537,0.44431925728964805
0.001543962294815537,0.4443493022067992
0.001543962294815537,0.44466477383688613
0.001543962294815537,0.4447248636711884
0.001543962294815537,0.444950200549822
0.001543962294815537,0.4449802454669731
0.001543962294815537,0.445055357759851
0.001543962294815537,0.44508540267700214
0.001543962294815537,0.4451004251355777
0.001543962294815537,0.4451304700527288
0.001543962294815537,0.4451454925113044
0.001543962294815537,0.4452055823456067
0.001543962294815537,0.4452957170970601
0.001543962294815537,0.4453407844727868
0.001543962294815537,0.44537082938993794
0.001543962294815537,0.4454158967656647
0.001543962294815537,0.4454309192242402
0.001543962294815537,0.44546096414139136
0.001543962294815537,0.4460017726501119
0.001543962294815537,0.44603181756726307
0.001543962294815537,0.4460618624844142
0.001543962294815537,0.44609190740156535
0.001543962294815537,0.44613697477729203
0.001543962294815537,0.44618204215301877
0.001543962294815537,0.4462120870701699
0.001543962294815537,0.4464224014902279
0.001543962294815537,0.446452446407379
0.001543962294815537,0.4466026709931347
0.001543962294815537,0.44663271591028586
0.001543962294815537,0.4468280078717683
0.001543962294815537,0.44685805278891944
0.001543962294815537,0.44756410834197125
0.001543962294815537,0.4475941532591224
0.001543962294815537,0.44772935538630254
0.0016252234682268812,0.44772935538630254
0.0016252234682268812,0.4477894452206048
0.0016252234682268812,0.4478345125963315
0.0016252234682268812,0.4483002088121742
0.0016252234682268812,0.44833025372932533
0.0016252234682268812,0.44842038848077875
0.0016252234682268812,0.4484504333979299
0.0016252234682268812,0.4484654558565055
0.0016252234682268812,0.44849550077365663
0.0016252234682268812,0.44857061306653445
0.0016252234682268812,0.4486156804422612
0.0016252234682268812,0.44864572535941233
0.0016252234682268812,0.44867577027656347
0.0016252234682268812,0.4488710622380459
0.0016252234682268812,0.44890110715519704
0.0016252234682268812,0.4489161296137726
0.0016252234682268812,0.4489461745309237
0.0016252234682268812,0.44899124190665046
0.0016252234682268812,0.4490212868238016
0.0016252234682268812,0.4490963991166794
0.0016252234682268812,0.44914146649240616
0.0016252234682268812,0.4492466237024351
0.0016252234682268812,0.44929169107816186
0.0016252234682268812,0.449321735995313
0.0016252234682268812,0.4493668033710397
0.0016252234682268812,0.449532050415371
0.0016252234682268812,0.4495620953325221
0.0016252234682268812,0.44974236483542895
0.0016252234682268812,0.44981747712830683
0.0016252234682268812,0.44990761187976025
0.0016252234682268812,0.44995267925548693
0.0016252234682268812,0.44996770171406253
0.0016252234682268812,0.4500127690897892
0.0016252234682268812,0.45022308350984724
0.0016252234682268812,0.4502681508855739
0.0016252234682268812,0.4506437123499632
0.0016252234682268812,0.45067375726711434
0.0016252234682268812,0.4508089593942945
0.0017064846416382253,0.4508089593942945
0.0017064846416382253,0.4508990941457479
0.0017064846416382253,0.45092913906289905
0.0017064846416382253,0.4509591839800502
0.0017064846416382253,0.45098922889720133
0.0017064846416382253,0.45122958823441045
0.0017064846416382253,0.45127465561013713
0.0017064846416382253,0.45130470052728827
0.0017064846416382253,0.45136479036159055
0.0017064846416382253,0.4515901272402241
0.0017064846416382253,0.45162017215737527
0.0017064846416382253,0.4517253293674043
0.0017064846416382253,0.4517553742845554
0.0017064846416382253,0.45178541920170656
0.0017064846416382253,0.4518154641188577
0.0017064846416382253,0.45198071116318894
0.0017064846416382253,0.4520107560803401
0.0017064846416382253,0.45210089083179356
0.0017064846416382253,0.4521309357489447
0.0017064846416382253,0.4522210705003981
0.0017064846416382253,0.45225111541754925
0.0017064846416382253,0.4522661378761248
0.0017064846416382253,0.45231120525185153
0.0017064846416382253,0.4523262277104271
0.0017064846416382253,0.45240134000330495
0.0017064846416382253,0.45259663196478733
0.0017064846416382253,0.4526266768819385
0.0017064846416382253,0.4528369913019965
0.0017064846416382253,0.4528820586777232
0.0017064846416382253,0.4531825078492346
0.0017064846416382253,0.4532125527663857
0.0017064846416382253,0.45333273243499034
0.0017064846416382253,0.4533627773521415
0.0017064846416382253,0.4534378896450193
0.0017064846416382253,0.45346793456217044
0.0017064846416382253,0.4536632265236529
0.0017064846416382253,0.453693271440804
0.0017064846416382253,0.453798428650833
0.0017064846416382253,0.4538284735679841
0.0017064846416382253,0.4538885634022864
0.0017064846416382253,0.45393363077801313
0.0017064846416382253,0.4540688329051933
0.0017064846416382253,0.4540988778223444
0.0017064846416382253,0.4541439451980711
0.0017064846416382253,0.45417399011522225
0.0017064846416382253,0.45426412486667567
0.0017064846416382253,0.4542941697838268
0.0017064846416382253,0.4543091922424024
0.0017064846416382253,0.45433923715955354
0.0017064846416382253,0.4543542596181291
0.0017064846416382253,0.4543843045352802
0.0017064846416382253,0.45447443928673364
0.0017064846416382253,0.4545195066624604
0.0017064846416382253,0.45463968633106494
0.0017064846416382253,0.4546847537067917
0.0017064846416382253,0.45478991091682064
0.0017064846416382253,0.4548650232096985
0.0017064846416382253,0.45503027025402976
0.0017064846416382253,0.4550603151711809
0.0017064846416382253,0.45510538254690763
0.0017064846416382253,0.45527062959123893
0.0017064846416382253,0.45534574188411675
0.0017064846416382253,0.45549596646987245
0.0017064846416382253,0.4555410338455992
0.0017064846416382253,0.4556311685970526
0.0017064846416382253,0.45566121351420374
0.0017064846416382253,0.4557813931828083
0.0017064846416382253,0.45581143809995944
0.0017064846416382253,0.455826460558535
0.0017064846416382253,0.4558565054756861
0.0017064846416382253,0.4558715279342617
0.0017064846416382253,0.45590157285141286
0.0017064846416382253,0.45596166268571514
0.0017064846416382253,0.4560067300614419
0.0017064846416382253,0.45621704448149986
0.0017064846416382253,0.456247089398651
0.0017064846416382253,0.45636726906725555
0.0017064846416382253,0.45642735890155783
0.0017064846416382253,0.45660762840446467
0.0017064846416382253,0.4566376733216158
0.0017064846416382253,0.4570132347860051
0.0017064846416382253,0.4570432797031562
0.0017064846416382253,0.4574639085432722
0.0017064846416382253,0.4574939534604233
0.0017064846416382253,0.45768924542190575
0.0017064846416382253,0.4577192903390569
0.0017064846416382253,0.45800471705199275
0.0017064846416382253,0.45806480688629503
0.0017064846416382253,0.45847041326783544
0.0017064846416382253,0.4585004581849866
0.0017064846416382253,0.4585305031021377
0.0017064846416382253,0.45860561539501554
0.0017064846416382253,0.4586506827707423
0.0017064846416382253,0.4586807276878934
0.0017064846416382253,0.4587257950636201
0.0017064846416382253,0.45875583998077124
0.0017064846416382253,0.4589511319422537
0.0017064846416382253,0.45901122177655596
0.0017064846416382253,0.45937176078236963
0.0017064846416382253,0.45940180569952077
0.0017064846416382253,0.4594318506166719
0.0017064846416382253,0.45946189553382305
0.0017064846416382253,0.4594919404509742
0.0017064846416382253,0.4595370078267009
0.0017064846416382253,0.45956705274385207
0.0017064846416382253,0.45970225487103217
0.0017064846416382253,0.4597322997881833
0.0017064846416382253,0.45988252437393906
0.0017064846416382253,0.45994261420824134
0.0017064846416382253,0.4599726591253925
0.0017064846416382253,0.46001772650111916
0.0017064846416382253,0.46016795108687486
0.0017064846416382253,0.460197996004026
0.0017064846416382253,0.460303153214055
0.0017064846416382253,0.46033319813120616
0.0017064846416382253,0.460513467634113
0.0017064846416382253,0.46054351255126413
0.0017064846416382253,0.4608289392642
0.0017877458150495694,0.4608289392642
0.0017877458150495694,0.46087400663992667
0.0017877458150495694,0.4609190740156534
0.0017877458150495694,0.46109934351856025
0.0017877458150495694,0.4611293884357114
0.0017877458150495694,0.46124956810431594
0.0017877458150495694,0.4612796130214671
0.0017877458150495694,0.46141481514864724
0.0017877458150495694,0.4614448600657984
0.0017877458150495694,0.4614749049829495
0.0017877458150495694,0.46150494990010066
0.0017877458150495694,0.4616852194030075
0.0017877458150495694,0.46173028677873423
0.0017877458150495694,0.4617603316958854
0.0017877458150495694,0.4617903766130365
0.0017877458150495694,0.46195562365736775
0.0017877458150495694,0.4619856685745189
0.0017877458150495694,0.4620006910330945
0.0017877458150495694,0.46203073595024563
0.0017877458150495694,0.46221100545315247
0.0017877458150495694,0.46227109528745475
0.0017877458150495694,0.46237625249748376
0.0017877458150495694,0.46242131987321045
0.0017877458150495694,0.4625565220003906
0.0017877458150495694,0.46258656691754174
0.0017877458150495694,0.462646656751844
0.0017877458150495694,0.46267670166899516
0.0017877458150495694,0.4627818588790241
0.0017877458150495694,0.46281190379617526
0.0017877458150495694,0.46287199363047754
0.0017877458150495694,0.4629320834647798
0.0017877458150495694,0.46305226313338443
0.0017877458150495694,0.4630823080505356
0.0017877458150495694,0.46318746526056453
0.0017877458150495694,0.4632175101777157
0.0017877458150495694,0.46323253263629127
0.0017877458150495694,0.46329262247059355
0.0017877458150495694,0.4636080941006805
0.0017877458150495694,0.4636531614764072
0.0017877458150495694,0.4637282737692851
0.0017877458150495694,0.46375831868643624
0.0017877458150495694,0.4639686331064942
0.0017877458150495694,0.4640287229407965
0.0017877458150495694,0.4640888127750988
0.0017877458150495694,0.4641188576922499
0.0017877458150495694,0.4644343293223369
0.0017877458150495694,0.46446437423948805
0.0017877458150495694,0.4644793966980636
0.0017877458150495694,0.46450944161521474
0.0017877458150495694,0.46461459882524375
0.0017877458150495694,0.4646446437423949
0.0017877458150495694,0.46493007045533075
0.0017877458150495694,0.46497513783105743
0.0017877458150495694,0.4654408340469001
0.0017877458150495694,0.46547087896405126
0.0017877458150495694,0.4655009238812024
0.0017877458150495694,0.46553096879835354
0.0017877458150495694,0.4655610137155047
0.0017877458150495694,0.4656060810912314
0.0017877458150495694,0.4657563056769871
0.0017877458150495694,0.46578635059413825
0.0017877458150495694,0.4659515976384695
0.0017877458150495694,0.4660116874727718
0.0017877458150495694,0.4660417323899229
0.0017877458150495694,0.46608679976564965
0.0017877458150495694,0.4661018222242252
0.0017877458150495694,0.46613186714137633
0.0017877458150495694,0.4662220018928298
0.0017877458150495694,0.4662670692685565
0.0017877458150495694,0.4662820917271321
0.0017877458150495694,0.46632715910285877
0.0017877458150495694,0.4663572040200099
0.0017877458150495694,0.46649240614719006
0.0017877458150495694,0.4665224510643412
0.0017877458150495694,0.4666576531915213
0.0017877458150495694,0.4667177430258236
0.0017877458150495694,0.4668229002358526
0.0017877458150495694,0.46686796761157934
0.0017877458150495694,0.46695810236303276
0.0017877458150495694,0.4669881472801839
0.0017877458150495694,0.4670482371144862
0.0017877458150495694,0.4670782820316373
0.0017877458150495694,0.467123349407364
0.0018690069884609135,0.467123349407364
0.0018690069884609135,0.4672134841588174
0.0018690069884609135,0.46724352907596856
0.0018690069884609135,0.46739375366172425
0.0018690069884609135,0.4674237985788754
0.0018690069884609135,0.467438821037451
0.0018690069884609135,0.46748388841317773
0.0018690069884609135,0.46751393333032887
0.0018690069884609135,0.46754397824748
0.0018690069884609135,0.4677693151261135
0.0018690069884609135,0.46779936004326467
0.0018690069884609135,0.4678294049604158
0.0018690069884609135,0.4678894947947181
0.0018690069884609135,0.4679345621704448
0.0018690069884609135,0.4679946520047471
0.0018690069884609135,0.46817492150765394
0.0018690069884609135,0.4682049664248051
0.0018690069884609135,0.46828007871768296
0.0018690069884609135,0.4683101236348341
0.0018690069884609135,0.4684002583862875
0.0018690069884609135,0.46843030330343866
0.0018690069884609135,0.46871573001637445
0.0018690069884609135,0.4687457749335256
0.0018690069884609135,0.4687607973921012
0.0018690069884609135,0.46879084230925233
0.0018690069884609135,0.46889599951928135
0.0018690069884609135,0.4689560893535836
0.0018690069884609135,0.46898613427073477
0.0018690069884609135,0.46903120164646145
0.0018690069884609135,0.46928658344224616
0.0018690069884609135,0.4693166283593973
0.0018690069884609135,0.4695419652380309
0.0018690069884609135,0.469572010155182
0.0018690069884609135,0.46981236949239114
0.0018690069884609135,0.4698424144095423
0.0018690069884609135,0.46988748178526896
0.0018690069884609135,0.46994757161957124
0.0018690069884609135,0.469992638995298
0.0018690069884609135,0.4700226839124491
0.0018690069884609135,0.47003770637102466
0.0018690069884609135,0.47006775128817585
0.0018690069884609135,0.4703832229182628
0.0018690069884609135,0.47044331275256507
0.0018690069884609135,0.4704733576697162
0.0018690069884609135,0.47060855979689636
0.0018690069884609135,0.4706386047140475
0.0018690069884609135,0.47092403142698336
0.0018690069884609135,0.4709540763441345
0.0018690069884609135,0.4711944356813436
0.0018690069884609135,0.47122448059849475
0.0018690069884609135,0.4712545255156459
0.0018690069884609135,0.47128457043279703
0.0018690069884609135,0.4714197725599772
0.0018690069884609135,0.47146483993570387
0.0018690069884609135,0.47160004206288403
0.0018690069884609135,0.47163008698003517
0.0018690069884609135,0.47167515435576185
0.0018690069884609135,0.4717202217314886
0.0018690069884609135,0.47191551369297097
0.0018690069884609135,0.4719455586101221
0.0018690069884609135,0.4720657382787267
0.0018690069884609135,0.47209578319587786
0.0018690069884609135,0.4721708954887557
0.0018690069884609135,0.4722159628644824
0.0018690069884609135,0.4723661874502381
0.0018690069884609135,0.47239623236738926
0.0018690069884609135,0.47260654678744723
0.0018690069884609135,0.4726365917045984
0.0018690069884609135,0.47265161416317397
0.0018690069884609135,0.47269668153890065
0.0018690069884609135,0.47271170399747625
0.0018690069884609135,0.4727417489146274
0.0018690069884609135,0.47284690612465635
0.0018690069884609135,0.47290699595895863
0.0018690069884609135,0.4740036354349753
0.0018690069884609135,0.47403368035212645
0.0018690069884609135,0.47416888247930655
0.0018690069884609135,0.4742139498550333
0.0018690069884609135,0.47431910706506225
0.0018690069884609135,0.4743491519822134
0.0018690069884609135,0.47440924181651567
0.0018690069884609135,0.4744392867336668
0.0018690069884609135,0.47493502786666064
0.0018690069884609135,0.4749951177009629
0.0018690069884609135,0.4751303198281431
0.0018690069884609135,0.47517538720386976
0.0018690069884609135,0.47525049949674764
0.0018690069884609135,0.47550588129253235
0.0018690069884609135,0.47555094866825903
0.0018690069884609135,0.47558099358541017
0.0018690069884609135,0.4756110385025613
0.0018690069884609135,0.47564108341971245
0.0018690069884609135,0.4756711283368636
0.0018690069884609135,0.47627202667988644
0.0018690069884609135,0.4763020715970376
0.0018690069884609135,0.47682785764718255
0.0018690069884609135,0.4768579025643337
0.0018690069884609135,0.4769029699400604
0.0018690069884609135,0.4769330148572115
0.0018690069884609135,0.4774888458245076
0.0018690069884609135,0.47753391320023436
0.0018690069884609135,0.4775639581173855
0.0018690069884609135,0.47772920516171674
0.0018690069884609135,0.4777742725374435
0.0018690069884609135,0.4778193399131702
0.0018690069884609135,0.47784938483032136
0.0018690069884609135,0.4779244971231992
0.0018690069884609135,0.47798458695750146
0.0018690069884609135,0.4780747217089549
0.0018690069884609135,0.478104766626106
0.0018690069884609135,0.47845028317334415
0.0018690069884609135,0.4784803280904953
0.0018690069884609135,0.4785704628419487
0.0018690069884609135,0.47860050775909985
0.0018690069884609135,0.47875073234485555
0.0018690069884609135,0.4787807772620067
0.0018690069884609135,0.4788258446377334
0.0018690069884609135,0.4788709120134601
0.0018690069884609135,0.47915633872639596
0.0018690069884609135,0.4792014061021227
0.0018690069884609135,0.4793366082293028
0.0018690069884609135,0.4793966980636051
0.0018690069884609135,0.47945678789790735
0.0018690069884609135,0.4794868328150585
0.0018690069884609135,0.4796370574008142
0.0018690069884609135,0.47968212477654093
0.0018690069884609135,0.47977225952799435
0.0018690069884609135,0.4798023044451455
0.0018690069884609135,0.4802980455781393
0.0018690069884609135,0.480343112953866
0.0018690069884609135,0.4808238316282843
0.0018690069884609135,0.48085387654543543
0.0018690069884609135,0.48088392146258657
0.0018690069884609135,0.48092898883831325
0.0018690069884609135,0.4809590337554644
0.0018690069884609135,0.48101912358976673
0.0018690069884609135,0.48125948292697585
0.0018690069884609135,0.481289527844127
0.0018690069884609135,0.4814697973470338
0.0018690069884609135,0.48149984226418496
0.0018690069884609135,0.4816200219327895
0.0018690069884609135,0.48165006684994066
0.0018690069884609135,0.4817402016013941
0.0018690069884609135,0.4817702465185452
0.0018690069884609135,0.4819054486457254
0.0018690069884609135,0.4819354935628765
0.0018690069884609135,0.48195051602145206
0.0018690069884609135,0.4819805609386032
0.0018690069884609135,0.48232607748584133
0.0018690069884609135,0.48235612240299247
0.0018690069884609135,0.48243123469587035
0.0018690069884609135,0.4824612796130215
0.0018690069884609135,0.48247630207159703
0.0018690069884609135,0.48250634698874817
0.0018690069884609135,0.4825514143644749
0.0018690069884609135,0.48258145928162605
0.0018690069884609135,0.4825964817402016
0.0018690069884609135,0.4826415491159283
0.0018690069884609135,0.4827767512431084
0.0018690069884609135,0.48282181861883516
0.0018690069884609135,0.4829269758288641
0.0018690069884609135,0.4829570207460153
0.0018690069884609135,0.48303213303889314
0.0018690069884609135,0.4830621779560443
0.0018690069884609135,0.483107245331771
0.0018690069884609135,0.48313729024892216
0.0018690069884609135,0.4831673351660733
0.0018690069884609135,0.4832424474589511
0.0018690069884609135,0.48327249237610226
0.0018690069884609135,0.48334760466898014
0.0018690069884609135,0.4833776495861313
0.0018690069884609135,0.4835428966304625
0.0018690069884609135,0.48357294154761366
0.0018690069884609135,0.48364805384049153
0.0018690069884609135,0.48367809875764267
0.0018690069884609135,0.48369312121621827
0.0018690069884609135,0.4837231661333694
0.0018690069884609135,0.48397854792915407
0.0018690069884609135,0.4840085928463052
0.0018690069884609135,0.4841738398906365
0.0018690069884609135,0.48420388480778764
0.0018690069884609135,0.4842789971006655
0.0018690069884609135,0.48430904201781666
0.0018690069884609135,0.48444424414499676
0.0018690069884609135,0.4844742890621479
0.0018690069884609135,0.4845343788964502
0.0018690069884609135,0.4845644238136013
0.0018690069884609135,0.48459446873075246
0.0018690069884609135,0.4846245136479036
0.0018690069884609135,0.4849399852779906
0.0018690069884609135,0.48497003019514173
0.0018690069884609135,0.48515029969804857
0.0018690069884609135,0.4851953670737753
0.0018690069884609135,0.48591644508540266
0.0018690069884609135,0.4859464900025538
0.0018690069884609135,0.4859615124611294
0.0018690069884609135,0.48599155737828054
0.0018690069884609135,0.48608169212973396
0.0019502681618722574,0.48608169212973396
0.0019502681618722574,0.4861117370468851
0.0019502681618722574,0.4861718268811874
0.0019502681618722574,0.4863671188426698
0.0019502681618722574,0.48639716375982095
0.0019502681618722574,0.4865624108041522
0.0019502681618722574,0.48662250063845447
0.0019502681618722574,0.48663752309703007
0.0019502681618722574,0.4866675680141812
0.0019502681618722574,0.4867126353899079
0.0019502681618722574,0.48674268030705903
0.0019502681618722574,0.48678774768278577
0.0019502681618722574,0.48684783751708804
0.0019502681618722574,0.48695299472711706
0.0019502681618722574,0.4869830396442682
0.0019502681618722574,0.4871182417714483
0.0019502681618722574,0.48714828668859944
0.0019502681618722574,0.4872083765229017
0.0019502681618722574,0.48723842144005286
0.0019502681618722574,0.48731353373293074
0.0019502681618722574,0.4873435786500819
0.0019502681618722574,0.4873586011086574
0.0019502681618722574,0.48738864602580856
0.0019502681618722574,0.48747878077726203
0.0019502681618722574,0.4875088256944132
0.0019502681618722574,0.4875388706115643
0.0019502681618722574,0.48756891552871545
0.0019502681618722574,0.48761398290444213
0.0019502681618722574,0.48765905028016887
0.0019502681618722574,0.4880346117445581
0.0019502681618722574,0.4880796791202848
0.0019502681618722574,0.4882449261646161
0.0019502681618722574,0.4883050159989184
0.0019502681618722574,0.48833506091606954
0.0019502681618722574,0.4883651058332207
0.0019502681618722574,0.4883801282917962
0.0019502681618722574,0.48841017320894736
0.0019502681618722574,0.4885453753361275
0.0019502681618722574,0.4885904427118542
0.0019502681618722574,0.48893595925909233
0.0019502681618722574,0.4889660041762435
0.0019502681618722574,0.48932654318205715
0.0019502681618722574,0.4893716105577839
0.0019502681618722574,0.4893866330163595
0.0019502681618722574,0.4894166779335106
0.0019502681618722574,0.4896269923535686
0.0019502681618722574,0.48965703727071974
0.0019502681618722574,0.48994246398365554
0.0019502681618722574,0.4899725089008067
0.0019502681618722574,0.4900776661108357
0.0019502681618722574,0.490137755945138
0.0019502681618722574,0.49019784577944026
0.0019502681618722574,0.490242913155167
0.0019502681618722574,0.4902879805308937
0.0019502681618722574,0.4903180254480448
0.0019502681618722574,0.4903781152823471
0.0019502681618722574,0.49040816019949823
0.0019502681618722574,0.4906935869124341
0.0019502681618722574,0.4907236318295852
0.0019502681618722574,0.49082878903961424
0.0019502681618722574,0.4908888788739165
0.0019502681618722574,0.4909489687082188
0.0019502681618722574,0.49097901362536994
0.0019502681618722574,0.4910391034596722
0.0019502681618722574,0.49106914837682336
0.0019502681618722574,0.4911743055868523
0.0019502681618722574,0.49121937296257906
0.0019502681618722574,0.4918653386813286
0.0019502681618722574,0.49189538359847973
0.0019502681618722574,0.4921207204771133
0.0019502681618722574,0.49215076539426444
0.0019502681618722574,0.49258641669295594
0.0019502681618722574,0.4926314840686827
0.0019502681618722574,0.4926465065272583
0.0019502681618722574,0.4926765514444094
0.0019502681618722574,0.4928117535715895
0.0019502681618722574,0.49285682094731625
0.0019502681618722574,0.49356287650036806
0.0019502681618722574,0.49360794387609475
0.0019502681618722574,0.4936379887932459
0.0019502681618722574,0.4939684828819085
0.0019502681618722574,0.4939985277990596
0.0019502681618722574,0.4941187074676642
0.0019502681618722574,0.4941487523848153
0.0019502681618722574,0.49447924647347785
0.0019502681618722574,0.49453933630778013
0.0019502681618722574,0.49456938122493127
0.0019502681618722574,0.4945994261420824
0.0019502681618722574,0.49468956089353583
0.0019502681618722574,0.49471960581068697
0.0019502681618722574,0.4948397854792915
0.0019502681618722574,0.49486983039644267
0.0019502681618722574,0.49492992023074495
0.0019502681618722574,0.4949900100650472
0.0019502681618722574,0.4951101897336518
0.0019502681618722574,0.4951402346508029
0.0019502681618722574,0.49518530202652966
0.0019502681618722574,0.4952153469436808
0.0019502681618722574,0.49524539186083194
0.0019502681618722574,0.4953205041537098
0.0019502681618722574,0.49569606561809904
0.0019502681618722574,0.4957411329938258
0.0019502681618722574,0.49625189658539515
0.0019502681618722574,0.4962819415025463
0.0019502681618722574,0.49634203133684857
0.0019502681618722574,0.4963720762539997
0.0019502681618722574,0.49640212117115085
0.0019502681618722574,0.4964471885468776
0.0019502681618722574,0.49650727838117986
0.0019502681618722574,0.49688283984556914
0.0019502681618722574,0.4969128847627203
0.0019502681618722574,0.49719831147565613
0.0019502681618722574,0.49722835639280727
0.0019502681618722574,0.49752880556431867
0.0019502681618722574,0.4975588504814698
0.0019502681618722574,0.4977090750672255
0.0019502681618722574,0.49773911998437664
0.0019502681618722574,0.49820481620021934
0.0019502681618722574,0.4982348611173705
0.0019502681618722574,0.49834001832739944
0.0019502681618722574,0.4983700632445506
0.0019502681618722574,0.4984752204545796
0.0019502681618722574,0.49850526537173073
0.0019502681618722574,0.498565355206033
0.0019502681618722574,0.49859540012318415
0.0019502681618722574,0.4987155797917887
0.0019502681618722574,0.49876064716751545
0.0019502681618722574,0.49891087175327115
0.0019502681618722574,0.4989409166704223
0.0019502681618722574,0.49898598404614897
0.0019502681618722574,0.4990160289633001
0.0019502681618722574,0.4991061637147536
0.0019502681618722574,0.4991362086319047
0.0019502681618722574,0.4993315005933871
0.0019502681618722574,0.49936154551053824
0.0019502681618722574,0.49946670272056726
0.0019502681618722574,0.4994967476377184
0.0019502681618722574,0.49966199468204964
0.0019502681618722574,0.49969203959920083
0.0019502681618722574,0.4997521294335031
0.0019502681618722574,0.49978217435065425
0.0019502681618722574,0.49987230910210767
0.0019502681618722574,0.4999023540192588
0.0019502681618722574,0.49991737647783435
0.0019502681618722574,0.49997746631213663
0.0019502681618722574,0.5002028031907702
0.0019502681618722574,0.5002328481079213
0.0019502681618722574,0.5003830726936771
0.0019502681618722574,0.5004131176108282
0.0019502681618722574,0.5004431625279794
0.0019502681618722574,0.5004732074451305
0.0019502681618722574,0.5009238812023976
0.0019502681618722574,0.5009539261195487
0.0019502681618722574,0.5010440608710022
0.0019502681618722574,0.5010741057881533
0.0019502681618722574,0.5011642405396067
0.0019502681618722574,0.5011942854567578
0.0019502681618722574,0.5017651388826295
0.0019502681618722574,0.5017951837997807
0.0019502681618722574,0.5019904757612631
0.0019502681618722574,0.5020205206784142
0.0019502681618722574,0.5021407003470187
0.0019502681618722574,0.5021707452641699
0.0019502681618722574,0.502275902474199
0.0019502681618722574,0.50230594739135
0.0019502681618722574,0.5024711944356813
0.0019502681618722574,0.5025312842699836
0.0019502681618722574,0.5029068457343729
0.0020315293352836015,0.5029068457343729
0.0020315293352836015,0.5029519131100996
0.0020315293352836015,0.5029819580272508
0.0020315293352836015,0.5030120029444018
0.0020315293352836015,0.503042047861553
0.0020315293352836015,0.5032072949058843
0.0020315293352836015,0.5032373398230354
0.0020315293352836015,0.5032673847401866
0.0020315293352836015,0.5032974296573377
0.0020315293352836015,0.5036279237460003
0.0020315293352836015,0.503672991121727
0.0020315293352836015,0.5037481034146049
0.0020315293352836015,0.5037781483317559
0.0020315293352836015,0.504018507668965
0.0020315293352836015,0.5040785975032673
0.0020315293352836015,0.5044090915919299
0.0020315293352836015,0.5044391365090811
0.0020315293352836015,0.504619406011988
0.0020315293352836015,0.5046794958462902
0.0020315293352836015,0.5047846530563191
0.0020315293352836015,0.5048146979734703
0.0020315293352836015,0.5049348776420749
0.0020315293352836015,0.5049649225592261
0.0020315293352836015,0.5050099899349527
0.0020315293352836015,0.5050550573106795
0.0020315293352836015,0.5055808433608244
0.0020315293352836015,0.5056108882779756
0.0020315293352836015,0.5057310679465802
0.0021127905086949453,0.5057310679465802
0.0021127905086949453,0.5057761353223068
0.0021127905086949453,0.5058212026980335
0.0021127905086949453,0.5061967641624229
0.0021127905086949453,0.506226809079574
0.0021127905086949453,0.5066173930025388
0.0021127905086949453,0.5066474379196899
0.0021127905086949453,0.5069028197154747
0.0021127905086949453,0.506962909549777
0.0021127905086949453,0.5073534934727417
0.0021127905086949453,0.5073835383898929
0.0021127905086949453,0.5076088752685265
0.0021127905086949453,0.5076539426442531
0.0021127905086949453,0.508044526567218
0.0021127905086949453,0.5080745714843692
0.0021127905086949453,0.5083299532801538
0.0021127905086949453,0.5083599981973049
0.0021127905086949453,0.5083900431144561
0.0021127905086949453,0.5084501329487584
0.0021127905086949453,0.5087055147445431
0.0021127905086949453,0.5087505821202698
0.0021127905086949453,0.5089458740817522
0.0021127905086949453,0.5089909414574789
0.0021127905086949453,0.5090510312917812
0.0021127905086949453,0.5090810762089324
0.0021127905086949453,0.5091712109603858
0.0021127905086949453,0.509201255877537
0.0021127905086949453,0.509231300794688
0.0021127905086949453,0.5092613457118392
0.0021127905086949453,0.5092763681704148
0.0021127905086949453,0.5093064130875659
0.0021127905086949453,0.5098021542205597
0.0021127905086949453,0.5098321991377108
0.0021127905086949453,0.5100575360163444
0.0021127905086949453,0.5100875809334956
0.0021127905086949453,0.5105082097736116
0.0021127905086949453,0.5105382546907626
0.0021127905086949453,0.5106283894422161
0.0021127905086949453,0.5106884792765184
0.0021127905086949453,0.5108987936965764
0.0021127905086949453,0.5109288386137275
0.0021127905086949453,0.5110790631994833
0.0021127905086949453,0.5111091081166343
0.0021127905086949453,0.5111391530337855
0.0021127905086949453,0.5111842204095122
0.0021127905086949453,0.5112142653266634
0.0021127905086949453,0.5113344449952679
0.0021127905086949453,0.5113795123709947
0.0021127905086949453,0.5114396022052969
0.0021127905086949453,0.5114846695810237
0.0021127905086949453,0.5118452085868374
0.0021127905086949453,0.5118752535039884
0.0021127905086949453,0.5120555230068953
0.0021940516821062897,0.5120555230068953
0.0021940516821062897,0.5121156128411976
0.0021940516821062897,0.5121757026754998
0.0021940516821062897,0.512205747592651
0.0021940516821062897,0.5122658374269533
0.0021940516821062897,0.5122958823441044
0.0021940516821062897,0.5123559721784067
0.0021940516821062897,0.5123860170955579
0.0021940516821062897,0.5125512641398892
0.0021940516821062897,0.5125963315156159
0.0021940516821062897,0.5126714438084937
0.0021940516821062897,0.5127014887256448
0.0021940516821062897,0.5127916234770983
0.0021940516821062897,0.512836690852825
0.0021940516821062897,0.5130169603557319
0.0021940516821062897,0.5130470052728829
0.0021940516821062897,0.5131671849414875
0.0021940516821062897,0.5131972298586387
0.0021940516821062897,0.5135577688644524
0.0021940516821062897,0.5135878137816035
0.0021940516821062897,0.5136028362401791
0.0021940516821062897,0.5136328811573302
0.0021940516821062897,0.5140835549145973
0.0021940516821062897,0.5141135998317484
0.0021940516821062897,0.514233779500353
0.0021940516821062897,0.5142938693346553
0.0021940516821062897,0.514444093920411
0.0021940516821062897,0.5144741388375621
0.0021940516821062897,0.5145041837547133
0.0021940516821062897,0.5145342286718645
0.0021940516821062897,0.5146093409647423
0.0021940516821062897,0.5146393858818934
0.0021940516821062897,0.5149849024291315
0.0021940516821062897,0.515075037180585
0.0021940516821062897,0.5151952168491896
0.0021940516821062897,0.5152252617663406
0.0021940516821062897,0.5152703291420674
0.0021940516821062897,0.5153003740592186
0.0021940516821062897,0.5158411825679391
0.0021940516821062897,0.5159012724022414
0.0021940516821062897,0.5163669686180841
0.0021940516821062897,0.5163970135352351
0.0021940516821062897,0.5165472381209909
0.0021940516821062897,0.516577283038142
0.0021940516821062897,0.5166974627067465
0.0021940516821062897,0.5167425300824733
0.0021940516821062897,0.5170429792539847
0.0021940516821062897,0.5170730241711359
0.0021940516821062897,0.5173584508840717
0.0021940516821062897,0.5173884958012228
0.0021940516821062897,0.5175537428455541
0.0021940516821062897,0.5175837877627052
0.0021940516821062897,0.5176138326798564
0.0021940516821062897,0.5176438775970075
0.0021940516821062897,0.51783916955849
0.0021940516821062897,0.5178842369342167
0.0021940516821062897,0.5179293043099433
0.0021940516821062897,0.5179593492270945
0.0021940516821062897,0.5179743716856701
0.0021940516821062897,0.5180044166028213
0.0021940516821062897,0.5180645064371235
0.0021940516821062897,0.5181095738128502
0.0021940516821062897,0.5181546411885769
0.0021940516821062897,0.5181997085643036
0.0021940516821062897,0.5182147310228792
0.0021940516821062897,0.5182597983986059
0.0021940516821062897,0.5185452251115418
0.0021940516821062897,0.5185752700286929
0.0021940516821062897,0.5186353598629951
0.0021940516821062897,0.5187555395315997
0.0021940516821062897,0.5187855844487509
0.0021940516821062897,0.518815629365902
0.0021940516821062897,0.5188456742830532
0.0021940516821062897,0.5189658539516577
0.0021940516821062897,0.5190109213273845
0.0021940516821062897,0.5191010560788378
0.0021940516821062897,0.519131100995989
0.0021940516821062897,0.5191461234545646
0.0021940516821062897,0.5192062132888668
0.0021940516821062897,0.5196719095047095
0.0021940516821062897,0.5197019544218607
0.0021940516821062897,0.5197470217975874
0.0021940516821062897,0.5201976955548545
0.0021940516821062897,0.5202277404720056
0.0021940516821062897,0.5209337960250575
0.0021940516821062897,0.5209638409422086
0.0021940516821062897,0.5211891778208422
0.0021940516821062897,0.5212192227379933
0.0021940516821062897,0.5213394024065978
0.0021940516821062897,0.5213994922409001
0.0021940516821062897,0.5215647392852314
0.0021940516821062897,0.5215947842023826
0.0021940516821062897,0.52245106434119
0.0021940516821062897,0.5224811092583412
0.0021940516821062897,0.5225862664683703
0.0021940516821062897,0.5226163113855213
0.0021940516821062897,0.5227815584298526
0.0021940516821062897,0.5228116033470037
0.0021940516821062897,0.5229618279327595
0.0021940516821062897,0.5229918728499107
0.0021940516821062897,0.5231571198942419
0.0021940516821062897,0.523187164811393
0.0021940516821062897,0.5232622771042709
0.0021940516821062897,0.5232923220214221
0.0021940516821062897,0.5233223669385731
0.0021940516821062897,0.5233524118557243
0.0021940516821062897,0.5234725915243289
0.0021940516821062897,0.52350263644148
0.0021940516821062897,0.5239382877401716
0.0021940516821062897,0.5239683326573227
0.0021940516821062897,0.5239983775744739
0.0021940516821062897,0.5240584674087762
0.0021940516821062897,0.5241035347845028
0.0021940516821062897,0.5241636246188052
0.0021940516821062897,0.524238736911683
0.0021940516821062897,0.5242687818288341
0.0021940516821062897,0.5244790962488921
0.0021940516821062897,0.5245091411660432
0.0021940516821062897,0.5245992759174967
0.0021940516821062897,0.5246443432932234
0.0021940516821062897,0.524659365751799
0.0021940516821062897,0.52468941066895
0.0021940516821062897,0.524794567878979
0.0021940516821062897,0.5248246127961302
0.0021940516821062897,0.525320353929124
0.0021940516821062897,0.5253503988462752
0.0021940516821062897,0.5254104886805775
0.0021940516821062897,0.5254405335977286
0.0021940516821062897,0.5255156458906065
0.0021940516821062897,0.5255456908077576
0.0021940516821062897,0.5256358255592111
0.0021940516821062897,0.5256658704763622
0.0021940516821062897,0.5257109378520889
0.0021940516821062897,0.52574098276924
0.0021940516821062897,0.5258311175206934
0.0021940516821062897,0.5258611624378445
0.0021940516821062897,0.526371926029414
0.0021940516821062897,0.5264019709465652
0.0021940516821062897,0.5268075773281056
0.0021940516821062897,0.5268526447038322
0.0021940516821062897,0.5268977120795589
0.0021940516821062897,0.5269427794552857
0.0021940516821062897,0.527002869289588
0.0021940516821062897,0.5271981612510703
0.0021940516821062897,0.5272282061682215
0.0021940516821062897,0.5273183409196749
0.0021940516821062897,0.5273483858368261
0.0021940516821062897,0.5273934532125528
0.0021940516821062897,0.5274234981297039
0.0021940516821062897,0.5276488350083375
0.0021940516821062897,0.5276788799254886
0.0021940516821062897,0.5278591494283954
0.0021940516821062897,0.5279042168041221
0.0021940516821062897,0.5280093740141512
0.0021940516821062897,0.5280544413898779
0.0021940516821062897,0.5282196884342092
0.0021940516821062897,0.5282647558099358
0.0021940516821062897,0.5287004071086274
0.0021940516821062897,0.5287304520257785
0.0021940516821062897,0.5287755194015052
0.0021940516821062897,0.5288956990701098
0.0021940516821062897,0.5289407664458365
0.0021940516821062897,0.5291060134901678
0.0021940516821062897,0.5291510808658945
0.0021940516821062897,0.5295867321645861
0.0021940516821062897,0.5296167770817372
0.0021940516821062897,0.5297820241260685
0.0021940516821062897,0.5298270915017952
0.0021940516821062897,0.5298571364189463
0.0021940516821062897,0.5298871813360975
0.0021940516821062897,0.5299322487118242
0.0021940516821062897,0.5299622936289753
0.0021940516821062897,0.5300674508390043
0.0021940516821062897,0.5300974957561555
0.0021940516821062897,0.530112518214731
0.0021940516821062897,0.5301575855904578
0.0021940516821062897,0.5303378550933646
0.0021940516821062897,0.5303679000105157
0.0021940516821062897,0.530638304264876
0.0021940516821062897,0.5306683491820271
0.0021940516821062897,0.530953775894963
0.0021940516821062897,0.5309838208121141
0.0021940516821062897,0.531088978022143
0.0021940516821062897,0.5311190229392942
0.0021940516821062897,0.5312241801493233
0.0021940516821062897,0.53126924752505
0.0021940516821062897,0.5312992924422011
0.0021940516821062897,0.5314194721108056
0.0021940516821062897,0.5314495170279568
0.0021940516821062897,0.5314645394865324
0.0021940516821062897,0.5314945844036835
0.0021940516821062897,0.5316448089894392
0.0021940516821062897,0.5316748539065903
0.0021940516821062897,0.5319903255366774
0.0021940516821062897,0.5320504153709796
0.0021940516821062897,0.5324710442110956
0.0021940516821062897,0.5325010891282467
0.0021940516821062897,0.5328165607583337
0.0021940516821062897,0.5328466056754848
0.0021940516821062897,0.5330869650126939
0.0021940516821062897,0.5331170099298451
0.0021940516821062897,0.5331470548469962
0.0021940516821062897,0.5331770997641474
0.0021940516821062897,0.5332371895984497
0.0021940516821062897,0.5333273243499032
0.0021940516821062897,0.5337629756485947
0.0021940516821062897,0.5337930205657457
0.0021940516821062897,0.533928222692926
0.0021940516821062897,0.533958267610077
0.0021940516821062897,0.5340484023615305
0.0021940516821062897,0.5341235146544083
0.0021940516821062897,0.5343638739916174
0.0021940516821062897,0.5344089413673442
0.0021940516821062897,0.53469436808028
0.0021940516821062897,0.5347244129974311
0.0021940516821062897,0.5349347274174892
0.0021940516821062897,0.5349948172517914
0.0021940516821062897,0.5350248621689425
0.0021940516821062897,0.5350549070860937
0.0021940516821062897,0.535114996920396
0.0021940516821062897,0.5351600642961227
0.0021940516821062897,0.5352952664233028
0.0021940516821062897,0.5353553562576051
0.0021940516821062897,0.5353703787161807
0.0021940516821062897,0.5354004236333318
0.0021940516821062897,0.5358060300148723
0.0021940516821062897,0.5358360749320233
0.0021940516821062897,0.5358811423077501
0.0021940516821062897,0.5359262096834768
0.0021940516821062897,0.5359562546006279
0.0021940516821062897,0.5360463893520814
0.0021940516821062897,0.5360764342692325
0.0021940516821062897,0.5361515465621104
0.0021940516821062897,0.536196613937837
0.0021940516821062897,0.5363167936064416
0.0021940516821062897,0.5363468385235928
0.0021940516821062897,0.5365271080264996
0.0021940516821062897,0.5365571529436508
0.0021940516821062897,0.5365871978608019
0.0021940516821062897,0.5366172427779531
0.0021940516821062897,0.536722399987982
0.0021940516821062897,0.5367674673637087
0.0021940516821062897,0.5370228491594934
0.0021940516821062897,0.5370679165352201
0.0021940516821062897,0.5374284555410338
0.0021940516821062897,0.537458500458185
0.0021940516821062897,0.5377289047125453
0.0021940516821062897,0.5377589496296964
0.0021940516821062897,0.5378941517568765
0.0021940516821062897,0.5379542415911788
0.0021940516821062897,0.5381194886355101
0.0021940516821062897,0.5381645560112368
0.0021940516821062897,0.5382997581384169
0.0021940516821062897,0.5383298030555681
0.0021940516821062897,0.5384950500998994
0.0021940516821062897,0.538540117475626
0.0021940516821062897,0.5386602971442306
0.0021940516821062897,0.5386903420613818
0.0021940516821062897,0.5389006564814397
0.0021940516821062897,0.5389307013985909
0.0022753128555176336,0.5389307013985909
0.0022753128555176336,0.5390058136914687
0.0022753128555176336,0.5390358586086199
0.0022753128555176336,0.5390508810671955
0.0022753128555176336,0.5390809259843466
0.0022753128555176336,0.5392161281115267
0.0022753128555176336,0.5392461730286778
0.0022753128555176336,0.5392912404044046
0.0022753128555176336,0.5393212853215558
0.0022753128555176336,0.5396668018687939
0.0022753128555176336,0.539696846785945
0.0022753128555176336,0.5401324980846365
0.0022753128555176336,0.5401625430017877
0.0022753128555176336,0.54022263283609
0.0022753128555176336,0.5402526777532412
0.0022753128555176336,0.540327790046119
0.0022753128555176336,0.5403578349632701
0.0022753128555176336,0.5404629921732991
0.0022753128555176336,0.5405080595490258
0.0022753128555176336,0.5406883290519326
0.0022753128555176336,0.5407183739690837
0.0022753128555176336,0.5407333964276594
0.0022753128555176336,0.5407634413448105
0.0022753128555176336,0.5408235311791127
0.0022753128555176336,0.5408535760962639
0.0022753128555176336,0.540988778223444
0.0022753128555176336,0.5410188231405952
0.0022753128555176336,0.5410638905163219
0.0022753128555176336,0.541304249853531
0.0022753128555176336,0.5413342947706822
0.0022753128555176336,0.5415446091907402
0.0022753128555176336,0.5415746541078913
0.0022753128555176336,0.5415896765664668
0.002356574028928978,0.5415896765664668
0.002356574028928978,0.541619721483618
0.002356574028928978,0.5417399011522226
0.002356574028928978,0.5417699460693737
0.002356574028928978,0.5417849685279493
0.002356574028928978,0.5418150134451004
0.002356574028928978,0.5420253278651584
0.002356574028928978,0.5420854176994607
0.002356574028928978,0.542145507533763
0.002356574028928978,0.5421905749094897
0.002356574028928978,0.5422356422852164
0.002356574028928978,0.5422656872023676
0.002356574028928978,0.5424760016224255
0.002356574028928978,0.5425060465395767
0.002356574028928978,0.5427313834182103
0.002356574028928978,0.5427614283353613
0.002356574028928978,0.5427914732525125
0.002356574028928978,0.5428215181696636
0.002356574028928978,0.5428816080039659
0.002356574028928978,0.5434073940541109
0.002356574028928978,0.5434374389712621
0.002356574028928978,0.5435125512641399
0.002356574028928978,0.5435425961812911
0.002356574028928978,0.5437979779770757
0.002356574028928978,0.5438430453528025
0.002356574028928978,0.543858067811378
0.002356574028928978,0.5439031351871048
0.002356574028928978,0.5439331801042558
0.002356574028928978,0.543963225021407
0.002356574028928978,0.5441284720657383
0.002356574028928978,0.5441585169828894
0.002356574028928978,0.544173539441465
0.002356574028928978,0.5442035843586162
0.002356574028928978,0.5444289212372497
0.002356574028928978,0.5444589661544008
0.002356574028928978,0.544489011071552
0.002356574028928978,0.5445340784472786
0.002356574028928978,0.5446692805744588
0.002356574028928978,0.5446993254916099
0.002356574028928978,0.5447894602430634
0.0024378352023403218,0.5447894602430634
0.0024378352023403218,0.5454804933375397
0.0024378352023403218,0.5455105382546908
0.0024378352023403218,0.5455556056304175
0.0024378352023403218,0.5456156954647198
0.0024378352023403218,0.545675785299022
0.0024378352023403218,0.5457058302161731
0.0024378352023403218,0.5457208526747488
0.0024378352023403218,0.5457659200504754
0.0024378352023403218,0.5458560548019289
0.0024378352023403218,0.5459461895533823
0.0024378352023403218,0.5462616611834693
0.0024378352023403218,0.546306728559196
0.0024378352023403218,0.5463668183934983
0.0024378352023403218,0.5464419306863761
0.0024378352023403218,0.5464719756035272
0.0024378352023403218,0.5465470878964052
0.0024378352023403218,0.5465771328135562
0.0024378352023403218,0.5468625595264921
0.0024378352023403218,0.5469076269022188
0.0024378352023403218,0.5470428290293989
0.0024378352023403218,0.5470878964051257
0.0024378352023403218,0.5474484354109393
0.0024378352023403218,0.5475085252452416
0.0024378352023403218,0.5478540417924798
0.0024378352023403218,0.5479441765439331
0.0024378352023403218,0.5481695134225667
0.0024378352023403218,0.5481995583397179
0.0024378352023403218,0.5482896930911713
0.0024378352023403218,0.5483197380083225
0.0024378352023403218,0.5483648053840492
0.0024378352023403218,0.5483948503012003
0.0024378352023403218,0.5485751198041071
0.0024378352023403218,0.5486051647212583
0.0024378352023403218,0.5489206363513452
0.0024378352023403218,0.5489506812684964
0.0024378352023403218,0.5489957486442231
0.0024378352023403218,0.5490257935613743
0.0024378352023403218,0.5490408160199498
0.0024378352023403218,0.549070860937101
0.0024378352023403218,0.5491009058542521
0.0024378352023403218,0.5491309507714033
0.0024378352023403218,0.5491910406057056
0.0024378352023403218,0.5492210855228566
0.0024378352023403218,0.5496116694458215
0.0024378352023403218,0.5496417143629726
0.0024378352023403218,0.5498820737001817
0.0024378352023403218,0.5499121186173329
0.0024378352023403218,0.550047320744513
0.0024378352023403218,0.5500773656616642
0.0024378352023403218,0.5501825228716932
0.0024378352023403218,0.5502125677888443
0.0024378352023403218,0.5503477699160244
0.0024378352023403218,0.5503778148331756
0.0024378352023403218,0.5505881292532336
0.0024378352023403218,0.5506331966289603
0.0024378352023403218,0.5506632415461115
0.0024378352023403218,0.5507233313804137
0.0024378352023403218,0.5508585335075938
0.0024378352023403218,0.5509336458004717
0.0024378352023403218,0.5511439602205297
0.0024378352023403218,0.5511890275962564
0.0024378352023403218,0.5512340949719832
0.0024378352023403218,0.551309207264861
0.0024378352023403218,0.5513843195577388
0.0024378352023403218,0.5514444093920411
0.0024378352023403218,0.5514744543091923
0.0024378352023403218,0.5515946339777968
0.0024378352023403218,0.5516397013535235
0.0024378352023403218,0.5516697462706747
0.0024378352023403218,0.5516997911878257
0.0024378352023403218,0.551834993315006
0.0024378352023403218,0.5518950831493082
0.0024378352023403218,0.551940150525035
0.0024378352023403218,0.5520002403593373
0.0024378352023403218,0.5526912734538134
0.0024378352023403218,0.5527213183709646
0.0024378352023403218,0.5527814082052669
0.0024378352023403218,0.552811453122418
0.0024378352023403218,0.5528414980395692
0.0024378352023403218,0.5529015878738714
0.0024378352023403218,0.5530367900010515
0.0024378352023403218,0.5530818573767783
0.0024378352023403218,0.5530968798353538
0.0024378352023403218,0.5531419472110806
0.0024378352023403218,0.5533973290068652
0.0024378352023403218,0.553442396382592
0.0024378352023403218,0.5535024862168942
0.0024378352023403218,0.553547553592621
0.0024378352023403218,0.5536076434269233
0.0024378352023403218,0.5536376883440743
0.0024378352023403218,0.55365271080265
0.0024378352023403218,0.5536977781783766
0.0024378352023403218,0.5539381375155858
0.0024378352023403218,0.5539681824327369
0.0024378352023403218,0.5539982273498881
0.0024378352023403218,0.5540282722670392
0.0024378352023403218,0.5543888112728529
0.0024378352023403218,0.5544188561900041
0.0024378352023403218,0.5545841032343354
0.0024378352023403218,0.5546141481514865
0.0024378352023403218,0.5546592155272132
0.0024378352023403218,0.5546892604443643
0.0024378352023403218,0.5548695299472711
0.0024378352023403218,0.5549296197815734
0.0024378352023403218,0.5549746871573001
0.0024378352023403218,0.5549897096158757
0.0024378352023403218,0.555049799450178
0.0024378352023403218,0.5552150464945093
0.0024378352023403218,0.555260113870236
0.0024378352023403218,0.5553802935388406
0.0024378352023403218,0.5554103384559917
0.0024378352023403218,0.5555154956660207
0.0024378352023403218,0.5555455405831718
0.0024378352023403218,0.5559211020475611
0.0024378352023403218,0.5559811918818633
0.0024378352023403218,0.5571379211921823
0.0024378352023403218,0.5571679661093335
0.0024378352023403218,0.5572881457779381
0.0024378352023403218,0.5573181906950891
0.0024378352023403218,0.5576937521594785
0.0024378352023403218,0.5577538419937808
0.0024378352023403218,0.557813931828083
0.0024378352023403218,0.5578439767452341
0.0024378352023403218,0.5579491339552631
0.0024378352023403218,0.5579791788724142
0.0024378352023403218,0.5581143809995944
0.0024378352023403218,0.5581444259167455
0.0024378352023403218,0.5582195382096233
0.0024378352023403218,0.5582796280439257
0.0025190963757516656,0.5582796280439257
0.0025190963757516656,0.5582946505025013
0.0025190963757516656,0.558339717878228
0.0025190963757516656,0.558790391635495
0.0025190963757516656,0.5588354590112218
0.0025190963757516656,0.5589255937626753
0.0025190963757516656,0.5589706611384019
0.0025190963757516656,0.5590758183484309
0.0025190963757516656,0.5591058632655821
0.0025190963757516656,0.5591959980170355
0.0025190963757516656,0.5592260429341867
0.0025190963757516656,0.5592560878513377
0.0025190963757516656,0.5592861327684889
0.0025190963757516656,0.5594363573542446
0.0025190963757516656,0.5594664022713958
0.0025190963757516656,0.5596917391500293
0.0025190963757516656,0.5597217840671804
0.0025190963757516656,0.559736806525756
0.0025190963757516656,0.5597668514429072
0.0025190963757516656,0.5598870311115117
0.0025190963757516656,0.5599320984872385
0.0025190963757516656,0.5600673006144186
0.0025190963757516656,0.5601273904487208
0.0025190963757516656,0.5602926374930521
0.0025190963757516656,0.5603226824102032
0.0025190963757516656,0.5603377048687789
0.0025190963757516656,0.5603827722445055
0.0025190963757516656,0.560472906995959
0.0025190963757516656,0.5605029519131101
0.0025190963757516656,0.5605329968302613
0.0025190963757516656,0.5605630417474123
0.0025190963757516656,0.5606531764988658
0.0025190963757516656,0.5606832214160169
0.0025190963757516656,0.5607733561674704
0.0025190963757516656,0.5608034010846215
0.0025190963757516656,0.5608785133774994
0.0025190963757516656,0.5609085582946505
0.0025190963757516656,0.5612390523833131
0.0025190963757516656,0.5612690973004641
0.0025190963757516656,0.5613742545104932
0.0025190963757516656,0.5614042994276444
0.0025190963757516656,0.5614193218862199
0.0025190963757516656,0.5614794117205222
0.0025190963757516656,0.5616897261405802
0.0025190963757516656,0.5617197710577313
0.0025190963757516656,0.561869995643487
0.0025190963757516656,0.5619000405606381
0.0025190963757516656,0.5621554223564229
0.0025190963757516656,0.562185467273574
0.0025190963757516656,0.5622605795664518
0.0025190963757516656,0.562290624483603
0.0025190963757516656,0.5625159613622366
0.0025190963757516656,0.5625610287379632
0.0025190963757516656,0.5625910736551144
0.0025190963757516656,0.5626361410308411
0.0025190963757516656,0.5626661859479922
0.0025190963757516656,0.5628614779094747
0.0025190963757516656,0.5628915228266258
0.0025190963757516656,0.5629666351195036
0.0025190963757516656,0.5629966800366548
0.0025190963757516656,0.5631318821638349
0.0025190963757516656,0.5631919719981372
0.0025190963757516656,0.5635224660867998
0.0025190963757516656,0.5635675334625265
0.0025190963757516656,0.5638529601754623
0.0025190963757516656,0.563898027551189
0.0025190963757516656,0.5639280724683402
0.0025190963757516656,0.5640182072197936
0.0025190963757516656,0.5640482521369448
0.0025190963757516656,0.5642735890155783
0.0025190963757516656,0.5643036339327294
0.0025190963757516656,0.5643787462256072
0.0025190963757516656,0.5644087911427584
0.0025190963757516656,0.5645590157285141
0.0025190963757516656,0.5645890606456653
0.0025190963757516656,0.5646191055628164
0.0025190963757516656,0.5646791953971186
0.0025190963757516656,0.5648294199828744
0.0025190963757516656,0.5648744873586011
0.0025190963757516656,0.5649345771929034
0.0025190963757516656,0.5649796445686301
0.0025190963757516656,0.5652951161987171
0.0025190963757516656,0.5653251611158682
0.0025190963757516656,0.5654753857016239
0.0025190963757516656,0.5655054306187751
0.0025190963757516656,0.5658209022488621
0.0025190963757516656,0.5658809920831643
0.0025190963757516656,0.5659260594588911
0.0025190963757516656,0.5659561043760422
0.0025190963757516656,0.5660011717517689
0.0025190963757516656,0.5660312166689201
0.0025190963757516656,0.5660612615860712
0.0025190963757516656,0.5660913065032224
0.0025190963757516656,0.5661213514203735
0.0025190963757516656,0.5661513963375246
0.0025190963757516656,0.566557002719065
0.0025190963757516656,0.5665870476362161
0.0025190963757516656,0.5668123845148497
0.0025190963757516656,0.5668424294320008
0.0025190963757516656,0.566872474349152
0.0025190963757516656,0.5669025192663031
0.0025190963757516656,0.5671579010620879
0.0025190963757516656,0.5671879459792389
0.0025190963757516656,0.5676386197365061
0.0025190963757516656,0.5676836871122328
0.0025190963757516656,0.5677437769465351
0.0025190963757516656,0.5677888443222617
0.0025190963757516656,0.5683146303724067
0.0025190963757516656,0.5683596977481334
0.0025190963757516656,0.5684948998753135
0.0025190963757516656,0.5685399672510403
0.0025190963757516656,0.5691258431354875
0.0025190963757516656,0.5691558880526387
0.0025190963757516656,0.569741763937086
0.0025190963757516656,0.5697718088542371
0.0025190963757516656,0.5701774152357775
0.0025190963757516656,0.5702074601529287
0.0025190963757516656,0.5704628419487133
0.0025190963757516656,0.5705079093244401
0.0025190963757516656,0.5705980440758934
0.0025190963757516656,0.5706280889930446
0.0025190963757516656,0.5707632911202247
0.0025190963757516656,0.5707933360373759
0.0025190963757516656,0.5709435606231316
0.0025190963757516656,0.5710036504574338
0.0025190963757516656,0.5711839199603407
0.0025190963757516656,0.5712139648774919
0.0025190963757516656,0.5712590322532186
0.0025190963757516656,0.5712890771703697
0.0025190963757516656,0.5713942343803987
0.0025190963757516656,0.5714242792975498
0.0025190963757516656,0.5715144140490033
0.0025190963757516656,0.57155948142473
0.0025190963757516656,0.5716946835519101
0.0025190963757516656,0.5717247284690612
0.0025190963757516656,0.5718899755133925
0.0025190963757516656,0.5719200204305437
0.0025190963757516656,0.5720702450162993
0.00260035754916301,0.5720702450162993
0.00260035754916301,0.5721153123920261
0.00260035754916301,0.5722805594363574
0.00260035754916301,0.5723106043535084
0.00260035754916301,0.5725659861492932
0.00260035754916301,0.5725960310664443
0.00260035754916301,0.5727913230279268
0.00260035754916301,0.5728213679450779
0.00260035754916301,0.5728964802379557
0.00260035754916301,0.572956570072258
0.00260035754916301,0.5732870641609206
0.00260035754916301,0.5733171090780718
0.00260035754916301,0.5733621764537984
0.00260035754916301,0.5734372887466763
0.00260035754916301,0.5734673336638274
0.00260035754916301,0.5734973785809786
0.00260035754916301,0.5736776480838854
0.00260035754916301,0.5737227154596121
0.00260035754916301,0.5741433442997281
0.00260035754916301,0.5741884116754548
0.00260035754916301,0.5743686811783616
0.00260035754916301,0.5744137485540883
0.00260035754916301,0.5750296693556868
0.00260035754916301,0.5750597142728379
0.00260035754916301,0.5751949164000181
0.00260035754916301,0.5752249613171692
0.00260035754916301,0.575300073610047
0.00260035754916301,0.5753301185271982
0.00260035754916301,0.5754202532786515
0.00260035754916301,0.5754653206543783
0.00260035754916301,0.5754803431129538
0.00260035754916301,0.575510388030105
0.00260035754916301,0.5755254104886806
0.00260035754916301,0.5755554554058318
0.00260035754916301,0.5755704778644073
0.00260035754916301,0.5756005227815584
0.00260035754916301,0.5760211516216744
0.00260035754916301,0.5760511965388255
0.00260035754916301,0.5760662189974011
0.00260035754916301,0.5761112863731278
0.00260035754916301,0.576141331290279
0.00260035754916301,0.5762014211245813
0.00260035754916301,0.5762915558760346
0.00260035754916301,0.5763216007931858
0.00260035754916301,0.5763666681689126
0.00260035754916301,0.5764117355446392
0.00260035754916301,0.5764868478375171
0.00260035754916301,0.5766220499646972
0.00260035754916301,0.5766821397989995
0.00260035754916301,0.5769224991362086
0.00260035754916301,0.5769525440533598
0.00260035754916301,0.5769675665119354
0.00260035754916301,0.5769976114290865
0.00260035754916301,0.5771027686391155
0.00260035754916301,0.5771628584734178
0.00260035754916301,0.5772379707662956
0.00260035754916301,0.5772680156834468
0.00260035754916301,0.5773130830591735
0.00260035754916301,0.5773431279763246
0.00260035754916301,0.5773731728934758
0.002681618722574354,0.5773731728934758
0.002681618722574354,0.5775233974792314
0.002681618722574354,0.5775534423963826
0.002681618722574354,0.5780041161536497
0.002681618722574354,0.5780642059879519
0.002681618722574354,0.5784397674523413
0.002681618722574354,0.5784698123694924
0.002681618722574354,0.5785899920380969
0.002681618722574354,0.5786200369552481
0.002681618722574354,0.5789204861267595
0.002681618722574354,0.5789505310439107
0.002681618722574354,0.5789805759610618
0.002681618722574354,0.579010620878213
0.002681618722574354,0.5791157780882419
0.002681618722574354,0.5791458230053931
0.002681618722574354,0.5792810251325732
0.002681618722574354,0.5793110700497244
0.002681618722574354,0.5795964967626602
0.002681618722574354,0.579671609055538
0.002681618722574354,0.5800471705199273
0.002762879895985698,0.5800471705199273
0.002762879895985698,0.5801673501885318
0.002762879895985698,0.580197395105683
0.002762879895985698,0.5802574849399853
0.002762879895985698,0.5802875298571364
0.002762879895985698,0.5803175747742876
0.002762879895985698,0.5803476196914387
0.002762879895985698,0.580407709525741
0.002762879895985698,0.5804527769014677
0.002762879895985698,0.5806781137801013
0.002762879895985698,0.5807081586972523
0.002762879895985698,0.5808433608244326
0.002762879895985698,0.5809034506587348
0.002762879895985698,0.5809334955758859
0.002762879895985698,0.5809785629516127
0.002762879895985698,0.5812189222888218
0.002762879895985698,0.581248967205973
0.002762879895985698,0.5813240794988508
0.002762879895985698,0.5813541244160019
0.002762879895985698,0.5813691468745775
0.002762879895985698,0.5813991917917286
0.002762879895985698,0.5815343939189088
0.002762879895985698,0.5815794612946354
0.002762879895985698,0.5817747532561179
0.002762879895985698,0.581804798173269
0.002762879895985698,0.5818799104661468
0.002762879895985698,0.581909955383298
0.002762879895985698,0.5819400003004491
0.002762879895985698,0.5819700452176003
0.002762879895985698,0.5823756515991407
0.002762879895985698,0.5824056965162918
0.002762879895985698,0.582961527483588
0.002762879895985698,0.5829915724007391
0.002762879895985698,0.5830366397764658
0.002762879895985698,0.5832920215722505
0.002762879895985698,0.5833220664894017
0.002762879895985698,0.5836074932023375
0.002762879895985698,0.5836675830366398
0.002762879895985698,0.5838929199152734
0.002762879895985698,0.5839229648324245
0.002762879895985698,0.5840731894181802
0.002762879895985698,0.5841182567939069
0.002762879895985698,0.584568930551174
0.002762879895985698,0.5845989754683252
0.002762879895985698,0.5848092898883831
0.002762879895985698,0.5848393348055343
0.002762879895985698,0.585094716601319
0.002762879895985698,0.5851698288941968
0.002762879895985698,0.5853350759385281
0.002762879895985698,0.5853651208556793
0.002762879895985698,0.5855153454414349
0.002762879895985698,0.5855453903585861
0.002762879895985698,0.5856355251100395
0.002762879895985698,0.5856805924857662
0.002762879895985698,0.5857106374029174
0.002762879895985698,0.5859660191987021
0.002762879895985698,0.5859960641158533
0.002762879895985698,0.5860110865744288
0.002762879895985698,0.5860411314915799
0.002762879895985698,0.5861312662430334
0.002762879895985698,0.5861613111601844
0.002762879895985698,0.5861913560773356
0.002762879895985698,0.5862364234530624
0.002762879895985698,0.5864317154145448
0.002762879895985698,0.5864617603316958
0.002762879895985698,0.5865518950831493
0.002762879895985698,0.5865819400003004
0.002762879895985698,0.5866720747517539
0.002762879895985698,0.5867021196689051
0.002762879895985698,0.5867471870446317
0.002762879895985698,0.5867772319617829
0.002762879895985698,0.5869725239232653
0.002762879895985698,0.5870025688404165
0.002762879895985698,0.587017591298992
0.002762879895985698,0.5870476362161431
0.002762879895985698,0.5871377709675966
0.002762879895985698,0.5871678158847476
0.002762879895985698,0.5872429281776256
0.002762879895985698,0.5872729730947767
0.002762879895985698,0.5873631078462301
0.002762879895985698,0.5873931527633812
0.002762879895985698,0.587438220139108
0.002762879895985698,0.5875133324319858
0.002762879895985698,0.5876034671834393
0.002762879895985698,0.5876335121005903
0.002762879895985698,0.5876785794763171
0.002762879895985698,0.5877086243934683
0.002762879895985698,0.5878588489792239
0.002762879895985698,0.5878888938963751
0.002762879895985698,0.5880841858578575
0.002762879895985698,0.5881292532335842
0.002762879895985698,0.588624994366578
0.002762879895985698,0.5886550392837292
0.002762879895985698,0.5888653537037871
0.002762879895985698,0.5889104210795139
0.002762879895985698,0.5889254435380894
0.002762879895985698,0.5889554884552406
0.002762879895985698,0.5898418135111992
0.002762879895985698,0.5898718584283504
0.002762879895985698,0.5899469707212283
0.002762879895985698,0.5901272402241351
0.002762879895985698,0.5901572851412862
0.002762879895985698,0.5901723075998618
0.002762879895985698,0.5902023525170129
0.002762879895985698,0.5905028016885243
0.002762879895985698,0.5905328466056755
0.002762879895985698,0.5906079588985533
0.002762879895985698,0.5906380038157045
0.002762879895985698,0.5908933856114892
0.002762879895985698,0.5909234305286403
0.002762879895985698,0.5910135652800937
0.002762879895985698,0.5910586326558205
0.002762879895985698,0.5911938347830006
0.002762879895985698,0.5912238797001518
0.002762879895985698,0.5912689470758784
0.002762879895985698,0.5912989919930296
0.002762879895985698,0.5918247780431746
0.002762879895985698,0.5918548229603257
0.002762879895985698,0.5918698454189013
0.002762879895985698,0.5918998903360524
0.002762879895985698,0.5920050475460814
0.002762879895985698,0.5920350924632325
0.002762879895985698,0.5920801598389592
0.002762879895985698,0.5921102047561104
0.002762879895985698,0.5922454068832905
0.002762879895985698,0.5922754518004416
0.002762879895985698,0.5925007886790752
0.002762879895985698,0.5925458560548019
0.002762879895985698,0.5926359908062554
0.002762879895985698,0.5926660357234065
0.002762879895985698,0.5929364399777668
0.002762879895985698,0.5930265747292202
0.002762879895985698,0.5930866645635224
0.002762879895985698,0.5931167094806736
0.002762879895985698,0.593417158652185
0.002762879895985698,0.5934922709450628
0.002762879895985698,0.593522315862214
0.002762879895985698,0.5935673832379407
0.002762879895985698,0.5935974281550919
0.002762879895985698,0.5936875629065452
0.002762879895985698,0.5937176078236964
0.002762879895985698,0.5938528099508765
0.002762879895985698,0.5938978773266033
0.002762879895985698,0.5939880120780567
0.002762879895985698,0.5940180569952078
0.002762879895985698,0.5941081917466613
0.002762879895985698,0.5941382366638124
0.002762879895985698,0.5942133489566902
0.002762879895985698,0.5942433938738414
0.002762879895985698,0.5947541574654108
0.002762879895985698,0.5947842023825619
0.002762879895985698,0.5948593146754397
0.002762879895985698,0.5948893595925909
0.002762879895985698,0.5951146964712245
0.002762879895985698,0.5951447413883756
0.002762879895985698,0.5955353253113405
0.002762879895985698,0.5955653702284915
0.002762879895985698,0.5955954151456427
0.002762879895985698,0.5956254600627939
0.002762879895985698,0.5956404825213695
0.002762879895985698,0.5956705274385206
0.002762879895985698,0.5957456397313985
0.002762879895985698,0.5958057295657008
0.002762879895985698,0.5958357744828519
0.002762879895985698,0.595865819400003
0.002762879895985698,0.5959108867757297
0.002762879895985698,0.5961212011957877
0.002762879895985698,0.59618129103009
0.002762879895985698,0.5962263584058167
0.002762879895985698,0.596286448240119
0.002762879895985698,0.5963014706986945
0.002762879895985698,0.5963315156158457
0.002762879895985698,0.5963465380744213
0.002762879895985698,0.5963765829915724
0.002762879895985698,0.5964216503672991
0.002762879895985698,0.5964516952844503
0.002762879895985698,0.596917391500293
0.002762879895985698,0.5969474364174441
0.002762879895985698,0.5972178406718044
0.002762879895985698,0.597262908047531
0.002762879895985698,0.5973830877161356
0.002762879895985698,0.5974131326332868
0.002762879895985698,0.5975333123018913
0.002762879895985698,0.5975783796776181
0.002762879895985698,0.5977436267219494
0.002762879895985698,0.597788694097676
0.002762879895985698,0.5978187390148272
0.002762879895985698,0.5978487839319783
0.002762879895985698,0.5979088737662805
0.002762879895985698,0.5979389186834317
0.002762879895985698,0.5979839860591585
0.002844141069397042,0.5979839860591585
0.002844141069397042,0.5980440758934608
0.002844141069397042,0.5981342106449141
0.002844141069397042,0.598209322937792
0.002844141069397042,0.5982393678549431
0.002844141069397042,0.5983895924406989
0.002844141069397042,0.5984346598164255
0.002844141069397042,0.5993510297895354
0.002844141069397042,0.5994111196238376
0.002844141069397042,0.5995463217510177
0.002844141069397042,0.5995913891267445
0.002844141069397042,0.5999068607568314
0.002844141069397042,0.5999369056739826
0.002844141069397042,0.5999519281325582
0.002844141069397042,0.5999819730497093
0.002844141069397042,0.600027040425436
0.002844141069397042,0.6000721078011627
0.002844141069397042,0.6001021527183139
0.002844141069397042,0.600132197635465
0.002844141069397042,0.6004026018898253
0.002844141069397042,0.6004326468069764
0.002844141069397042,0.6006730061441855
0.002844141069397042,0.6007030510613367
0.002844141069397042,0.6007481184370634
0.002844141069397042,0.6007931858127902
0.002844141069397042,0.6009584328571214
0.002844141069397042,0.6009884777742726
0.002844141069397042,0.6010635900671504
0.002844141069397042,0.6011086574428771
0.002844141069397042,0.6012138146529061
0.002844141069397042,0.6012438595700572
0.002844141069397042,0.6014091066143885
0.002844141069397042,0.6014541739901152
0.002844141069397042,0.601499241365842
0.002844141069397042,0.6015292862829931
0.002844141069397042,0.6016494659515976
0.002844141069397042,0.6016795108687488
0.002844141069397042,0.6017245782444754
0.002844141069397042,0.6020250274159868
0.002844141069397042,0.6020700947917136
0.002844141069397042,0.6023254765874984
0.002844141069397042,0.6023555215046494
0.002844141069397042,0.6024005888803762
0.002844141069397042,0.6024306337975273
0.002844141069397042,0.6025207685489807
0.002844141069397042,0.6026109033004341
0.002844141069397042,0.602686015593312
0.002844141069397042,0.6027160605104631
0.002844141069397042,0.6028362401790677
0.002844141069397042,0.6028662850962189
0.002844141069397042,0.6030765995162768
0.002844141069397042,0.603106644433428
0.002844141069397042,0.6031366893505791
0.002844141069397042,0.6031817567263058
0.002844141069397042,0.6031967791848813
0.002844141069397042,0.6032418465606081
0.002844141069397042,0.6032718914777593
0.002844141069397042,0.6033319813120616
0.002844141069397042,0.6034070936049394
0.002844141069397042,0.6034221160635149
0.002844141069397042,0.6035122508149684
0.002844141069397042,0.6035272732735439
0.002844141069397042,0.6035573181906951
0.0029254022428083864,0.6035573181906951
0.0029254022428083864,0.6037075427764508
0.0029254022428083864,0.603737587693602
0.0029254022428083864,0.6037676326107531
0.0029254022428083864,0.6038126999864798
0.0029254022428083864,0.6038427449036309
0.0029254022428083864,0.6038727898207821
0.0029254022428083864,0.6039178571965088
0.0029254022428083864,0.6039328796550844
0.0029254022428083864,0.6039629245722354
0.0029254022428083864,0.6040079919479622
0.0030066634162197303,0.6040079919479622
0.0030066634162197303,0.6041281716165667
0.0030066634162197303,0.6041732389922935
0.0030066634162197303,0.604293418660898
0.0030066634162197303,0.6043234635780492
0.0030066634162197303,0.6043535084952003
0.0030066634162197303,0.6043835534123515
0.0030066634162197303,0.6044736881638049
0.0030066634162197303,0.6045037330809561
0.0030066634162197303,0.6045638229152583
0.0030066634162197303,0.6045938678324094
0.0030066634162197303,0.6048342271696185
0.0030066634162197303,0.6048642720867697
0.0030066634162197303,0.605029519131101
0.0030066634162197303,0.6050896089654033
0.0030066634162197303,0.6055252602640948
0.0030066634162197303,0.605555305181246
0.0030066634162197303,0.6060360238556642
0.0030066634162197303,0.6061111361485421
0.0030066634162197303,0.6061261586071176
0.0030066634162197303,0.6061562035242688
0.0030066634162197303,0.6065768323643848
0.0030066634162197303,0.606606877281536
0.0030066634162197303,0.6067571018672916
0.003087924589631074,0.6067571018672916
0.003087924589631074,0.6068472366187451
0.003087924589631074,0.607057551038803
0.003087924589631074,0.6070875959559542
0.003087924589631074,0.6073880451274656
0.003087924589631074,0.6074180900446167
0.003087924589631074,0.6076584493818258
0.003087924589631074,0.607688494298977
0.003087924589631074,0.6077786290504303
0.003087924589631074,0.6078086739675815
0.003087924589631074,0.6080640557633662
0.003087924589631074,0.6080941006805174
0.003087924589631074,0.6083044151005753
0.003087924589631074,0.6083344600177265
0.003087924589631074,0.6083945498520288
0.003087924589631074,0.6084245947691799
0.003087924589631074,0.6085147295206333
0.003087924589631074,0.6085447744377845
0.003087924589631074,0.6086349091892379
0.003087924589631074,0.6086649541063891
0.003087924589631074,0.6088001562335692
0.003087924589631074,0.6088302011507203
0.003087924589631074,0.6092207850736852
0.003087924589631074,0.6092508299908364
0.003087924589631074,0.6093259422837142
0.003087924589631074,0.6093559872008653
0.003087924589631074,0.6099418630853125
0.003087924589631074,0.6099719080024637
0.003087924589631074,0.6100620427539171
0.003087924589631074,0.6101071101296438
0.003087924589631074,0.6101521775053705
0.003087924589631074,0.6101822224225216
0.003087924589631074,0.6101972448810973
0.003087924589631074,0.6102573347153996
0.003087924589631074,0.6103174245497018
0.003087924589631074,0.6103474694668529
0.003087924589631074,0.61066294109694
0.003087924589631074,0.610692986014091
0.003087924589631074,0.611218772064236
0.003087924589631074,0.6112488169813872
0.003087924589631074,0.6115192212357474
0.003087924589631074,0.6115492661528986
0.003087924589631074,0.6115642886114742
0.003087924589631074,0.6115943335286252
0.003087924589631074,0.6118947827001368
0.003087924589631074,0.6119248276172878
0.003087924589631074,0.6121952318716481
0.003087924589631074,0.6122252767887992
0.003087924589631074,0.6124956810431595
0.003087924589631074,0.6125257259603106
0.003087924589631074,0.6125707933360374
0.003087924589631074,0.6126008382531886
0.003087924589631074,0.6126459056289152
0.003087924589631074,0.6128712425075488
0.003087924589631074,0.6129163098832755
0.003087924589631074,0.6131566692204846
0.003087924589631074,0.6131867141376358
0.003087924589631074,0.6136524103534785
0.003087924589631074,0.6136824552706296
0.003087924589631074,0.6137125001877808
0.003087924589631074,0.6137575675635074
0.003087924589631074,0.6138026349392341
0.003087924589631074,0.6138326798563853
0.003087924589631074,0.613877747232112
0.003087924589631074,0.6139077921492632
0.003087924589631074,0.6140279718178677
0.003087924589631074,0.6140580167350188
0.003087924589631074,0.6141030841107455
0.003087924589631074,0.6141331290278967
0.003087924589631074,0.614193218862199
0.003087924589631074,0.6142833536136524
0.003087924589631074,0.6143434434479547
0.003087924589631074,0.6143734883651059
0.003087924589631074,0.6144035332822569
0.003087924589631074,0.6144636231165592
0.003087924589631074,0.614508690492286
0.003087924589631074,0.6145387354094372
0.003087924589631074,0.6145988252437394
0.003087924589631074,0.6146288701608905
0.003087924589631074,0.6149894091667042
0.003087924589631074,0.6150344765424309
0.003087924589631074,0.6151095888353088
0.003087924589631074,0.61513963375246
0.003087924589631074,0.6151546562110355
0.003087924589631074,0.615244790962489
0.003087924589631074,0.61527483587964
0.003087924589631074,0.6153199032553668
0.003087924589631074,0.6153499481725179
0.003087924589631074,0.6155001727582736
0.003087924589631074,0.6155452401340004
0.003087924589631074,0.6155602625925759
0.003087924589631074,0.6156203524268782
0.003087924589631074,0.6156654198026049
0.003087924589631074,0.615695464719756
0.003087924589631074,0.6157705770126339
0.003087924589631074,0.615800621929785
0.003087924589631074,0.6158156443883606
0.003087924589631074,0.6158456893055118
0.003087924589631074,0.6164766325656857
0.003087924589631074,0.6165216999414124
0.003087924589631074,0.616536722399988
0.003087924589631074,0.6166569020685926
0.003087924589631074,0.6167019694443192
0.003087924589631074,0.6167320143614704
0.003087924589631074,0.6169873961572551
0.003087924589631074,0.6170174410744063
0.003087924589631074,0.6171526432015864
0.003087924589631074,0.6171826881187376
0.003087924589631074,0.6174681148316733
0.003087924589631074,0.6174981597488245
0.003087924589631074,0.6175131822074
0.003087924589631074,0.6175432271245512
0.003087924589631074,0.6179939008818183
0.003087924589631074,0.618038968257545
0.003087924589631074,0.6180539907161205
0.003087924589631074,0.6180840356332717
0.003087924589631074,0.6182192377604518
0.003087924589631074,0.618249282677603
0.003087924589631074,0.6182643051361786
0.003087924589631074,0.6182943500533298
0.003087924589631074,0.6183844848047831
0.003087924589631074,0.6184145297219343
0.003087924589631074,0.6185196869319632
0.003087924589631074,0.6185497318491144
0.003087924589631074,0.61856475430769
0.003087924589631074,0.6185947992248412
0.003087924589631074,0.6188201361034747
0.003087924589631074,0.6188501810206258
0.003087924589631074,0.6193459221536196
0.003087924589631074,0.6194060119879219
0.003087924589631074,0.6201721573752761
0.003087924589631074,0.6202172247510027
0.003087924589631074,0.6202322472095784
0.003087924589631074,0.6202622921267295
0.003087924589631074,0.6202923370438806
0.003087924589631074,0.6203374044196073
0.003087924589631074,0.6203674493367585
0.003087924589631074,0.6204125167124852
0.003087924589631074,0.6204425616296363
0.003087924589631074,0.6204726065467875
0.003087924589631074,0.6205477188396653
0.003087924589631074,0.6205777637568164
0.003087924589631074,0.620592786215392
0.003087924589631074,0.6206228311325431
0.003087924589631074,0.62080310063545
0.003087924589631074,0.6208331455526012
0.003087924589631074,0.6208782129283279
0.003087924589631074,0.620908257845479
0.003087924589631074,0.621118572265537
0.003087924589631074,0.6211486171826881
0.003087924589631074,0.6214039989784729
0.003087924589631074,0.621434043895624
0.003087924589631074,0.6219598299457689
0.003087924589631074,0.62198987486292
0.003087924589631074,0.6220349422386467
0.003087924589631074,0.6220649871557979
0.003087924589631074,0.6221100545315247
0.003087924589631074,0.622170144365827
0.003087924589631074,0.6222903240344315
0.003087924589631074,0.6223203689515826
0.003087924589631074,0.6223504138687338
0.003087924589631074,0.6223804587858849
0.003087924589631074,0.6224856159959139
0.0031691857630424185,0.6224856159959139
0.0031691857630424185,0.6226358405816695
0.0031691857630424185,0.622725975333123
0.0031691857630424185,0.6228461550017276
0.0031691857630424185,0.6228761999188788
0.0031691857630424185,0.6229062448360299
0.0031691857630424185,0.622936289753181
0.0031691857630424185,0.6229513122117566
0.0031691857630424185,0.6229813571289077
0.0031691857630424185,0.6232066940075413
0.0032504469364537623,0.6232066940075413
0.0032504469364537623,0.6233418961347215
0.0032504469364537623,0.6233719410518725
0.0032504469364537623,0.6234320308861748
0.0032504469364537623,0.6235221656376283
0.0032504469364537623,0.6236423453062329
0.0032504469364537623,0.6236723902233839
0.0032504469364537623,0.6240479516877733
0.0032504469364537623,0.6240779966049244
0.0032504469364537623,0.6245737377379181
0.0033317081098651067,0.6245737377379181
0.0033317081098651067,0.6249492992023075
0.0033317081098651067,0.6249793441194585
0.0033317081098651067,0.6251896585395166
0.0034129692832764505,0.6251896585395166
0.0034129692832764505,0.625384950500999
0.0034129692832764505,0.6254149954181502
0.0034129692832764505,0.625490107711028
0.0034129692832764505,0.6255201526281792
0.0034129692832764505,0.6255802424624815
0.0034129692832764505,0.6256102873796325
0.0034129692832764505,0.6256403322967837
0.0034129692832764505,0.6256703772139348
0.0034129692832764505,0.6259107365511439
0.0034129692832764505,0.6259407814682951
0.0034129692832764505,0.6260459386783241
0.0034129692832764505,0.6260759835954752
0.0034129692832764505,0.6260910060540508
0.0034129692832764505,0.626121050971202
0.0034129692832764505,0.6263313653912599
0.0034129692832764505,0.6263614103084111
0.0034129692832764505,0.6264815899770156
0.0034129692832764505,0.6265116348941667
0.0034129692832764505,0.6266017696456202
0.0034129692832764505,0.6266318145627714
0.0034129692832764505,0.6266468370213469
0.0034129692832764505,0.6267670166899515
0.0034129692832764505,0.6269322637342828
0.0034129692832764505,0.6269623086514339
0.0034129692832764505,0.6273378701158232
0.0034129692832764505,0.6273679150329743
0.0034129692832764505,0.6274280048672766
0.0034129692832764505,0.6274580497844278
0.0034129692832764505,0.6276533417459101
0.0034129692832764505,0.6276984091216369
0.0034129692832764505,0.6278185887902414
0.0034129692832764505,0.6278486337073925
0.0034129692832764505,0.6280138807517238
0.0034129692832764505,0.628043925668875
0.0034129692832764505,0.6286598464704733
0.0034129692832764505,0.6286898913876245
0.0034129692832764505,0.6287650036805024
0.0034129692832764505,0.6287950485976534
0.0034129692832764505,0.6288701608905314
0.0034129692832764505,0.6289002058076825
0.0034129692832764505,0.6291405651448916
0.0034129692832764505,0.6291706100620428
0.0034129692832764505,0.6292156774377695
0.0034129692832764505,0.6292457223549206
0.0034129692832764505,0.6293508795649496
0.0034129692832764505,0.6294109693992519
0.0034129692832764505,0.6295011041507053
0.0034129692832764505,0.6295611939850075
0.0034129692832764505,0.6297715084050656
0.0034129692832764505,0.6298015533222168
0.0034129692832764505,0.6298315982393679
0.0034129692832764505,0.629861643156519
0.0034129692832764505,0.630071957576577
0.0034129692832764505,0.6301020024937282
0.0034129692832764505,0.6304174741238151
0.0034129692832764505,0.6304475190409663
0.0034129692832764505,0.6306428110024487
0.0034129692832764505,0.6306728559195998
0.0034129692832764505,0.6307930355882043
0.0034129692832764505,0.6308381029639311
0.0034129692832764505,0.6310934847597158
0.0034129692832764505,0.6311235296768669
0.0034129692832764505,0.6311836195111692
0.0034129692832764505,0.6312136644283204
0.0034942304566877944,0.6312136644283204
0.0034942304566877944,0.631258731804047
0.0034942304566877944,0.6313037991797738
0.0034942304566877944,0.6313488665555005
0.0034942304566877944,0.6313789114726516
0.0034942304566877944,0.6314990911412561
0.0034942304566877944,0.6315291360584073
0.0034942304566877944,0.631784517854192
0.0034942304566877944,0.6318145627713432
0.0034942304566877944,0.6319347424399477
0.0034942304566877944,0.63199483227425
0.0034942304566877944,0.6322051466943079
0.0034942304566877944,0.6322502140700347
0.0034942304566877944,0.6323253263629126
0.0034942304566877944,0.6323703937386392
0.0034942304566877944,0.6323854161972149
0.0034942304566877944,0.632415461114366
0.0034942304566877944,0.6325055958658194
0.0034942304566877944,0.6325356407829705
0.0034942304566877944,0.6326858653687263
0.0034942304566877944,0.6327159102858774
0.0034942304566877944,0.6329112022473597
0.0034942304566877944,0.6329712920816621
0.0034942304566877944,0.63304640437454
0.0034942304566877944,0.6330914717502667
0.0034942304566877944,0.6335271230489582
0.0034942304566877944,0.6335571679661093
0.0034942304566877944,0.6335721904246849
0.0034942304566877944,0.633602235341836
0.0034942304566877944,0.6337374374690162
0.0034942304566877944,0.6338275722204696
0.0034942304566877944,0.6338576171376208
0.0034942304566877944,0.6338726395961963
0.0035754916300991387,0.6338726395961963
0.0035754916300991387,0.6339177069719231
0.0035754916300991387,0.6339477518890742
0.0035754916300991387,0.6341430438505565
0.0035754916300991387,0.6341730887677077
0.0035754916300991387,0.6341881112262833
0.0035754916300991387,0.6342181561434345
0.0035754916300991387,0.6342932684363123
0.0035754916300991387,0.6343233133534635
0.0035754916300991387,0.6343533582706146
0.0036567528035104826,0.6343533582706146
0.0036567528035104826,0.6343984256463413
0.0036567528035104826,0.6344284705634924
0.0036567528035104826,0.6347289197350038
0.0036567528035104826,0.6347739871107305
0.0036567528035104826,0.6348490994036083
0.0036567528035104826,0.6348791443207595
0.0036567528035104826,0.6351195036579687
0.0036567528035104826,0.6351495485751198
0.0036567528035104826,0.6351645710336954
0.0036567528035104826,0.6351946159508465
0.0036567528035104826,0.6352096384094221
0.0036567528035104826,0.6352547057851488
0.0036567528035104826,0.6354800426637823
0.0036567528035104826,0.6355100875809335
0.0036567528035104826,0.6356152447909625
0.0036567528035104826,0.6356452897081136
0.0036567528035104826,0.6358255592110205
0.0036567528035104826,0.6358556041281717
0.0036567528035104826,0.6362762329682876
0.003738013976921827,0.6362762329682876
0.003738013976921827,0.6365165923054967
0.003738013976921827,0.6365466372226478
0.003738013976921827,0.6366067270569501
0.003738013976921827,0.6366517944326768
0.003738013976921827,0.636681839349828
0.003738013976921827,0.6367118842669791
0.003738013976921827,0.6367869965598569
0.003738013976921827,0.6368320639355837
0.003738013976921827,0.6372677152342753
0.003738013976921827,0.6373127826100019
0.003738013976921827,0.6374179398200309
0.003738013976921827,0.6374479847371821
0.003738013976921827,0.6378085237429958
0.003738013976921827,0.6378535911187225
0.003738013976921827,0.6378986584944492
0.003738013976921827,0.6379287034116004
0.003738013976921827,0.6380939504559316
0.003738013976921827,0.6381239953730827
0.003738013976921827,0.6381690627488095
0.003819275150333171,0.6381690627488095
0.003819275150333171,0.6384094220860186
0.003819275150333171,0.6384394670031698
0.003819275150333171,0.6385145792960476
0.003819275150333171,0.6385446242131987
0.003819275150333171,0.6388901407604368
0.003819275150333171,0.6389352081361636
0.003819275150333171,0.6390403653461926
0.003819275150333171,0.6390854327219193
0.003819275150333171,0.6391755674733727
0.003819275150333171,0.6392206348490994
0.003819275150333171,0.6394009043520062
0.003819275150333171,0.639445971727733
0.003819275150333171,0.6394760166448841
0.003819275150333171,0.6395060615620353
0.003819275150333171,0.6395811738549131
0.003819275150333171,0.6396112187720643
0.003819275150333171,0.6396863310649421
0.003819275150333171,0.6397163759820932
0.003819275150333171,0.6399266904021512
0.003819275150333171,0.6399567353193023
0.003819275150333171,0.6400318476121802
0.003819275150333171,0.6400618925293313
0.003819275150333171,0.6402271395736626
0.003819275150333171,0.6402571844908138
0.003819275150333171,0.6403923866179939
0.003819275150333171,0.6404524764522962
0.003819275150333171,0.6404975438280229
0.003819275150333171,0.640527588745174
0.003819275150333171,0.6405426112037496
0.003819275150333171,0.6405726561209008
0.003819275150333171,0.6405876785794763
0.0039005363237445147,0.6405876785794763
0.0039005363237445147,0.6407078582480809
0.0039005363237445147,0.640737903165232
0.0039005363237445147,0.6409181726681389
0.0039005363237445147,0.64094821758529
0.0039005363237445147,0.6410683972538945
0.0039005363237445147,0.6411284870881968
0.0039005363237445147,0.641158532005348
0.0039005363237445147,0.6412336442982258
0.0039005363237445147,0.6412486667568014
0.0039005363237445147,0.6412787116739526
0.0039005363237445147,0.6413237790496793
0.0039005363237445147,0.6414740036354349
0.0039005363237445147,0.6415040485525861
0.0039005363237445147,0.6416092057626152
0.0039005363237445147,0.6416542731383418
0.0039005363237445147,0.641684318055493
0.0039005363237445147,0.6417143629726441
0.0039005363237445147,0.6417293854312197
0.0039005363237445147,0.6417594303483708
0.0039005363237445147,0.6420298346027311
0.0039005363237445147,0.6420899244370334
0.0039005363237445147,0.6421349918127601
0.0039005363237445147,0.6421650367299112
0.0039005363237445147,0.6426457554043294
0.003981797497155859,0.6426457554043294
0.003981797497155859,0.6428260249072363
0.003981797497155859,0.6428560698243875
0.003981797497155859,0.6431264740787477
0.003981797497155859,0.6431565189958989
0.003981797497155859,0.6434269232502592
0.003981797497155859,0.6434569681674103
0.003981797497155859,0.6436672825874683
0.003981797497155859,0.6437123499631949
0.003981797497155859,0.6437574173389217
0.003981797497155859,0.643817507173224
0.003981797497155859,0.6438325296317995
0.003981797497155859,0.6438625745489507
0.003981797497155859,0.643922664383253
0.003981797497155859,0.6439527093004042
0.004063058670567203,0.6439527093004042
0.004063058670567203,0.6439977766761308
0.004063058670567203,0.6440428440518575
0.004063058670567203,0.6445385851848513
0.004063058670567203,0.644583652560578
0.004063058670567203,0.6446437423948803
0.004063058670567203,0.6446737873120315
0.004063058670567203,0.6454098877822344
0.004063058670567203,0.6454399326993856
0.004063058670567203,0.6456502471194435
0.004063058670567203,0.6456802920365947
0.004063058670567203,0.6459657187495306
0.004063058670567203,0.6460258085838329
0.004063058670567203,0.6460708759595596
0.004063058670567203,0.6461159433352862
0.004063058670567203,0.6465515946339778
0.004063058670567203,0.6465816395511289
0.004063058670567203,0.6467769315126114
0.004063058670567203,0.6468370213469137
0.004063058670567203,0.6468520438054892
0.004063058670567203,0.6469121336397915
0.004063058670567203,0.6470773806841228
0.004063058670567203,0.6471074256012739
0.004063058670567203,0.6471524929770006
0.004063058670567203,0.6471825378941518
0.004063058670567203,0.6472726726456052
0.004063058670567203,0.6473027175627564
0.004063058670567203,0.6473928523142097
0.004063058670567203,0.6474228972313609
0.004063058670567203,0.6476782790271456
0.004063058670567203,0.6477083239442967
0.004063058670567203,0.6477533913200234
0.004063058670567203,0.6477834362371746
0.004063058670567203,0.6478285036129013
0.004063058670567203,0.6480538404915348
0.004144319843978547,0.6480538404915348
0.004144319843978547,0.648083885408686
0.004144319843978547,0.6481439752429883
0.004144319843978547,0.6481740201601394
0.004144319843978547,0.6482190875358661
0.004144319843978547,0.6482491324530173
0.004144319843978547,0.6484594468730752
0.004144319843978547,0.6484894917902264
0.004144319843978547,0.6486547388345577
0.004144319843978547,0.6486847837517088
0.004144319843978547,0.6487598960445866
0.004144319843978547,0.6490453227575225
0.004144319843978547,0.6490753676746737
0.004144319843978547,0.6492856820947316
0.004144319843978547,0.6493157270118828
0.004144319843978547,0.6493457719290339
0.004144319843978547,0.6493908393047606
0.004144319843978547,0.6496462211005453
0.004144319843978547,0.649691288476272
0.004144319843978547,0.6497363558519987
0.004144319843978547,0.6497664007691499
0.004144319843978547,0.6498565355206033
0.004144319843978547,0.6498865804377545
0.004144319843978547,0.6500818723992369
0.004144319843978547,0.650111917316388
0.004144319843978547,0.6502771643607193
0.004144319843978547,0.650322231736446
0.004144319843978547,0.6505175236979284
0.004144319843978547,0.6505475686150796
0.004144319843978547,0.6506226809079574
0.004144319843978547,0.6506527258251086
0.004144319843978547,0.6507278381179864
0.004144319843978547,0.6507578830351375
0.004144319843978547,0.6508029504108642
0.004144319843978547,0.6508329953280154
0.004144319843978547,0.6509081076208932
0.004144319843978547,0.6509381525380443
0.004144319843978547,0.6512235792509802
0.004144319843978547,0.6513137140024337
0.004144319843978547,0.651403848753887
0.004144319843978547,0.6514338936710382
0.004144319843978547,0.6517193203839741
0.004144319843978547,0.6517493653011251
0.004144319843978547,0.6519146123454564
0.004144319843978547,0.6519446572626076
0.004144319843978547,0.6519897246383343
0.004144319843978547,0.6520197695554855
0.004144319843978547,0.6522300839755434
0.004144319843978547,0.6522601288926946
0.004144319843978547,0.6524704433127526
0.004144319843978547,0.6525305331470549
0.004144319843978547,0.6525906229813572
0.004144319843978547,0.6526356903570838
0.004144319843978547,0.6533868132858623
0.004144319843978547,0.6534168582030135
0.004144319843978547,0.6534318806615891
0.004144319843978547,0.6534619255787402
0.004144319843978547,0.6535069929544669
0.004144319843978547,0.6535370378716181
0.004144319843978547,0.6535971277059204
0.004144319843978547,0.6536271726230715
0.004144319843978547,0.6536421950816471
0.004144319843978547,0.6537022849159494
0.004144319843978547,0.653822464584554
0.004144319843978547,0.653852509501705
0.004144319843978547,0.6540928688389142
0.004144319843978547,0.6541229137560653
0.004144319843978547,0.6541529586732164
0.004144319843978547,0.6541830035903676
0.004144319843978547,0.6543182057175477
0.004144319843978547,0.6543632730932745
0.004144319843978547,0.6544684303033035
0.004144319843978547,0.6544984752204546
0.004144319843978547,0.6545285201376058
0.004144319843978547,0.6545585650547568
0.004144319843978547,0.6547388345576637
0.004144319843978547,0.6547688794748149
0.004144319843978547,0.6548439917676927
0.004144319843978547,0.6548740366848439
0.004144319843978547,0.6550242612705995
0.004144319843978547,0.6550543061877507
0.004144319843978547,0.6550843511049018
0.004144319843978547,0.655114396022053
0.004144319843978547,0.6553247104421109
0.004144319843978547,0.6553547553592621
0.004144319843978547,0.65542986765214
0.004144319843978547,0.6554749350278667
0.004144319843978547,0.655640182072198
0.004144319843978547,0.6556702269893491
0.004144319843978547,0.6557603617408025
0.004144319843978547,0.6558054291165292
0.004144319843978547,0.6560758333708895
0.004144319843978547,0.6561058782880406
0.004144319843978547,0.6561509456637673
0.004144319843978547,0.6561809905809185
0.004144319843978547,0.6565415295867322
0.004144319843978547,0.6565715745038833
0.004144319843978547,0.6566617092553367
0.004144319843978547,0.6566917541724878
0.004144319843978547,0.6567518440067901
0.004225581017389891,0.6567518440067901
0.004225581017389891,0.6574428771012664
0.004225581017389891,0.6574879444769931
0.004225581017389891,0.6575780792284466
0.004225581017389891,0.6576081241455977
0.004225581017389891,0.6577883936485045
0.004225581017389891,0.6578184385656557
0.004225581017389891,0.6582841347814984
0.004225581017389891,0.6583141796986495
0.004225581017389891,0.6585545390358586
0.004225581017389891,0.6585996064115853
0.004225581017389891,0.6586747187044631
0.004225581017389891,0.6587047636216143
0.004225581017389891,0.6588700106659456
0.004225581017389891,0.6589000555830967
0.004225581017389891,0.6589150780416723
0.004225581017389891,0.658960145417399
0.004225581017389891,0.6590803250860036
0.004225581017389891,0.6591103700031548
0.004225581017389891,0.6592305496717593
0.004225581017389891,0.6592605945889104
0.004225581017389891,0.6592906395060616
0.004225581017389891,0.6593357068817882
0.004225581017389891,0.659380774257515
0.004306842190801235,0.659380774257515
0.004306842190801235,0.6598314480147821
0.004306842190801235,0.6598765153905088
0.004306842190801235,0.660011717517689
0.004306842190801235,0.6600868298105668
0.004306842190801235,0.6603572340649271
0.004306842190801235,0.6604023014406538
0.004306842190801235,0.6604774137335316
0.004306842190801235,0.6605074586506827
0.004306842190801235,0.6607327955293163
0.004306842190801235,0.6607628404464675
0.004306842190801235,0.6608079078221942
0.004306842190801235,0.6608679976564965
0.004306842190801235,0.6609280874907988
0.004388103364212579,0.6609280874907988
0.004388103364212579,0.6610632896179789
0.004388103364212579,0.66109333453513
0.004388103364212579,0.6611384019108567
0.004388103364212579,0.6611684468280079
0.004388103364212579,0.6612435591208857
0.004388103364212579,0.6612736040380368
0.004388103364212579,0.6614688959995193
0.004388103364212579,0.6614989409166704
0.004388103364212579,0.6615890756681239
0.004388103364212579,0.661619120585275
0.004388103364212579,0.661724277795304
0.004388103364212579,0.6617543227124552
0.004388103364212579,0.6617693451710307
0.004388103364212579,0.6618144125467574
0.004388103364212579,0.6625204680998092
0.004388103364212579,0.6625505130169603
0.004388103364212579,0.6625655354755359
0.004388103364212579,0.6626256253098383
0.004388103364212579,0.6627307825198672
0.004388103364212579,0.6627608274370184
0.004388103364212579,0.6629410969399252
0.004388103364212579,0.6629711418570763
0.004388103364212579,0.663016209232803
0.004388103364212579,0.663121366442832
0.004388103364212579,0.6634518605314946
0.004388103364212579,0.6634819054486457
0.004388103364212579,0.6635269728243725
0.004388103364212579,0.6638123995373083
0.004388103364212579,0.6638424444544594
0.004388103364212579,0.6638724893716106
0.004388103364212579,0.6639025342887617
0.004388103364212579,0.6639476016644884
0.004388103364212579,0.663962624123064
0.004388103364212579,0.6640076914987907
0.004388103364212579,0.664172938543122
0.004388103364212579,0.6642029834602731
0.004388103364212579,0.6642180059188487
0.004388103364212579,0.6642480508359998
0.004388103364212579,0.6643381855874533
0.004388103364212579,0.6643682305046044
0.004388103364212579,0.6643832529631799
0.004388103364212579,0.6644132978803311
0.004388103364212579,0.6645935673832379
0.004388103364212579,0.6646236123003891
0.004388103364212579,0.6646837021346914
0.004388103364212579,0.6647137470518425
0.004388103364212579,0.6650292186819294
0.004388103364212579,0.6650592635990806
0.004388103364212579,0.665149398350534
0.004388103364212579,0.6651794432676852
0.004388103364212579,0.6652395331019875
0.004388103364212579,0.6652846004777142
0.004388103364212579,0.6655249598149233
0.004388103364212579,0.6655550047320744
0.004388103364212579,0.6656451394835279
0.004388103364212579,0.665675184400679
0.004388103364212579,0.665780341610708
0.004388103364212579,0.6658103865278592
0.004388103364212579,0.6658254089864347
0.004388103364212579,0.6658554539035859
0.004388103364212579,0.6665464869980621
0.004388103364212579,0.6666065768323644
0.004388103364212579,0.6669370709210269
0.004388103364212579,0.666967115838178
0.004388103364212579,0.6671774302582361
0.004388103364212579,0.6672375200925383
0.004388103364212579,0.6673727222197184
0.004388103364212579,0.6674177895954452
0.004388103364212579,0.6676431264740788
0.004388103364212579,0.6676731713912298
0.004388103364212579,0.6679736205627413
0.004388103364212579,0.6680036654798924
0.004388103364212579,0.668018687938468
0.004388103364212579,0.6680487328556192
0.004388103364212579,0.6680637553141947
0.004388103364212579,0.6680938002313459
0.004388103364212579,0.6681839349827993
0.004388103364212579,0.6682139798999505
0.004388103364212579,0.6684843841543107
0.004388103364212579,0.6685144290714619
0.004388103364212579,0.6685745189057641
0.004388103364212579,0.6686195862814909
0.004388103364212579,0.6691003049559091
0.004388103364212579,0.6691303498730602
0.004388103364212579,0.6692054621659381
0.004388103364212579,0.6692355070830892
0.004388103364212579,0.6695810236303273
0.004388103364212579,0.6696110685474784
0.004388103364212579,0.6697612931332342
0.004388103364212579,0.6697913380503854
0.004388103364212579,0.6698964952604143
0.004388103364212579,0.6699265401775655
0.004388103364212579,0.67004671984617
0.004388103364212579,0.6700767647633211
0.004388103364212579,0.6701819219733501
0.004388103364212579,0.6702119668905013
0.004388103364212579,0.6702720567248036
0.004388103364212579,0.6703021016419547
0.004388103364212579,0.6704973936034372
0.004388103364212579,0.6705274385205883
0.004388103364212579,0.670572505896315
0.004388103364212579,0.6706325957306173
0.004388103364212579,0.6706626406477684
0.004388103364212579,0.6711133144050355
0.004469364537623924,0.6711133144050355
0.004469364537623924,0.6711583817807623
0.004469364537623924,0.6711884266979133
0.004469364537623924,0.6712334940736401
0.004469364537623924,0.6712635389907913
0.004469364537623924,0.6713086063665179
0.004469364537623924,0.6713536737422446
0.004469364537623924,0.6718193699580873
0.004469364537623924,0.6718494148752385
0.004550625711035267,0.6718494148752385
0.004550625711035267,0.6722249763396277
0.004550625711035267,0.6722550212567789
0.004550625711035267,0.672810852224075
0.004550625711035267,0.6728559195998017
0.004550625711035267,0.6728709420583773
0.004631886884446611,0.6728709420583773
0.004631886884446611,0.6729009869755285
0.004631886884446611,0.6729460543512551
0.004631886884446611,0.6730061441855574
0.004713148057857956,0.6730061441855574
0.004713148057857956,0.6735920200700046
0.004713148057857956,0.6736220649871558
0.004713148057857956,0.6738173569486382
0.004713148057857956,0.6738474018657894
0.004713148057857956,0.6739525590758183
0.004713148057857956,0.6739826039929695
0.004713148057857956,0.6741478510373008
0.004713148057857956,0.6741778959544519
0.004713148057857956,0.6742229633301786
0.004713148057857956,0.6742530082473298
0.004713148057857956,0.6743882103745099
0.004713148057857956,0.674418255291661
0.004713148057857956,0.6744332777502366
0.004713148057857956,0.6744633226673877
0.004713148057857956,0.6745835023359923
0.004713148057857956,0.6746135472531435
0.004713148057857956,0.6748388841317771
0.004713148057857956,0.6748839515075037
0.004713148057857956,0.6749590638003816
0.004713148057857956,0.6749891087175327
0.004713148057857956,0.6750191536346839
0.004713148057857956,0.6750642210104105
0.004713148057857956,0.6752294680547418
0.004713148057857956,0.6752895578890441
0.004713148057857956,0.6753346252647708
0.004713148057857956,0.6754097375576487
0.004713148057857956,0.6754397824747999
0.004713148057857956,0.6756651193534334
0.004713148057857956,0.6756951642705845
0.004713148057857956,0.6757252091877357
0.004794409231269299,0.6757252091877357
0.004794409231269299,0.6757552541048868
0.004794409231269299,0.675785299022038
0.004794409231269299,0.6758303663977646
0.004794409231269299,0.6758754337734914
0.004794409231269299,0.6761758829450027
0.004794409231269299,0.6762059278621539
0.004794409231269299,0.6764763321165141
0.004794409231269299,0.6765213994922409
0.004794409231269299,0.6767317139122989
0.004794409231269299,0.67676175882945
0.004794409231269299,0.6769270058737813
0.004794409231269299,0.6769870957080836
0.004794409231269299,0.6771974101281416
0.004794409231269299,0.6772274550452927
0.004794409231269299,0.6773626571724728
0.004794409231269299,0.677392702089624
0.004794409231269299,0.6775729715925308
0.004794409231269299,0.677603016509682
0.004794409231269299,0.6776480838854086
0.004794409231269299,0.6777532410954377
0.004794409231269299,0.6777832860125889
0.004794409231269299,0.6778734207640422
0.004794409231269299,0.6779034656811934
0.004794409231269299,0.678128802559827
0.004794409231269299,0.6781738699355536
0.004794409231269299,0.6782189373112804
0.004794409231269299,0.6782489822284316
0.004794409231269299,0.6782640046870071
0.004794409231269299,0.6782940496041582
0.004794409231269299,0.6785043640242162
0.004794409231269299,0.6785344089413673
0.004794409231269299,0.6787146784442742
0.004794409231269299,0.6787447233614253
0.004794409231269299,0.6788949479471811
0.004794409231269299,0.6789249928643322
0.004794409231269299,0.6789700602400589
0.004794409231269299,0.6790601949915123
0.004794409231269299,0.6790902399086635
0.004794409231269299,0.6791202848258145
0.004794409231269299,0.6791653522015413
0.004794409231269299,0.679210419577268
0.004794409231269299,0.6792404644944191
0.004794409231269299,0.6793305992458726
0.004794409231269299,0.6793756666215993
0.004794409231269299,0.679420733997326
0.004794409231269299,0.6794507789144771
0.004794409231269299,0.6795409136659306
0.004794409231269299,0.6795709585830817
0.004794409231269299,0.679631048417384
0.004794409231269299,0.6796610933345352
0.004794409231269299,0.6796911382516863
0.004794409231269299,0.679736205627413
0.004794409231269299,0.6801267895503779
0.004794409231269299,0.680156834467529
0.004794409231269299,0.6802319467604068
0.004794409231269299,0.680261991677558
0.004794409231269299,0.6803521264290113
0.004794409231269299,0.6803821713461625
0.004794409231269299,0.6805474183904938
0.004794409231269299,0.6805774633076449
0.004794409231269299,0.6808028001862785
0.004794409231269299,0.6808328451034297
0.004794409231269299,0.6809530247720342
0.004794409231269299,0.6809830696891853
0.004794409231269299,0.681028137064912
0.004794409231269299,0.6810732044406388
0.004794409231269299,0.6811633391920922
0.004794409231269299,0.6811933841092433
0.004794409231269299,0.6812534739435456
0.004794409231269299,0.6812835188606967
0.004794409231269299,0.6814938332807547
0.004794409231269299,0.6815238781979058
0.004794409231269299,0.6816891252422371
0.004794409231269299,0.6817191701593883
0.004794409231269299,0.6817341926179639
0.004794409231269299,0.681764237535115
0.004794409231269299,0.6818243273694172
0.004794409231269299,0.6818543722865684
0.004794409231269299,0.6819294845794462
0.004794409231269299,0.681974551955173
0.004794409231269299,0.6820196193308997
0.004794409231269299,0.6820496642480508
0.004794409231269299,0.6821097540823531
0.004794409231269299,0.6821397989995043
0.004794409231269299,0.6823951807952889
0.004794409231269299,0.6824252257124401
0.004794409231269299,0.682530382922469
0.004794409231269299,0.6825904727567714
0.004794409231269299,0.6827256748839515
0.004794409231269299,0.6827557198011026
0.004794409231269299,0.6828007871768293
0.0048756704046806435,0.6828007871768293
0.0048756704046806435,0.6828608770111316
0.0048756704046806435,0.6828909219282828
0.0048756704046806435,0.6829209668454339
0.0048756704046806435,0.6829510117625851
0.0048756704046806435,0.6831162588069163
0.0048756704046806435,0.6831463037240675
0.0048756704046806435,0.6832514609340965
0.0048756704046806435,0.6832815058512476
0.0048756704046806435,0.6833566181441255
0.0048756704046806435,0.6833866630612766
0.0048756704046806435,0.6834617753541544
0.0048756704046806435,0.6834918202713056
0.0048756704046806435,0.6839575164871483
0.0048756704046806435,0.6839875614042994
0.0048756704046806435,0.6840776961557529
0.0048756704046806435,0.684107741072904
0.0048756704046806435,0.6842429432000842
0.0048756704046806435,0.6842729881172352
0.0048756704046806435,0.6843631228686887
0.0048756704046806435,0.6843931677858398
0.0048756704046806435,0.6844081902444153
0.0048756704046806435,0.6844382351615665
0.0048756704046806435,0.6847086394159269
0.0048756704046806435,0.6847537067916535
0.0048756704046806435,0.684843841543107
0.004956931578091988,0.684843841543107
0.004956931578091988,0.6848889089188337
0.004956931578091988,0.6849189538359848
0.004956931578091988,0.6850090885874383
0.004956931578091988,0.6850541559631649
0.004956931578091988,0.6851142457974672
0.004956931578091988,0.6852043805489206
0.004956931578091988,0.6854447398861298
0.004956931578091988,0.685474784803281
0.005038192751503331,0.685474784803281
0.005038192751503331,0.685504829720432
0.005038192751503331,0.6855198521790076
0.005038192751503331,0.6855498970961588
0.005038192751503331,0.6858052788919434
0.005119453924914676,0.6858052788919434
0.005119453924914676,0.6858803911848214
0.005119453924914676,0.685925458560548
0.005119453924914676,0.6859855483948503
0.005119453924914676,0.6860155933120015
0.005119453924914676,0.686135772980606
0.005119453924914676,0.6861808403563328
0.005119453924914676,0.686240930190635
0.005119453924914676,0.6862859975663617
0.005119453924914676,0.6864061772349662
0.005119453924914676,0.6864362221521174
0.005119453924914676,0.6865263569035709
0.005119453924914676,0.686556401820722
0.005119453924914676,0.6868718734508089
0.005119453924914676,0.6869169408265356
0.005119453924914676,0.6869770306608379
0.005119453924914676,0.6870671654122914
0.005119453924914676,0.687292502290925
0.005119453924914676,0.6873225472080761
0.005119453924914676,0.6874877942524074
0.005119453924914676,0.6875478840867096
0.005119453924914676,0.6875629065452852
0.005119453924914676,0.6876079739210119
0.005119453924914676,0.6876830862138897
0.005119453924914676,0.6877281535896165
0.005119453924914676,0.6878032658824943
0.005119453924914676,0.6878333107996455
0.005119453924914676,0.6881037150540057
0.005119453924914676,0.6881938498054592
0.005119453924914676,0.6885543888112728
0.005119453924914676,0.688584433728424
0.005119453924914676,0.6886745684798774
0.005119453924914676,0.6887046133970286
0.005119453924914676,0.6890200850271155
0.005119453924914676,0.6890501299442667
0.005119453924914676,0.6891402646957201
0.005119453924914676,0.6891703096128713
0.005119453924914676,0.6893205341986269
0.005119453924914676,0.6893505791157781
0.005119453924914676,0.689425691408656
0.005119453924914676,0.689455736325807
0.005119453924914676,0.6896510282872895
0.00520071509832602,0.6896510282872895
0.00520071509832602,0.6897111181215918
0.00520071509832602,0.6897712079558941
0.00520071509832602,0.6898913876244986
0.00520071509832602,0.6899364550002254
0.00520071509832602,0.6901167245031322
0.00520071509832602,0.6901467694202833
0.00520071509832602,0.6901768143374345
0.00520071509832602,0.6902068592545856
0.00520071509832602,0.6902519266303123
0.00520071509832602,0.6902819715474635
0.00520071509832602,0.6904922859675214
0.00520071509832602,0.6905523758018237
0.00520071509832602,0.6906575330118527
0.00520071509832602,0.6906875779290038
0.00520071509832602,0.6908378025147596
0.00520071509832602,0.6908678474319107
0.00520071509832602,0.6910631393933931
0.005281976271737364,0.6910631393933931
0.005281976271737364,0.6912884762720267
0.005281976271737364,0.691348566106329
0.005281976271737364,0.6914086559406313
0.005281976271737364,0.6914387008577824
0.005281976271737364,0.6916640377364159
0.005281976271737364,0.6916940826535671
0.005281976271737364,0.6917842174050205
0.005281976271737364,0.6918142623221717
0.005281976271737364,0.6918292847807472
0.005281976271737364,0.6918593296978983
0.005281976271737364,0.6919194195322006
0.005281976271737364,0.6919644869079273
0.005281976271737364,0.6919795093665029
0.005281976271737364,0.6920245767422296
0.005281976271737364,0.6920846665765319
0.005281976271737364,0.6921147114936831
0.005281976271737364,0.6923700932894677
0.005281976271737364,0.69243018312377
0.005281976271737364,0.692535340333799
0.005281976271737364,0.6926104526266769
0.005281976271737364,0.6930310814667928
0.005281976271737364,0.6931362386768218
0.005281976271737364,0.6931512611353974
0.005281976271737364,0.6931813060525486
0.005281976271737364,0.6931963285111241
0.005281976271737364,0.6932263734282753
0.005281976271737364,0.6933615755554554
0.005281976271737364,0.6933916204726065
0.005281976271737364,0.6934066429311821
0.005281976271737364,0.6934366878483332
0.005281976271737364,0.69348175522406
0.005281976271737364,0.6935418450583622
0.005281976271737364,0.6936019348926645
0.005281976271737364,0.6936319798098157
0.005281976271737364,0.6937521594784203
0.005281976271737364,0.6937972268541469
0.005281976271737364,0.6938573166884492
0.005281976271737364,0.6938873616056004
0.005281976271737364,0.6939925188156294
0.005281976271737364,0.6940225637327805
0.005281976271737364,0.6941878107771118
0.005281976271737364,0.6942328781528385
0.005281976271737364,0.6944732374900476
0.005281976271737364,0.6945183048657744
0.005281976271737364,0.6946384845343789
0.005281976271737364,0.6946985743686812
0.005281976271737364,0.6948938663301636
0.005281976271737364,0.6949239112473148
0.005281976271737364,0.6949539561644659
0.005281976271737364,0.6950140459987681
0.005281976271737364,0.6952694277945528
0.005363237445148708,0.6952694277945528
0.005363237445148708,0.6953295176288551
0.005363237445148708,0.6953745850045818
0.005363237445148708,0.6954346748388841
0.005363237445148708,0.6954647197560353
0.005363237445148708,0.6954947646731864
0.005363237445148708,0.6955248095903376
0.005363237445148708,0.6958703261375757
0.005363237445148708,0.6959003710547268
0.005363237445148708,0.695930415971878
0.005363237445148708,0.6959604608890291
0.005363237445148708,0.6967566511935344
0.005363237445148708,0.6968017185692611
0.005363237445148708,0.6969970105307435
0.005363237445148708,0.6970420779064702
0.005363237445148708,0.6971772800336503
0.005363237445148708,0.697222347409377
0.005363237445148708,0.6973425270779816
0.005363237445148708,0.6974026169122839
0.005363237445148708,0.6974176393708594
0.005363237445148708,0.6974627067465862
0.005363237445148708,0.6974927516637373
0.005363237445148708,0.6975828864151907
0.005363237445148708,0.6976129313323418
0.005363237445148708,0.6979734703381555
0.005363237445148708,0.6980335601724579
0.005363237445148708,0.698063605089609
0.005363237445148708,0.6980936500067602
0.005363237445148708,0.6986344585154807
0.005363237445148708,0.6986795258912074
0.005363237445148708,0.6989499301455676
0.005444498618560052,0.6989499301455676
0.005444498618560052,0.6989649526041432
0.005444498618560052,0.6990100199798699
0.005444498618560052,0.6991001547313234
0.005444498618560052,0.69914522210705
0.005444498618560052,0.6992053119413523
0.005444498618560052,0.6992353568585035
0.005444498618560052,0.699460693737137
0.005444498618560052,0.6994907386542881
0.005444498618560052,0.6995057611128638
0.005444498618560052,0.6995358060300149
0.005444498618560052,0.6995808734057416
0.005444498618560052,0.6996109183228927
0.005444498618560052,0.6996409632400439
0.005444498618560052,0.699671008157195
0.005444498618560052,0.6996860306157706
0.005444498618560052,0.6997310979914972
0.005444498618560052,0.6997461204500729
0.005525759791971396,0.6997461204500729
0.005525759791971396,0.699776165367224
0.00560702096538274,0.699776165367224
0.00560702096538274,0.7000766145387354
0.00560702096538274,0.7001066594558866
0.00560702096538274,0.7004671984617002
0.00560702096538274,0.700512265837427
0.00560702096538274,0.7010230294289963
0.00560702096538274,0.701068096804723
0.00560702096538274,0.7011131641804498
0.00560702096538274,0.7011432090976009
0.00560702096538274,0.7013535235176589
0.00560702096538274,0.7014136133519612
0.00560702096538274,0.7014586807276879
0.00560702096538274,0.701488725644839
0.00560702096538274,0.7015788603962925
0.00560702096538274,0.7016239277720192
0.00560702096538274,0.7016840176063215
0.00560702096538274,0.7018642871092283
0.00560702096538274,0.7018943320263794
0.00560702096538274,0.7024050956179488
0.00560702096538274,0.7024351405350999
0.00560702096538274,0.7024651854522511
0.00560702096538274,0.7025102528279779
0.00560702096538274,0.7029008367509426
0.00560702096538274,0.7029308816680938
0.00560702096538274,0.7029609265852449
0.00560702096538274,0.7029909715023961
0.00560702096538274,0.7031111511710006
0.00560702096538274,0.7031562185467274
0.00560702096538274,0.7031712410053029
0.00560702096538274,0.7032313308396052
0.00560702096538274,0.7034416452596632
0.00560702096538274,0.7034867126353899
0.00560702096538274,0.7036669821382967
0.00560702096538274,0.7037120495140234
0.00560702096538274,0.703937386392657
0.00560702096538274,0.7039824537683838
0.00560702096538274,0.704147700812715
0.00560702096538274,0.7041777457298661
0.00560702096538274,0.7042378355641684
0.00560702096538274,0.7043429927741974
0.00560702096538274,0.7043730376913485
0.00560702096538274,0.7045232622771043
0.00560702096538274,0.7045833521114065
0.00560702096538274,0.7048387339071912
0.00560702096538274,0.7048988237414935
0.00560702096538274,0.7049138462000691
0.00560702096538274,0.7049589135757958
0.00560702096538274,0.7049739360343714
0.00560702096538274,0.7050039809515225
0.00560702096538274,0.7052293178301561
0.00560702096538274,0.7052593627473073
0.00560702096538274,0.7053194525816096
0.00560702096538274,0.7058602610903301
0.00560702096538274,0.7059053284660568
0.00560702096538274,0.706175732720417
0.00560702096538274,0.7062057776375682
0.00560702096538274,0.7062508450132948
0.00560702096538274,0.7062959123890216
0.00560702096538274,0.7063109348475971
0.00560702096538274,0.7063409797647483
0.005688282138794084,0.7063409797647483
0.005688282138794084,0.7064010695990506
0.005688282138794084,0.7064461369747773
0.005688282138794084,0.7065362717262307
0.005688282138794084,0.7065663166433819
0.005688282138794084,0.7069418781077711
0.005688282138794084,0.7069869454834978
0.005688282138794084,0.7071071251521024
0.005688282138794084,0.7071521925278291
0.005688282138794084,0.7072423272792825
0.005688282138794084,0.7072723721964337
0.005688282138794084,0.7072873946550092
0.005688282138794084,0.7073174395721604
0.005688282138794084,0.707332462030736
0.005688282138794084,0.707362506947887
0.005688282138794084,0.7073925518650382
0.005688282138794084,0.7074225967821893
0.005688282138794084,0.707437619240765
0.005688282138794084,0.7074826866164916
0.005688282138794084,0.7076028662850962
0.005688282138794084,0.7076329112022474
0.005688282138794084,0.7078582480808809
0.005688282138794084,0.7079183379151832
0.005688282138794084,0.70796340529091
0.005688282138794084,0.7080234951252122
0.005688282138794084,0.7080535400423633
0.005688282138794084,0.7082788769209969
0.005688282138794084,0.7083389667552992
0.005688282138794084,0.7084591464239037
0.005688282138794084,0.708519236258206
0.005688282138794084,0.7088046629711419
0.005688282138794084,0.708834707888293
0.005688282138794084,0.7088497303468686
0.005688282138794084,0.7088797752640197
0.005688282138794084,0.7088947977225952
0.005688282138794084,0.7089248426397464
0.005688282138794084,0.7089999549326242
0.005688282138794084,0.7090299998497754
0.005688282138794084,0.709045022308351
0.005688282138794084,0.7090750672255022
0.005688282138794084,0.709255336728409
0.005688282138794084,0.7093154265627113
0.005688282138794084,0.7094205837727402
0.005688282138794084,0.7094506286898914
0.005688282138794084,0.7094806736070425
0.005688282138794084,0.7095107185241937
0.005688282138794084,0.7095858308170715
0.005688282138794084,0.7096158757342227
0.005688282138794084,0.7098712575300073
0.005688282138794084,0.7099013024471585
0.005688282138794084,0.7100815719500654
0.005688282138794084,0.7101116168672165
0.005688282138794084,0.7102167740772455
0.005688282138794084,0.7102468189943967
0.005688282138794084,0.71033695374585
0.005688282138794084,0.7103669986630012
0.005688282138794084,0.7106073580002104
0.005688282138794084,0.7106374029173614
0.005688282138794084,0.7109228296302973
0.005688282138794084,0.7109528745474485
0.005688282138794084,0.711073054216053
0.005688282138794084,0.7111030991332041
0.005688282138794084,0.7112383012603842
0.005688282138794084,0.7112683461775354
0.005688282138794084,0.7114786605975933
0.005688282138794084,0.7115087055147445
0.005688282138794084,0.711598840266198
0.005688282138794084,0.7116439076419246
0.005688282138794084,0.7117941322276804
0.005688282138794084,0.7118241771448315
0.005688282138794084,0.7120795589406163
0.005688282138794084,0.7121096038577673
0.005688282138794084,0.7121246263163429
0.005769543312205428,0.7121246263163429
0.005769543312205428,0.7121696936920696
0.005769543312205428,0.7121997386092208
0.005769543312205428,0.7122748509020986
0.005769543312205428,0.7123048958192498
0.005769543312205428,0.712470142863581
0.005769543312205428,0.7125152102393078
0.005769543312205428,0.71257530007361
0.005769543312205428,0.7126053449907612
0.005769543312205428,0.7127856144936681
0.005769543312205428,0.7128156594108191
0.005769543312205428,0.7128907717036971
0.005769543312205428,0.7129208166208482
0.005769543312205428,0.713101086123755
0.005769543312205428,0.7131311310409062
0.005769543312205428,0.7131461534994817
0.005769543312205428,0.7131761984166328
0.005769543312205428,0.7132963780852374
0.005769543312205428,0.7133264230023886
0.005769543312205428,0.7134466026709931
0.005850804485616773,0.7134466026709931
0.005850804485616773,0.7135367374224466
0.005850804485616773,0.7135667823395977
0.005850804485616773,0.7138071416768068
0.005850804485616773,0.713837186593958
0.005850804485616773,0.7138672315111091
0.005850804485616773,0.7139122988868358
0.005850804485616773,0.7139723887211381
0.005932065659028116,0.7139723887211381
0.005932065659028116,0.7142277705169228
0.005932065659028116,0.714257815434074
0.005932065659028116,0.7143479501855273
0.005932065659028116,0.7144080400198296
0.005932065659028116,0.7146934667327655
0.005932065659028116,0.7147235116499167
0.005932065659028116,0.7147986239427945
0.0060133268324394605,0.7147986239427945
0.0060133268324394605,0.7149338260699746
0.0060133268324394605,0.7149638709871258
0.0060133268324394605,0.7149788934457013
0.0060133268324394605,0.7150089383628525
0.0060133268324394605,0.7151140955728814
0.0060133268324394605,0.7151441404900326
0.0060133268324394605,0.7151591629486082
0.0060133268324394605,0.7151892078657593
0.0060133268324394605,0.7152042303243349
0.0060133268324394605,0.7152492977000616
0.0060133268324394605,0.7154295672029685
0.0060133268324394605,0.7154896570372707
0.0060133268324394605,0.7155347244129975
0.006094588005850805,0.7155347244129975
0.006094588005850805,0.7155797917887241
0.006094588005850805,0.7156398816230264
0.006094588005850805,0.7157750837502066
0.006094588005850805,0.7158351735845089
0.006094588005850805,0.7159403307945378
0.006094588005850805,0.715970375711689
0.006094588005850805,0.7161206002974447
0.006094588005850805,0.7161506452145958
0.006094588005850805,0.7162407799660493
0.006094588005850805,0.7162708248832004
0.006094588005850805,0.7162858473417759
0.006094588005850805,0.7163759820932294
0.006094588005850805,0.7163910045518049
0.006094588005850805,0.7164210494689561
0.006094588005850805,0.7165862965132873
0.006094588005850805,0.7166163414304385
0.006175849179262148,0.7166163414304385
0.006175849179262148,0.716706476181892
0.006175849179262148,0.7167365210990431
0.006175849179262148,0.7167515435576186
0.006175849179262148,0.7167815884747698
0.006175849179262148,0.7169919028948277
0.006175849179262148,0.7170219478119789
0.006175849179262148,0.7170670151877057
0.006175849179262148,0.7170820376462812
0.006175849179262148,0.7171120825634323
0.006175849179262148,0.7172923520663391
0.006175849179262148,0.7173223969834903
0.006175849179262148,0.717367464359217
0.006175849179262148,0.7173975092763681
0.006175849179262148,0.7174425766520949
0.006175849179262148,0.7174726215692461
0.006175849179262148,0.7174876440278216
0.006257110352673493,0.7174876440278216
0.006257110352673493,0.7175477338621239
0.006257110352673493,0.7176228461550017
0.006257110352673493,0.7176378686135773
0.006257110352673493,0.717682935989304
0.006257110352673493,0.7176979584478795
0.006257110352673493,0.7178031156579086
0.006257110352673493,0.7181336097465711
0.006257110352673493,0.7181636546637222
0.006257110352673493,0.7182387669566002
0.006257110352673493,0.7182688118737512
0.006257110352673493,0.7183439241666291
0.006257110352673493,0.7183739690837803
0.006257110352673493,0.7185993059624138
0.006257110352673493,0.7186293508795649
0.006257110352673493,0.7186593957967161
0.006257110352673493,0.7187044631724429
0.006257110352673493,0.7187345080895939
0.006257110352673493,0.7187795754653207
0.006257110352673493,0.7187945979238962
0.006257110352673493,0.7188246428410474
0.006257110352673493,0.718869710216774
0.006257110352673493,0.7190349572611053
0.006257110352673493,0.7190650021782565
0.006257110352673493,0.7191401144711344
0.006257110352673493,0.7191701593882854
0.006257110352673493,0.7192753165983145
0.006257110352673493,0.7193203839740412
0.006257110352673493,0.7194105187254947
0.006257110352673493,0.7195306983940992
0.006257110352673493,0.7195757657698258
0.006257110352673493,0.719605810686977
0.006257110352673493,0.7196508780627038
0.006257110352673493,0.7196809229798549
0.006257110352673493,0.7196959454384304
0.006257110352673493,0.7197410128141571
0.006257110352673493,0.7198611924827617
0.006257110352673493,0.7198912373999129
0.006257110352673493,0.7201766641128488
0.006257110352673493,0.7202217314885754
0.006257110352673493,0.7205972929529647
0.006257110352673493,0.7206273378701158
0.006257110352673493,0.720657382787267
0.006257110352673493,0.7207024501629937
0.006257110352673493,0.7208226298315983
0.006257110352673493,0.7208526747487494
0.006257110352673493,0.7208827196659006
0.006257110352673493,0.7209127645830516
0.006257110352673493,0.721213213754563
0.006257110352673493,0.7212432586717142
0.006257110352673493,0.7213784607988943
0.006257110352673493,0.7214085057160455
0.006257110352673493,0.7214235281746211
0.006257110352673493,0.7214685955503478
0.006257110352673493,0.7215286853846501
0.006257110352673493,0.7215737527603767
0.006257110352673493,0.7216939324289813
0.006257110352673493,0.7217690447218592
0.006257110352673493,0.7219042468490393
0.006338371526084837,0.7219042468490393
0.006338371526084837,0.7220244265176439
0.006338371526084837,0.7220694938933706
0.006338371526084837,0.7221145612690973
0.006338371526084837,0.7221446061862484
0.006338371526084837,0.7221746511033996
0.00641963269949618,0.7221746511033996
0.00641963269949618,0.7222046960205507
0.00641963269949618,0.7222798083134285
0.00641963269949618,0.7223098532305797
0.00641963269949618,0.722475100274911
0.00641963269949618,0.7225351901092133
0.00641963269949618,0.7225502125677888
0.00641963269949618,0.72258025748494
0.00641963269949618,0.7226403473192423
0.00641963269949618,0.7227004371535446
0.00641963269949618,0.7227304820706957
0.006500893872907525,0.7227304820706957
0.006500893872907525,0.7227455045292712
0.006500893872907525,0.7227755494464224
0.006500893872907525,0.7229407964907537
0.006500893872907525,0.7229708414079048
0.006500893872907525,0.7229858638664803
0.006500893872907525,0.7230159087836315
0.006500893872907525,0.7233313804137185
0.006500893872907525,0.7233764477894452
0.006500893872907525,0.723421515165172
0.006500893872907525,0.723451560082323
0.006500893872907525,0.7234816049994742
0.006500893872907525,0.7235116499166253
0.006500893872907525,0.723526672375201
0.006582155046318869,0.723526672375201
0.006582155046318869,0.723556717292352
0.006582155046318869,0.7235867622095032
0.006582155046318869,0.7238872113810146
0.006582155046318869,0.7239322787567414
0.006582155046318869,0.7239473012153169
0.006582155046318869,0.723977346132468
0.006582155046318869,0.7240524584253459
0.006582155046318869,0.724082503342497
0.006582155046318869,0.7242627728454039
0.006744677393141557,0.7242627728454039
0.006744677393141557,0.7243228626797061
0.006744677393141557,0.7243378851382817
0.006825938566552901,0.7243378851382817
0.006825938566552901,0.7245181546411886
0.006825938566552901,0.7245481995583397
0.006825938566552901,0.7246233118512175
0.006825938566552901,0.7246533567683687
0.006825938566552901,0.7247885588955488
0.006825938566552901,0.7248336262712756
0.006825938566552901,0.7249387834813046
0.006825938566552901,0.7249838508570312
0.006825938566552901,0.7250439406913335
0.006825938566552901,0.7250739856084847
0.006825938566552901,0.7252692775699671
0.006825938566552901,0.7252993224871183
0.006825938566552901,0.7253894572385716
0.006825938566552901,0.7254495470728739
0.006825938566552901,0.7254795919900251
0.006825938566552901,0.7255547042829029
0.006825938566552901,0.7255997716586297
0.006907199739964245,0.7255997716586297
0.006907199739964245,0.7256598614929319
0.006907199739964245,0.725689906410083
0.006907199739964245,0.725765018702961
0.006988460913375589,0.725765018702961
0.006988460913375589,0.7258100860786877
0.007069722086786933,0.7258100860786877
0.007069722086786933,0.7259903555815945
0.007069722086786933,0.7260354229573212
0.007069722086786933,0.7260504454158968
0.007069722086786933,0.7260804903330479
0.007069722086786933,0.7261105352501991
0.007069722086786933,0.7261706250845014
0.007069722086786933,0.7263058272116815
0.0071509832601982775,0.7263058272116815
0.0071509832601982775,0.7263659170459837
0.0071509832601982775,0.7263959619631349
0.0071509832601982775,0.7265461865488906
0.0071509832601982775,0.7265912539246173
0.0071509832601982775,0.7266813886760707
0.0071509832601982775,0.7267565009689486
0.0071509832601982775,0.7268015683446752
0.0071509832601982775,0.7268316132618264
0.0071509832601982775,0.7271320624333378
0.0071509832601982775,0.7271921522676401
0.0071509832601982775,0.7272672645605179
0.0071509832601982775,0.7272973094776691
0.0071509832601982775,0.7273423768533959
0.0071509832601982775,0.727372421770547
0.0071509832601982775,0.7275376688148782
0.0071509832601982775,0.7275977586491805
0.0071509832601982775,0.7276278035663317
0.0071509832601982775,0.7276578484834828
0.0071509832601982775,0.7279132302792675
0.0071509832601982775,0.7279432751964187
0.0071509832601982775,0.7281235446993255
0.0071509832601982775,0.7281535896164766
0.0071509832601982775,0.7282136794507789
0.0071509832601982775,0.7282437243679301
0.0071509832601982775,0.7282887917436568
0.0071509832601982775,0.7283338591193835
0.0071509832601982775,0.7285141286222904
0.0071509832601982775,0.7285441735394415
0.0071509832601982775,0.7285742184565926
0.0071509832601982775,0.7286343082908949
0.0071509832601982775,0.7287845328766506
0.0071509832601982775,0.7288296002523773
0.0071509832601982775,0.7288446227109528
0.0071509832601982775,0.728874667628104
0.0071509832601982775,0.7289948472967086
0.007232244433609621,0.7289948472967086
0.007232244433609621,0.7290098697552841
0.007232244433609621,0.7290399146724353
0.007232244433609621,0.7292802740096445
0.007232244433609621,0.7293103189267955
0.007232244433609621,0.7293854312196734
0.007232244433609621,0.7294455210539756
0.007232244433609621,0.7295056108882779
0.007232244433609621,0.7295356558054291
0.007232244433609621,0.7296107680983069
0.007232244433609621,0.7296558354740337
0.007232244433609621,0.7299412621869695
0.007232244433609621,0.7299863295626963
0.007232244433609621,0.7300163744798474
0.007232244433609621,0.7300764643141496
0.007232244433609621,0.7301365541484519
0.007232244433609621,0.7302417113584809
0.007313505607020965,0.7302417113584809
0.007313505607020965,0.7305571829885679
0.00739476678043231,0.7305571829885679
0.00739476678043231,0.7306172728228701
0.00739476678043231,0.7309327444529572
0.00739476678043231,0.7309627893701083
0.00739476678043231,0.7310228792044106
0.00739476678043231,0.7310529241215618
0.00739476678043231,0.7312031487073174
0.00739476678043231,0.7312331936244686
0.00739476678043231,0.7312782610001953
0.00739476678043231,0.7313383508344976
0.00739476678043231,0.7314435080445265
0.00739476678043231,0.7314735529616777
0.00739476678043231,0.7314885754202533
0.00739476678043231,0.7315186203374044
0.00739476678043231,0.73153364279598
0.00739476678043231,0.7315937326302823
0.00739476678043231,0.7316087550888578
0.00739476678043231,0.7316538224645845
0.00739476678043231,0.731743957216038
0.00739476678043231,0.7317740021331891
0.00739476678043231,0.7318491144260669
0.00739476678043231,0.7319092042603692
0.00739476678043231,0.7320444063875494
0.00739476678043231,0.7320744513047005
0.00739476678043231,0.7323749004762119
0.00739476678043231,0.7324049453933631
0.00739476678043231,0.7324349903105142
0.00739476678043231,0.7324650352276654
0.00739476678043231,0.7326753496477233
0.00739476678043231,0.7327053945648745
0.00739476678043231,0.73272041702345
0.00739476678043231,0.7327654843991768
0.00739476678043231,0.7327805068577523
0.00739476678043231,0.7328105517749035
0.00739476678043231,0.7328856640677813
0.00739476678043231,0.7329607763606591
0.00739476678043231,0.7332762479907462
0.00739476678043231,0.7333213153664728
0.00739476678043231,0.7334414950350775
0.00739476678043231,0.7334715399522286
0.00739476678043231,0.733561674703682
0.00739476678043231,0.7336217645379843
0.00739476678043231,0.7336518094551354
0.00739476678043231,0.734087460753827
0.00739476678043231,0.7341325281295537
0.00739476678043231,0.7341625730467048
0.00739476678043231,0.7341926179638559
0.00739476678043231,0.7343127976324605
0.00739476678043231,0.734432977301065
0.007476027953843654,0.734432977301065
0.007476027953843654,0.7345231120525185
0.007557289127254997,0.7345231120525185
0.007557289127254997,0.7346282692625475
0.007557289127254997,0.7346583141796986
0.007557289127254997,0.7347784938483032
0.007557289127254997,0.7348385836826055
0.007557289127254997,0.7352592125227214
0.007557289127254997,0.7353042798984482
0.007557289127254997,0.7353193023570237
0.007557289127254997,0.7353493472741749
0.007557289127254997,0.7356648189042618
0.007557289127254997,0.7357098862799886
0.007557289127254997,0.7358300659485931
0.007557289127254997,0.7358751333243199
0.007557289127254997,0.7359802905343489
0.007557289127254997,0.7360103354515
0.007557289127254997,0.7360704252858022
0.007557289127254997,0.7361004702029534
0.007557289127254997,0.736115492661529
0.007557289127254997,0.7361455375786802
0.007557289127254997,0.7362957621644358
0.007557289127254997,0.736325807081587
0.007557289127254997,0.7363708744573136
0.007557289127254997,0.7363858969158893
0.007557289127254997,0.7364159418330404
0.007557289127254997,0.7364309642916159
0.007557289127254997,0.7364610092087671
0.007557289127254997,0.7365511439602205
0.007557289127254997,0.7365811888773717
0.007557289127254997,0.7365962113359472
0.007557289127254997,0.7366262562530984
0.007557289127254997,0.7366863460874007
0.007557289127254997,0.7370769300103654
0.007638550300666342,0.7370769300103654
0.007638550300666342,0.7371670647618189
0.007638550300666342,0.73719710967897
0.007638550300666342,0.7372121321375457
0.007638550300666342,0.7372421770546967
0.007638550300666342,0.7374675139333303
0.007638550300666342,0.7374975588504815
0.007638550300666342,0.7376327609776616
0.007638550300666342,0.7376628058948127
0.007638550300666342,0.737828052939144
0.007638550300666342,0.7378580978562952
0.007638550300666342,0.7379932999834753
0.007638550300666342,0.7380233449006265
0.007638550300666342,0.7380984571935043
0.007638550300666342,0.7381285021106554
0.007638550300666342,0.7382186368621089
0.007719811474077686,0.7382186368621089
0.007719811474077686,0.7382637042378356
0.007719811474077686,0.7383237940721379
0.0078010726474890294,0.7383237940721379
0.0078010726474890294,0.7386242432436493
0.0078010726474890294,0.7386542881608004
0.0078010726474890294,0.7388045127465561
0.0078010726474890294,0.7388495801222829
0.0078010726474890294,0.7389547373323118
0.0078010726474890294,0.738984782249463
0.0078010726474890294,0.7395105682996079
0.0078010726474890294,0.7395556356753347
0.0078010726474890294,0.7395856805924858
0.0078010726474890294,0.7396607928853636
0.0078010726474890294,0.7396908378025148
0.0078010726474890294,0.7397659500953926
0.0078010726474890294,0.7397959950125438
0.0078010726474890294,0.7398560848468461
0.0078010726474890294,0.7399161746811483
0.0078010726474890294,0.7400063094326017
0.0078010726474890294,0.7400363543497529
0.0078010726474890294,0.7401565340183575
0.0078010726474890294,0.7401865789355085
0.0078010726474890294,0.740381870896991
0.0078010726474890294,0.7404119158141421
0.0078010726474890294,0.7405020505655956
0.0078010726474890294,0.7405320954827467
0.0078010726474890294,0.7406222302342002
0.0078010726474890294,0.7406823200685024
0.0078010726474890294,0.7408175221956825
0.0078010726474890294,0.7408475671128337
0.0078010726474890294,0.7408625895714093
0.0078010726474890294,0.740907656947136
0.0078010726474890294,0.7409527243228626
0.0078010726474890294,0.7410278366157406
0.0078010726474890294,0.7412081061186474
0.0078010726474890294,0.7412681959529497
0.0078010726474890294,0.7415235777487343
0.0078010726474890294,0.7415836675830366
0.0078010726474890294,0.7416888247930656
0.0078010726474890294,0.7417188697102167
0.0078010726474890294,0.7417939820030947
0.0078010726474890294,0.7418240269202457
0.0078010726474890294,0.7418690942959725
0.0078010726474890294,0.7418991392131237
0.0078010726474890294,0.7419742515060015
0.0078010726474890294,0.7420193188817282
0.0078010726474890294,0.7420794087160305
0.0078010726474890294,0.7421094536331816
0.0078010726474890294,0.7422596782189373
0.0078010726474890294,0.7422897231360884
0.0078010726474890294,0.7424399477218442
0.0078010726474890294,0.7424699926389953
0.0078010726474890294,0.7426352396833266
0.0078010726474890294,0.7426652846004778
0.0078010726474890294,0.7428455541033846
0.0078010726474890294,0.7429056439376869
0.0078010726474890294,0.7429957786891402
0.0078010726474890294,0.7430258236062914
0.0078010726474890294,0.7433112503192273
0.0078010726474890294,0.7433563176949539
0.0078010726474890294,0.7434164075292562
0.0078010726474890294,0.7434464524464074
0.0078010726474890294,0.743596677032163
0.0078010726474890294,0.7436417444078898
0.0078010726474890294,0.743671789325041
0.0078010726474890294,0.743701834242192
0.0078010726474890294,0.7437469016179188
0.0078010726474890294,0.74377694653507
0.0078010726474890294,0.7440473507894302
0.0078010726474890294,0.7440773957065814
0.0078010726474890294,0.7442877101266393
0.0078010726474890294,0.744332777502366
0.0078010726474890294,0.7443477999609416
0.007882333820900374,0.7443477999609416
0.007882333820900374,0.7444229122538195
0.007882333820900374,0.7444529571709706
0.007882333820900374,0.7444980245466973
0.007882333820900374,0.7445280694638484
0.007882333820900374,0.7447834512596332
0.007882333820900374,0.7448134961767843
0.007882333820900374,0.7448285186353598
0.007882333820900374,0.7448735860110866
0.007882333820900374,0.7451139453482957
0.007882333820900374,0.7451590127240224
0.007882333820900374,0.745489506812685
0.007882333820900374,0.7455195517298361
0.007882333820900374,0.7455345741884116
0.007882333820900374,0.7455646191055628
0.007882333820900374,0.7455796415641384
0.007882333820900374,0.7456247089398651
0.007882333820900374,0.7456697763155918
0.007882333820900374,0.7457148436913186
0.007882333820900374,0.7458800907356498
0.007882333820900374,0.745910135652801
0.007882333820900374,0.7459702254871032
0.007882333820900374,0.7460002704042543
0.007882333820900374,0.7460904051557078
0.007882333820900374,0.7461354725314345
0.007882333820900374,0.7462406297414634
0.007882333820900374,0.7462706746586146
0.007963594994311717,0.7462706746586146
0.007963594994311717,0.7463007195757658
0.007963594994311717,0.7463307644929169
0.007963594994311717,0.7466011687472772
0.007963594994311717,0.7466312136644283
0.007963594994311717,0.7468265056259107
0.007963594994311717,0.7468565505430619
0.007963594994311717,0.7469016179187886
0.008044856167723062,0.7469016179187886
0.008044856167723062,0.7469767302116664
0.008044856167723062,0.7470067751288176
0.008044856167723062,0.7472471344660268
0.008126117341134406,0.7472471344660268
0.008126117341134406,0.7472922018417534
0.008126117341134406,0.7473222467589046
0.008126117341134406,0.7473673141346313
0.008126117341134406,0.7473973590517824
0.008126117341134406,0.7474574488860847
0.008126117341134406,0.7474874938032359
0.008126117341134406,0.7476377183889915
0.008126117341134406,0.7476677633061427
0.008126117341134406,0.7478179878918984
0.008126117341134406,0.7478480328090495
0.008126117341134406,0.7479682124776541
0.008126117341134406,0.7480132798533808
0.008126117341134406,0.7480583472291075
0.008126117341134406,0.7481034146048342
0.008126117341134406,0.7481334595219854
0.008126117341134406,0.7481635044391365
0.008126117341134406,0.7483437739420433
0.00820737851454575,0.7483437739420433
0.00820737851454575,0.7484789760692235
0.00820737851454575,0.7485540883621014
0.00820737851454575,0.7488996049093395
0.008288639687957094,0.7488996049093395
0.008288639687957094,0.7489596947436418
0.008369900861368438,0.7489596947436418
0.008369900861368438,0.7489747172022173
0.008369900861368438,0.7490047621193685
0.008369900861368438,0.7492000540808509
0.008369900861368438,0.749230098998002
0.008369900861368438,0.7492451214565776
0.008369900861368438,0.7493052112908799
0.008369900861368438,0.7493502786666065
0.008369900861368438,0.7494103685009088
0.008369900861368438,0.7495756155452401
0.008369900861368438,0.7496056604623913
0.008369900861368438,0.7497558850481469
0.008369900861368438,0.7498009524238737
0.008369900861368438,0.7499211320924782
0.008369900861368438,0.749966199468205
0.008369900861368438,0.7501164240539606
0.008369900861368438,0.7501464689711118
0.008369900861368438,0.7503567833911698
0.008369900861368438,0.7504018507668965
0.008369900861368438,0.7507774122312858
0.008369900861368438,0.7510177715684949
0.008369900861368438,0.751047816485646
0.008369900861368438,0.7511079063199483
0.008369900861368438,0.7511379512370995
0.008369900861368438,0.7512280859885528
0.008369900861368438,0.7512881758228551
0.008369900861368438,0.7513933330328841
0.008369900861368438,0.7514233779500353
0.008369900861368438,0.7519792089173314
0.008369900861368438,0.7520092538344826
0.008369900861368438,0.7520543212102092
0.008369900861368438,0.7520843661273604
0.008369900861368438,0.7521745008788139
0.008369900861368438,0.7522345907131162
0.008369900861368438,0.7522796580888428
0.008369900861368438,0.7522946805474184
0.008369900861368438,0.7523247254645695
0.008369900861368438,0.7523697928402963
0.008369900861368438,0.752414860216023
0.008369900861368438,0.7525500623432031
0.008369900861368438,0.7525801072603542
0.008369900861368438,0.7528054441389878
0.008369900861368438,0.752835489056139
0.008369900861368438,0.7528805564318657
0.008369900861368438,0.7533612751062839
0.008369900861368438,0.7534063424820107
0.008369900861368438,0.7535415446091908
0.008369900861368438,0.7535715895263418
0.008369900861368438,0.7536467018192198
0.008369900861368438,0.7536767467363709
0.008369900861368438,0.7536917691949464
0.008369900861368438,0.7537218141120976
0.008369900861368438,0.7537969264049754
0.008369900861368438,0.75391710607358
0.008369900861368438,0.7539922183664578
0.008369900861368438,0.754022263283609
0.008369900861368438,0.7540673306593357
0.008369900861368438,0.7540973755764868
0.008369900861368438,0.7541875103279403
0.008369900861368438,0.7542175552450914
0.008369900861368438,0.7544278696651494
0.008369900861368438,0.7544579145823005
0.008369900861368438,0.7545029819580272
0.008369900861368438,0.7545330268751784
0.008369900861368438,0.7546081391680562
0.008369900861368438,0.7546381840852073
0.008369900861368438,0.7548334760466898
0.008369900861368438,0.7548635209638409
0.008369900861368438,0.7549085883395676
0.008369900861368438,0.7549386332567188
0.008369900861368438,0.7551339252182012
0.008369900861368438,0.7551639701353523
0.008369900861368438,0.755209037511079
0.008451162034779781,0.755209037511079
0.008451162034779781,0.7552541048868058
0.008451162034779781,0.7556446888097706
0.008451162034779781,0.7556897561854973
0.008451162034779781,0.7557047786440729
0.008451162034779781,0.755734823561224
0.008451162034779781,0.7557648684783752
0.008532423208191127,0.7557648684783752
0.008532423208191127,0.7557949133955263
0.008532423208191127,0.7559301155227064
0.008532423208191127,0.7559601604398576
0.008532423208191127,0.7560202502741599
0.008532423208191127,0.7560502951913111
0.008532423208191127,0.7560803401084621
0.008532423208191127,0.7561254074841889
0.008532423208191127,0.7564559015728514
0.008532423208191127,0.7564859464900026
0.008532423208191127,0.7565460363243048
0.008532423208191127,0.7565760812414559
0.008532423208191127,0.7566662159929094
0.008532423208191127,0.7567112833686361
0.008532423208191127,0.7567263058272117
0.008532423208191127,0.7567563507443629
0.008532423208191127,0.7570117325401475
0.008532423208191127,0.7570567999158743
0.008532423208191127,0.7571469346673276
0.008532423208191127,0.7571769795844788
0.008532423208191127,0.7572220469602055
0.00861368438160247,0.7572220469602055
0.00861368438160247,0.7572520918773566
0.00861368438160247,0.7572971592530834
0.00861368438160247,0.7573121817116589
0.00861368438160247,0.7573422266288101
0.00861368438160247,0.7573572490873857
0.008694945555013815,0.7573572490873857
0.008694945555013815,0.7573872940045367
0.008694945555013815,0.7574924512145658
0.008694945555013815,0.757522496131717
0.008694945555013815,0.7576426758003215
0.008694945555013815,0.7576727207174726
0.008694945555013815,0.7577027656346238
0.008694945555013815,0.7577328105517749
0.008694945555013815,0.7577478330103504
0.008694945555013815,0.7577778779275016
0.008694945555013815,0.7577929003860772
0.008776206728425159,0.7577929003860772
0.008776206728425159,0.7579130800546817
0.008776206728425159,0.7579431249718329
0.008857467901836502,0.7579431249718329
0.008857467901836502,0.7580032148061352
0.008857467901836502,0.7580482821818619
0.008857467901836502,0.7581384169333153
0.008857467901836502,0.7581684618504665
0.008857467901836502,0.7583937987291
0.008857467901836502,0.7584388661048267
0.008857467901836502,0.758604113149158
0.008857467901836502,0.7586491805248847
0.008857467901836502,0.7589045623206694
0.008857467901836502,0.7589496296963961
0.008857467901836502,0.7591148767407274
0.008857467901836502,0.7591449216578785
0.008857467901836502,0.7592651013264831
0.008857467901836502,0.7592951462436343
0.008857467901836502,0.7594603932879656
0.008857467901836502,0.7595505280394189
0.008857467901836502,0.7595655504979945
0.008857467901836502,0.7596256403322967
0.008857467901836502,0.759865999669506
0.008857467901836502,0.7599110670452326
0.008857467901836502,0.7600913365481394
0.008857467901836502,0.7601213814652906
0.008857467901836502,0.7601814712995929
0.008857467901836502,0.760211516216744
0.008857467901836502,0.7602716060510463
0.008857467901836502,0.7603016509681975
0.008857467901836502,0.7603767632610753
0.008857467901836502,0.7604068081782265
0.008857467901836502,0.760421830636802
0.008857467901836502,0.7604518755539531
0.008857467901836502,0.7604969429296798
0.008857467901836502,0.760526987846831
0.008857467901836502,0.7605420103054066
0.008857467901836502,0.7606021001397089
0.008857467901836502,0.7606171225982844
0.008857467901836502,0.7606471675154356
0.008857467901836502,0.760737302266889
0.008857467901836502,0.7607673471840402
0.008857467901836502,0.7607973921011912
0.008857467901836502,0.7608274370183424
0.008857467901836502,0.760842459476918
0.008857467901836502,0.7608875268526447
0.008857467901836502,0.7609325942283715
0.008857467901836502,0.7609776616040981
0.008857467901836502,0.7610077065212493
0.008857467901836502,0.7610677963555516
0.008857467901836502,0.7610978412727026
0.008857467901836502,0.7612781107756096
0.008857467901836502,0.7613081556927607
0.008857467901836502,0.7614583802785164
0.008857467901836502,0.7615184701128187
0.008857467901836502,0.7616086048642721
0.008857467901836502,0.7616536722399988
0.008857467901836502,0.7618489642014812
0.008857467901836502,0.7618940315772079
0.008857467901836502,0.7621644358315682
0.008938729075247847,0.7621644358315682
0.008938729075247847,0.7622996379587483
0.008938729075247847,0.7623296828758994
0.008938729075247847,0.7624047951687773
0.008938729075247847,0.7624648850030796
0.008938729075247847,0.7625700422131086
0.008938729075247847,0.7626000871302597
0.008938729075247847,0.762660176964562
0.008938729075247847,0.7626902218817132
0.008938729075247847,0.7627803566331666
0.008938729075247847,0.7627953790917421
0.008938729075247847,0.7629005363017711
0.008938729075247847,0.7629305812189223
0.008938729075247847,0.7630657833461024
0.008938729075247847,0.7631108507218292
0.008938729075247847,0.7632760977661605
0.008938729075247847,0.7633512100590383
0.008938729075247847,0.7634563672690673
0.008938729075247847,0.7634864121862184
0.008938729075247847,0.7636516592305497
0.008938729075247847,0.7636967266062764
0.008938729075247847,0.7642225126564214
0.008938729075247847,0.7642525575735725
0.008938729075247847,0.7643426923250259
0.008938729075247847,0.764372737242177
0.008938729075247847,0.7644929169107816
0.008938729075247847,0.7645229618279328
0.008938729075247847,0.7646581639551129
0.008938729075247847,0.7646882088722641
0.008938729075247847,0.7647633211651419
0.008938729075247847,0.764793366082293
0.008938729075247847,0.7649435906680487
0.008938729075247847,0.7649736355851999
0.008938729075247847,0.7650787927952288
0.008938729075247847,0.76510883771238
0.008938729075247847,0.7653942644253159
0.008938729075247847,0.7654393318010425
0.008938729075247847,0.7654543542596182
0.00901999024865919,0.7654543542596182
0.00901999024865919,0.7655895563867983
0.00901999024865919,0.7656196013039495
0.00901999024865919,0.7656947135968273
0.00901999024865919,0.7657247585139784
0.00901999024865919,0.7659350729340364
0.009101251422070534,0.7659350729340364
0.009101251422070534,0.7660252076854898
0.009101251422070534,0.76616040981267
0.009101251422070534,0.7661904547298211
0.009101251422070534,0.7662054771883966
0.009101251422070534,0.7662505445641233
0.009101251422070534,0.766265567022699
0.009101251422070534,0.7663256568570013
0.009101251422070534,0.7664909039013325
0.009101251422070534,0.7665359712770592
0.009101251422070534,0.7665960611113615
0.009101251422070534,0.7666261060285127
0.009101251422070534,0.7666561509456638
0.009101251422070534,0.766686195862815
0.009101251422070534,0.7670467348686286
0.009101251422070534,0.7670767797857797
0.009101251422070534,0.767136869620082
0.009101251422070534,0.7671669145372332
0.009101251422070534,0.7673622064987156
0.009101251422070534,0.7673922514158668
0.009101251422070534,0.767452341250169
0.00918251259548188,0.767452341250169
0.00918251259548188,0.767557498460198
0.00918251259548188,0.7675875433773491
0.00918251259548188,0.7679180374660117
0.00918251259548188,0.7679480823831628
0.00918251259548188,0.767978127300314
0.009263773768893223,0.767978127300314
0.009263773768893223,0.7679931497588895
0.009263773768893223,0.7680382171346163
0.009263773768893223,0.7680682620517674
0.009263773768893223,0.7681133294274941
0.009263773768893223,0.7683837336818544
0.009263773768893223,0.7684137785990055
0.009263773768893223,0.7685640031847613
0.009263773768893223,0.7685940481019123
0.009263773768893223,0.7687592951462436
0.009263773768893223,0.7687893400633947
0.009263773768893223,0.7690146769420283
0.009345034942304566,0.7690146769420283
0.009345034942304566,0.769059744317755
0.009345034942304566,0.7690897892349062
0.009345034942304566,0.7691799239863596
0.009345034942304566,0.7692099689035108
0.009345034942304566,0.7694653506992954
0.009345034942304566,0.7694953956164466
0.009345034942304566,0.7701864287109228
0.009345034942304566,0.770216473628074
0.009345034942304566,0.7702615410038007
0.009345034942304566,0.7702915859209518
0.009345034942304566,0.7704267880481319
0.009345034942304566,0.7704568329652831
0.009345034942304566,0.7705169227995854
0.009345034942304566,0.7705770126338877
0.009345034942304566,0.7707122147610678
0.009345034942304566,0.770742259678219
0.009345034942304566,0.7708624393468235
0.009345034942304566,0.7708924842639746
0.009345034942304566,0.7709225291811258
0.009345034942304566,0.7709525740982769
0.009345034942304566,0.7710427088497304
0.009345034942304566,0.771192933435486
0.009345034942304566,0.7712530232697883
0.009345034942304566,0.7712680457283639
0.009345034942304566,0.7713581804798173
0.009345034942304566,0.7713882253969685
0.009345034942304566,0.7714182703141196
0.009345034942304566,0.771508405065573
0.009345034942304566,0.7715384499827241
0.009345034942304566,0.7716135622756021
0.009345034942304566,0.7716586296513287
0.009345034942304566,0.7716886745684799
0.009345034942304566,0.771718719485631
0.009345034942304566,0.7718839665299623
0.009345034942304566,0.7719741012814157
0.009345034942304566,0.7720041461985668
0.009345034942304566,0.772034191115718
0.009345034942304566,0.7720492135742936
0.009345034942304566,0.7720792584914448
0.009345034942304566,0.7723196178286539
0.009345034942304566,0.772349662745805
0.009345034942304566,0.7723947301215317
0.009345034942304566,0.772454819955834
0.009345034942304566,0.7724848648729851
0.009345034942304566,0.7726050445415896
0.009345034942304566,0.7726350894587408
0.009345034942304566,0.7727252242101943
0.009426296115715911,0.7727252242101943
0.009426296115715911,0.7728454038787989
0.009426296115715911,0.7728754487959499
0.009426296115715911,0.7729054937131011
0.009426296115715911,0.7729655835474034
0.009426296115715911,0.7729956284645545
0.009426296115715911,0.7730406958402812
0.009426296115715911,0.7730707407574323
0.009426296115715911,0.7731007856745835
0.009507557289127255,0.7731007856745835
0.009507557289127255,0.7733261225532171
0.009507557289127255,0.7733862123875194
0.009507557289127255,0.773536436973275
0.009588818462538598,0.773536436973275
0.009588818462538598,0.7736716391004552
0.009588818462538598,0.7737016840176063
0.009588818462538598,0.7740772454819956
0.009588818462538598,0.7741373353162979
0.009588818462538598,0.7741974251506002
0.009588818462538598,0.7742274700677513
0.009588818462538598,0.7742875599020536
0.009588818462538598,0.7743176048192048
0.009588818462538598,0.7744077395706581
0.009588818462538598,0.7744377844878093
0.009588818462538598,0.7744678294049604
0.009670079635949944,0.7744678294049604
0.009670079635949944,0.7744828518635359
0.009670079635949944,0.7745128967806871
0.009670079635949944,0.7745579641564139
0.009670079635949944,0.774588009073565
0.009670079635949944,0.7748283684107741
0.009670079635949944,0.7748584133279253
0.009670079635949944,0.7749785929965298
0.009670079635949944,0.7750086379136809
0.009670079635949944,0.7750537052894076
0.009670079635949944,0.7750837502065588
0.009670079635949944,0.7751438400408611
0.009670079635949944,0.7752189523337389
0.009670079635949944,0.77524899725089
0.009670079635949944,0.7752790421680412
0.009670079635949944,0.7755043790466748
0.009670079635949944,0.7755344239638259
0.009670079635949944,0.7755945137981282
0.009670079635949944,0.7756245587152794
0.009670079635949944,0.7756546036324304
0.009670079635949944,0.7757146934667327
0.009670079635949944,0.7757297159253084
0.009670079635949944,0.7757597608424595
0.009670079635949944,0.7758198506767617
0.009670079635949944,0.7758498955939129
0.009670079635949944,0.7758649180524885
0.009670079635949944,0.7758949629696396
0.009670079635949944,0.7760451875553953
0.009670079635949944,0.776090254931122
0.009670079635949944,0.7761202998482731
0.009670079635949944,0.7761803896825754
0.009670079635949944,0.7762104345997266
0.009670079635949944,0.7762705244340289
0.009670079635949944,0.7763456367269067
0.009670079635949944,0.776405726561209
0.009670079635949944,0.7765409286883891
0.009670079635949944,0.7765709736055403
0.009670079635949944,0.776616040981267
0.009670079635949944,0.7766460858984181
0.009670079635949944,0.7767362206498716
0.009670079635949944,0.7767662655670227
0.009670079635949944,0.7768714227770517
0.009670079635949944,0.7769164901527784
0.009670079635949944,0.7770967596556853
0.009670079635949944,0.7771268045728363
0.009670079635949944,0.7772019168657143
0.009670079635949944,0.7772319617828654
0.009670079635949944,0.7774723211200745
0.009751340809361287,0.7774723211200745
0.009751340809361287,0.7775023660372257
0.009751340809361287,0.7775324109543768
0.009751340809361287,0.7775474334129524
0.009751340809361287,0.7775774783301035
0.009751340809361287,0.7776525906229813
0.009751340809361287,0.7776826355401325
0.009751340809361287,0.7778028152087371
0.009751340809361287,0.7778629050430393
0.009751340809361287,0.7782084215902775
0.00983260198277263,0.7782084215902775
0.00983260198277263,0.7782384665074286
0.00983260198277263,0.7783736686346088
0.00983260198277263,0.7784037135517599
0.00983260198277263,0.7785990055132423
0.00983260198277263,0.7786590953475446
0.00983260198277263,0.7787041627232713
0.00983260198277263,0.7787191851818469
0.00983260198277263,0.7787792750161492
0.009913863156183976,0.7787792750161492
0.009913863156183976,0.7789895894362071
0.009913863156183976,0.7790196343533583
0.009913863156183976,0.7791848813976896
0.009995124329595319,0.7791848813976896
0.009995124329595319,0.7793501284420208
0.009995124329595319,0.779380173359172
0.009995124329595319,0.779936004326468
0.009995124329595319,0.7799660492436192
0.009995124329595319,0.780041161536497
0.009995124329595319,0.7800712064536482
0.009995124329595319,0.7801913861222528
0.009995124329595319,0.7802214310394039
0.009995124329595319,0.7802514759565551
0.009995124329595319,0.7802815208737062
0.009995124329595319,0.7802965433322817
0.009995124329595319,0.7804017005423107
0.009995124329595319,0.780461790376613
0.009995124329595319,0.7805068577523397
0.009995124329595319,0.7805369026694909
0.009995124329595319,0.780566947586642
0.009995124329595319,0.7808073069238511
0.009995124329595319,0.7808673967581534
0.009995124329595319,0.7810777111782115
0.009995124329595319,0.7811077560953625
0.009995124329595319,0.7811528234710893
0.009995124329595319,0.7812279357639671
0.009995124329595319,0.7812579806811183
0.009995124329595319,0.7813781603497229
0.009995124329595319,0.7814382501840251
0.009995124329595319,0.7814532726426007
0.009995124329595319,0.7815283849354785
0.009995124329595319,0.7815584298526297
0.009995124329595319,0.7815884747697808
0.009995124329595319,0.781648564604083
0.010076385503006663,0.781648564604083
0.010076385503006663,0.7817086544383853
0.010076385503006663,0.7817537218141121
0.010076385503006663,0.7817837667312633
0.010076385503006663,0.7819039463998678
0.010076385503006663,0.7819339913170189
0.010076385503006663,0.7819490137755946
0.010076385503006663,0.7819790586927456
0.010076385503006663,0.7821443057370769
0.010076385503006663,0.7821893731128037
0.010076385503006663,0.782249462947106
0.010076385503006663,0.782279507864257
0.010076385503006663,0.7822945303228326
0.010076385503006663,0.7823245752399838
0.010076385503006663,0.7824447549085883
0.010076385503006663,0.7824747998257395
0.010076385503006663,0.7825348896600418
0.010076385503006663,0.7825649345771929
0.010076385503006663,0.7825799570357684
0.010076385503006663,0.782700136704373
0.010076385503006663,0.7827301816215242
0.010076385503006663,0.7828353388315532
0.010076385503006663,0.7828653837487043
0.010076385503006663,0.7828954286658555
0.010157646676418008,0.7828954286658555
0.010157646676418008,0.7829705409587333
0.010157646676418008,0.78301560833446
0.010157646676418008,0.7830456532516111
0.010157646676418008,0.7832559676716692
0.010157646676418008,0.7832860125888202
0.010157646676418008,0.783331079964547
0.010157646676418008,0.7833911697988493
0.010157646676418008,0.7834212147160005
0.010157646676418008,0.7834662820917271
0.010157646676418008,0.7834963270088783
0.010157646676418008,0.7835113494674538
0.010157646676418008,0.7835564168431806
0.010157646676418008,0.7836315291360584
0.010157646676418008,0.7836916189703607
0.010157646676418008,0.7837967761803897
0.010157646676418008,0.7838268210975409
0.010157646676418008,0.7838718884732675
0.010157646676418008,0.7842624723962324
0.010157646676418008,0.7843225622305346
0.010157646676418008,0.7843826520648369
0.010157646676418008,0.7844126969819881
0.010157646676418008,0.7844427418991392
0.010157646676418008,0.7845028317334415
0.010157646676418008,0.7846380338606216
0.010157646676418008,0.7846680787777728
0.010157646676418008,0.7848934156564064
0.010157646676418008,0.7849535054907086
0.010157646676418008,0.7850586627007377
0.010157646676418008,0.7850887076178887
0.010157646676418008,0.78525395466222
0.010157646676418008,0.7852990220379468
0.010157646676418008,0.785569426292307
0.010157646676418008,0.7855994712094582
0.010157646676418008,0.7857647182537895
0.010238907849829351,0.7857647182537895
0.010238907849829351,0.7859299652981206
0.010238907849829351,0.7859900551324229
0.010238907849829351,0.7860201000495741
0.010238907849829351,0.7861102348010275
0.010238907849829351,0.7861402797181787
0.010238907849829351,0.7862905043039344
0.010238907849829351,0.7863205492210855
0.010238907849829351,0.7863656165968123
0.010238907849829351,0.7863956615139633
0.010238907849829351,0.7866660657683237
0.010238907849829351,0.7867261556026259
0.010238907849829351,0.7868012678955038
0.010238907849829351,0.786831312812655
0.010238907849829351,0.7868763801883817
0.010238907849829351,0.7869214475641083
0.010238907849829351,0.786936470022684
0.010238907849829351,0.786966514939835
0.010238907849829351,0.7871017170670151
0.010238907849829351,0.7871317619841663
0.010238907849829351,0.7872519416527709
0.010238907849829351,0.787281986569922
0.010238907849829351,0.7873270539456487
0.010238907849829351,0.7873570988627999
0.010238907849829351,0.7874171886971022
0.010238907849829351,0.7874622560728288
0.010238907849829351,0.78749230098998
0.010238907849829351,0.7875223459071312
0.010238907849829351,0.7875674132828578
0.010238907849829351,0.787597458200009
0.010238907849829351,0.7876124806585846
0.010238907849829351,0.7876425255757358
0.010238907849829351,0.7877476827857647
0.010238907849829351,0.7878378175372182
0.010238907849829351,0.7878528399957937
0.010238907849829351,0.7878979073715204
0.010238907849829351,0.7879579972058227
0.010238907849829351,0.7880331094987005
0.010238907849829351,0.7880781768744273
0.010238907849829351,0.788123244250154
0.010238907849829351,0.788228401460183
0.010238907849829351,0.7886640527588745
0.010238907849829351,0.7887091201346013
0.010238907849829351,0.7888142773446303
0.010238907849829351,0.7888443222617814
0.010238907849829351,0.7888893896375081
0.010238907849829351,0.7889194345546592
0.010238907849829351,0.7889494794718104
0.010238907849829351,0.7890095693061127
0.010238907849829351,0.7891447714332928
0.010238907849829351,0.789174816350444
0.010238907849829351,0.7892349061847462
0.010238907849829351,0.7892649511018973
0.010238907849829351,0.7895353553562576
0.010238907849829351,0.7895654002734087
0.010238907849829351,0.7895954451905599
0.010238907849829351,0.7896405125662866
0.010238907849829351,0.7897757146934667
0.010238907849829351,0.7898057596106178
0.010238907849829351,0.7898207820691935
0.010238907849829351,0.7898658494449201
0.010238907849829351,0.7900761638649781
0.010238907849829351,0.7901062087821293
0.010238907849829351,0.7901813210750072
0.010238907849829351,0.7903015007436117
0.010238907849829351,0.7903315456607628
0.010238907849829351,0.7903916354950651
0.010238907849829351,0.7904367028707918
0.010238907849829351,0.7907521745008789
0.010238907849829351,0.79078221941803
0.010238907849829351,0.7909474664623612
0.010238907849829351,0.7910526236723903
0.010238907849829351,0.7911277359652681
0.010238907849829351,0.7911728033409948
0.010238907849829351,0.7912479156338726
0.010238907849829351,0.7912779605510237
0.010238907849829351,0.7913080054681749
0.010238907849829351,0.7913680953024772
0.010238907849829351,0.7913831177610527
0.010238907849829351,0.7914131626782039
0.010238907849829351,0.7914732525125062
0.010320169023240696,0.7914732525125062
0.010320169023240696,0.7914882749710818
0.010320169023240696,0.791518319888233
0.010320169023240696,0.7916685444739886
0.010320169023240696,0.7917286343082909
0.010320169023240696,0.7917436567668664
0.010320169023240696,0.7917737016840176
0.010320169023240696,0.7919990385626512
0.010320169023240696,0.7920290834798023
0.010320169023240696,0.7924196674027671
0.010320169023240696,0.7924497123199182
0.010320169023240696,0.7925098021542205
0.010320169023240696,0.7925398470713717
0.010320169023240696,0.7927201165742785
0.01040143019665204,0.7927201165742785
0.01040143019665204,0.7929003860771854
0.01040143019665204,0.7929304309943366
0.01040143019665204,0.7931707903315457
0.01040143019665204,0.7932008352486968
0.01040143019665204,0.7932459026244235
0.01040143019665204,0.7933210149173013
0.01040143019665204,0.7934411945859059
0.01040143019665204,0.7935012844202082
0.01040143019665204,0.7935163068787838
0.01040143019665204,0.7935463517959349
0.01040143019665204,0.7935914191716616
0.01040143019665204,0.7936214640888127
0.01040143019665204,0.793786711133144
0.01040143019665204,0.7938317785088708
0.01040143019665204,0.7940871603046554
0.01040143019665204,0.7941322276803822
0.01040143019665204,0.7943725870175913
0.01040143019665204,0.7944026319347425
0.01040143019665204,0.7944777442276203
0.01040143019665204,0.7945077891447714
0.01040143019665204,0.7945829014376493
0.01040143019665204,0.794627968813376
0.01040143019665204,0.7947932158577072
0.01040143019665204,0.7948232607748584
0.01040143019665204,0.7951537548635209
0.01040143019665204,0.7952138446978232
0.01040143019665204,0.7954542040350324
0.01040143019665204,0.7955293163279102
0.01040143019665204,0.7957846981236949
0.01040143019665204,0.7958297654994216
0.01040143019665204,0.7959349227094507
0.01040143019665204,0.7959649676266017
0.01040143019665204,0.796025057460904
0.01040143019665204,0.7960551023780552
0.01040143019665204,0.7960701248366308
0.01040143019665204,0.796130214670933
0.01040143019665204,0.796235371880962
0.01040143019665204,0.7962654167981131
0.01040143019665204,0.7962954617152643
0.01040143019665204,0.7963555515495666
0.01040143019665204,0.7963855964667177
0.01040143019665204,0.7964607087595956
0.01040143019665204,0.7964907536767467
0.01040143019665204,0.796550843511049
0.01040143019665204,0.7965808884282002
0.01040143019665204,0.7967461354725315
0.010482691370063383,0.7967461354725315
0.010482691370063383,0.7967761803896826
0.010563952543474728,0.7967761803896826
0.010563952543474728,0.7968212477654093
0.010563952543474728,0.7968512926825604
0.010563952543474728,0.7969264049754383
0.010645213716886072,0.7969264049754383
0.010645213716886072,0.7971517418540718
0.010645213716886072,0.797181786771223
0.010645213716886072,0.7971968092297985
0.010645213716886072,0.7972268541469497
0.010645213716886072,0.7972568990641008
0.010645213716886072,0.797286943981252
0.010645213716886072,0.7973320113569787
0.010645213716886072,0.7973620562741298
0.010645213716886072,0.797392101191281
0.010645213716886072,0.7974221461084321
0.010645213716886072,0.7975122808598856
0.010645213716886072,0.7975423257770367
0.010645213716886072,0.7976775279042168
0.010645213716886072,0.7977225952799435
0.010645213716886072,0.7977526401970947
0.010645213716886072,0.7977826851142458
0.010645213716886072,0.797842774948548
0.010645213716886072,0.7978878423242748
0.010645213716886072,0.7979329097000015
0.010645213716886072,0.7980380669100305
0.010645213716886072,0.7980681118271816
0.010645213716886072,0.7983234936229663
0.010645213716886072,0.7983535385401175
0.010645213716886072,0.7984286508329953
0.010645213716886072,0.7984586957501465
0.010645213716886072,0.7985037631258732
0.010645213716886072,0.7985338080430243
0.010645213716886072,0.7985488305015999
0.010645213716886072,0.798578875418751
0.010645213716886072,0.7988042122973846
0.010645213716886072,0.7988342572145357
0.010645213716886072,0.7988492796731113
0.010645213716886072,0.798894347048838
0.010645213716886072,0.7989544368831403
0.010645213716886072,0.7989844818002915
0.010645213716886072,0.799104661468896
0.010645213716886072,0.7991347063860471
0.010645213716886072,0.7991797737617738
0.010645213716886072,0.799209818678925
0.010645213716886072,0.7992548860546517
0.010645213716886072,0.7992999534303784
0.010645213716886072,0.799420133098983
0.010645213716886072,0.7994501780161342
0.010645213716886072,0.7994952453918608
0.010726474890297415,0.7994952453918608
0.010726474890297415,0.7996004026018898
0.010726474890297415,0.799630447519041
0.010726474890297415,0.7999609416077035
0.010726474890297415,0.7999909865248547
0.010726474890297415,0.8001712560277615
0.010726474890297415,0.8002313458620638
0.010726474890297415,0.8003515255306684
0.010726474890297415,0.8004116153649706
0.010726474890297415,0.8005167725749996
0.010726474890297415,0.8005468174921507
0.010726474890297415,0.8005918848678775
0.010726474890297415,0.8007871768293598
0.010726474890297415,0.800817221746511
0.010726474890297415,0.8008322442050866
0.010726474890297415,0.8008773115808133
0.010726474890297415,0.8012678955037782
0.010726474890297415,0.8013129628795048
0.010726474890297415,0.801343007796656
0.010726474890297415,0.8013730527138071
0.010726474890297415,0.8015833671338651
0.010726474890297415,0.8016134120510162
0.010726474890297415,0.8019439061396788
0.010726474890297415,0.80197395105683
0.010726474890297415,0.8020190184325566
0.010726474890297415,0.8020490633497078
0.010726474890297415,0.8020791082668589
0.01080773606370876,0.8020791082668589
0.01080773606370876,0.8022143103940391
0.01080773606370876,0.8022443553111902
0.01080773606370876,0.8023645349797948
0.01080773606370876,0.802394579896946
0.01080773606370876,0.8024396472726727
0.01080773606370876,0.8024696921898238
0.010888997237120104,0.8024696921898238
0.010888997237120104,0.8025147595655505
0.010888997237120104,0.8025598269412773
0.010888997237120104,0.8025898718584283
0.010888997237120104,0.802845253654213
0.010888997237120104,0.8029053434885153
0.010888997237120104,0.8029353884056665
0.010888997237120104,0.8031457028257245
0.010888997237120104,0.8031757477428756
0.010888997237120104,0.8032208151186023
0.010888997237120104,0.8032508600357534
0.010888997237120104,0.8033560172457824
0.010888997237120104,0.8033860621629336
0.010888997237120104,0.8034461519972359
0.010888997237120104,0.8034912193729625
0.010888997237120104,0.8037165562515961
0.010888997237120104,0.8038066910030496
0.010888997237120104,0.8038667808373519
0.010888997237120104,0.8038968257545029
0.010888997237120104,0.8039118482130786
0.010888997237120104,0.8039719380473809
0.010888997237120104,0.8040620727988342
0.010888997237120104,0.8040921177159854
0.010888997237120104,0.8043024321360434
0.010888997237120104,0.8043324770531946
0.010888997237120104,0.8043925668874968
0.010888997237120104,0.8044827016389502
0.010888997237120104,0.8045127465561014
0.010888997237120104,0.8045427914732525
0.010888997237120104,0.8045728363904037
0.010888997237120104,0.8046028813075548
0.010888997237120104,0.804662971141857
0.010888997237120104,0.8047080385175838
0.010888997237120104,0.8048131957276128
0.010888997237120104,0.8048732855619151
0.010888997237120104,0.8052338245677287
0.010970258410531447,0.8052338245677287
0.010970258410531447,0.805293914402031
0.010970258410531447,0.8053239593191822
0.010970258410531447,0.8053540042363333
0.010970258410531447,0.80539907161206
0.010970258410531447,0.8054140940706356
0.010970258410531447,0.8054441389877868
0.010970258410531447,0.8056694758664203
0.010970258410531447,0.805714543242147
0.010970258410531447,0.8057746330764493
0.010970258410531447,0.805819700452176
0.010970258410531447,0.8058347229107515
0.010970258410531447,0.8058647678279027
0.010970258410531447,0.8059999699550828
0.010970258410531447,0.8060600597893851
0.010970258410531447,0.8060750822479607
0.011051519583942793,0.8060750822479607
0.011051519583942793,0.8061051271651118
0.011051519583942793,0.8061351720822629
0.011051519583942793,0.8062102843751409
0.011051519583942793,0.806240329292292
0.011051519583942793,0.8064356212537744
0.011051519583942793,0.8064656661709255
0.011051519583942793,0.8064957110880767
0.011051519583942793,0.8065407784638033
0.011051519583942793,0.8066158907566813
0.011051519583942793,0.8066759805909836
0.011051519583942793,0.8066910030495591
0.011051519583942793,0.8067210479667102
0.011051519583942793,0.8067510928838614
0.011051519583942793,0.8067811378010125
0.011051519583942793,0.8068262051767392
0.011132780757354136,0.8068262051767392
0.011132780757354136,0.8068862950110415
0.011132780757354136,0.8069463848453438
0.011132780757354136,0.806976429762495
0.01121404193076548,0.806976429762495
0.01121404193076548,0.807006474679646
0.01121404193076548,0.8070515420553728
0.01121404193076548,0.8071566992654018
0.01121404193076548,0.8072017666411285
0.01121404193076548,0.8073219463097331
0.01121404193076548,0.8073519912268842
0.01121404193076548,0.8074421259783376
0.01121404193076548,0.8074721708954887
0.01121404193076548,0.8075022158126399
0.01121404193076548,0.807532260729791
0.01121404193076548,0.8076223954812445
0.01121404193076548,0.8076674628569712
0.01121404193076548,0.8079078221941803
0.01121404193076548,0.8079378671113314
0.01121404193076548,0.807952889569907
0.01121404193076548,0.8079979569456337
0.01121404193076548,0.8082833836585696
0.011295303104176825,0.8082833836585696
0.011295303104176825,0.8084185857857497
0.011295303104176825,0.8084486307029009
0.011295303104176825,0.8084936980786276
0.011295303104176825,0.8085237429957787
0.011295303104176825,0.8085387654543542
0.011295303104176825,0.8085688103715054
0.011295303104176825,0.8085988552886565
0.011295303104176825,0.8086289002058077
0.011295303104176825,0.80868899004011
0.011376564277588168,0.80868899004011
0.011376564277588168,0.8087040124986855
0.011376564277588168,0.8087340574158367
0.011376564277588168,0.8088842820015923
0.011376564277588168,0.8089143269187435
0.011376564277588168,0.8089443718358946
0.011376564277588168,0.8089744167530458
0.011376564277588168,0.8090194841287726
0.011376564277588168,0.8090495290459236
0.011376564277588168,0.8091997536316794
0.011376564277588168,0.8092297985488305
0.011376564277588168,0.8092598434659817
0.011376564277588168,0.8093349557588595
0.011376564277588168,0.8094100680517373
0.011376564277588168,0.8094401129688885
0.011376564277588168,0.8095152252617663
0.011376564277588168,0.8095452701789175
0.011376564277588168,0.8095602926374931
0.011376564277588168,0.8095903375546442
0.011376564277588168,0.8096203824717954
0.011376564277588168,0.8096504273889464
0.011376564277588168,0.8096654498475221
0.011376564277588168,0.8097255396818244
0.011376564277588168,0.8097856295161266
0.011376564277588168,0.8098306968918533
0.011376564277588168,0.8098907867261556
0.011376564277588168,0.8099058091847312
0.011376564277588168,0.8099358541018823
0.011376564277588168,0.8099658990190335
0.011376564277588168,0.8099959439361846
0.011376564277588168,0.8100259888533358
0.011376564277588168,0.8100560337704868
0.011376564277588168,0.8101011011462136
0.011376564277588168,0.8101311460633648
0.011376564277588168,0.8102813706491204
0.011376564277588168,0.8103264380248472
0.011376564277588168,0.8103564829419982
0.011376564277588168,0.8105217299863295
0.011376564277588168,0.8105517749034807
0.011376564277588168,0.8106268871963586
0.011376564277588168,0.8106569321135096
0.011376564277588168,0.8106869770306608
0.011376564277588168,0.8107470668649631
0.011376564277588168,0.8107620893235387
0.011376564277588168,0.8107921342406899
0.011376564277588168,0.8111076058707768
0.011376564277588168,0.8111676957050791
0.011376564277588168,0.8114080550422882
0.011376564277588168,0.8114380999594394
0.011376564277588168,0.8114531224180149
0.011457825450999512,0.8114531224180149
0.011457825450999512,0.8115132122523172
0.011457825450999512,0.8117685940481019
0.011457825450999512,0.8117986389652531
0.011457825450999512,0.8118587287995553
0.011457825450999512,0.8119037961752821
0.011457825450999512,0.8120089533853111
0.011457825450999512,0.8120540207610377
0.011457825450999512,0.8121441555124912
0.011457825450999512,0.8121892228882179
0.011457825450999512,0.8123694923911248
0.011457825450999512,0.8123995373082759
0.011457825450999512,0.8124896720597293
0.011457825450999512,0.8125197169768804
0.011457825450999512,0.8126549191040606
0.011457825450999512,0.8126849640212117
0.011457825450999512,0.8128051436898163
0.011457825450999512,0.8128351886069675
0.011457825450999512,0.8130605254856009
0.011457825450999512,0.8130905704027521
0.011457825450999512,0.8133609746571124
0.011457825450999512,0.8134210644914147
0.011457825450999512,0.8135262217014436
0.011457825450999512,0.8135863115357459
0.011457825450999512,0.8136764462871994
0.011457825450999512,0.8137064912043505
0.011457825450999512,0.813826670872955
0.011539086624410857,0.813826670872955
0.011539086624410857,0.8139468505415597
0.011539086624410857,0.8139919179172863
0.011539086624410857,0.8141421425030421
0.011539086624410857,0.8141721874201931
0.011539086624410857,0.8141872098787688
0.011539086624410857,0.8142322772544954
0.011539086624410857,0.8142623221716466
0.011539086624410857,0.8142773446302222
0.011539086624410857,0.8143073895473734
0.011539086624410857,0.8143224120059489
0.011539086624410857,0.8143524569231
0.011539086624410857,0.8146829510117626
0.011539086624410857,0.8147280183874893
0.011539086624410857,0.814773085763216
0.011539086624410857,0.8148031306803671
0.011539086624410857,0.8148181531389427
0.011539086624410857,0.8148481980560939
0.011539086624410857,0.814878242973245
0.011539086624410857,0.8149082878903962
0.011539086624410857,0.8149984226418495
0.011539086624410857,0.8150434900175763
0.011539086624410857,0.8154040290233899
0.011539086624410857,0.8154490963991167
0.011539086624410857,0.8154641188576922
0.011539086624410857,0.8154941637748434
0.011539086624410857,0.8159448375321106
0.011539086624410857,0.8159899049078372
0.011539086624410857,0.8161100845764417
0.011539086624410857,0.8161401294935929
0.011539086624410857,0.8162002193278952
0.011539086624410857,0.8162302642450463
0.011539086624410857,0.816245286703622
0.011539086624410857,0.816275331620773
0.011539086624410857,0.8162903540793486
0.011539086624410857,0.8163203989964998
0.011539086624410857,0.816380488830802
0.011539086624410857,0.8164405786651043
0.011539086624410857,0.8165457358751333
0.011539086624410857,0.8165908032508601
0.011539086624410857,0.8167410278366157
0.011539086624410857,0.8167710727537669
0.011539086624410857,0.8168311625880692
0.011539086624410857,0.8168612075052203
0.0116203477978222,0.8168612075052203
0.0116203477978222,0.8169363197980981
0.0116203477978222,0.8169663647152493
0.0116203477978222,0.8170264545495516
0.0116203477978222,0.8170564994667027
0.0116203477978222,0.8176874427268767
0.0116203477978222,0.8177174876440279
0.0116203477978222,0.8180179368155392
0.0116203477978222,0.8181080715669926
0.0116203477978222,0.8182883410698994
0.011701608971233545,0.8182883410698994
0.011701608971233545,0.8184235431970797
0.011701608971233545,0.8184535881142307
0.011701608971233545,0.818513677948533
0.011701608971233545,0.8185437228656842
0.011701608971233545,0.8186038126999865
0.011701608971233545,0.8186338576171376
0.011701608971233545,0.8186939474514399
0.011782870144644889,0.8186939474514399
0.011782870144644889,0.8188742169543467
0.011782870144644889,0.8189042618714979
0.011782870144644889,0.8189943966229513
0.011782870144644889,0.8190244415401025
0.011782870144644889,0.8190695089158292
0.011864131318056232,0.8190695089158292
0.011864131318056232,0.819144621208707
0.011864131318056232,0.8191746661258582
0.011864131318056232,0.8193849805459161
0.011864131318056232,0.8194150254630673
0.011864131318056232,0.8194450703802184
0.011864131318056232,0.8194901377559451
0.011864131318056232,0.8195201826730962
0.011864131318056232,0.8197455195517298
0.011945392491467578,0.8197455195517298
0.011945392491467578,0.819775564468881
0.011945392491467578,0.8198206318446077
0.011945392491467578,0.8200309462646657
0.012026653664878921,0.8200309462646657
0.012026653664878921,0.8201361034746947
0.012026653664878921,0.8201661483918458
0.012026653664878921,0.8202713056018748
0.012026653664878921,0.820301350519026
0.012026653664878921,0.8206017996905374
0.012107914838290264,0.8206017996905374
0.012107914838290264,0.8206318446076885
0.01218917601170161,0.8206318446076885
0.01218917601170161,0.8207820691934442
0.01218917601170161,0.820827136569171
0.01218917601170161,0.8208421590277465
0.01218917601170161,0.8208872264034732
0.01218917601170161,0.8209322937791999
0.01218917601170161,0.820962338696351
0.01218917601170161,0.8211576306578334
0.01218917601170161,0.8211876755749846
0.01218917601170161,0.8213379001607403
0.012270437185112953,0.8213379001607403
0.012270437185112953,0.8213529226193159
0.012270437185112953,0.821382967536467
0.012270437185112953,0.8215782594979494
0.012270437185112953,0.8216083044151006
0.012270437185112953,0.8216233268736761
0.012270437185112953,0.8216533717908273
0.012270437185112953,0.8217435065422807
0.012351698358524297,0.8217435065422807
0.012351698358524297,0.8219688434209143
0.012351698358524297,0.8219988883380654
0.012351698358524297,0.8222993375095768
0.012351698358524297,0.8223444048853036
0.012351698358524297,0.8224796070124837
0.012351698358524297,0.822539696846786
0.012351698358524297,0.822644854056815
0.012351698358524297,0.8227349888082683
0.012351698358524297,0.8227650337254195
0.012351698358524297,0.8228251235597218
0.012432959531935642,0.8228251235597218
0.012432959531935642,0.8229152583111752
0.012432959531935642,0.8229453032283264
0.012432959531935642,0.8229603256869019
0.012432959531935642,0.8229903706040531
0.012432959531935642,0.8230354379797797
0.012432959531935642,0.82317064010696
0.012432959531935642,0.8232307299412622
0.012432959531935642,0.8234861117370469
0.012432959531935642,0.823516156654198
0.012432959531935642,0.8235462015713492
0.012514220705346985,0.8235462015713492
0.012514220705346985,0.8235762464885004
0.012514220705346985,0.8236062914056514
0.012514220705346985,0.8241170549972209
0.012514220705346985,0.824147099914372
0.012514220705346985,0.8241621223729475
0.012514220705346985,0.8241921672900987
0.012514220705346985,0.8244325266273078
0.012514220705346985,0.8244775940030346
0.012514220705346985,0.8245076389201856
0.012514220705346985,0.8247630207159704
0.012514220705346985,0.8247930656331215
0.012514220705346985,0.8249733351360283
0.012514220705346985,0.8250033800531795
0.012514220705346985,0.8250334249703306
0.012514220705346985,0.8250634698874818
0.012514220705346985,0.8251836495560864
0.012514220705346985,0.8252136944732374
0.012514220705346985,0.8253188516832665
0.012595481878758329,0.8253188516832665
0.012595481878758329,0.8253789415175687
0.012595481878758329,0.8254089864347199
0.012595481878758329,0.8257695254405336
0.012595481878758329,0.8257995703576847
0.012595481878758329,0.8262502441149518
0.012595481878758329,0.8262953114906786
0.012595481878758329,0.8264004687007076
0.012595481878758329,0.8264305136178587
0.012595481878758329,0.8264605585350099
0.012595481878758329,0.8265206483693122
0.012595481878758329,0.8265356708278877
0.012595481878758329,0.8265807382036144
0.012595481878758329,0.8266107831207655
0.012595481878758329,0.8266408280379167
0.012595481878758329,0.8267610077065213
0.012595481878758329,0.8267910526236724
0.012595481878758329,0.8269112322922769
0.012676743052169674,0.8269112322922769
0.012676743052169674,0.8269713221265792
0.012758004225581017,0.8269713221265792
0.012758004225581017,0.8269863445851549
0.012758004225581017,0.8270163895023059
0.012758004225581017,0.8272116814637883
0.01283926539899236,0.8272116814637883
0.01283926539899236,0.8273619060495441
0.01283926539899236,0.8273919509666952
0.01283926539899236,0.8274670632595731
0.01283926539899236,0.8274971081767242
0.01283926539899236,0.8276924001382067
0.01283926539899236,0.8277374675139333
0.01283926539899236,0.8277524899725089
0.01283926539899236,0.8277975573482356
0.01283926539899236,0.8278276022653868
0.01283926539899236,0.8279477819339913
0.01283926539899236,0.8279928493097181
0.01283926539899236,0.8281430738954737
0.01283926539899236,0.8281881412712004
0.01283926539899236,0.8282482311055027
0.01283926539899236,0.8282932984812295
0.01283926539899236,0.828308320939805
0.012920526572403706,0.828308320939805
0.012920526572403706,0.8284735679841363
0.012920526572403706,0.8285336578184386
0.012920526572403706,0.8286087701113164
0.012920526572403706,0.8286388150284676
0.012920526572403706,0.8286838824041942
0.012920526572403706,0.8287439722384966
0.012920526572403706,0.8289242417414034
0.012920526572403706,0.8289693091171301
0.012920526572403706,0.8291045112443103
0.01300178774581505,0.8291045112443103
0.01300178774581505,0.8291796235371881
0.01300178774581505,0.8292096684543392
0.01300178774581505,0.8293448705815194
0.01300178774581505,0.8294049604158217
0.01300178774581505,0.8294199828743972
0.013083048919226393,0.8294199828743972
0.013083048919226393,0.8294350053329728
0.013083048919226393,0.8295251400844262
0.013083048919226393,0.8295551850015773
0.013083048919226393,0.8295852299187285
0.013083048919226393,0.8296603422116063
0.013083048919226393,0.8296903871287575
0.013083048919226393,0.8297504769630598
0.013164310092637738,0.8297504769630598
0.013164310092637738,0.8297805218802109
0.013164310092637738,0.8298406117145132
0.013164310092637738,0.8298556341730887
0.013164310092637738,0.8298856790902399
0.013164310092637738,0.8299758138416933
0.013164310092637738,0.8300058587588445
0.013164310092637738,0.830095993510298
0.013164310092637738,0.830126038427449
0.013164310092637738,0.8301861282617513
0.013164310092637738,0.8302462180960536
0.013164310092637738,0.8303063079303559
0.013164310092637738,0.8303513753060826
0.013164310092637738,0.8304715549746872
0.013164310092637738,0.8305015998918382
0.013164310092637738,0.8305316448089894
0.013164310092637738,0.8305616897261405
0.013164310092637738,0.8308771613562276
0.013245571266049081,0.8308771613562276
0.013245571266049081,0.8314480147820993
0.013245571266049081,0.8314780596992504
0.013245571266049081,0.831733441495035
0.013245571266049081,0.8317634864121862
0.013245571266049081,0.8317785088707618
0.013245571266049081,0.831808553787913
0.013245571266049081,0.8319287334565175
0.013245571266049081,0.8319738008322443
0.013245571266049081,0.8321390478765754
0.013245571266049081,0.8321841152523022
0.013245571266049081,0.8323042949209067
0.013245571266049081,0.8323343398380579
0.013245571266049081,0.8323794072137846
0.013245571266049081,0.8324845644238136
0.013245571266049081,0.8325446542581159
0.013245571266049081,0.8326648339267204
0.013245571266049081,0.8327099013024472
0.013245571266049081,0.832890170805354
0.013245571266049081,0.8329202157225052
0.013245571266049081,0.832995328015383
0.013245571266049081,0.8330253729325341
0.013245571266049081,0.8331605750597143
0.013245571266049081,0.8331906199768654
0.013245571266049081,0.8332957771868944
0.013245571266049081,0.8333408445626211
0.013245571266049081,0.8334460017726502
0.013245571266049081,0.8334760466898012
0.013245571266049081,0.833521114065528
0.013245571266049081,0.8335511589826791
0.013245571266049081,0.8336563161927081
0.013245571266049081,0.8337013835684348
0.013245571266049081,0.8337614734027371
0.013245571266049081,0.8337915183198882
0.013245571266049081,0.8339717878227951
0.013245571266049081,0.8340018327399462
0.013245571266049081,0.8341220124085508
0.013245571266049081,0.834152057325702
0.013245571266049081,0.8342121471600042
0.013245571266049081,0.8342572145357309
0.013245571266049081,0.8343323268286088
0.013245571266049081,0.8343773942043354
0.013245571266049081,0.8344374840386377
0.013245571266049081,0.8344675289557889
0.013245571266049081,0.8344825514143644
0.013245571266049081,0.8345125963315156
0.013245571266049081,0.8348731353373293
0.013326832439460427,0.8348731353373293
0.013326832439460427,0.8351735845088407
0.013326832439460427,0.8352036294259919
0.013326832439460427,0.8355040785975033
0.013326832439460427,0.8355491459732299
0.013326832439460427,0.8355791908903811
0.013326832439460427,0.8356092358075322
0.013326832439460427,0.8356693256418345
0.013326832439460427,0.8356993705589857
0.013326832439460427,0.8357444379347124
0.013326832439460427,0.835789505310439
0.013326832439460427,0.8358495951447414
0.013326832439460427,0.8358796400618925
0.013326832439460427,0.8359847972719215
0.013326832439460427,0.8360148421890726
0.013326832439460427,0.8360298646476483
0.013326832439460427,0.8360599095647994
0.013326832439460427,0.8361951116919795
0.013326832439460427,0.8362251566091307
0.013326832439460427,0.8362401790677062
0.013326832439460427,0.836315291360584
0.013326832439460427,0.8363453362777352
0.013326832439460427,0.8364504934877642
0.013326832439460427,0.8364805384049153
0.013326832439460427,0.8365256057806421
0.013326832439460427,0.8365556506977933
0.013326832439460427,0.8366007180735199
0.013326832439460427,0.8366457854492466
0.013326832439460427,0.8367659651178512
0.01340809361287177,0.8367659651178512
0.01340809361287177,0.8370814367479381
0.01340809361287177,0.8371114816650893
0.01340809361287177,0.837156549040816
0.01340809361287177,0.8372166388751183
0.01340809361287177,0.8372466837922694
0.013489354786283114,0.8372466837922694
0.013489354786283114,0.8372617062508451
0.013570615959694459,0.8372617062508451
0.013570615959694459,0.8372917511679961
0.013570615959694459,0.8375020655880542
0.013651877133105802,0.8375020655880542
0.013651877133105802,0.8375471329637808
0.013651877133105802,0.8376072227980831
0.013651877133105802,0.8376372677152343
0.013651877133105802,0.8376673126323854
0.013651877133105802,0.8377724698424144
0.013651877133105802,0.8378025147595656
0.013651877133105802,0.8379226944281701
0.013651877133105802,0.8379527393453212
0.013651877133105802,0.8380578965553502
0.013651877133105802,0.838102963931077
0.013651877133105802,0.8381630537653793
0.013733138306517146,0.8381630537653793
0.013733138306517146,0.8381930986825303
0.013733138306517146,0.8382832334339838
0.013895660653339834,0.8382832334339838
0.013895660653339834,0.8385536376883441
0.013895660653339834,0.8386137275226464
0.013895660653339834,0.8386437724397975
0.013976921826751178,0.8386437724397975
0.013976921826751178,0.8386888398155242
0.013976921826751178,0.8387188847326753
0.013976921826751178,0.8387489296498265
0.013976921826751178,0.8387939970255532
0.013976921826751178,0.8388090194841288
0.014058183000162523,0.8388090194841288
0.014058183000162523,0.8389141766941578
0.014058183000162523,0.8389442216113089
0.014058183000162523,0.8390343563627624
0.014139444173573866,0.8390343563627624
0.014139444173573866,0.8391395135727914
0.014139444173573866,0.8391695584899425
0.014139444173573866,0.8392146258656692
0.014139444173573866,0.8392446707828203
0.014139444173573866,0.8392596932413959
0.01422070534698521,0.8392596932413959
0.01422070534698521,0.8393498279928493
0.01422070534698521,0.8393798729100005
0.01422070534698521,0.839394895368576
0.014301966520396555,0.839394895368576
0.014301966520396555,0.8394099178271516
0.014301966520396555,0.8394549852028783
0.014301966520396555,0.8397554343743897
0.014301966520396555,0.839815524208692
0.014301966520396555,0.8399357038772965
0.014301966520396555,0.8399807712530233
0.014301966520396555,0.8400108161701744
0.014301966520396555,0.8400859284630523
0.014301966520396555,0.8401610407559301
0.014301966520396555,0.8402211305902324
0.014301966520396555,0.8402511755073835
0.014301966520396555,0.8403112653416859
0.014301966520396555,0.8403563327174125
0.014301966520396555,0.8404314450102904
0.014383227693807898,0.8404314450102904
0.014383227693807898,0.8404915348445927
0.014383227693807898,0.8405215797617438
0.014383227693807898,0.840551624678895
0.014383227693807898,0.8406117145131973
0.014383227693807898,0.8409872759775865
0.014383227693807898,0.8410173208947377
0.014383227693807898,0.8410473658118888
0.014383227693807898,0.84107741072904
0.014383227693807898,0.8412426577733711
0.014383227693807898,0.8412727026905223
0.014383227693807898,0.8413327925248246
0.014464488867219242,0.8413327925248246
0.014464488867219242,0.8413628374419757
0.014464488867219242,0.8416482641549116
0.014464488867219242,0.8417083539892138
0.014464488867219242,0.8418285336578184
0.014464488867219242,0.8418585785749696
0.014464488867219242,0.842159027746481
0.014464488867219242,0.8422040951222077
0.014464488867219242,0.84226418495651
0.014464488867219242,0.8423843646251146
0.014464488867219242,0.8424294320008413
0.014464488867219242,0.8424594769179924
0.014464488867219242,0.8425646341280214
0.014464488867219242,0.8425946790451725
0.014464488867219242,0.8427749485480793
0.014464488867219242,0.8428049934652305
0.014464488867219242,0.8428650832995328
0.014464488867219242,0.842895128216684
0.014464488867219242,0.8429401955924106
0.014545750040630587,0.8429401955924106
0.014545750040630587,0.8433307795153755
0.014545750040630587,0.8433758468911022
0.014545750040630587,0.8434058918082533
0.014545750040630587,0.8434659816425556
0.014545750040630587,0.8438114981897937
0.014545750040630587,0.8438565655655205
0.014545750040630587,0.8440368350684273
0.01462701121404193,0.8440368350684273
0.01462701121404193,0.8441269698198807
0.01462701121404193,0.8441720371956074
0.01462701121404193,0.8441870596541831
0.01462701121404193,0.8442171045713341
0.01462701121404193,0.8446677783286013
0.01462701121404193,0.8446978232457524
0.01462701121404193,0.8448029804557814
0.01462701121404193,0.8448330253729326
0.01462701121404193,0.8448931152072349
0.01462701121404193,0.844923160124386
0.01462701121404193,0.8449381825829615
0.01462701121404193,0.8449982724172638
0.01462701121404193,0.8450433397929905
0.01462701121404193,0.8451184520858683
0.014708272387453274,0.8451184520858683
0.014708272387453274,0.8451484970030195
0.014708272387453274,0.8454339237159554
0.014708272387453274,0.8454639686331065
0.014708272387453274,0.8454940135502577
0.014708272387453274,0.8455240584674087
0.014708272387453274,0.8455691258431355
0.01478953356086462,0.8455691258431355
0.01478953356086462,0.845659260594589
0.014870794734275963,0.845659260594589
0.014870794734275963,0.8457944627217691
0.014870794734275963,0.8458395300974958
0.014870794734275963,0.8459146423903736
0.014870794734275963,0.8459597097661004
0.014870794734275963,0.846109934351856
0.014870794734275963,0.8461399792690072
0.014870794734275963,0.8462751813961873
0.014952055907687308,0.8462751813961873
0.014952055907687308,0.846320248771914
0.014952055907687308,0.8463502936890651
0.014952055907687308,0.846425405981943
0.014952055907687308,0.8464554508990941
0.014952055907687308,0.8465155407333964
0.014952055907687308,0.8465455856505476
0.014952055907687308,0.8465756305676987
0.014952055907687308,0.8466056754848499
0.014952055907687308,0.8466657653191522
0.015033317081098651,0.8466657653191522
0.015033317081098651,0.8467559000706055
0.015114578254509995,0.8467559000706055
0.015114578254509995,0.8467859449877567
0.015114578254509995,0.8468159899049078
0.015114578254509995,0.8471014166178437
0.015114578254509995,0.8471615064521459
0.015114578254509995,0.8475520903751108
0.015114578254509995,0.8475821352922619
0.015114578254509995,0.8478074721708955
0.01519583942792134,0.8478074721708955
0.01519583942792134,0.8479877416738023
0.01519583942792134,0.8480177865909535
0.01519583942792134,0.8480628539666802
0.01519583942792134,0.8480928988838313
0.01519583942792134,0.8481379662595581
0.01519583942792134,0.8481830336352848
0.01519583942792134,0.8481980560938603
0.01519583942792134,0.8482281010110114
0.01519583942792134,0.8484233929724939
0.01519583942792134,0.848453437889645
0.01519583942792134,0.8484985052653717
0.01519583942792134,0.8485285501825228
0.01519583942792134,0.8489191341054877
0.015277100601332683,0.8489191341054877
0.015277100601332683,0.8489642014812144
0.015277100601332683,0.8489942463983655
0.015277100601332683,0.8490543362326678
0.015277100601332683,0.849084381149819
0.015277100601332683,0.849189538359848
0.015277100601332683,0.8492346057355746
0.015277100601332683,0.8493397629456036
0.015277100601332683,0.8493698078627548
0.015277100601332683,0.8494749650727839
0.015277100601332683,0.8495200324485105
0.015277100601332683,0.8495650998242372
0.015358361774744027,0.8495650998242372
0.015358361774744027,0.8495801222828128
0.015439622948155372,0.8495801222828128
0.015439622948155372,0.8496251896585395
0.015439622948155372,0.8496702570342662
0.015439622948155372,0.8498655489957486
0.015439622948155372,0.8499106163714754
0.015439622948155372,0.8500458184986555
0.015439622948155372,0.8500758634158067
0.015439622948155372,0.8501810206258357
0.015439622948155372,0.8502110655429868
0.015439622948155372,0.8502260880015623
0.015439622948155372,0.8502861778358646
0.015439622948155372,0.8503462676701669
0.015439622948155372,0.8504063575044691
0.015439622948155372,0.8506166719245272
0.015439622948155372,0.8506467168416784
0.015439622948155372,0.8506617393002539
0.015439622948155372,0.850691784217405
0.015439622948155372,0.8507218291345562
0.015439622948155372,0.8507518740517073
0.015439622948155372,0.8508870761788875
0.015439622948155372,0.8509171210960386
0.015439622948155372,0.8510373007646431
0.015439622948155372,0.8510673456817943
0.015439622948155372,0.8513077050190034
0.015439622948155372,0.8513527723947302
0.015439622948155372,0.8514579296047591
0.015520884121566715,0.8514579296047591
0.015520884121566715,0.8515630868147881
0.015602145294978059,0.8515630868147881
0.015602145294978059,0.8515781092733636
0.015683406468389404,0.8515781092733636
0.015683406468389404,0.8516081541905148
0.015683406468389404,0.8516381991076659
0.015683406468389404,0.8516832664833927
0.015683406468389404,0.8517133114005438
0.015683406468389404,0.8517283338591194
0.015683406468389404,0.8517734012348461
0.015683406468389404,0.8518034461519972
0.015683406468389404,0.851848513527724
0.015683406468389404,0.8519236258206018
0.015683406468389404,0.8519987381134797
0.015683406468389404,0.8520438054892063
0.015683406468389404,0.8520738504063575
0.015764667641800748,0.8520738504063575
0.015764667641800748,0.8521038953235086
0.015764667641800748,0.8522090525335376
0.015764667641800748,0.8522390974506888
0.015764667641800748,0.8523142097435666
0.015764667641800748,0.8523592771192934
0.015764667641800748,0.8524794567878979
0.015764667641800748,0.852509501705049
0.015764667641800748,0.852584613997927
0.015764667641800748,0.8526447038322292
0.015764667641800748,0.8527648835008338
0.015764667641800748,0.8527949284179849
0.015764667641800748,0.8528399957937116
0.015764667641800748,0.8528700407108627
0.015764667641800748,0.8531104000480718
0.01584592881521209,0.8531104000480718
0.01584592881521209,0.853245602175252
0.01584592881521209,0.8533056920095543
0.01584592881521209,0.8534258716781589
0.01584592881521209,0.85345591659531
0.01584592881521209,0.8535009839710367
0.01584592881521209,0.8535310288881879
0.01584592881521209,0.8536962759325191
0.01584592881521209,0.8537413433082458
0.01584592881521209,0.8539817026454549
0.01584592881521209,0.8540267700211817
0.01584592881521209,0.8540417924797572
0.01584592881521209,0.8540718373969084
0.01584592881521209,0.854192017065513
0.01584592881521209,0.854222061982664
0.01584592881521209,0.854327219192693
0.01584592881521209,0.8543572641098442
0.01584592881521209,0.8546727357399312
0.015927189988623434,0.8546727357399312
0.015927189988623434,0.8547778929499602
0.015927189988623434,0.8548079378671113
0.015927189988623434,0.8548680277014136
0.015927189988623434,0.8548980726185648
0.01600845116203478,0.8548980726185648
0.01600845116203478,0.8551534544143494
0.01600845116203478,0.8551834993315006
0.01600845116203478,0.8555590607958898
0.01600845116203478,0.855589105713041
0.01600845116203478,0.8556041281716166
0.01600845116203478,0.8556642180059189
0.01600845116203478,0.8557092853816456
0.016089712335446125,0.8557092853816456
0.016089712335446125,0.8558294650502501
0.016089712335446125,0.8558895548845524
0.016089712335446125,0.8561749815974883
0.016170973508857468,0.8561749815974883
0.016170973508857468,0.8562200489732149
0.016170973508857468,0.8562651163489416
0.016170973508857468,0.8563101837246684
0.016170973508857468,0.8563702735589707
0.016170973508857468,0.8563852960175462
0.01625223468226881,0.8563852960175462
0.01625223468226881,0.8564003184761217
0.01625223468226881,0.8564303633932729
0.01625223468226881,0.8564453858518485
0.01625223468226881,0.8564754307689997
0.01625223468226881,0.8566106328961798
0.01625223468226881,0.856640677813331
0.01625223468226881,0.8567007676476333
0.016333495855680155,0.8567007676476333
0.016333495855680155,0.8568059248576622
0.016333495855680155,0.8568359697748134
0.016333495855680155,0.8569711719019935
0.016333495855680155,0.8570162392777202
0.016333495855680155,0.8570462841948713
0.016333495855680155,0.8570763291120225
0.016333495855680155,0.857166463863476
0.016333495855680155,0.857196508780627
0.016333495855680155,0.8576922499136208
0.016333495855680155,0.8577523397479232
0.016333495855680155,0.85793260925083
0.016333495855680155,0.8579776766265567
0.016333495855680155,0.858142923670888
0.016333495855680155,0.8581729685880392
0.0164147570290915,0.8581729685880392
0.0164147570290915,0.8584133279252483
0.0164147570290915,0.858458395300975
0.0164147570290915,0.8584734177595505
0.016496018202502846,0.8584734177595505
0.016496018202502846,0.8587287995553352
0.016658540549325532,0.8587287995553352
0.016658540549325532,0.8588189343067887
0.016739801722736876,0.8588189343067887
0.016739801722736876,0.8590743161025733
0.016739801722736876,0.8591043610197245
0.016739801722736876,0.8591193834783001
0.01682106289614822,0.8591193834783001
0.01682106289614822,0.8591794733126024
0.01682106289614822,0.8592095182297534
0.01682106289614822,0.8592395631469046
0.016902324069559563,0.8592395631469046
0.016902324069559563,0.8592846305226314
0.016902324069559563,0.8593146754397825
0.016902324069559563,0.8595550347769916
0.016902324069559563,0.8595850796941428
0.016902324069559563,0.859645169528445
0.01698358524297091,0.859645169528445
0.01698358524297091,0.860065798368561
0.01698358524297091,0.8600958432857121
0.01698358524297091,0.8603662475400724
0.017064846416382253,0.8603662475400724
0.017064846416382253,0.8603962924572236
0.017064846416382253,0.8604563822915259
0.017064846416382253,0.8605014496672525
0.017064846416382253,0.8606516742530083
0.017064846416382253,0.860696741628735
0.017064846416382253,0.8607117640873105
0.017064846416382253,0.8607418090044616
0.017064846416382253,0.8609220785073686
0.017064846416382253,0.8609521234245197
0.017064846416382253,0.8609821683416709
0.017064846416382253,0.8610723030931242
0.017064846416382253,0.8613727522646356
0.017064846416382253,0.8614027971817868
0.017064846416382253,0.8618084035633272
0.017064846416382253,0.8618384484804783
0.017064846416382253,0.8618985383147806
0.017064846416382253,0.8620637853591119
0.017064846416382253,0.8621388976519897
0.017064846416382253,0.8622891222377455
0.017064846416382253,0.8623191671548965
0.017064846416382253,0.8623792569891988
0.017064846416382253,0.8624243243649256
0.017064846416382253,0.8625294815749546
0.017064846416382253,0.8625595264921057
0.017064846416382253,0.8627097510778614
0.017064846416382253,0.8627548184535881
0.017146107589793597,0.8627548184535881
0.017146107589793597,0.862829930746466
0.017146107589793597,0.8628599756636172
0.017146107589793597,0.862935087956495
0.017146107589793597,0.8631303799179774
0.01722736876320494,0.8631303799179774
0.01722736876320494,0.8632355371280064
0.01722736876320494,0.8632655820451575
0.01722736876320494,0.8633707392551865
0.01722736876320494,0.8634007841723377
0.01722736876320494,0.8634308290894888
0.01722736876320494,0.8635209638409422
0.01722736876320494,0.8635359862995178
0.01722736876320494,0.863566031216669
0.01722736876320494,0.8636561659681223
0.017308629936616284,0.8636561659681223
0.017308629936616284,0.8637463007195758
0.017308629936616284,0.8637763456367269
0.017308629936616284,0.8638364354710292
0.01738989111002763,0.8638364354710292
0.01738989111002763,0.8642871092282963
0.01738989111002763,0.8643321766040231
0.01738989111002763,0.864437333814052
0.01738989111002763,0.8644673787312032
0.01738989111002763,0.8644974236483542
0.01738989111002763,0.864542491024081
0.01738989111002763,0.8650983219913772
0.01738989111002763,0.8651433893671038
0.01738989111002763,0.865173434284255
0.01738989111002763,0.8652185016599817
0.01738989111002763,0.8652485465771328
0.01738989111002763,0.8654288160800396
0.01738989111002763,0.8654889059143419
0.01738989111002763,0.8655339732900686
0.01738989111002763,0.8655640182072198
0.01738989111002763,0.8658494449201556
0.01738989111002763,0.8658794898373068
0.01738989111002763,0.8659996695059113
0.01738989111002763,0.8660297144230624
0.01738989111002763,0.8661949614673937
0.01738989111002763,0.8662250063845449
0.01738989111002763,0.8662850962188472
0.017471152283438974,0.8662850962188472
0.017471152283438974,0.8663902534288762
0.017471152283438974,0.8664202983460273
0.017471152283438974,0.8666155903075097
0.017471152283438974,0.8667057250589632
0.017471152283438974,0.8667658148932654
0.017552413456850317,0.8667658148932654
0.017552413456850317,0.8668108822689922
0.017552413456850317,0.8668409271861433
0.017552413456850317,0.8670812865233524
0.017552413456850317,0.8671113314405036
0.017552413456850317,0.8671563988162303
0.017552413456850317,0.8672014661919569
0.017552413456850317,0.8672765784848349
0.017552413456850317,0.8673216458605615
0.017552413456850317,0.8673366683191371
0.017552413456850317,0.8673667132362882
0.017552413456850317,0.8674418255291662
0.017552413456850317,0.8674718704463172
0.017552413456850317,0.8675019153634684
0.017552413456850317,0.8675319602806195
0.017552413456850317,0.867622095032073
0.017552413456850317,0.8676671624077996
0.017552413456850317,0.8677873420764042
0.017552413456850317,0.8678324094521309
0.017552413456850317,0.8678474319107065
0.017552413456850317,0.8678924992864332
0.017552413456850317,0.8679826340378867
0.01763367463026166,0.8679826340378867
0.01763367463026166,0.8680126789550378
0.01763367463026166,0.868042723872189
0.01763367463026166,0.8683581955022759
0.01763367463026166,0.8683882404194271
0.01763367463026166,0.8684032628780026
0.01763367463026166,0.8684333077951537
0.01763367463026166,0.8684633527123049
0.01763367463026166,0.868493397629456
0.01763367463026166,0.8686586446737873
0.01763367463026166,0.8686886895909385
0.01763367463026166,0.868914026469572
0.01763367463026166,0.8689440713867231
0.01763367463026166,0.86912434088963
0.01763367463026166,0.8691543858067812
0.01763367463026166,0.8692595430168101
0.01763367463026166,0.8692895879339613
0.01763367463026166,0.8694848798954437
0.01763367463026166,0.8695149248125948
0.01763367463026166,0.8695750146468971
0.01763367463026166,0.8696050595640482
0.01763367463026166,0.869650126939775
0.017714935803673004,0.869650126939775
0.017714935803673004,0.8698303964426818
0.017714935803673004,0.869860441359833
0.017714935803673004,0.8699205311941353
0.017714935803673004,0.8699505761112863
0.017714935803673004,0.8700407108627398
0.017714935803673004,0.8700707557798909
0.017714935803673004,0.8704463172442802
0.017796196977084348,0.8704463172442802
0.017796196977084348,0.8705364519957336
0.017877458150495695,0.8705364519957336
0.017877458150495695,0.8706416092057626
0.017877458150495695,0.8706716541229138
0.017877458150495695,0.8708519236258206
0.017958719323907038,0.8708519236258206
0.017958719323907038,0.8709120134601229
0.017958719323907038,0.870942058377274
0.017958719323907038,0.8711073054216053
0.017958719323907038,0.8711373503387564
0.017958719323907038,0.8713476647588144
0.01803998049731838,0.8713476647588144
0.01803998049731838,0.8714077545931167
0.018121241670729725,0.8714077545931167
0.018121241670729725,0.8714227770516922
0.01820250284414107,0.8714227770516922
0.01820250284414107,0.8714528219688434
0.01820250284414107,0.8714828668859945
0.018283764017552412,0.8714828668859945
0.018283764017552412,0.8716180690131747
0.018283764017552412,0.8716481139303258
0.018283764017552412,0.8717232262232036
0.01836502519096376,0.8717232262232036
0.01836502519096376,0.8717682935989304
0.01836502519096376,0.8717983385160816
0.01836502519096376,0.8718584283503839
0.018446286364375102,0.8718584283503839
0.018446286364375102,0.8718884732675349
0.018446286364375102,0.8719034957261106
0.018446286364375102,0.8719335406432617
0.018446286364375102,0.8721889224390463
0.018527547537786446,0.8721889224390463
0.018527547537786446,0.8723241245662265
0.018527547537786446,0.8723541694833776
0.018527547537786446,0.8725043940691334
0.018527547537786446,0.8725344389862845
0.018527547537786446,0.8725644839034357
0.018527547537786446,0.8726395961963135
0.018527547537786446,0.8727898207820692
0.018527547537786446,0.8728198656992203
0.018527547537786446,0.8730151576607027
0.018527547537786446,0.8730452025778539
0.018527547537786446,0.8730602250364294
0.018527547537786446,0.8730902699535806
0.018527547537786446,0.8732254720807607
0.018527547537786446,0.8732555169979119
0.018527547537786446,0.8734207640422431
0.018527547537786446,0.8734508089593943
0.018527547537786446,0.8734808538765454
0.01860880871119779,0.8734808538765454
0.01860880871119779,0.8736611233794522
0.01860880871119779,0.873706190755179
0.01860880871119779,0.8741418420538706
0.01860880871119779,0.8741718869710217
0.01860880871119779,0.8742319768053239
0.01860880871119779,0.8742620217224751
0.01860880871119779,0.874547448435411
0.018690069884609133,0.874547448435411
0.018690069884609133,0.8746375831868644
0.01877133105802048,0.8746375831868644
0.01877133105802048,0.8748478976069224
0.01877133105802048,0.8748779425240735
0.01877133105802048,0.8749830997341025
0.018852592231431823,0.8749830997341025
0.018852592231431823,0.8751183018612826
0.018933853404843166,0.8751183018612826
0.018933853404843166,0.8751333243198582
0.01901511457825451,0.8751333243198582
0.01901511457825451,0.8751633692370093
0.01901511457825451,0.8754037285742184
0.01901511457825451,0.8754337734913696
0.01901511457825451,0.8754487959499452
0.01901511457825451,0.8754788408670963
0.01901511457825451,0.8755689756185497
0.01901511457825451,0.8755990205357008
0.01901511457825451,0.875629065452852
0.019096375751665853,0.875629065452852
0.019096375751665853,0.8756440879114276
0.019096375751665853,0.8756741328285788
0.019096375751665853,0.87583937987291
0.019177636925077197,0.87583937987291
0.019177636925077197,0.8761097841272703
0.019258898098488544,0.8761097841272703
0.019258898098488544,0.8762900536301771
0.019258898098488544,0.8763200985473283
0.019258898098488544,0.8764853455916596
0.019258898098488544,0.8765454354259619
0.019258898098488544,0.876575480343113
0.019258898098488544,0.8766205477188397
0.019258898098488544,0.8766656150945664
0.019258898098488544,0.8767257049288687
0.019258898098488544,0.8768308621388976
0.019258898098488544,0.8768909519731999
0.019258898098488544,0.8769660642660778
0.019340159271899887,0.8769660642660778
0.019340159271899887,0.8769961091832289
0.019340159271899887,0.8770561990175312
0.019340159271899887,0.8771463337689847
0.019340159271899887,0.8771763786861357
0.019340159271899887,0.8772064236032869
0.019340159271899887,0.877236468520438
0.019340159271899887,0.8774017155647693
0.01942142044531123,0.8774017155647693
0.01942142044531123,0.8774317604819205
0.01942142044531123,0.8776270524434029
0.01942142044531123,0.8776721198191296
0.01942142044531123,0.8776871422777052
0.019502681618722574,0.8776871422777052
0.019502681618722574,0.8777472321120074
0.019502681618722574,0.8777772770291586
0.019502681618722574,0.8777922994877342
0.019583942792133918,0.8777922994877342
0.019583942792133918,0.877867411780612
0.01966520396554526,0.877867411780612
0.01966520396554526,0.8779875914492166
0.019746465138956608,0.8779875914492166
0.019746465138956608,0.8780476812835188
0.019746465138956608,0.87807772620067
0.01982772631236795,0.87807772620067
0.01982772631236795,0.878182883410699
0.019908987485779295,0.878182883410699
0.019908987485779295,0.8782129283278501
0.019908987485779295,0.8782579957035769
0.019908987485779295,0.8783030630793036
0.019908987485779295,0.878498355040786
0.02007150983260198,0.878498355040786
0.02007150983260198,0.8787537368365707
0.02007150983260198,0.8787837817537218
0.02007150983260198,0.8789340063394775
0.02007150983260198,0.8789640512566287
0.02007150983260198,0.879054186008082
0.02007150983260198,0.8790842309252332
0.02007150983260198,0.8791142758423843
0.02007150983260198,0.8791443207595355
0.02007150983260198,0.8792795228867156
0.020152771006013325,0.8792795228867156
0.020152771006013325,0.8792945453452912
0.020152771006013325,0.8793546351795934
0.020152771006013325,0.8794297474724714
0.020152771006013325,0.8794597923896225
0.020152771006013325,0.8795349046825003
0.020152771006013325,0.8795649495996515
0.020152771006013325,0.879685129268256
0.020152771006013325,0.8797301966439828
0.020152771006013325,0.8797752640197095
0.020152771006013325,0.8798053089368606
0.020152771006013325,0.8799104661468896
0.020152771006013325,0.8799405110640407
0.020152771006013325,0.8800306458154942
0.020152771006013325,0.8800606907326453
0.020152771006013325,0.880105758108372
0.020152771006013325,0.8801658479426743
0.020152771006013325,0.8801808704012498
0.020234032179424672,0.8801808704012498
0.020234032179424672,0.8804813195727613
0.020234032179424672,0.8805113644899124
0.020234032179424672,0.8805864767827902
0.020315293352836016,0.8805864767827902
0.020315293352836016,0.8806766115342437
0.020477815699658702,0.8806766115342437
0.020477815699658702,0.8806916339928192
0.020559076873070046,0.8806916339928192
0.020559076873070046,0.8807667462856971
0.020559076873070046,0.8807967912028483
0.020559076873070046,0.8810521729986329
0.020640338046481393,0.8810521729986329
0.020640338046481393,0.8813225772529932
0.020640338046481393,0.8813526221701443
0.020640338046481393,0.8814127120044466
0.020640338046481393,0.8814427569215978
0.020640338046481393,0.8814728018387489
0.020640338046481393,0.8815028467559001
0.020640338046481393,0.8816530713416558
0.020721599219892736,0.8816530713416558
0.020721599219892736,0.8816680938002314
0.02080286039330408,0.8816680938002314
0.02080286039330408,0.882028632806045
0.02080286039330408,0.8820586777231961
0.02080286039330408,0.8821788573918008
0.02080286039330408,0.8822089023089519
0.02080286039330408,0.8824192167290099
0.02080286039330408,0.882449261646161
0.02080286039330408,0.8825393963976145
0.02080286039330408,0.8825694413147656
0.02080286039330408,0.882659576066219
0.02080286039330408,0.8826896209833701
0.02080286039330408,0.882869890486277
0.02080286039330408,0.8828999354034281
0.02080286039330408,0.8829900701548815
0.02080286039330408,0.8830201150720327
0.02080286039330408,0.8832304294920906
0.02080286039330408,0.8832604744092418
0.02080286039330408,0.8834106989949975
0.020884121566715423,0.8834106989949975
0.020884121566715423,0.8839665299622936
0.020884121566715423,0.8839965748794447
0.020884121566715423,0.8840416422551715
0.020965382740126767,0.8840416422551715
0.020965382740126767,0.8840867096308982
0.020965382740126767,0.8841167545480494
0.020965382740126767,0.8842219117580783
0.02104664391353811,0.8842219117580783
0.02104664391353811,0.884266979133805
0.02104664391353811,0.8842970240509562
0.02104664391353811,0.8843420914266829
0.02104664391353811,0.884372136343834
0.02104664391353811,0.8845373833881653
0.02104664391353811,0.8845674283053164
0.02104664391353811,0.884582450763892
0.02104664391353811,0.8846124956810432
0.02104664391353811,0.8847026304324965
0.02104664391353811,0.8847476978082233
0.02104664391353811,0.8847777427253745
0.02104664391353811,0.8848378325596767
0.02104664391353811,0.8850932143554614
0.02104664391353811,0.8851683266483392
0.02104664391353811,0.8856340228641819
0.02104664391353811,0.8856790902399087
0.02104664391353811,0.8857992699085132
0.02104664391353811,0.88584433728424
0.02104664391353811,0.8860246067871468
0.021127905086949457,0.8860246067871468
0.021127905086949457,0.8862198987486292
0.021127905086949457,0.8862499436657804
0.021127905086949457,0.8862950110415071
0.021127905086949457,0.8864752805444139
0.021127905086949457,0.8865203479201406
0.021127905086949457,0.8865954602130185
0.0212091662603608,0.8865954602130185
0.0212091662603608,0.8866555500473208
0.0212091662603608,0.8866855949644719
0.0212091662603608,0.8868508420088032
0.021290427433772144,0.8868508420088032
0.021290427433772144,0.8868808869259543
0.021290427433772144,0.8869109318431054
0.021290427433772144,0.8869409767602566
0.021371688607183487,0.8869409767602566
0.021371688607183487,0.8870160890531344
0.02145294978059483,0.8870160890531344
0.02145294978059483,0.8870611564288612
0.02145294978059483,0.887136268721739
0.021534210954006174,0.887136268721739
0.021534210954006174,0.8871663136388901
0.021534210954006174,0.8873315606832214
0.02161547212741752,0.8873315606832214
0.02161547212741752,0.8877972568990641
0.02161547212741752,0.8878273018162153
0.021696733300828865,0.8878273018162153
0.021696733300828865,0.8878423242747908
0.021696733300828865,0.8878873916505176
0.021696733300828865,0.8879174365676686
0.021696733300828865,0.8882028632806045
0.021777994474240208,0.8882028632806045
0.021777994474240208,0.8883831327835113
0.021777994474240208,0.8884131777006625
0.021777994474240208,0.8884882899935403
0.02185925564765155,0.8884882899935403
0.02185925564765155,0.8885784247449937
0.02185925564765155,0.8886234921207204
0.02185925564765155,0.888953986209383
0.021940516821062895,0.888953986209383
0.021940516821062895,0.8892093680051677
0.022021777994474242,0.8892093680051677
0.022021777994474242,0.8893896375080745
0.022103039167885585,0.8893896375080745
0.022103039167885585,0.8895098171766791
0.022103039167885585,0.8895398620938303
0.022103039167885585,0.889584929469557
0.022103039167885585,0.8896149743867081
0.022103039167885585,0.8897651989724639
0.022103039167885585,0.8898102663481905
0.02218430034129693,0.8898102663481905
0.02218430034129693,0.8899154235582195
0.022265561514708272,0.8899154235582195
0.022265561514708272,0.890005558309673
0.022265561514708272,0.8900656481439753
0.022265561514708272,0.890110715519702
0.022265561514708272,0.8901557828954286
0.022346822688119616,0.8901557828954286
0.022346822688119616,0.8901708053540043
0.02242808386153096,0.8901708053540043
0.02242808386153096,0.8902308951883066
0.022509345034942306,0.8902308951883066
0.022509345034942306,0.8902459176468821
0.022509345034942306,0.8902909850226088
0.022509345034942306,0.8903660973154867
0.022509345034942306,0.8903961422326377
0.022509345034942306,0.8904712545255157
0.022509345034942306,0.8905012994426668
0.022509345034942306,0.890636501569847
0.02259060620835365,0.890636501569847
0.02259060620835365,0.8906815689455736
0.02259060620835365,0.8907116138627248
0.02259060620835365,0.8907717036970271
0.022671867381764993,0.8907717036970271
0.022671867381764993,0.8909069058242072
0.022671867381764993,0.8909519731999339
0.022671867381764993,0.8910421079513873
0.022671867381764993,0.8911021977856896
0.022671867381764993,0.8914176694157766
0.022671867381764993,0.8914627367915033
0.022671867381764993,0.8915378490843812
0.022753128555176336,0.8915378490843812
0.022753128555176336,0.8918683431730438
0.022753128555176336,0.8918983880901948
0.022753128555176336,0.891928433007346
0.02283438972858768,0.891928433007346
0.02283438972858768,0.8919885228416483
0.02283438972858768,0.8920185677587994
0.022915650901999023,0.8920185677587994
0.022915650901999023,0.8921087025102529
0.02299691207541037,0.8921087025102529
0.02299691207541037,0.8921687923445552
0.02299691207541037,0.8921988372617062
0.02299691207541037,0.892243904637433
0.023078173248821714,0.892243904637433
0.023078173248821714,0.8923941292231886
0.023078173248821714,0.8924391965989154
0.023078173248821714,0.8926344885603978
0.023078173248821714,0.8926795559361245
0.023078173248821714,0.8931001847762404
0.023159434422233057,0.8931001847762404
0.023159434422233057,0.8931903195276939
0.023159434422233057,0.8932203644448451
0.023159434422233057,0.8932804542791474
0.023159434422233057,0.8933104991962985
0.023159434422233057,0.8935057911577808
0.023159434422233057,0.893535836074932
0.023159434422233057,0.8935508585335076
0.023159434422233057,0.8936109483678099
0.023159434422233057,0.8937761954121412
0.0232406955956444,0.8937761954121412
0.0232406955956444,0.8941066895008037
0.0232406955956444,0.8941517568765304
0.0232406955956444,0.8942719365451349
0.023321956769055744,0.8942719365451349
0.023321956769055744,0.8943470488380129
0.02340321794246709,0.8943470488380129
0.02340321794246709,0.8947676776781288
0.023484479115878434,0.8947676776781288
0.023484479115878434,0.8948728348881578
0.023484479115878434,0.8949028798053089
0.023484479115878434,0.895113194225367
0.023565740289289778,0.895113194225367
0.023565740289289778,0.895143239142518
0.023565740289289778,0.8951732840596692
0.023565740289289778,0.8951883065182448
0.02364700146270112,0.8951883065182448
0.02364700146270112,0.8957140925683897
0.02364700146270112,0.8957441374855409
0.02364700146270112,0.8959244069884478
0.02364700146270112,0.8959544519055989
0.02364700146270112,0.896089654032779
0.02364700146270112,0.8961196989499302
0.02364700146270112,0.8961647663256569
0.023728262636112465,0.8961647663256569
0.023728262636112465,0.8963901032042905
0.023728262636112465,0.8964201481214416
0.023728262636112465,0.8966304625414996
0.023809523809523808,0.8966304625414996
0.023809523809523808,0.8966605074586507
0.023890784982935155,0.8966605074586507
0.023890784982935155,0.896930911713011
0.0239720461563465,0.896930911713011
0.0239720461563465,0.8972764282602491
0.024053307329757842,0.8972764282602491
0.024053307329757842,0.8973064731774002
0.024053307329757842,0.8973515405531269
0.024053307329757842,0.897381585470278
0.024053307329757842,0.8975318100560338
0.024053307329757842,0.8975618549731849
0.024053307329757842,0.8976820346417895
0.024134568503169185,0.8976820346417895
0.024134568503169185,0.8977421244760918
0.024134568503169185,0.8977721693932429
0.024134568503169185,0.8978322592275452
0.024134568503169185,0.8978623041446964
0.024134568503169185,0.8978923490618475
0.024134568503169185,0.8979223939789986
0.02421582967658053,0.8979223939789986
0.02421582967658053,0.8980575961061787
0.02421582967658053,0.8980876410233298
0.02421582967658053,0.8981026634819055
0.02421582967658053,0.8981327083990566
0.02421582967658053,0.8982378656090856
0.02421582967658053,0.8982679105262368
0.02421582967658053,0.8983580452776901
0.02421582967658053,0.8983880901948413
0.02421582967658053,0.8984181351119924
0.02421582967658053,0.8984481800291436
0.02421582967658053,0.8985683596977482
0.02421582967658053,0.8985984046148993
0.02421582967658053,0.898643471990626
0.024297090849991872,0.898643471990626
0.024297090849991872,0.8990040109964397
0.02437835202340322,0.8990040109964397
0.02437835202340322,0.8990340559135909
0.02437835202340322,0.8990791232893175
0.02437835202340322,0.8990941457478931
0.02437835202340322,0.8991241906650442
0.02437835202340322,0.8993044601679511
0.02437835202340322,0.8993345050851023
0.02437835202340322,0.8996199317980381
0.024459613196814563,0.8996199317980381
0.024459613196814563,0.8996349542566137
0.024459613196814563,0.8996800216323404
0.024459613196814563,0.9000255381795784
0.024459613196814563,0.9000555830967296
0.024459613196814563,0.9003109648925143
0.024459613196814563,0.900356032268241
0.024459613196814563,0.9004010996439678
0.024540874370225906,0.9004010996439678
0.024540874370225906,0.9006264365226013
0.02462213554363725,0.9006264365226013
0.02462213554363725,0.900671503898328
0.02462213554363725,0.9007015488154791
0.02462213554363725,0.900776661108357
0.02462213554363725,0.9008217284840837
0.02462213554363725,0.9008367509426592
0.02462213554363725,0.9008667958598104
0.02462213554363725,0.9009268856941127
0.024703396717048593,0.9009268856941127
0.024703396717048593,0.900986975528415
0.024784657890459937,0.900986975528415
0.024784657890459937,0.9010019979869905
0.024784657890459937,0.9010320429041417
0.024784657890459937,0.9010470653627173
0.024865919063871283,0.9010470653627173
0.024865919063871283,0.901092132738444
0.024947180237282627,0.901092132738444
0.024947180237282627,0.9011221776555951
0.024947180237282627,0.9011522225727463
0.024947180237282627,0.90151276157856
0.02502844141069397,0.90151276157856
0.02502844141069397,0.9016479637057401
0.02502844141069397,0.9016780086228913
0.02502844141069397,0.9017230759986179
0.025109702584105314,0.9017230759986179
0.025109702584105314,0.9017681433743446
0.025190963757516657,0.9017681433743446
0.025190963757516657,0.9017831658329202
0.025272224930928004,0.9017831658329202
0.025272224930928004,0.9018132107500714
0.025272224930928004,0.9018582781257981
0.025272224930928004,0.9018883230429492
0.025272224930928004,0.9019183679601004
0.025272224930928004,0.9019484128772515
0.025272224930928004,0.9019784577944027
0.025272224930928004,0.902038547628705
0.025272224930928004,0.9020836150044316
0.025272224930928004,0.902143704838734
0.025353486104339348,0.902143704838734
0.025353486104339348,0.902173749755885
0.025353486104339348,0.9023990866345186
0.025516008451162035,0.9023990866345186
0.025516008451162035,0.9025192663031232
0.025597269624573378,0.9025192663031232
0.025597269624573378,0.9025643336788499
0.02567853079798472,0.9025643336788499
0.02567853079798472,0.9025793561374255
0.02567853079798472,0.9026094010545765
0.02567853079798472,0.90269953580603
0.025841053144807412,0.90269953580603
0.025841053144807412,0.9027446031817568
0.025922314318218755,0.9027446031817568
0.025922314318218755,0.9027746480989078
0.025922314318218755,0.9027896705574835
0.025922314318218755,0.9028197154746346
0.025922314318218755,0.9028347379332101
0.0260035754916301,0.9028347379332101
0.0260035754916301,0.902909850226088
0.026084836665041442,0.902909850226088
0.026084836665041442,0.9029999849775414
0.026247359011864133,0.9029999849775414
0.026247359011864133,0.9030600748118437
0.026328620185275476,0.9030600748118437
0.026328620185275476,0.9032553667733261
0.026328620185275476,0.9033154566076284
0.026328620185275476,0.9033605239833551
0.02640988135868682,0.9033605239833551
0.02640988135868682,0.9034656811933841
0.026491142532098163,0.9034656811933841
0.026491142532098163,0.9035708384034131
0.026491142532098163,0.9036008833205642
0.026491142532098163,0.9037961752820467
0.026491142532098163,0.9038262201991978
0.026491142532098163,0.9039463998678023
0.026491142532098163,0.9039764447849535
0.026491142532098163,0.9041116469121336
0.026491142532098163,0.9041416918292848
0.026491142532098163,0.9043520062493428
0.026572403705509506,0.9043520062493428
0.026572403705509506,0.9043670287079183
0.026653664878920853,0.9043670287079183
0.026653664878920853,0.9049529045923655
0.02681618722574354,0.9049529045923655
0.02681618722574354,0.9050129944266678
0.026897448399154884,0.9050129944266678
0.026897448399154884,0.905043039343819
0.026978709572566227,0.905043039343819
0.026978709572566227,0.9050730842609701
0.02705997074597757,0.9050730842609701
0.02705997074597757,0.905148196553848
0.027141231919388917,0.905148196553848
0.027141231919388917,0.9052233088467259
0.027141231919388917,0.905253353763877
0.027141231919388917,0.9053284660567549
0.027141231919388917,0.905358510973906
0.027141231919388917,0.9055087355596617
0.02722249309280026,0.9055087355596617
0.02722249309280026,0.9057190499797196
0.02722249309280026,0.9057791398140219
0.02722249309280026,0.9058242071897487
0.02722249309280026,0.9058542521068998
0.02722249309280026,0.9060044766926555
0.027303754266211604,0.9060044766926555
0.027303754266211604,0.9060795889855334
0.027385015439622948,0.9060795889855334
0.027385015439622948,0.9061396788198357
0.02746627661303429,0.9061396788198357
0.02746627661303429,0.9063199483227425
0.027547537786445635,0.9063199483227425
0.027547537786445635,0.9064551504499226
0.027547537786445635,0.9064851953670737
0.027547537786445635,0.9067105322457073
0.027547537786445635,0.9067405771628585
0.027547537786445635,0.9068307119143119
0.02762879895985698,0.9068307119143119
0.02762879895985698,0.9069358691243409
0.027710060133268325,0.9069358691243409
0.027710060133268325,0.9071011161686722
0.027710060133268325,0.9071311610858233
0.027710060133268325,0.9071912509201255
0.02779132130667967,0.9071912509201255
0.02779132130667967,0.9072212958372767
0.027872582480091012,0.9072212958372767
0.027872582480091012,0.9073414755058813
0.027872582480091012,0.9073715204230325
0.027872582480091012,0.9074165877987591
0.027872582480091012,0.9074616551744858
0.027872582480091012,0.9075217450087881
0.027872582480091012,0.9077771268045728
0.027872582480091012,0.907807171721724
0.027953843653502355,0.907807171721724
0.027953843653502355,0.9081526882689621
0.0280351048269137,0.9081526882689621
0.0280351048269137,0.9082878903961422
0.0280351048269137,0.9083179353132934
0.0280351048269137,0.9084230925233223
0.0280351048269137,0.908468159899049
0.0280351048269137,0.9085282497333513
0.0280351048269137,0.9085582946505025
0.0280351048269137,0.9086934967776826
0.0280351048269137,0.9087235416948338
0.0280351048269137,0.9087385641534094
0.0280351048269137,0.9087686090705605
0.0280351048269137,0.9087986539877116
0.028116366000325046,0.9087986539877116
0.028116366000325046,0.9090089684077696
0.02819762717373639,0.9090089684077696
0.02819762717373639,0.9092793726621299
0.02819762717373639,0.9093244400378566
0.028278888347147733,0.9093244400378566
0.028278888347147733,0.9093695074135834
0.028278888347147733,0.9093995523307344
0.028278888347147733,0.90941457478931
0.028360149520559076,0.90941457478931
0.028360149520559076,0.9094596421650367
0.028360149520559076,0.9094896870821879
0.02844141069397042,0.9094896870821879
0.02844141069397042,0.9096849790436703
0.028522671867381767,0.9096849790436703
0.028522671867381767,0.909730046419397
0.028522671867381767,0.9097600913365481
0.028522671867381767,0.910045518049484
0.02860393304079311,0.910045518049484
0.02860393304079311,0.910150675259513
0.02860393304079311,0.9101807201766641
0.02860393304079311,0.9102408100109664
0.02860393304079311,0.9102708549281175
0.02860393304079311,0.9103008998452686
0.028685194214204453,0.9103008998452686
0.028685194214204453,0.9104361019724488
0.028766455387615797,0.9104361019724488
0.028766455387615797,0.9108116634368381
0.02884771656102714,0.9108116634368381
0.02884771656102714,0.9108717532711403
0.028928977734438484,0.9108717532711403
0.028928977734438484,0.9109318431054426
0.028928977734438484,0.9109769104811694
0.028928977734438484,0.9111121126083495
0.02901023890784983,0.9111121126083495
0.02901023890784983,0.9112623371941052
0.029091500081261174,0.9112623371941052
0.029091500081261174,0.9113825168627098
0.029172761254672518,0.9113825168627098
0.029172761254672518,0.9114125617798609
0.029172761254672518,0.9114576291555876
0.029172761254672518,0.9115327414484654
0.02925402242808386,0.9115327414484654
0.02925402242808386,0.9117130109513722
0.02925402242808386,0.9117430558685234
0.02925402242808386,0.9117881232442502
0.02925402242808386,0.9118181681614013
0.02925402242808386,0.9118932804542792
0.02925402242808386,0.9119383478300058
0.02925402242808386,0.9119533702885815
0.029335283601495205,0.9119533702885815
0.029335283601495205,0.9126444033830576
0.029416544774906548,0.9126444033830576
0.029416544774906548,0.9129899199302958
0.029416544774906548,0.913019964847447
0.029416544774906548,0.9130800546817492
0.029416544774906548,0.9131100995989003
0.029416544774906548,0.9132603241846561
0.029416544774906548,0.9132903691018072
0.029416544774906548,0.9133354364775339
0.029416544774906548,0.9133955263118362
0.029416544774906548,0.913470638604714
0.029416544774906548,0.9135006835218652
0.029416544774906548,0.9135457508975919
0.029497805948317895,0.9135457508975919
0.029497805948317895,0.913680953024772
0.029497805948317895,0.9137109979419231
0.029497805948317895,0.913786110234801
0.02957906712172924,0.913786110234801
0.02957906712172924,0.9139363348205567
0.02957906712172924,0.9139663797377079
0.029660328295140582,0.9139663797377079
0.029660328295140582,0.9140565144891613
0.029741589468551925,0.9140565144891613
0.029741589468551925,0.9140865594063124
0.029741589468551925,0.9143719861192483
0.029741589468551925,0.9144020310363994
0.029741589468551925,0.914417053494975
0.02982285064196327,0.914417053494975
0.02982285064196327,0.9144921657878529
0.02982285064196327,0.914522210705004
0.029904111815374616,0.914522210705004
0.029904111815374616,0.914732525125062
0.029904111815374616,0.9147775925007887
0.029904111815374616,0.9149278170865444
0.02998537298878596,0.9149278170865444
0.02998537298878596,0.9150630192137246
0.030066634162197303,0.9150630192137246
0.030066634162197303,0.9151831988823291
0.030066634162197303,0.9152282662580558
0.030066634162197303,0.915258311175207
0.030066634162197303,0.915363468385236
0.030147895335608646,0.915363468385236
0.030147895335608646,0.9153784908438115
0.030147895335608646,0.9154235582195382
0.030147895335608646,0.9154836480538405
0.03022915650901999,0.9154836480538405
0.03022915650901999,0.9155287154295672
0.030310417682431333,0.9155287154295672
0.030310417682431333,0.9155437378881428
0.030310417682431333,0.9155737828052939
0.030310417682431333,0.9156789400153229
0.030310417682431333,0.9157089849324741
0.030310417682431333,0.9157390298496252
0.03039167885584268,0.9157390298496252
0.03039167885584268,0.9157540523082007
0.030554201202665367,0.9157540523082007
0.030554201202665367,0.9158892544353809
0.03063546237607671,0.9158892544353809
0.03063546237607671,0.9159643667282588
0.030716723549488054,0.9159643667282588
0.030716723549488054,0.9160845463968633
0.030797984722899397,0.9160845463968633
0.030797984722899397,0.916234770982619
0.030879245896310744,0.916234770982619
0.030879245896310744,0.9162497934411946
0.030960507069722087,0.9162497934411946
0.030960507069722087,0.9166403773641594
0.030960507069722087,0.9166704222813106
0.030960507069722087,0.9167154896570373
0.030960507069722087,0.9170459837456998
0.03104176824313343,0.9170459837456998
0.03104176824313343,0.9170910511214265
0.03104176824313343,0.9171210960385777
0.03104176824313343,0.9174816350443914
0.031123029416544774,0.9174816350443914
0.031123029416544774,0.9175417248786937
0.031123029416544774,0.9175867922544204
0.031123029416544774,0.9177971066744783
0.031204290589956118,0.9177971066744783
0.031204290589956118,0.9178722189673562
0.03128555176336746,0.9178722189673562
0.03128555176336746,0.9179623537188096
0.03128555176336746,0.9180074210945364
0.03128555176336746,0.9180374660116875
0.03136681293677881,0.9180374660116875
0.03136681293677881,0.918052488470263
0.03136681293677881,0.9180825333874142
0.03136681293677881,0.9181726681388676
0.03144807411019015,0.9181726681388676
0.03144807411019015,0.9182327579731699
0.03144807411019015,0.9182778253488966
0.03144807411019015,0.9182928478074722
0.031529335283601495,0.9182928478074722
0.031529335283601495,0.918788588940466
0.031529335283601495,0.9188186338576171
0.031529335283601495,0.9189237910676461
0.03161059645701284,0.9189237910676461
0.03161059645701284,0.9189838809019484
0.03161059645701284,0.9190289482776751
0.03161059645701284,0.9190740156534019
0.03169185763042418,0.9190740156534019
0.03169185763042418,0.91941953220064
0.03177311880383553,0.91941953220064
0.03177311880383553,0.9194796220349423
0.03177311880383553,0.9195096669520934
0.03177311880383553,0.9195547343278201
0.03185437997724687,0.9195547343278201
0.03185437997724687,0.9197199813721514
0.03185437997724687,0.9197650487478781
0.03185437997724687,0.9199302957922093
0.03185437997724687,0.9199603407093605
0.03185437997724687,0.9200955428365406
0.031935641150658216,0.9200955428365406
0.031935641150658216,0.9202457674222964
0.03201690232406956,0.9202457674222964
0.03201690232406956,0.9202758123394474
0.03201690232406956,0.9203058572565986
0.03201690232406956,0.9203509246323254
0.0320981634974809,0.9203509246323254
0.0320981634974809,0.9203809695494765
0.03217942467089225,0.9203809695494765
0.03217942467089225,0.9206213288866856
0.03217942467089225,0.9206814187209879
0.03217942467089225,0.9207865759310169
0.03217942467089225,0.9208316433067436
0.03217942467089225,0.9208767106824703
0.03217942467089225,0.9209067555996214
0.03217942467089225,0.9209368005167726
0.03226068584430359,0.9209368005167726
0.03226068584430359,0.9209668454339237
0.032341947017714937,0.9209668454339237
0.032341947017714937,0.9210119128096504
0.032423208191126277,0.9210119128096504
0.032423208191126277,0.9210569801853772
0.032423208191126277,0.9210870251025283
0.032423208191126277,0.9212222272297084
0.032423208191126277,0.9212522721468596
0.032423208191126277,0.9213874742740397
0.032423208191126277,0.9214175191911909
0.032423208191126277,0.9214475641083419
0.032423208191126277,0.9214776090254931
0.032423208191126277,0.9215076539426442
0.03250446936453762,0.9215076539426442
0.03250446936453762,0.9217480132798533
0.03258573053794897,0.9217480132798533
0.03258573053794897,0.9218231255727313
0.03258573053794897,0.9218531704898824
0.03258573053794897,0.9220033950756381
0.032829514058183,0.9220033950756381
0.032829514058183,0.9220184175342137
0.032910775231594344,0.9220184175342137
0.032910775231594344,0.9221235747442427
0.03307329757841703,0.9221235747442427
0.03307329757841703,0.922213709495696
0.03323581992523972,0.922213709495696
0.03323581992523972,0.9223038442471495
0.03323581992523972,0.9223338891643006
0.03323581992523972,0.9223489116228762
0.03323581992523972,0.9223789565400273
0.03323581992523972,0.9224240239157541
0.03323581992523972,0.9224540688329051
0.03323581992523972,0.9225141586672074
0.03323581992523972,0.9225442035843586
0.033317081098651065,0.9225442035843586
0.033317081098651065,0.9229648324244746
0.033317081098651065,0.9229948773416258
0.033317081098651065,0.9231451019273814
0.03339834227206241,0.9231451019273814
0.03339834227206241,0.923160124385957
0.03339834227206241,0.9231901693031082
0.03339834227206241,0.923265281595986
0.03339834227206241,0.9233253714302883
0.03339834227206241,0.9233403938888638
0.03347960344547375,0.9233403938888638
0.03347960344547375,0.9234004837231662
0.03347960344547375,0.9234305286403173
0.03347960344547375,0.923475596016044
0.03347960344547375,0.9235056409331951
0.03347960344547375,0.9236258206017997
0.03347960344547375,0.9236558655189508
0.03347960344547375,0.9236859104361019
0.03347960344547375,0.9237159553532531
0.03347960344547375,0.9237309778118287
0.0335608646188851,0.9237309778118287
0.0335608646188851,0.9237610227289799
0.03364212579229644,0.9237610227289799
0.03364212579229644,0.9238812023975844
0.03364212579229644,0.9239112473147355
0.03364212579229644,0.9239713371490378
0.03364212579229644,0.924001382066189
0.03364212579229644,0.9243318761548515
0.033723386965707786,0.9243318761548515
0.033723386965707786,0.9244670782820317
0.033804648139119126,0.9244670782820317
0.033804648139119126,0.9246773927020896
0.03388590931253047,0.9246773927020896
0.03388590931253047,0.9247675274535431
0.03396717048594182,0.9247675274535431
0.03396717048594182,0.9247825499121186
0.03396717048594182,0.9248125948292698
0.03396717048594182,0.9250529541664789
0.03404843165935316,0.9250529541664789
0.03404843165935316,0.9252632685865368
0.03404843165935316,0.925293313503688
0.03404843165935316,0.9254134931722926
0.034129692832764506,0.9254134931722926
0.034129692832764506,0.9255336728408972
0.034210954006175846,0.9255336728408972
0.034210954006175846,0.9255637177580482
0.034210954006175846,0.925608785133775
0.034210954006175846,0.925713942343804
0.03429221517958719,0.925713942343804
0.03429221517958719,0.9258491444709841
0.03437347635299854,0.9258491444709841
0.03437347635299854,0.9258942118467108
0.03445473752640988,0.9258942118467108
0.03445473752640988,0.9260594588910421
0.03453599869982123,0.9260594588910421
0.03453599869982123,0.9261495936424955
0.03453599869982123,0.9261796385596467
0.03453599869982123,0.9262847957696757
0.034698521046643914,0.9262847957696757
0.034698521046643914,0.9266453347754894
0.03477978222005526,0.9266453347754894
0.03477978222005526,0.9266603572340649
0.0348610433934666,0.9266603572340649
0.0348610433934666,0.9269457839470008
0.0348610433934666,0.9269758288641519
0.0348610433934666,0.9269908513227275
0.0348610433934666,0.9270208962398786
0.0348610433934666,0.9270809860741809
0.03494230456687795,0.9270809860741809
0.03494230456687795,0.9271260534499076
0.03502356574028929,0.9271260534499076
0.03502356574028929,0.9271560983670587
0.03502356574028929,0.9271861432842099
0.03502356574028929,0.9272762780356634
0.035104826913700635,0.9272762780356634
0.035104826913700635,0.9273063229528145
0.035104826913700635,0.9274715699971458
0.035104826913700635,0.9275016149142968
0.035104826913700635,0.9275466822900236
0.035186088087111975,0.9275466822900236
0.035186088087111975,0.927741974251506
0.035186088087111975,0.9277720191686571
0.035186088087111975,0.9283128276773777
0.03534861043393467,0.9283128276773777
0.03534861043393467,0.9284179848874067
0.035511132780757355,0.9284179848874067
0.035511132780757355,0.9284630522631334
0.035511132780757355,0.92850811963886
0.035511132780757355,0.9285231420974357
0.03567365512758004,0.9285231420974357
0.03567365512758004,0.9285381645560112
0.03575491630099139,0.9285381645560112
0.03575491630099139,0.9285982543903135
0.03583617747440273,0.9285982543903135
0.03583617747440273,0.9287635014346448
0.035917438647814076,0.9287635014346448
0.035917438647814076,0.9288536361860982
0.035917438647814076,0.9288836811032494
0.035917438647814076,0.9289587933961272
0.035917438647814076,0.9289888383132784
0.035998699821225416,0.9289888383132784
0.035998699821225416,0.9290038607718539
0.03607996099463676,0.9290038607718539
0.03607996099463676,0.9290188832304295
0.03616122216804811,0.9290188832304295
0.03616122216804811,0.9290789730647318
0.03624248334145945,0.9290789730647318
0.03624248334145945,0.929109017981883
0.0363237445148708,0.929109017981883
0.0363237445148708,0.929214175191912
0.0363237445148708,0.9292592425676386
0.0363237445148708,0.9292742650262142
0.03640500568828214,0.9292742650262142
0.03640500568828214,0.9293343548605165
0.036486266861693484,0.9293343548605165
0.036486266861693484,0.9293493773190921
0.036567528035104824,0.9293493773190921
0.036567528035104824,0.9295747141977256
0.036567528035104824,0.929664848949179
0.036567528035104824,0.9297099163249057
0.036567528035104824,0.9297399612420568
0.036567528035104824,0.9298150735349348
0.036567528035104824,0.9298451184520858
0.036567528035104824,0.9299052082863881
0.03664878920851617,0.9299052082863881
0.03664878920851617,0.9299502756621149
0.03673005038192752,0.9299502756621149
0.03673005038192752,0.930190634999324
0.03681131155533886,0.930190634999324
0.03681131155533886,0.9303408595850797
0.036892572728750204,0.9303408595850797
0.036892572728750204,0.9305661964637133
0.036973833902161544,0.9305661964637133
0.036973833902161544,0.9306413087565911
0.036973833902161544,0.9306713536737422
0.036973833902161544,0.930821578259498
0.036973833902161544,0.930851623176649
0.036973833902161544,0.9308966905523758
0.03705509507557289,0.9308966905523758
0.03705509507557289,0.9309718028452536
0.03713635624898424,0.9309718028452536
0.03713635624898424,0.9310919825138582
0.03721761742239558,0.9310919825138582
0.03721761742239558,0.9311220274310094
0.03721761742239558,0.9311520723481606
0.03721761742239558,0.9312121621824628
0.037298878595806925,0.9312121621824628
0.037298878595806925,0.9312872744753407
0.037380139769218265,0.9312872744753407
0.037380139769218265,0.9313022969339162
0.037380139769218265,0.9313323418510674
0.037380139769218265,0.9313924316853697
0.03746140094262961,0.9313924316853697
0.03746140094262961,0.931452521519672
0.03754266211604096,0.931452521519672
0.03754266211604096,0.931482566436823
0.03754266211604096,0.9315276338125498
0.03754266211604096,0.9316027461054276
0.03754266211604096,0.9316327910225788
0.03754266211604096,0.9317679931497589
0.03754266211604096,0.9317980380669101
0.03754266211604096,0.9318731503597879
0.03754266211604096,0.931903195276939
0.03754266211604096,0.9319182177355146
0.03754266211604096,0.9319482626526657
0.03754266211604096,0.932008352486968
0.03754266211604096,0.9320534198626947
0.03754266211604096,0.9320984872384215
0.03754266211604096,0.9321285321555726
0.03754266211604096,0.9321585770727238
0.03754266211604096,0.9321886219898748
0.03754266211604096,0.9322036444484504
0.03754266211604096,0.9322336893656016
0.03754266211604096,0.9322787567413283
0.03754266211604096,0.9323088016584794
0.03754266211604096,0.9323388465756306
0.0376239232894523,0.9323388465756306
0.0376239232894523,0.9323839139513572
0.037705184462863646,0.9323839139513572
0.037705184462863646,0.932428981327084
0.037786445636274986,0.932428981327084
0.037786445636274986,0.932534138537113
0.03786770680968633,0.932534138537113
0.03786770680968633,0.9326092508299908
0.03794896798309767,0.9326092508299908
0.03794896798309767,0.932639295747142
0.03803022915650902,0.932639295747142
0.03803022915650902,0.9328345877086244
0.03803022915650902,0.9328646326257756
0.03803022915650902,0.9329397449186534
0.03803022915650902,0.9329697898358045
0.03803022915650902,0.9332552165487403
0.03811149032992037,0.9332552165487403
0.03811149032992037,0.9332852614658915
0.03819275150333171,0.9332852614658915
0.03819275150333171,0.9333303288416183
0.03819275150333171,0.9333453513001938
0.03819275150333171,0.9333753962173449
0.03819275150333171,0.9334354860516472
0.03819275150333171,0.9334655309687984
0.03819275150333171,0.9336307780131297
0.038274012676743054,0.9336307780131297
0.038274012676743054,0.9336908678474319
0.038274012676743054,0.933720912764583
0.038274012676743054,0.9337509576817342
0.038355273850154394,0.9337509576817342
0.038355273850154394,0.9338561148917632
0.038355273850154394,0.9338861598089143
0.03843653502356574,0.9338861598089143
0.03843653502356574,0.9339762945603678
0.03851779619697709,0.9339762945603678
0.03851779619697709,0.9339913170189433
0.03859905737038843,0.9339913170189433
0.03859905737038843,0.9341114966875479
0.038680318543799774,0.9341114966875479
0.038680318543799774,0.934141541604699
0.03884284089062246,0.934141541604699
0.03884284089062246,0.9342617212733035
0.0389241020640338,0.9342617212733035
0.0389241020640338,0.9343368335661815
0.03900536323744515,0.9343368335661815
0.03900536323744515,0.9343668784833326
0.03900536323744515,0.9344419907762105
0.03900536323744515,0.9344720356933616
0.03900536323744515,0.934562170444815
0.039086624410856495,0.934562170444815
0.039086624410856495,0.934667327654844
0.039086624410856495,0.9346973725719951
0.039086624410856495,0.934772484864873
0.039167885584267835,0.934772484864873
0.039167885584267835,0.9348175522405997
0.03924914675767918,0.9348175522405997
0.03924914675767918,0.9348475971577508
0.03924914675767918,0.9349527543677798
0.03933040793109052,0.9349527543677798
0.03933040793109052,0.9349677768263555
0.03941166910450187,0.9349677768263555
0.03941166910450187,0.9350428891192333
0.03941166910450187,0.9351029789535356
0.03941166910450187,0.9351330238706866
0.039492930277913216,0.9351330238706866
0.039492930277913216,0.9351931137049889
0.039492930277913216,0.9352231586221401
0.039492930277913216,0.9353433382907447
0.039574191451324556,0.9353433382907447
0.039574191451324556,0.9355236077936515
0.039574191451324556,0.9355686751693782
0.039574191451324556,0.9355987200865293
0.0396554526247359,0.9355987200865293
0.0396554526247359,0.9356287650036805
0.0396554526247359,0.9356437874622561
0.03973671379814724,0.9356437874622561
0.03973671379814724,0.9358390794237385
0.03973671379814724,0.9358691243408896
0.03973671379814724,0.9358991692580407
0.03973671379814724,0.9359442366337675
0.03973671379814724,0.9360343713852209
0.03973671379814724,0.9360794387609476
0.03973671379814724,0.9361395285952498
0.03981797497155859,0.9361395285952498
0.03981797497155859,0.936169573512401
0.03981797497155859,0.9362146408881278
0.03981797497155859,0.9362597082638545
0.039899236144969936,0.9362597082638545
0.039899236144969936,0.9365451349767903
0.039899236144969936,0.9365751798939415
0.039899236144969936,0.9369206964411796
0.039980497318381276,0.9369206964411796
0.039980497318381276,0.9370859434855109
0.04014301966520396,0.9370859434855109
0.04014301966520396,0.9371460333198132
0.04014301966520396,0.9371760782369642
0.04014301966520396,0.93732630282272
0.04022428083861531,0.93732630282272
0.04022428083861531,0.9373863926570223
0.04030554201202665,0.9373863926570223
0.04030554201202665,0.9374314600327489
0.040386803185438,0.9374314600327489
0.040386803185438,0.9374765274084756
0.040468064358849344,0.9374765274084756
0.040468064358849344,0.9375816846185047
0.040549325532260684,0.9375816846185047
0.040549325532260684,0.937776976579987
0.04063058670567203,0.937776976579987
0.04063058670567203,0.9378220439557138
0.04071184787908337,0.9378220439557138
0.04071184787908337,0.9380473808343474
0.04071184787908337,0.9380774257514984
0.04071184787908337,0.9382727177129809
0.04079310905249472,0.9382727177129809
0.04079310905249472,0.9383928973815855
0.040874370225906065,0.9383928973815855
0.040874370225906065,0.938407919840161
0.040955631399317405,0.938407919840161
0.040955631399317405,0.9384229422987366
0.04103689257272875,0.9384229422987366
0.04103689257272875,0.9385881893430679
0.04111815374614009,0.9385881893430679
0.04111815374614009,0.9386783240945213
0.04119941491955144,0.9386783240945213
0.04119941491955144,0.938723391470248
0.041280676092962786,0.938723391470248
0.041280676092962786,0.9389186834317305
0.041361937266374126,0.9389186834317305
0.041361937266374126,0.939038863100335
0.04144319843978547,0.939038863100335
0.04144319843978547,0.9393242898132709
0.04144319843978547,0.939354334730422
0.04144319843978547,0.9394745143990265
0.04152445961319681,0.9394745143990265
0.04152445961319681,0.9394895368576022
0.04160572078660816,0.9394895368576022
0.04160572078660816,0.93956464915048
0.0416869819600195,0.93956464915048
0.0416869819600195,0.9395796716090555
0.0416869819600195,0.9396097165262067
0.0416869819600195,0.9396397614433578
0.0416869819600195,0.9396848288190845
0.041768243133430846,0.9396848288190845
0.041768243133430846,0.9397749635705379
0.041768243133430846,0.9398050084876891
0.041768243133430846,0.9398500758634158
0.04184950430684219,0.9398500758634158
0.04184950430684219,0.9398650983219914
0.04193076548025353,0.9398650983219914
0.04193076548025353,0.940090435200625
0.04201202665366488,0.940090435200625
0.04201202665366488,0.9403458169964096
0.04209328782707622,0.9403458169964096
0.04209328782707622,0.9403758619135608
0.04209328782707622,0.9404209292892874
0.04217454900048757,0.9404209292892874
0.04217454900048757,0.9404960415821654
0.04217454900048757,0.9405711538750432
0.042255810173898914,0.9405711538750432
0.042255810173898914,0.9406162212507699
0.042337071347310254,0.9406162212507699
0.042337071347310254,0.9407814682951012
0.0424183325207216,0.9407814682951012
0.0424183325207216,0.940856580587979
0.04249959369413294,0.940856580587979
0.04249959369413294,0.9409016479637058
0.042662116040955635,0.9409016479637058
0.042662116040955635,0.9409617377980081
0.042743377214366975,0.9409617377980081
0.042743377214366975,0.9412621869695195
0.042743377214366975,0.9412922318866705
0.042743377214366975,0.9414725013895774
0.042743377214366975,0.9415025463067286
0.042743377214366975,0.9415325912238797
0.04282463838777832,0.9415325912238797
0.04282463838777832,0.9416377484339087
0.04290589956118966,0.9416377484339087
0.04290589956118966,0.9417128607267865
0.04298716073460101,0.9417128607267865
0.04298716073460101,0.9417579281025132
0.04298716073460101,0.9417879730196644
0.04298716073460101,0.9418180179368155
0.04306842190801235,0.9418180179368155
0.04306842190801235,0.9418330403953911
0.043149683081423695,0.9418330403953911
0.043149683081423695,0.9418781077711178
0.043149683081423695,0.941908152688269
0.043149683081423695,0.9419982874397224
0.04331220542824638,0.9419982874397224
0.04331220542824638,0.9420733997326003
0.04331220542824638,0.9421034446497514
0.04331220542824638,0.9421485120254781
0.04331220542824638,0.9421785569426292
0.04331220542824638,0.9422837141526582
0.04339346660165773,0.9422837141526582
0.04339346660165773,0.9423137590698094
0.04339346660165773,0.942358826445536
0.04347472777506907,0.942358826445536
0.04347472777506907,0.9425390959484429
0.043555988948480416,0.9425390959484429
0.043555988948480416,0.9426742980756231
0.04363725012189176,0.9426742980756231
0.04363725012189176,0.9427794552856521
0.0437185112953031,0.9427794552856521
0.0437185112953031,0.9428695900371055
0.04379977246871445,0.9428695900371055
0.04379977246871445,0.9429296798714077
0.04379977246871445,0.9429597247885589
0.04379977246871445,0.9430047921642856
0.04379977246871445,0.9430348370814368
0.04379977246871445,0.9432902188772214
0.04388103364212579,0.9432902188772214
0.04388103364212579,0.943305241335797
0.04396229481553714,0.943305241335797
0.04396229481553714,0.9433352862529482
0.044043555988948484,0.9433352862529482
0.044043555988948484,0.9434704883801283
0.044124817162359824,0.9434704883801283
0.044124817162359824,0.943515555755855
0.04420607833577117,0.943515555755855
0.04420607833577117,0.9435456006730062
0.04428733950918251,0.9435456006730062
0.04428733950918251,0.9436657803416107
0.04436860068259386,0.9436657803416107
0.04436860068259386,0.9436958252587618
0.0444498618560052,0.9436958252587618
0.0444498618560052,0.943725870175913
0.044531123029416544,0.943725870175913
0.044531123029416544,0.9437859600102153
0.04461238420282789,0.9437859600102153
0.04461238420282789,0.9438160049273664
0.04477490654965058,0.9438160049273664
0.04477490654965058,0.9438310273859419
0.04485616772306192,0.9438310273859419
0.04485616772306192,0.9438760947616687
0.044937428896473265,0.9438760947616687
0.044937428896473265,0.944251656226058
0.044937428896473265,0.9442817011432091
0.04501869006988461,0.9442817011432091
0.04501869006988461,0.9443868583532381
0.04509995124329595,0.9443868583532381
0.04509995124329595,0.9444319257289648
0.0451812124167073,0.9444319257289648
0.0451812124167073,0.9444469481875404
0.04526247359011864,0.9444469481875404
0.04526247359011864,0.9445070380218427
0.04526247359011864,0.9445370829389937
0.04526247359011864,0.944777442276203
0.04526247359011864,0.9448375321105053
0.04526247359011864,0.9448525545690808
0.045343734763529986,0.9448525545690808
0.045343734763529986,0.9448976219448075
0.04542499593694133,0.9448976219448075
0.04542499593694133,0.9449126444033831
0.04542499593694133,0.9449426893205342
0.04542499593694133,0.9449577117791098
0.04550625711035267,0.9449577117791098
0.04550625711035267,0.9450027791548364
0.04558751828376402,0.9450027791548364
0.04558751828376402,0.9451079363648655
0.04558751828376402,0.9451379812820166
0.04566877945717536,0.9451379812820166
0.04566877945717536,0.9452431384920456
0.04575004063058671,0.9452431384920456
0.04575004063058671,0.9452581609506212
0.04599382415082074,0.9452581609506212
0.04599382415082074,0.9452882058677723
0.04607508532423208,0.9452882058677723
0.04607508532423208,0.9453783406192258
0.04615634649764343,0.9453783406192258
0.04615634649764343,0.9453933630778013
0.04615634649764343,0.9454234079949525
0.04615634649764343,0.9454534529121036
0.04623760767105477,0.9454534529121036
0.04623760767105477,0.9455435876635571
0.046318868844466114,0.9455435876635571
0.046318868844466114,0.9455586101221326
0.0464813911912888,0.9455586101221326
0.0464813911912888,0.9456787897907372
0.04656265236470015,0.9456787897907372
0.04656265236470015,0.9456938122493127
0.04656265236470015,0.9457238571664639
0.04656265236470015,0.9459491940450975
0.04664391353811149,0.9459491940450975
0.04664391353811149,0.9460843961722776
0.04664391353811149,0.9461595084651554
0.046725174711522835,0.9461595084651554
0.046725174711522835,0.9461895533823066
0.04680643588493418,0.9461895533823066
0.04680643588493418,0.9462195982994577
0.04680643588493418,0.9463548004266378
0.04688769705834552,0.9463548004266378
0.04688769705834552,0.946384845343789
0.04705021940516821,0.946384845343789
0.04705021940516821,0.9463998678023645
0.047131480578579556,0.9463998678023645
0.047131480578579556,0.9464749800952423
0.047212741751990896,0.9464749800952423
0.047212741751990896,0.946490002553818
0.047212741751990896,0.9465200474709691
0.047212741751990896,0.9465801373052714
0.047212741751990896,0.9466101822224225
0.04729400292540224,0.9466101822224225
0.04729400292540224,0.9466252046809981
0.04737526409881359,0.9466252046809981
0.04737526409881359,0.9466402271395736
0.04745652527222493,0.9466402271395736
0.04745652527222493,0.9467003169738759
0.047537786445636276,0.9467003169738759
0.047537786445636276,0.9467303618910271
0.04778156996587031,0.9467303618910271
0.04778156996587031,0.9467453843496026
0.04802535348610434,0.9467453843496026
0.04802535348610434,0.9467754292667538
0.04802535348610434,0.9469556987696607
0.048106614659515684,0.9469556987696607
0.048106614659515684,0.9471059233554163
0.048187875832927024,0.9471059233554163
0.048187875832927024,0.9472261030240209
0.048187875832927024,0.9472561479411721
0.048187875832927024,0.9472711703997476
0.04826913700633837,0.9472711703997476
0.04826913700633837,0.9473913500683522
0.04835039817974972,0.9473913500683522
0.04835039817974972,0.94746646236123
0.04843165935316106,0.94746646236123
0.04843165935316106,0.9474965072783812
0.048512920526572405,0.9474965072783812
0.048512920526572405,0.9476016644884102
0.048594181699983745,0.9476016644884102
0.048594181699983745,0.9478870912013461
0.04867544287339509,0.9478870912013461
0.04867544287339509,0.9479171361184972
0.04875670404680644,0.9479171361184972
0.04875670404680644,0.9479471810356483
0.04883796522021778,0.9479471810356483
0.04883796522021778,0.9480823831628284
0.049000487567040465,0.9480823831628284
0.049000487567040465,0.9481424729971307
0.04908174874045181,0.9481424729971307
0.04908174874045181,0.9482476302071597
0.04916300991386316,0.9482476302071597
0.04916300991386316,0.9482626526657353
0.0492442710872745,0.9482626526657353
0.0492442710872745,0.9484879895443689
0.049325532260685846,0.9484879895443689
0.049325532260685846,0.9485631018372467
0.04948805460750853,0.9485631018372467
0.04948805460750853,0.9485931467543979
0.04956931578091987,0.9485931467543979
0.04956931578091987,0.9486682590472757
0.04965057695433122,0.9486682590472757
0.04965057695433122,0.9486832815058512
0.049894360474565254,0.9486832815058512
0.049894360474565254,0.9487734162573047
0.05005688282138794,0.9487734162573047
0.05005688282138794,0.9488485285501825
0.05021940516821063,0.9488485285501825
0.050381927515033315,0.9488485285501825
0.050381927515033315,0.9489236408430604
0.050381927515033315,0.9489536857602116
0.050381927515033315,0.9489837306773626
0.05046318868844466,0.9489837306773626
0.05046318868844466,0.9490888878873917
0.05054444986185601,0.9490888878873917
0.05054444986185601,0.9491489777216939
0.05062571103526735,0.9491489777216939
0.05062571103526735,0.9491940450974207
0.050706972208678695,0.9491940450974207
0.050706972208678695,0.9492391124731474
0.050706972208678695,0.9492691573902985
0.050706972208678695,0.9494193819760542
0.050788233382090035,0.9494193819760542
0.050788233382090035,0.9494494268932053
0.05086949455550138,0.9494494268932053
0.05086949455550138,0.9495545841032343
0.05086949455550138,0.9495846290203854
0.05086949455550138,0.9496146739375366
0.05095075572891272,0.9496146739375366
0.05095075572891272,0.9496897862304144
0.05103201690232407,0.9496897862304144
0.05103201690232407,0.9497198311475656
0.051113278075735416,0.9497198311475656
0.051113278075735416,0.9497348536061412
0.051194539249146756,0.9497348536061412
0.051194539249146756,0.9497498760647167
0.0512758004225581,0.9497498760647167
0.0512758004225581,0.9497949434404435
0.05135706159596944,0.9497949434404435
0.05135706159596944,0.9498400108161702
0.05143832276938079,0.9498400108161702
0.05143832276938079,0.950020280319077
0.05151958394279214,0.950020280319077
0.05151958394279214,0.9501705049048327
0.05160084511620348,0.9501705049048327
0.05160084511620348,0.9501855273634083
0.051763367463026164,0.9501855273634083
0.051763367463026164,0.9502155722805594
0.05184462863643751,0.9502155722805594
0.05184462863643751,0.9502606396562862
0.05192588980984886,0.9502606396562862
0.05192588980984886,0.9502906845734372
0.0520071509832602,0.9502906845734372
0.0520071509832602,0.9503207294905884
0.052169673330082884,0.9503207294905884
0.052169673330082884,0.9505310439106465
0.05225093450349423,0.9505310439106465
0.05225093450349423,0.9505911337449487
0.05241345685031692,0.9505911337449487
0.05241345685031692,0.9506211786620998
0.052494718023728265,0.9506211786620998
0.052494718023728265,0.950651223579251
0.052575979197139605,0.950651223579251
0.052575979197139605,0.9507714032478556
0.05265724037055095,0.9507714032478556
0.05265724037055095,0.9508465155407334
0.05265724037055095,0.9508765604578845
0.05265724037055095,0.9509366502921868
0.05273850154396229,0.9509366502921868
0.05273850154396229,0.950966695209338
0.05281976271737364,0.950966695209338
0.05281976271737364,0.9511018973365181
0.052901023890784986,0.9511018973365181
0.052901023890784986,0.9511169197950937
0.052901023890784986,0.9511619871708203
0.052982285064196326,0.9511619871708203
0.052982285064196326,0.951177009629396
0.052982285064196326,0.9512070545465471
0.052982285064196326,0.9513272342151516
0.05306354623760767,0.9513272342151516
0.05306354623760767,0.9514173689666051
0.05306354623760767,0.9514624363423317
0.05306354623760767,0.951627683386663
0.05314480741101901,0.951627683386663
0.05314480741101901,0.9516877732209653
0.05322606858443036,0.9516877732209653
0.05322606858443036,0.9519731999339012
0.05330732975784171,0.9519731999339012
0.05330732975784171,0.9520032448510524
0.05330732975784171,0.9520332897682035
0.05338859093125305,0.9520332897682035
0.05338859093125305,0.9520633346853546
0.053469852104664393,0.9520633346853546
0.053469852104664393,0.9520933796025057
0.053469852104664393,0.9521084020610813
0.05355111327807573,0.9521084020610813
0.05355111327807573,0.9521384469782325
0.05363237445148708,0.9521384469782325
0.05363237445148708,0.952153469436808
0.05371363562489842,0.952153469436808
0.05371363562489842,0.952258626646837
0.05379489679830977,0.952258626646837
0.05379489679830977,0.9522736491054126
0.05379489679830977,0.9523036940225638
0.05379489679830977,0.9523788063154416
0.053957419145132454,0.9523788063154416
0.053957419145132454,0.9524839635254706
0.0540386803185438,0.9524839635254706
0.0540386803185438,0.9524989859840461
0.05420120266536649,0.9524989859840461
0.05420120266536649,0.952679255486953
0.05420120266536649,0.9527093004041042
0.05420120266536649,0.952784412696982
0.054282463838777835,0.952784412696982
0.054282463838777835,0.952889569907011
0.054363725012189175,0.952889569907011
0.054363725012189175,0.9530247720341911
0.05444498618560052,0.9530247720341911
0.05444498618560052,0.9531449517027957
0.05452624735901186,0.9531449517027957
0.05452624735901186,0.9532501089128247
0.05460750853242321,0.9532501089128247
0.05460750853242321,0.9532951762885514
0.054688769705834556,0.9532951762885514
0.054688769705834556,0.9534904682500338
0.054770030879245896,0.9534904682500338
0.054770030879245896,0.9535054907086093
0.05485129205265724,0.9535054907086093
0.05485129205265724,0.9535355356257605
0.05493255322606858,0.9535355356257605
0.05493255322606858,0.9535655805429116
0.05501381439947993,0.9535655805429116
0.05501381439947993,0.9536557152943651
0.05509507557289127,0.9536557152943651
0.05509507557289127,0.953971186924452
0.055176336746302616,0.953971186924452
0.055176336746302616,0.9540312767587543
0.05525759791971396,0.9540312767587543
0.05525759791971396,0.9541364339687833
0.0553388590931253,0.9541364339687833
0.0553388590931253,0.9541965238030856
0.05542012026653665,0.9541965238030856
0.05542012026653665,0.954391815764568
0.05550138143994799,0.954391815764568
0.05550138143994799,0.9544519055988703
0.05558264261335934,0.9544519055988703
0.05558264261335934,0.9545270178917482
0.055745164960182024,0.9545270178917482
0.055745164960182024,0.9545720852674748
0.05582642613359337,0.9545720852674748
0.05582642613359337,0.954812444604684
0.05590768730700471,0.954812444604684
0.05590768730700471,0.9548725344389862
0.05598894848041606,0.9548725344389862
0.05598894848041606,0.9548875568975619
0.0560702096538274,0.9548875568975619
0.0560702096538274,0.9549626691904397
0.0560702096538274,0.9549927141075909
0.0560702096538274,0.9550377814833175
0.056151470827238745,0.9550377814833175
0.056151470827238745,0.9551128937761955
0.05623273200065009,0.9551128937761955
0.05623273200065009,0.9551579611519221
0.05631399317406143,0.9551579611519221
0.05631399317406143,0.9551880060690733
0.05647651552088412,0.9551880060690733
0.05647651552088412,0.9552931632791023
0.05647651552088412,0.9553232081962534
0.05663903786770681,0.9553232081962534
0.05663903786770681,0.9553682755719801
0.05672029904111815,0.9553682755719801
0.05672029904111815,0.9553983204891312
0.0568015602145295,0.9553983204891312
0.0568015602145295,0.9554283654062824
0.05688282138794084,0.9554283654062824
0.05688282138794084,0.9554584103234335
0.05688282138794084,0.9556236573677648
0.056964082561352186,0.9556236573677648
0.056964082561352186,0.9556987696606427
0.05712660490817487,0.9556987696606427
0.05712660490817487,0.9557738819535205
0.05720786608158622,0.9557738819535205
0.05720786608158622,0.9558189493292473
0.05728912725499756,0.9558189493292473
0.05728912725499756,0.9558790391635495
0.05728912725499756,0.9559090840807006
0.05728912725499756,0.9559992188321541
0.05737038842840891,0.9559992188321541
0.05737038842840891,0.9560743311250319
0.05745164960182025,0.9560743311250319
0.05745164960182025,0.9561945107936365
0.057532910775231594,0.9561945107936365
0.057532910775231594,0.9562996680036655
0.05761417194864294,0.9562996680036655
0.05761417194864294,0.9564348701308456
0.05769543312205428,0.9564348701308456
0.05769543312205428,0.9565099824237234
0.05777669429546563,0.9565099824237234
0.05777669429546563,0.9565850947166014
0.057939216642288315,0.9565850947166014
0.057939216642288315,0.9566902519266303
0.05802047781569966,0.9566902519266303
0.05802047781569966,0.956945633722415
0.058101738989111,0.956945633722415
0.058101738989111,0.9570057235567173
0.05818300016252235,0.9570057235567173
0.05818300016252235,0.9570207460152929
0.05826426133593369,0.9570207460152929
0.05826426133593369,0.9571409256838974
0.058345522509345035,0.9571409256838974
0.058345522509345035,0.9572310604353509
0.05842678368275638,0.9572310604353509
0.05842678368275638,0.9572761278110775
0.05850804485616772,0.9572761278110775
0.05850804485616772,0.9572911502696532
0.05858930602957907,0.9572911502696532
0.05858930602957907,0.9573061727282287
0.05867056720299041,0.9573061727282287
0.05867056720299041,0.9573512401039554
0.05867056720299041,0.9573812850211065
0.05867056720299041,0.9573963074796821
0.058833089549813096,0.9573963074796821
0.058833089549813096,0.9576216443583156
0.05891435072322444,0.9576216443583156
0.05891435072322444,0.9576817341926179
0.05891435072322444,0.9577117791097691
0.05891435072322444,0.9577568464854959
0.05899561189663579,0.9577568464854959
0.05899561189663579,0.9578319587783737
0.05899561189663579,0.9578620036955248
0.05899561189663579,0.957922093529827
0.05907687307004713,0.957922093529827
0.05907687307004713,0.9580122282812805
0.05923939541686982,0.9580122282812805
0.05923939541686982,0.9582075202427629
0.059320656590281164,0.9582075202427629
0.059320656590281164,0.9582225427013386
0.05940191776369251,0.9582225427013386
0.05940191776369251,0.9582676100770652
0.0595644401105152,0.9582676100770652
0.0595644401105152,0.9582826325356408
0.0595644401105152,0.9583126774527919
0.0595644401105152,0.9583276999113675
0.05964570128392654,0.9583276999113675
0.05964570128392654,0.9584028122042454
0.059726962457337884,0.9584028122042454
0.059726962457337884,0.9584178346628209
0.05980822363074923,0.9584178346628209
0.05980822363074923,0.9585079694142743
0.05980822363074923,0.9585380143314255
0.05980822363074923,0.9586131266243033
0.05988948480416057,0.9586131266243033
0.05988948480416057,0.9586281490828789
0.05988948480416057,0.95865819400003
0.05988948480416057,0.9587032613757568
0.05988948480416057,0.9587483287514834
0.05997074597757192,0.9587483287514834
0.05997074597757192,0.9588234410443613
0.05997074597757192,0.9588534859615124
0.05997074597757192,0.9589135757958147
0.06005200715098326,0.9589135757958147
0.06005200715098326,0.9589285982543904
0.060133268324394605,0.9589285982543904
0.060133268324394605,0.9590187330058437
0.060214529497805945,0.9590187330058437
0.060214529497805945,0.9591088677572972
0.06029579067121729,0.9591088677572972
0.06029579067121729,0.959183980050175
0.06029579067121729,0.9592140249673261
0.06029579067121729,0.9592741148016284
0.06037705184462864,0.9592741148016284
0.06037705184462864,0.959289137260204
0.06045831301803998,0.959289137260204
0.06045831301803998,0.9593642495530819
0.060539574191451326,0.9593642495530819
0.060539574191451326,0.959394294470233
0.060539574191451326,0.9594243393873841
0.060539574191451326,0.9594543843045353
0.060620835364862666,0.9594543843045353
0.060620835364862666,0.9595445190559887
0.06070209653827401,0.9595445190559887
0.06070209653827401,0.9595595415145642
0.06078335771168536,0.9595595415145642
0.06078335771168536,0.9595745639731399
0.06078335771168536,0.959604608890291
0.06078335771168536,0.9596496762660177
0.0608646188850967,0.9596496762660177
0.0608646188850967,0.9596797211831688
0.060945880058508047,0.9596797211831688
0.060945880058508047,0.9597848783931978
0.061027141231919386,0.9597848783931978
0.061027141231919386,0.9597999008517734
0.06110840240533073,0.9597999008517734
0.06110840240533073,0.9598750131446513
0.06127092475215342,0.9598750131446513
0.06127092475215342,0.9599050580618024
0.06135218592556477,0.9599050580618024
0.06135218592556477,0.9599501254375291
0.06143344709897611,0.9599501254375291
0.06143344709897611,0.9599651478961047
0.061514708272387454,0.9599651478961047
0.061514708272387454,0.9599801703546802
0.061595969445798794,0.9599801703546802
0.061595969445798794,0.9600552826475581
0.06175849179262149,0.9600552826475581
0.061921014139444175,0.9600552826475581
0.061921014139444175,0.960130394940436
0.062002275312855515,0.960130394940436
0.062002275312855515,0.9602055072333138
0.06208353648626686,0.9602055072333138
0.06208353648626686,0.9602505746090405
0.06216479765967821,0.9602505746090405
0.06216479765967821,0.960265597067616
0.06248984235332358,0.960265597067616
0.06248984235332358,0.9602956419847672
0.06257110352673492,0.9602956419847672
0.06257110352673492,0.960340709360494
0.06265236470014628,0.960340709360494
0.06265236470014628,0.9603707542776451
0.0628961482203803,0.9603707542776451
0.0628961482203803,0.9603857767362206
0.06305867056720299,0.9603857767362206
0.06305867056720299,0.9604909339462496
0.06313993174061433,0.9604909339462496
0.06313993174061433,0.9605209788634008
0.06322119291402568,0.9605209788634008
0.06322119291402568,0.9605510237805519
0.06330245408743702,0.9605510237805519
0.06330245408743702,0.9606261360734297
0.0636274987810824,0.9606261360734297
0.0636274987810824,0.960686225907732
0.06370875995449374,0.960686225907732
0.06370875995449374,0.9607312932834587
0.06379002112790509,0.9607312932834587
0.06379002112790509,0.9607463157420344
0.06387128230131643,0.9607463157420344
0.06387128230131643,0.9607613382006099
0.06395254347472777,0.9607613382006099
0.06395254347472777,0.960791383117761
0.06395254347472777,0.9608214280349122
0.06395254347472777,0.960866495410639
0.06403380464813913,0.960866495410639
0.06403380464813913,0.9609866750792435
0.06427758816837315,0.9609866750792435
0.06427758816837315,0.9610317424549701
0.0643588493417845,0.9610317424549701
0.0643588493417845,0.961212011957877
0.06444011051519584,0.961212011957877
0.06444011051519584,0.9612420568750282
0.06452137168860718,0.9612420568750282
0.06452137168860718,0.9612871242507549
0.06460263286201853,0.9612871242507549
0.06460263286201853,0.9613321916264815
0.06468389403542987,0.9613321916264815
0.06468389403542987,0.9613622365436327
0.06468389403542987,0.961422326377935
0.06476515520884121,0.961422326377935
0.06476515520884121,0.961527483587964
0.06484641638225255,0.961527483587964
0.06484641638225255,0.9616777081737197
0.0649276775556639,0.9616777081737197
0.0649276775556639,0.9616927306322953
0.06500893872907525,0.9616927306322953
0.06500893872907525,0.9617077530908709
0.06509019990248659,0.9617077530908709
0.06509019990248659,0.9617528204665976
0.06525272224930928,0.9617528204665976
0.06525272224930928,0.9617828653837487
0.06533398342272062,0.9617828653837487
0.06533398342272062,0.9617978878423242
0.06533398342272062,0.9618279327594754
0.06533398342272062,0.9618579776766265
0.06541524459613197,0.9618579776766265
0.06541524459613197,0.9619030450523532
0.06541524459613197,0.9619330899695044
0.06541524459613197,0.9620833145552601
0.06541524459613197,0.9621133594724113
0.06541524459613197,0.9621884717652891
0.06549650576954331,0.9621884717652891
0.06549650576954331,0.9622335391410158
0.06557776694295465,0.9622335391410158
0.06557776694295465,0.9622485615995914
0.06557776694295465,0.9622786065167426
0.06557776694295465,0.9622936289753181
0.065659028116366,0.9622936289753181
0.065659028116366,0.9623386963510449
0.06574028928977735,0.9623386963510449
0.06574028928977735,0.9623687412681959
0.06582155046318869,0.9623687412681959
0.06582155046318869,0.9623837637267715
0.06590281163660003,0.9623837637267715
0.06590281163660003,0.9623987861853471
0.06606533398342272,0.9623987861853471
0.06606533398342272,0.9624438535610738
0.06614659515683406,0.9624438535610738
0.06614659515683406,0.9625339883125272
0.0662278563302454,0.9625339883125272
0.0662278563302454,0.9625490107711028
0.0663903786770681,0.9625490107711028
0.0663903786770681,0.9625640332296783
0.06647163985047944,0.9625640332296783
0.06647163985047944,0.9626241230639806
0.06663416219730213,0.9626241230639806
0.06663416219730213,0.962684212898283
0.06679668454412482,0.962684212898283
0.06679668454412482,0.9627593251911608
0.06687794571753616,0.9627593251911608
0.06687794571753616,0.9628043925668875
0.0669592068909475,0.9628043925668875
0.0669592068909475,0.9628194150254631
0.06704046806435884,0.9628194150254631
0.06704046806435884,0.9628644824011898
0.06728425158459288,0.9628644824011898
0.06728425158459288,0.9629095497769165
0.06736551275800423,0.9629095497769165
0.06736551275800423,0.9629395946940676
0.06744677393141557,0.9629395946940676
0.06744677393141557,0.963029729445521
0.06752803510482691,0.963029729445521
0.06752803510482691,0.9630597743626722
0.06760929627823825,0.9630597743626722
0.06760929627823825,0.963240043865579
0.06777181862506095,0.963240043865579
0.06777181862506095,0.9632700887827301
0.06777181862506095,0.9632851112413058
0.06785307979847228,0.9632851112413058
0.06785307979847228,0.9633452010756081
0.06793434097188364,0.9633452010756081
0.06793434097188364,0.9633752459927591
0.06801560214529498,0.9633752459927591
0.06801560214529498,0.9633902684513348
0.06801560214529498,0.9634203133684859
0.06801560214529498,0.9635254705785149
0.06809686331870632,0.9635254705785149
0.06809686331870632,0.9635705379542416
0.06825938566552901,0.9635705379542416
0.06825938566552901,0.9636907176228462
0.06834064683894035,0.9636907176228462
0.06834064683894035,0.9637357849985728
0.06842190801235169,0.9637357849985728
0.06842190801235169,0.9637508074571485
0.06850316918576305,0.9637508074571485
0.06850316918576305,0.963870987125753
0.06858443035917439,0.963870987125753
0.06858443035917439,0.9639160545014797
0.06866569153258573,0.9639160545014797
0.06866569153258573,0.9639460994186309
0.06874695270599708,0.9639460994186309
0.06874695270599708,0.9639611218772064
0.06907199739964245,0.9639611218772064
0.06907199739964245,0.963976144335782
0.0691532585730538,0.963976144335782
0.0691532585730538,0.9640061892529331
0.0691532585730538,0.9640362341700843
0.06923451974646513,0.9640362341700843
0.06923451974646513,0.9640963240043866
0.06931578091987649,0.9640963240043866
0.06931578091987649,0.9641113464629621
0.06931578091987649,0.9641413913801132
0.06939704209328783,0.9641413913801132
0.06939704209328783,0.9642315261315667
0.06947830326669917,0.9642315261315667
0.06947830326669917,0.964291615965869
0.06964082561352186,0.964291615965869
0.06964082561352186,0.9643667282587468
0.0697220867869332,0.9643667282587468
0.0697220867869332,0.964396773175898
0.06996587030716724,0.964396773175898
0.06996587030716724,0.9644117956344735
0.07004713148057858,0.9644117956344735
0.07004713148057858,0.9644568630102003
0.07020965382740127,0.9644568630102003
0.07020965382740127,0.9645319753030781
0.07029091500081261,0.9645319753030781
0.07029091500081261,0.9646070875959559
0.07037217617422395,0.9646070875959559
0.07037217617422395,0.9646221100545316
0.07053469852104664,0.9646221100545316
0.07053469852104664,0.9646671774302582
0.07061595969445798,0.9646671774302582
0.07061595969445798,0.9647422897231361
0.07069722086786934,0.9647422897231361
0.07069722086786934,0.9647573121817117
0.07077848204128068,0.9647573121817117
0.07077848204128068,0.9647873570988628
0.07094100438810337,0.9647873570988628
0.07094100438810337,0.9648023795574384
0.07102226556151471,0.9648023795574384
0.07102226556151471,0.9649676266017696
0.07118478790833739,0.9649676266017696
0.07118478790833739,0.9650577613532231
0.07126604908174874,0.9650577613532231
0.07126604908174874,0.9650878062703742
0.07134731025516008,0.9650878062703742
0.07134731025516008,0.9652079859389787
0.07159109377539412,0.9652079859389787
0.07159109377539412,0.9652380308561299
0.07159109377539412,0.9652680757732811
0.07159109377539412,0.9653281656075834
0.07167235494880546,0.9653281656075834
0.07167235494880546,0.9653882554418857
0.0717536161222168,0.9653882554418857
0.0717536161222168,0.965448345276188
0.07183487729562815,0.965448345276188
0.07183487729562815,0.965478390193339
0.07191613846903949,0.965478390193339
0.07191613846903949,0.9654934126519146
0.07199739964245083,0.9654934126519146
0.07199739964245083,0.9655084351104902
0.07215992198927353,0.9655084351104902
0.07215992198927353,0.9655384800276413
0.07215992198927353,0.965583547403368
0.07215992198927353,0.9656135923205191
0.07215992198927353,0.9656436372376703
0.07224118316268487,0.9656436372376703
0.07224118316268487,0.9656887046133971
0.07232244433609622,0.9656887046133971
0.07232244433609622,0.9657187495305481
0.07240370550950756,0.9657187495305481
0.07240370550950756,0.9657337719891237
0.0724849666829189,0.9657337719891237
0.0724849666829189,0.9657638169062749
0.0724849666829189,0.9658839965748794
0.07256622785633024,0.9658839965748794
0.07256622785633024,0.9659440864091817
0.07272875020315293,0.9659440864091817
0.07272875020315293,0.9659591088677573
0.07289127254997563,0.9659591088677573
0.07289127254997563,0.9659741313263329
0.07297253372338697,0.9659741313263329
0.07297253372338697,0.9660191987020595
0.07305379489679831,0.9660191987020595
0.07305379489679831,0.966109333453513
0.07313505607020965,0.966109333453513
0.07313505607020965,0.9661243559120886
0.073216317243621,0.9661243559120886
0.073216317243621,0.9661393783706641
0.07337883959044368,0.9661393783706641
0.07337883959044368,0.9661694232878153
0.07346010076385504,0.9661694232878153
0.07346010076385504,0.9663797377078732
0.07354136193726638,0.9663797377078732
0.07354136193726638,0.9663947601664489
0.07354136193726638,0.9664248050836
0.07354136193726638,0.9665149398350534
0.07362262311067772,0.9665149398350534
0.07362262311067772,0.9666200970450824
0.07370388428408907,0.9666200970450824
0.07370388428408907,0.966635119503658
0.07378514545750041,0.966635119503658
0.07378514545750041,0.9666651644208091
0.07378514545750041,0.9666801868793847
0.07386640663091175,0.9666801868793847
0.07386640663091175,0.9666952093379603
0.07411019015114578,0.9666952093379603
0.07411019015114578,0.9667252542551114
0.07419145132455712,0.9667252542551114
0.07419145132455712,0.9667853440894136
0.07427271249796848,0.9667853440894136
0.07427271249796848,0.9668153890065648
0.07435397367137982,0.9668153890065648
0.07435397367137982,0.9669055237580182
0.07435397367137982,0.9669355686751694
0.07435397367137982,0.9669505911337449
0.07443523484479116,0.9669505911337449
0.07443523484479116,0.9669806360508961
0.07443523484479116,0.9670257034266228
0.0745164960182025,0.9670257034266228
0.0745164960182025,0.967055748343774
0.07459775719161385,0.967055748343774
0.07459775719161385,0.9671008157195007
0.07467901836502519,0.9671008157195007
0.07467901836502519,0.967160905553803
0.07476027953843653,0.967160905553803
0.07476027953843653,0.9672209953881052
0.07484154071184788,0.9672209953881052
0.07484154071184788,0.9672510403052563
0.07492280188525922,0.9672510403052563
0.07492280188525922,0.9672810852224075
0.07500406305867056,0.9672810852224075
0.07500406305867056,0.9673261525981343
0.07508532423208192,0.9673261525981343
0.07508532423208192,0.9673411750567098
0.07508532423208192,0.9673712199738609
0.0752478465789046,0.9673712199738609
0.0752478465789046,0.9673862424324365
0.07532910775231594,0.9673862424324365
0.07532910775231594,0.9674913996424654
0.07541036892572729,0.9674913996424654
0.07541036892572729,0.9675514894767677
0.07557289127254997,0.9675514894767677
0.07565415244596133,0.9675514894767677
0.07565415244596133,0.9675665119353434
0.07573541361937267,0.9675665119353434
0.07573541361937267,0.9675965568524945
0.075816674792784,0.9675965568524945
0.075816674792784,0.9676416242282212
0.07589793596619535,0.9676416242282212
0.07589793596619535,0.9676716691453723
0.07622298065984073,0.9676716691453723
0.07622298065984073,0.9676866916039479
0.07630424183325207,0.9676866916039479
0.07630424183325207,0.967716736521099
0.07638550300666341,0.967716736521099
0.07638550300666341,0.9677768263554013
0.07638550300666341,0.9678068712725525
0.07638550300666341,0.967821893731128
0.07638550300666341,0.9678519386482792
0.07638550300666341,0.9678669611068548
0.07646676418007477,0.9678669611068548
0.07646676418007477,0.967927050941157
0.07646676418007477,0.9679570958583081
0.07646676418007477,0.9679721183168838
0.07654802535348611,0.9679721183168838
0.07654802535348611,0.9680021632340349
0.07662928652689745,0.9680021632340349
0.07662928652689745,0.9680622530683372
0.07671054770030879,0.9680622530683372
0.07671054770030879,0.9680922979854883
0.07671054770030879,0.9681223429026394
0.07671054770030879,0.9681523878197906
0.07687307004713148,0.9681523878197906
0.07687307004713148,0.9681824327369417
0.07703559239395417,0.9681824327369417
0.07703559239395417,0.9682575450298195
0.07719811474077685,0.9682575450298195
0.07719811474077685,0.9682875899469707
0.0772793759141882,0.9682875899469707
0.0772793759141882,0.9683176348641218
0.07736063708759955,0.9683176348641218
0.07736063708759955,0.9684678594498776
0.07744189826101089,0.9684678594498776
0.07744189826101089,0.9685730166599066
0.07768568178124492,0.9685730166599066
0.07768568178124492,0.9686180840356333
0.0778482041280676,0.9686180840356333
0.0778482041280676,0.96866315141136
0.07792946530147896,0.96866315141136
0.07792946530147896,0.9686781738699356
0.0780107264748903,0.9686781738699356
0.0780107264748903,0.9687382637042379
0.07809198764830164,0.9687382637042379
0.07825450999512433,0.9687382637042379
0.07825450999512433,0.9688133759971157
0.07841703234194702,0.9688133759971157
0.07841703234194702,0.9688884882899935
0.07849829351535836,0.9688884882899935
0.07849829351535836,0.9689335556657203
0.07866081586218104,0.9689335556657203
0.07866081586218104,0.9689936455000225
0.0787420770355924,0.9689936455000225
0.0787420770355924,0.9690537353343248
0.07882333820900374,0.9690537353343248
0.07898586055582643,0.9690537353343248
0.07898586055582643,0.9691588925443538
0.07906712172923777,0.9691588925443538
0.07906712172923777,0.9691739150029294
0.07914838290264911,0.9691739150029294
0.07914838290264911,0.9692640497543829
0.07939216642288315,0.9692640497543829
0.07939216642288315,0.9693091171301095
0.07947342759629449,0.9693091171301095
0.07947342759629449,0.9693391620472607
0.07955468876970584,0.9693391620472607
0.07955468876970584,0.9693692069644118
0.07963594994311718,0.9693692069644118
0.07963594994311718,0.9694142743401385
0.07971721111652852,0.9694142743401385
0.07971721111652852,0.969504409091592
0.07971721111652852,0.969534454008743
0.07971721111652852,0.9695494764673186
0.07979847228993987,0.9695494764673186
0.07979847228993987,0.9695644989258942
0.07996099463676255,0.9695644989258942
0.07996099463676255,0.9695795213844698
0.08012351698358525,0.9695795213844698
0.08012351698358525,0.9696396112187721
0.08036730050381928,0.9696396112187721
0.08036730050381928,0.9696696561359232
0.08044856167723062,0.9696696561359232
0.08044856167723062,0.9696997010530743
0.08044856167723062,0.9697447684288011
0.08052982285064196,0.9697447684288011
0.08052982285064196,0.9698048582631034
0.080773606370876,0.9698048582631034
0.080773606370876,0.9698198807216789
0.08085486754428733,0.9698198807216789
0.08085486754428733,0.969955082848859
0.08085486754428733,0.9699851277660102
0.08085486754428733,0.9700452176003125
0.08101738989111003,0.9700452176003125
0.08101738989111003,0.970165397268917
0.08109865106452137,0.970165397268917
0.08109865106452137,0.9701954421860681
0.08109865106452137,0.9702405095617949
0.08126117341134406,0.9702405095617949
0.08126117341134406,0.9702855769375216
0.08142369575816674,0.9702855769375216
0.08142369575816674,0.9703456667718239
0.08174874045181213,0.9703456667718239
0.08174874045181213,0.9704358015232774
0.08183000162522347,0.9704358015232774
0.08183000162522347,0.9704658464404284
0.08191126279863481,0.9704658464404284
0.08191126279863481,0.970480868899004
0.0820737851454575,0.970480868899004
0.0820737851454575,0.9705259362747307
0.08215504631886884,0.9705259362747307
0.08215504631886884,0.9705409587333063
0.08223630749228018,0.9705409587333063
0.08223630749228018,0.9705710036504575
0.08231756866569154,0.9705710036504575
0.08231756866569154,0.9706160710261842
0.08239882983910288,0.9706160710261842
0.08239882983910288,0.9707512731533643
0.08248009101251422,0.9707512731533643
0.08248009101251422,0.970796340529091
0.08264261335933691,0.970796340529091
0.08264261335933691,0.9708113629876666
0.08272387453274825,0.9708113629876666
0.08272387453274825,0.9708414079048177
0.08280513570615959,0.9708414079048177
0.08280513570615959,0.9709916324905734
0.08288639687957094,0.9709916324905734
0.08288639687957094,0.9710216774077245
0.08296765805298228,0.9710216774077245
0.08296765805298228,0.9710366998663001
0.08304891922639362,0.9710366998663001
0.08304891922639362,0.9710667447834512
0.08313018039980498,0.9710667447834512
0.08313018039980498,0.9710967897006024
0.08321144157321632,0.9710967897006024
0.08321144157321632,0.971111812159178
0.08345522509345035,0.971111812159178
0.08345522509345035,0.9711719019934802
0.08361774744027303,0.9711719019934802
0.08361774744027303,0.9711869244520558
0.08361774744027303,0.9712319918277825
0.08361774744027303,0.9712620367449337
0.08369900861368439,0.9712620367449337
0.08369900861368439,0.9713071041206603
0.08369900861368439,0.9713371490378115
0.08369900861368439,0.9713671939549626
0.08378026978709573,0.9713671939549626
0.08378026978709573,0.9713822164135383
0.08386153096050707,0.9713822164135383
0.08386153096050707,0.9716075532921717
0.08386153096050707,0.9716375982093229
0.08394279213391842,0.9716375982093229
0.08394279213391842,0.9716526206678985
0.0841053144807411,0.9716526206678985
0.0841053144807411,0.9717127105022008
0.0842678368275638,0.9717127105022008
0.0842678368275638,0.9717277329607764
0.08434909800097513,0.9717277329607764
0.08434909800097513,0.971772800336503
0.08443035917438647,0.971772800336503
0.08443035917438647,0.9717878227950787
0.08451162034779783,0.9717878227950787
0.08451162034779783,0.9718779575465321
0.08459288152120917,0.9718779575465321
0.08459288152120917,0.9719080024636833
0.0848366650414432,0.9719080024636833
0.0848366650414432,0.9719230249222588
0.08508044856167724,0.9719230249222588
0.08508044856167724,0.9719680922979855
0.08516170973508858,0.9719680922979855
0.08516170973508858,0.9720131596737122
0.08532423208191127,0.9720131596737122
0.08532423208191127,0.9720281821322878
0.08548675442873395,0.9720281821322878
0.08548675442873395,0.9720732495080144
0.08556801560214529,0.9720732495080144
0.08556801560214529,0.9721333393423167
0.08564927677555664,0.9721333393423167
0.08564927677555664,0.9722384965523457
0.08564927677555664,0.9722685414694969
0.08581179912237932,0.9722685414694969
0.08581179912237932,0.972298586386648
0.0861368438160247,0.972298586386648
0.0861368438160247,0.9723286313037992
0.08621810498943605,0.9723286313037992
0.08638062733625873,0.9723286313037992
0.08654314968308142,0.9723286313037992
0.08654314968308142,0.9723736986795259
0.08678693320331546,0.9723736986795259
0.08678693320331546,0.9723887211381015
0.0868681943767268,0.9723887211381015
0.0868681943767268,0.972403743596677
0.08694945555013814,0.972403743596677
0.08694945555013814,0.9724337885138282
0.08703071672354949,0.9724337885138282
0.08703071672354949,0.9724638334309793
0.08719323907037217,0.9724638334309793
0.08719323907037217,0.9725840130995839
0.08751828376401755,0.9725840130995839
0.08751828376401755,0.9726290804753106
0.0875995449374289,0.9726290804753106
0.0875995449374289,0.9726441029338861
0.08768080611084024,0.9726441029338861
0.08768080611084024,0.9726741478510373
0.08784332845766293,0.9726741478510373
0.08784332845766293,0.9726891703096129
0.08800585080448561,0.9726891703096129
0.08800585080448561,0.9727492601439152
0.08816837315130831,0.9727492601439152
0.08816837315130831,0.9727793050610662
0.08824963432471965,0.9727793050610662
0.08824963432471965,0.9728544173539442
0.08833089549813099,0.9728544173539442
0.08833089549813099,0.9728694398125197
0.08857467901836502,0.9728694398125197
0.08857467901836502,0.9728844622710953
0.08865594019177638,0.9728844622710953
0.08865594019177638,0.9728994847296708
0.08881846253859906,0.9728994847296708
0.08881846253859906,0.9729595745639732
0.0888997237120104,0.9729595745639732
0.0888997237120104,0.9729896194811243
0.08898098488542175,0.9729896194811243
0.08898098488542175,0.9730046419396998
0.08914350723224443,0.9730046419396998
0.08914350723224443,0.973034686856851
0.08930602957906712,0.973034686856851
0.08930602957906712,0.9730947766911533
0.08946855192588982,0.9730947766911533
0.08946855192588982,0.9731097991497288
0.08954981309930116,0.9731097991497288
0.08954981309930116,0.9731248216083044
0.0896310742727125,0.9731248216083044
0.0896310742727125,0.97313984406688
0.08971233544612384,0.97313984406688
0.08971233544612384,0.9731548665254556
0.08971233544612384,0.9732149563597579
0.08971233544612384,0.9732299788183334
0.08987485779294653,0.9732299788183334
0.08987485779294653,0.9732450012769089
0.08987485779294653,0.9732750461940601
0.08987485779294653,0.9732900686526357
0.08995611896635787,0.9732900686526357
0.08995611896635787,0.9733201135697869
0.09003738013976922,0.9733201135697869
0.09003738013976922,0.973350158486938
0.09011864131318056,0.973350158486938
0.09011864131318056,0.9734402932383914
0.0901999024865919,0.9734402932383914
0.0901999024865919,0.973455315696967
0.09028116366000324,0.973455315696967
0.09028116366000324,0.9734853606141181
0.09101251422070535,0.9734853606141181
0.09101251422070535,0.9735454504484203
0.09109377539411669,0.9735454504484203
0.09109377539411669,0.9735754953655715
0.09117503656752804,0.9735754953655715
0.09117503656752804,0.9735905178241471
0.09125629774093938,0.9735905178241471
0.09125629774093938,0.9736355851998738
0.09125629774093938,0.973665630117025
0.09150008126117341,0.973665630117025
0.09150008126117341,0.9736806525756005
0.0916626036079961,0.9736806525756005
0.0916626036079961,0.9737407424099028
0.09174386478140745,0.9737407424099028
0.09174386478140745,0.9737858097856296
0.09198764830164148,0.9737858097856296
0.09198764830164148,0.9738008322442051
0.09223143182187551,0.9738008322442051
0.09223143182187551,0.9738458996199318
0.09231269299528685,0.9738458996199318
0.09231269299528685,0.9739210119128097
0.09231269299528685,0.9739510568299607
0.09231269299528685,0.9739811017471119
0.09247521534210953,0.9739811017471119
0.09247521534210953,0.974011146664263
0.09247521534210953,0.9740562140399898
0.09247521534210953,0.9741313263328676
0.09255647651552089,0.9741313263328676
0.09255647651552089,0.9741463487914432
0.09263773768893223,0.9741463487914432
0.09263773768893223,0.9741914161671699
0.09271899886234357,0.9741914161671699
0.09271899886234357,0.9742214610843211
0.09304404355598894,0.9742214610843211
0.09304404355598894,0.9743266182943501
0.0931253047294003,0.9743266182943501
0.0931253047294003,0.9743416407529256
0.09320656590281164,0.9743416407529256
0.09320656590281164,0.9743566632115012
0.09328782707622298,0.9743566632115012
0.09328782707622298,0.9743716856700768
0.09336908824963433,0.9743716856700768
0.09336908824963433,0.9743867081286524
0.09361287176986836,0.9743867081286524
0.09361287176986836,0.9744017305872279
0.0936941329432797,0.9744017305872279
0.0936941329432797,0.9744167530458034
0.09377539411669104,0.9744167530458034
0.09377539411669104,0.9744467979629546
0.09401917763692508,0.9744467979629546
0.09401917763692508,0.9745068877972569
0.09410043881033642,0.9745068877972569
0.09410043881033642,0.9745669776315592
0.09442548350398179,0.9745669776315592
0.09442548350398179,0.9745970225487103
0.09458800585080449,0.9745970225487103
0.09458800585080449,0.9746120450072859
0.09466926702421583,0.9746120450072859
0.09466926702421583,0.974642089924437
0.09475052819762718,0.974642089924437
0.09475052819762718,0.9746871573001638
0.09491305054444986,0.9746871573001638
0.09491305054444986,0.9747172022173148
0.0949943117178612,0.9747172022173148
0.0949943117178612,0.9747772920516171
0.09523809523809523,0.9747772920516171
0.09523809523809523,0.9748073369687683
0.09531935641150659,0.9748073369687683
0.09531935641150659,0.9748223594273439
0.09548187875832927,0.9748223594273439
0.09548187875832927,0.9748373818859194
0.09556313993174062,0.9748373818859194
0.09556313993174062,0.9748674268030706
0.09556313993174062,0.9748824492616461
0.09580692345197464,0.9748824492616461
0.095888184625386,0.9748824492616461
0.095888184625386,0.9748974717202218
0.09596944579879733,0.9748974717202218
0.09596944579879733,0.9749275166373729
0.09605070697220867,0.9749275166373729
0.09605070697220867,0.9749425390959484
0.09621322931903137,0.9749425390959484
0.09637575166585405,0.9749425390959484
0.09637575166585405,0.9749575615545241
0.09653827401267674,0.9749575615545241
0.09653827401267674,0.9750476963059774
0.09661953518608808,0.9750476963059774
0.09661953518608808,0.975062718764553
0.09678205753291078,0.975062718764553
0.09678205753291078,0.9750927636817042
0.09686331870632212,0.9750927636817042
0.09686331870632212,0.9751228085988553
0.09702584105314481,0.9751228085988553
0.09702584105314481,0.975167875974582
0.09718836339996749,0.975167875974582
0.09718836339996749,0.9751828984331575
0.09743214692020152,0.9751828984331575
0.09743214692020152,0.9752279658088843
0.09751340809361288,0.9752279658088843
0.09751340809361288,0.975273033184611
0.09759466926702422,0.975273033184611
0.09759466926702422,0.9752880556431865
0.09767593044043556,0.9752880556431865
0.09767593044043556,0.9753181005603377
0.0977571916138469,0.9753181005603377
0.0977571916138469,0.9753481454774888
0.09783845278725825,0.9753481454774888
0.09783845278725825,0.9754232577703666
0.09791971396066959,0.9754232577703666
0.09791971396066959,0.9754983700632446
0.09800097513408093,0.9754983700632446
0.09800097513408093,0.9755284149803957
0.09800097513408093,0.9755584598975469
0.09824475865431496,0.9755584598975469
0.09824475865431496,0.9755734823561224
0.09832601982772632,0.9755734823561224
0.09832601982772632,0.9756035272732736
0.09840728100113766,0.9756035272732736
0.09840728100113766,0.9756335721904247
0.09856980334796034,0.9756335721904247
0.09856980334796034,0.9756485946490002
0.09865106452137169,0.9756485946490002
0.09865106452137169,0.9756786395661514
0.09873232569478303,0.9756786395661514
0.09873232569478303,0.975693662024727
0.09881358686819437,0.975693662024727
0.09881358686819437,0.9757237069418782
0.0990573703884284,0.9757237069418782
0.0990573703884284,0.9758288641519071
0.0990573703884284,0.9758589090690583
0.09913863156183975,0.9758589090690583
0.09913863156183975,0.9758889539862093
0.0992198927352511,0.9758889539862093
0.0992198927352511,0.9760391785719651
0.09930115390866244,0.9760391785719651
0.09930115390866244,0.9760542010305406
0.09938241508207378,0.9760542010305406
0.09938241508207378,0.9760692234891162
0.09954493742889647,0.9760692234891162
0.09954493742889647,0.9760992684062674
0.09962619860230781,0.9760992684062674
0.09962619860230781,0.9761894031577208
0.09978872094913051,0.9761894031577208
0.09978872094913051,0.9762044256162964
0.09978872094913051,0.9762344705334475
0.09978872094913051,0.9763095828263254
0.09986998212254185,0.9763095828263254
0.09986998212254185,0.9763396277434765
0.09995124329595319,0.9763396277434765
0.09995124329595319,0.97642976249493
0.10011376564277588,0.97642976249493
0.10011376564277588,0.9764447849535055
0.10019502681618722,0.9764447849535055
0.10019502681618722,0.9764748298706566
0.10035754916300992,0.9764748298706566
0.10035754916300992,0.9765048747878078
0.10060133268324395,0.9765048747878078
0.10060133268324395,0.9765198972463833
0.10068259385665529,0.9765198972463833
0.10068259385665529,0.9765349197049589
0.10076385503006663,0.9765349197049589
0.10076385503006663,0.9765499421635345
0.10092637737688932,0.9765499421635345
0.10092637737688932,0.9765649646221101
0.10100763855030066,0.9765649646221101
0.10100763855030066,0.9766400769149879
0.10108889972371202,0.9766400769149879
0.10108889972371202,0.9766550993735634
0.10117016089712336,0.9766550993735634
0.10117016089712336,0.9766701218321391
0.10165772793759142,0.9766701218321391
0.10165772793759142,0.9766851442907146
0.1019827726312368,0.9766851442907146
0.1019827726312368,0.9767903015007436
0.10238907849829351,0.9767903015007436
0.10238907849829351,0.9768353688764704
0.10247033967170487,0.9768353688764704
0.10247033967170487,0.9768503913350459
0.10263286201852755,0.9768503913350459
0.10263286201852755,0.9768654137936215
0.10271412319193889,0.9768654137936215
0.10271412319193889,0.976880436252197
0.10312042905899561,0.976880436252197
0.10312042905899561,0.9770607057551038
0.10320169023240695,0.9770607057551038
0.10320169023240695,0.9771508405065573
0.1032829514058183,0.9771508405065573
0.1032829514058183,0.9771658629651329
0.10344547375264099,0.9771658629651329
0.10344547375264099,0.9771808854237084
0.10352673492605233,0.9771808854237084
0.10352673492605233,0.9772109303408596
0.10360799609946368,0.9772109303408596
0.10360799609946368,0.9772409752580107
0.10368925727287502,0.9772409752580107
0.10368925727287502,0.977301065092313
0.10385177961969771,0.977301065092313
0.10385177961969771,0.9773311100094642
0.10393304079310905,0.9773311100094642
0.10393304079310905,0.9773611549266152
0.1040143019665204,0.9773611549266152
0.1040143019665204,0.9773761773851909
0.10409556313993173,0.9773761773851909
0.10409556313993173,0.977406222302342
0.10409556313993173,0.9774362672194932
0.10417682431334309,0.9774362672194932
0.10417682431334309,0.9774512896780687
0.10425808548675443,0.9774512896780687
0.10425808548675443,0.9774813345952199
0.10433934666016577,0.9774813345952199
0.10433934666016577,0.9774963570537955
0.10442060783357712,0.9774963570537955
0.10442060783357712,0.977511379512371
0.10482691370063384,0.977511379512371
0.10482691370063384,0.9775414244295222
0.10490817487404518,0.9775414244295222
0.10490817487404518,0.9775564468880977
0.10490817487404518,0.9775864918052488
0.10490817487404518,0.9776165367224
0.10507069722086787,0.9776165367224
0.10507069722086787,0.9776465816395511
0.10523321956769056,0.9776465816395511
0.10523321956769056,0.9776616040981267
0.1053144807411019,0.9776616040981267
0.1053144807411019,0.9777066714738534
0.10539574191451324,0.9777066714738534
0.10539574191451324,0.977721693932429
0.10547700308792458,0.977721693932429
0.10547700308792458,0.9777517388495801
0.10572078660815862,0.9777517388495801
0.10572078660815862,0.9777817837667313
0.10580204778156997,0.9777817837667313
0.10580204778156997,0.9777968062253068
0.10604583130180399,0.9777968062253068
0.10604583130180399,0.9778268511424579
0.10612709247521535,0.9778268511424579
0.10612709247521535,0.9778418736010336
0.10620835364862669,0.9778418736010336
0.10637087599544938,0.9778418736010336
0.10637087599544938,0.977932008352487
0.10669592068909475,0.977932008352487
0.10669592068909475,0.9779620532696381
0.1067771818625061,0.9779620532696381
0.1067771818625061,0.9779770757282137
0.10685844303591743,0.9779770757282137
0.10685844303591743,0.9779920981867892
0.10693970420932879,0.9779920981867892
0.10693970420932879,0.9780071206453648
0.10702096538274013,0.9780071206453648
0.10702096538274013,0.9780221431039404
0.10718348772956282,0.9780221431039404
0.10718348772956282,0.9780521880210915
0.10718348772956282,0.9780822329382427
0.10718348772956282,0.9781122778553938
0.10742727124979684,0.9781122778553938
0.10742727124979684,0.9782324575239983
0.10791483829026491,0.9782324575239983
0.10791483829026491,0.9782775248997251
0.10799609946367626,0.9782775248997251
0.10799609946367626,0.9783225922754518
0.10815862181049894,0.9783225922754518
0.10815862181049894,0.9783376147340274
0.10848366650414432,0.9783376147340274
0.10848366650414432,0.9783977045683296
0.10864618885096701,0.9783977045683296
0.10864618885096701,0.9784127270269052
0.10872745002437835,0.9784127270269052
0.10872745002437835,0.9784277494854808
0.10905249471802372,0.9784277494854808
0.10905249471802372,0.9784878393197831
0.10913375589143508,0.9784878393197831
0.10913375589143508,0.9785329066955097
0.10929627823825776,0.9785329066955097
0.10929627823825776,0.9785479291540854
0.10954006175849179,0.9785479291540854
0.10954006175849179,0.978592996529812
0.10970258410531449,0.978592996529812
0.10970258410531449,0.978698153739841
0.10978384527872583,0.978698153739841
0.10978384527872583,0.9787432211155678
0.10986510645213717,0.9787432211155678
0.10986510645213717,0.9787582435741433
0.1101088899723712,0.9787582435741433
0.1101088899723712,0.9787882884912945
0.11043393466601657,0.9787882884912945
0.11043393466601657,0.9788634007841723
0.11051519583942793,0.9788634007841723
0.11051519583942793,0.9789084681598991
0.11059645701283927,0.9789084681598991
0.11059645701283927,0.9789535355356258
0.1106777181862506,0.9789535355356258
0.1108402405330733,0.9789535355356258
0.1108402405330733,0.9789685579942013
0.11092150170648464,0.9789685579942013
0.11092150170648464,0.9789835804527769
0.11116528522671867,0.9789835804527769
0.11116528522671867,0.9789986029113524
0.11140906874695271,0.9789986029113524
0.11140906874695271,0.9791338050385326
0.11157159109377539,0.9791338050385326
0.11157159109377539,0.9791488274971082
0.11173411344059808,0.9791488274971082
0.11173411344059808,0.9791638499556837
0.11189663578742078,0.9791638499556837
0.11189663578742078,0.9791938948728349
0.11189663578742078,0.9792539847071372
0.11222168048106615,0.9792539847071372
0.11222168048106615,0.9792690071657127
0.11238420282788883,0.9792690071657127
0.11238420282788883,0.9792840296242883
0.11270924752153422,0.9792840296242883
0.11270924752153422,0.9793140745414395
0.11279050869494556,0.9793140745414395
0.11279050869494556,0.979329097000015
0.1128717698683569,0.979329097000015
0.1128717698683569,0.9793441194585906
0.11295303104176824,0.9793441194585906
0.11295303104176824,0.9793591419171661
0.11303429221517959,0.9793591419171661
0.11303429221517959,0.9793891868343173
0.11311555338859093,0.9793891868343173
0.11311555338859093,0.979434254210044
0.11335933690882496,0.979434254210044
0.11335933690882496,0.9794642991271951
0.11352185925564764,0.9794642991271951
0.11352185925564764,0.9794943440443463
0.113603120429059,0.9794943440443463
0.113603120429059,0.9795243889614974
0.11376564277588168,0.9795243889614974
0.11376564277588168,0.9795544338786486
0.11384690394929303,0.9795544338786486
0.11384690394929303,0.9795694563372241
0.11409068746952707,0.9795694563372241
0.11409068746952707,0.9795995012543753
0.1141719486429384,0.9795995012543753
0.1141719486429384,0.9796295461715264
0.11433447098976109,0.9796295461715264
0.11433447098976109,0.9796595910886776
0.11449699333658378,0.9796595910886776
0.11449699333658378,0.9796896360058287
0.11457825450999512,0.9796896360058287
0.11457825450999512,0.9797196809229799
0.11465951568340647,0.9797196809229799
0.11465951568340647,0.9797647482987065
0.11482203803022915,0.9797647482987065
0.11482203803022915,0.9797947932158577
0.1149032992036405,0.9797947932158577
0.1149032992036405,0.9798098156744333
0.11498456037705185,0.9798098156744333
0.11498456037705185,0.97985488305016
0.11506582155046319,0.97985488305016
0.11506582155046319,0.9798699055087355
0.11539086624410856,0.9798699055087355
0.11539086624410856,0.979960040260189
0.11547212741751992,0.979960040260189
0.11547212741751992,0.9799750627187646
0.1156346497643426,0.9799750627187646
0.1156346497643426,0.9800351525530668
0.11587843328457663,0.9800351525530668
0.11587843328457663,0.980065197470218
0.11595969445798797,0.980065197470218
0.11595969445798797,0.9800802199287936
0.116203477978222,0.9800802199287936
0.116203477978222,0.9801102648459447
0.116203477978222,0.9801403097630959
0.11652852267186738,0.9801403097630959
0.11652852267186738,0.9801553322216714
0.11669104501869007,0.9801553322216714
0.11669104501869007,0.9802604894317004
0.11677230619210141,0.9802604894317004
0.11677230619210141,0.980275511890276
0.11685356736551276,0.980275511890276
0.11685356736551276,0.9803956915588805
0.11725987323256948,0.9803956915588805
0.11725987323256948,0.9804257364760317
0.11734113440598082,0.9804257364760317
0.11734113440598082,0.9804708038517583
0.11742239557939217,0.9804708038517583
0.11742239557939217,0.9805008487689095
0.11750365675280351,0.9805008487689095
0.11750365675280351,0.9805759610617873
0.11758491792621485,0.9805759610617873
0.11758491792621485,0.9806660958132408
0.11774744027303755,0.9806660958132408
0.11774744027303755,0.9806811182718164
0.11782870144644889,0.9806811182718164
0.11782870144644889,0.9807111631889676
0.11782870144644889,0.9807261856475431
0.11790996261986023,0.9807261856475431
0.11790996261986023,0.9807862754818454
0.11790996261986023,0.9808163203989965
0.11790996261986023,0.9808313428575721
0.11799122379327158,0.9808313428575721
0.11799122379327158,0.9808613877747232
0.11807248496668292,0.9808613877747232
0.11807248496668292,0.9808764102332987
0.11823500731350561,0.9808764102332987
0.11823500731350561,0.9809064551504499
0.11831626848691695,0.9809064551504499
0.11831626848691695,0.9809214776090255
0.11847879083373963,0.9809214776090255
0.11847879083373963,0.9809665449847522
0.11856005200715099,0.9809665449847522
0.11856005200715099,0.9810717021947812
0.11864131318056233,0.9810717021947812
0.11864131318056233,0.9811618369462346
0.11888509670079636,0.9811618369462346
0.11888509670079636,0.9811918818633858
0.1189663578742077,0.9811918818633858
0.1189663578742077,0.9812069043219613
0.11921014139444173,0.9812069043219613
0.11921014139444173,0.9812369492391124
0.11937266374126443,0.9812369492391124
0.11937266374126443,0.9812820166148392
0.11953518608808711,0.9812820166148392
0.11953518608808711,0.9813120615319904
0.1196977084349098,0.9813120615319904
0.1196977084349098,0.9813270839905659
0.11994149195514384,0.9813270839905659
0.11994149195514384,0.9813421064491414
0.12002275312855518,0.9813421064491414
0.12002275312855518,0.9813721513662926
0.12018527547537787,0.9813721513662926
0.12018527547537787,0.9814172187420194
0.12034779782220055,0.9814172187420194
0.12034779782220055,0.9814322412005949
0.12042905899561189,0.9814322412005949
0.12042905899561189,0.9814472636591705
0.12051032016902324,0.9814472636591705
0.12051032016902324,0.9815073534934727
0.12059158134243458,0.9815073534934727
0.12059158134243458,0.9815223759520483
0.12067284251584592,0.9815223759520483
0.12067284251584592,0.9815524208691995
0.12075410368925728,0.9815524208691995
0.12075410368925728,0.981567443327775
0.12099788720949131,0.981567443327775
0.12099788720949131,0.9816275331620773
0.12099788720949131,0.9816425556206528
0.12124167072972533,0.9816425556206528
0.12124167072972533,0.9816575780792285
0.12124167072972533,0.9816876229963796
0.12132293190313669,0.9816876229963796
0.12132293190313669,0.9817026454549551
0.12156671542337072,0.9817026454549551
0.12156671542337072,0.9817176679135308
0.12164797659678206,0.9817176679135308
0.12164797659678206,0.9817627352892574
0.12181049894360474,0.9817627352892574
0.12181049894360474,0.9817927802064086
0.12197302129042743,0.9817927802064086
0.12197302129042743,0.9818078026649841
0.12205428246383877,0.9818078026649841
0.12205428246383877,0.9818678924992864
0.1222980659840728,0.9818678924992864
0.1224605883308955,0.9818678924992864
0.1224605883308955,0.981882914957862
0.12254184950430684,0.981882914957862
0.12254184950430684,0.9819430047921642
0.12270437185112953,0.9819430047921642
0.12270437185112953,0.9820030946264666
0.12294815537136357,0.9820030946264666
0.12294815537136357,0.9820331395436177
0.12327320006500894,0.9820331395436177
0.12327320006500894,0.9820481620021932
0.12343572241183162,0.9820481620021932
0.12343572241183162,0.9820782069193444
0.12384202827888835,0.9820782069193444
0.12384202827888835,0.98209322937792
0.12400455062571103,0.98209322937792
0.12400455062571103,0.9821082518364955
0.12408581179912238,0.9821082518364955
0.12408581179912238,0.9821382967536467
0.12416707297253372,0.9821382967536467
0.12416707297253372,0.9822134090465245
0.12432959531935642,0.9822134090465245
0.12432959531935642,0.9822584764222513
0.12441085649276776,0.9822584764222513
0.12441085649276776,0.9822885213394024
0.1244921176661791,0.9822885213394024
0.1244921176661791,0.982303543797978
0.12457337883959044,0.982303543797978
0.12457337883959044,0.9823636336322803
0.12465464001300179,0.9823636336322803
0.12481716235982447,0.9823636336322803
0.1250609458800585,0.9823636336322803
0.1250609458800585,0.9823936785494314
0.12514220705346984,0.9823936785494314
0.12514220705346984,0.9824237234665826
0.12522346822688118,0.9824237234665826
0.12522346822688118,0.9824537683837337
0.12546725174711523,0.9824537683837337
0.12546725174711523,0.9825138582180359
0.12554851292052657,0.9825138582180359
0.12554851292052657,0.9825439031351871
0.1256297740939379,0.9825439031351871
0.1256297740939379,0.9825589255937627
0.1257922964407606,0.9825589255937627
0.1257922964407606,0.9825739480523382
0.12587355761417196,0.9825739480523382
0.12587355761417196,0.9826340378866405
0.12660490817487405,0.9826340378866405
0.12660490817487405,0.9826490603452162
0.12676743052169673,0.9826490603452162
0.12676743052169673,0.9826791052623672
0.1269299528685194,0.9826791052623672
0.12709247521534212,0.9826791052623672
0.12709247521534212,0.9827542175552451
0.12717373638875346,0.9827542175552451
0.12717373638875346,0.9827692400138207
0.12774256460263286,0.9827692400138207
0.12774256460263286,0.9827842624723963
0.12831139281651227,0.9827842624723963
0.12831139281651227,0.9828143073895473
0.12847391516333495,0.9828143073895473
0.12847391516333495,0.982829329848123
0.128717698683569,0.982829329848123
0.128717698683569,0.9828443523066985
0.12896148220380302,0.9828443523066985
0.12896148220380302,0.9828593747652741
0.12920526572403707,0.9828593747652741
0.12920526572403707,0.9828894196824253
0.1292865268974484,0.9828894196824253
0.1292865268974484,0.9829044421410008
0.12944904924427109,0.9829044421410008
0.12944904924427109,0.9829495095167275
0.12961157159109377,0.9829495095167275
0.12961157159109377,0.9829645319753031
0.1296928327645051,0.9829645319753031
0.1296928327645051,0.9829945768924542
0.12993661628473915,0.9829945768924542
0.12993661628473915,0.9830246218096054
0.13009913863156183,0.9830246218096054
0.13018039980497317,0.9830246218096054
0.13018039980497317,0.9830546667267565
0.13026166097838454,0.9830546667267565
0.13026166097838454,0.9830696891853321
0.13042418332520722,0.9830696891853321
0.13042418332520722,0.9831147565610587
0.13050544449861856,0.9831147565610587
0.13050544449861856,0.9831297790196344
0.1309117503656753,0.9831297790196344
0.1309117503656753,0.9831448014782099
0.1311555338859093,0.9831448014782099
0.1311555338859093,0.9831598239367855
0.13123679505932065,0.9831598239367855
0.13123679505932065,0.9831898688539367
0.13164310092637738,0.9831898688539367
0.13180562327320006,0.9831898688539367
0.13180562327320006,0.9832349362296633
0.13213066796684544,0.9832349362296633
0.13213066796684544,0.983249958688239
0.13221192914025678,0.983249958688239
0.13221192914025678,0.9833250709811168
0.13237445148707946,0.9833250709811168
0.13237445148707946,0.9833400934396923
0.13237445148707946,0.9834001832739946
0.1326182350073135,0.9834001832739946
0.1326182350073135,0.9834152057325702
0.13286201852754753,0.9834152057325702
0.13286201852754753,0.9834452506497213
0.13294327970095887,0.9834452506497213
0.13294327970095887,0.9834602731082969
0.13302454087437024,0.9834602731082969
0.13302454087437024,0.9834903180254481
0.13310580204778158,0.9834903180254481
0.13310580204778158,0.9835203629425991
0.13343084674142694,0.9835203629425991
0.13343084674142694,0.9835353854011748
0.13351210791483828,0.9835353854011748
0.13351210791483828,0.9835654303183259
0.13359336908824965,0.9835654303183259
0.13359336908824965,0.9835804527769014
0.13383715260848367,0.9835804527769014
0.13383715260848367,0.9836405426112037
0.13399967495530635,0.9836405426112037
0.13399967495530635,0.9836555650697794
0.13432471964895173,0.9836555650697794
0.13432471964895173,0.9836705875283549
0.13456850316918575,0.9836705875283549
0.13456850316918575,0.983700632445506
0.13473102551600846,0.983700632445506
0.13473102551600846,0.9837156549040816
0.1348122866894198,0.9837156549040816
0.1348122866894198,0.9837607222798083
0.13497480903624248,0.9837607222798083
0.13497480903624248,0.9837907671969595
0.13513733138306516,0.9837907671969595
0.13513733138306516,0.983805789655535
0.13529985372988787,0.983805789655535
0.13529985372988787,0.9838208121141105
0.1353811149032992,0.9838208121141105
0.1353811149032992,0.9838358345726862
0.13546237607671055,0.9838358345726862
0.13546237607671055,0.9838508570312617
0.13562489842353323,0.9838508570312617
0.13562489842353323,0.9838658794898373
0.13578742077035594,0.9838658794898373
0.13578742077035594,0.9838809019484128
0.13586868194376728,0.9838809019484128
0.13603120429058996,0.9838809019484128
0.13619372663741264,0.9838809019484128
0.13619372663741264,0.9838959244069885
0.13651877133105803,0.9838959244069885
0.13651877133105803,0.983910946865564
0.13660003250446937,0.983910946865564
0.13660003250446937,0.9839409917827152
0.1366812936778807,0.9839409917827152
0.1366812936778807,0.9839560142412908
0.13708759954493743,0.9839560142412908
0.13708759954493743,0.9839710366998663
0.13749390541199416,0.9839710366998663
0.13749390541199416,0.9839860591584418
0.1375751665854055,0.9839860591584418
0.1375751665854055,0.9840761939098953
0.13773768893222818,0.9840761939098953
0.13773768893222818,0.9840912163684709
0.13806273362587357,0.9840912163684709
0.13806273362587357,0.9841062388270464
0.1381439947992849,0.9841062388270464
0.1381439947992849,0.984121261285622
0.1383065171461076,0.984121261285622
0.1383065171461076,0.9841513062027731
0.13838777831951893,0.9841513062027731
0.13838777831951893,0.9841663286613487
0.13846903949293027,0.9841663286613487
0.13846903949293027,0.9841963735784999
0.13863156183975298,0.9841963735784999
0.13863156183975298,0.9842113960370754
0.13871282301316432,0.9842113960370754
0.13871282301316432,0.9842414409542266
0.138875345359987,0.9842414409542266
0.138875345359987,0.9842564634128022
0.13895660653339834,0.9842564634128022
0.13895660653339834,0.9842714858713777
0.13911912888022104,0.9842714858713777
0.13911912888022104,0.9843015307885289
0.13928165122704372,0.9843015307885289
0.13928165122704372,0.98433157570568
0.13952543474727774,0.98433157570568
0.13952543474727774,0.9843616206228312
0.13985047944092313,0.9843616206228312
0.13985047944092313,0.9844066879985578
0.13993174061433447,0.9844066879985578
0.13993174061433447,0.9844217104571334
0.1400130017877458,0.9844217104571334
0.1400130017877458,0.984436732915709
0.14050056882821388,0.984436732915709
0.14050056882821388,0.9844667778328601
0.14066309117503656,0.9844667778328601
0.14066309117503656,0.9844968227500113
0.14082561352185927,0.9844968227500113
0.14082561352185927,0.9845118452085868
0.1409068746952706,0.9845118452085868
0.1409068746952706,0.9845268676671624
0.1410693970420933,0.9845268676671624
0.1410693970420933,0.984541890125738
0.14115065821550463,0.984541890125738
0.14115065821550463,0.9845569125843135
0.14123191938891597,0.9845569125843135
0.14123191938891597,0.9845719350428891
0.1413131805623273,0.9845719350428891
0.1413131805623273,0.9846170024186158
0.14171948642938403,0.9846170024186158
0.14171948642938403,0.9846320248771914
0.14188200877620674,0.9846320248771914
0.14188200877620674,0.9846620697943426
0.14196326994961808,0.9846620697943426
0.14196326994961808,0.9846770922529181
0.1422070534698521,0.9846770922529181
0.1422070534698521,0.9847221596286448
0.14228831464326344,0.9847221596286448
0.14228831464326344,0.9847371820872204
0.14269462051032017,0.9847371820872204
0.14269462051032017,0.9847672270043716
0.14285714285714285,0.9847672270043716
0.14285714285714285,0.9847822494629471
0.1431009263773769,0.9847822494629471
0.1431009263773769,0.9848122943800982
0.14326344872419958,0.9848122943800982
0.14342597107102226,0.9848122943800982
0.14342597107102226,0.9848273168386739
0.1436697545912563,0.9848273168386739
0.1436697545912563,0.9848423392972494
0.14383227693807898,0.9848423392972494
0.14383227693807898,0.9848723842144005
0.14399479928490166,0.9848723842144005
0.14399479928490166,0.9848874066729761
0.144076060458313,0.9848874066729761
0.144076060458313,0.9849174515901272
0.14415732163172437,0.9849174515901272
0.14415732163172437,0.984962518965854
0.1442385828051357,0.984962518965854
0.1442385828051357,0.9849775414244295
0.14431984397854705,0.9849775414244295
0.14448236632536973,0.9849775414244295
0.14472614984560378,0.9849775414244295
0.14472614984560378,0.984992563883005
0.14472614984560378,0.9850376312587318
0.1449699333658378,0.9850376312587318
0.1449699333658378,0.985067676175883
0.1452949780594832,0.985067676175883
0.1452949780594832,0.9851127435516096
0.14537623923289453,0.9851127435516096
0.14537623923289453,0.9851277660101853
0.14545750040630587,0.9851277660101853
0.14545750040630587,0.9851427884687608
0.14578254509995126,0.9851427884687608
0.14578254509995126,0.9851728333859119
0.14635137331383066,0.9851728333859119
0.14635137331383066,0.9852629681373654
0.14651389566065334,0.9852629681373654
0.14651389566065334,0.9852779905959409
0.1468389403542987,0.9852779905959409
0.1468389403542987,0.9852930130545166
0.1471639850479441,0.9852930130545166
0.1471639850479441,0.9853080355130921
0.14740776856817814,0.9853080355130921
0.14740776856817814,0.9853831478059699
0.14757029091500082,0.9853831478059699
0.14757029091500082,0.9854282151816967
0.14765155208841216,0.9854282151816967
0.14765155208841216,0.9854582600988477
0.1477328132618235,0.9854582600988477
0.1477328132618235,0.9855333723917257
0.14805785795546889,0.9855333723917257
0.14805785795546889,0.9855483948503012
0.14813911912888023,0.9855483948503012
0.14813911912888023,0.985593462226028
0.14838290264911425,0.985593462226028
0.14838290264911425,0.9856084846846035
0.14854542499593695,0.9856084846846035
0.14854542499593695,0.985623507143179
0.1486266861693483,0.985623507143179
0.1486266861693483,0.9856685745189058
0.14878920851617097,0.9856685745189058
0.14878920851617097,0.9857436868117836
0.14943929790346172,0.9857436868117836
0.14943929790346172,0.9857737317289348
0.1497643425971071,0.9857737317289348
0.1497643425971071,0.9857887541875103
0.15000812611734113,0.9857887541875103
0.15017064846416384,0.9857887541875103
0.15017064846416384,0.9858037766460859
0.15033317081098652,0.9858037766460859
0.15033317081098652,0.9858187991046614
0.15041443198439786,0.9858187991046614
0.15041443198439786,0.9858638664803882
0.1504956931578092,0.9858638664803882
0.1504956931578092,0.9858788889389638
0.15065821550463188,0.9858788889389638
0.15065821550463188,0.9858939113975393
0.15082073785145458,0.9858939113975393
0.15090199902486592,0.9858939113975393
0.1510645213716886,0.9858939113975393
0.1510645213716886,0.9859089338561149
0.15114578254509994,0.9859089338561149
0.15114578254509994,0.9859239563146904
0.15147082723874533,0.9859239563146904
0.15147082723874533,0.9859540012318416
0.151633349585568,0.9859540012318416
0.151633349585568,0.9859840461489927
0.1519583942792134,0.9859840461489927
0.1519583942792134,0.9859990686075684
0.15228343897285876,0.9859990686075684
0.15228343897285876,0.9860140910661439
0.15244596131968147,0.9860140910661439
0.15244596131968147,0.9860591584418706
0.15260848366650415,0.9860591584418706
0.15277100601332683,0.9860591584418706
0.15277100601332683,0.9861042258175973
0.15293352836014953,0.9861042258175973
0.15293352836014953,0.9861192482761729
0.15309605070697221,0.9861192482761729
0.15309605070697221,0.9861342707347485
0.15317731188038355,0.9861342707347485
0.15317731188038355,0.986149293193324
0.1532585730537949,0.986149293193324
0.1532585730537949,0.9861643156518995
0.15333983422720623,0.9861643156518995
0.15333983422720623,0.9861793381104752
0.15342109540061757,0.9861793381104752
0.15342109540061757,0.9862394279447775
0.15350235657402894,0.9862394279447775
0.15350235657402894,0.9862694728619286
0.15366487892085162,0.9862694728619286
0.15366487892085162,0.9862995177790798
0.15366487892085162,0.9863145402376553
0.15407118478790835,0.9863145402376553
0.15407118478790835,0.9863295626962308
0.1541524459613197,0.9863295626962308
0.1541524459613197,0.9863445851548064
0.15423370713473103,0.9863445851548064
0.15423370713473103,0.986359607613382
0.15431496830814237,0.986359607613382
0.15447749065496505,0.986359607613382
0.1545587518283764,0.986359607613382
0.1545587518283764,0.9863746300719576
0.15464001300178776,0.9863746300719576
0.15464001300178776,0.9864196974476843
0.15488379652202178,0.9864196974476843
0.15488379652202178,0.9864347199062599
0.15520884121566716,0.9864347199062599
0.15520884121566716,0.986464764823411
0.1552901023890785,0.986464764823411
0.1552901023890785,0.9864797872819866
0.15537136356248984,0.9864797872819866
0.15537136356248984,0.9865248546577133
0.15561514708272386,0.9865248546577133
0.15561514708272386,0.9865548995748644
0.15577766942954657,0.9865548995748644
0.15577766942954657,0.98656992203344
0.1558589306029579,0.98656992203344
0.1558589306029579,0.9865849444920156
0.1560214529497806,0.9865849444920156
0.15610271412319193,0.9865849444920156
0.15610271412319193,0.9865999669505912
0.15618397529660327,0.9865999669505912
0.15618397529660327,0.9866149894091667
0.15626523647001464,0.9866149894091667
0.15626523647001464,0.9866300118677422
0.15634649764342598,0.9866300118677422
0.15634649764342598,0.9866450343263179
0.15650901999024866,0.9866450343263179
0.15650901999024866,0.9866600567848934
0.15675280351048268,0.9866600567848934
0.15675280351048268,0.9866901017020445
0.15683406468389405,0.9866901017020445
0.15683406468389405,0.9867051241606202
0.15699658703071673,0.9867051241606202
0.1571591093775394,0.9867051241606202
0.1571591093775394,0.9867201466191957
0.15724037055095075,0.9867201466191957
0.15724037055095075,0.9867351690777713
0.15780919876483016,0.9867351690777713
0.15780919876483016,0.9867652139949225
0.15780919876483016,0.9867952589120735
0.15780919876483016,0.9868102813706491
0.15797172111165286,0.9868102813706491
0.15797172111165286,0.9868253038292247
0.15829676580529822,0.9868253038292247
0.15829676580529822,0.9868553487463758
0.15854054932553227,0.9868553487463758
0.15854054932553227,0.9868703712049514
0.15894685519258897,0.9868703712049514
0.15894685519258897,0.9869004161221026
0.15902811636600034,0.9869004161221026
0.15902811636600034,0.9869154385806781
0.15927189988623436,0.9869154385806781
0.15927189988623436,0.9869454834978293
0.15943442223305704,0.9869454834978293
0.15943442223305704,0.9869605059564048
0.15967820575329109,0.9869605059564048
0.15967820575329109,0.9869905508735559
0.16008451162034779,0.9869905508735559
0.1602470339671705,0.9869905508735559
0.16057207866081585,0.9869905508735559
0.16057207866081585,0.9870055733321316
0.1606533398342272,0.9870055733321316
0.1606533398342272,0.9870205957907071
0.16073460100763856,0.9870205957907071
0.16073460100763856,0.9870356182492827
0.16089712335446124,0.9870356182492827
0.16089712335446124,0.9870656631664338
0.16097838452787258,0.9870656631664338
0.16097838452787258,0.9870806856250094
0.16105964570128392,0.9870806856250094
0.16105964570128392,0.9870957080835849
0.16130342922151797,0.9870957080835849
0.16130342922151797,0.9871407754593117
0.1613846903949293,0.9871407754593117
0.1613846903949293,0.9871557979178872
0.16162847391516333,0.9871557979178872
0.16162847391516333,0.987200865293614
0.16179099626198604,0.987200865293614
0.16179099626198604,0.9872158877521895
0.16187225743539738,0.9872158877521895
0.16187225743539738,0.9872309102107651
0.16195351860880872,0.9872309102107651
0.16195351860880872,0.9872459326693407
0.16235982447586544,0.9872459326693407
0.16235982447586544,0.9872609551279162
0.16244108564927678,0.9872609551279162
0.16244108564927678,0.9872759775864918
0.16309117503656753,0.9872759775864918
0.16309117503656753,0.9872910000450674
0.16333495855680155,0.9872910000450674
0.16333495855680155,0.9873510898793697
0.16349748090362426,0.9873510898793697
0.16349748090362426,0.9873811347965208
0.16366000325044694,0.9873811347965208
0.16366000325044694,0.9873961572550963
0.16382252559726962,0.9873961572550963
0.16382252559726962,0.9874262021722475
0.16390378677068096,0.9874262021722475
0.16390378677068096,0.9874862920065498
0.16406630911750367,0.9874862920065498
0.164147570290915,0.9874862920065498
0.164147570290915,0.9875313593822765
0.16455387615797173,0.9875313593822765
0.16455387615797173,0.9875463818408521
0.16471639850479441,0.9875463818408521
0.16479765967820575,0.9875463818408521
0.16479765967820575,0.9875614042994276
0.16504144319843977,0.9875614042994276
0.16504144319843977,0.9875764267580032
0.16528522671867382,0.9875764267580032
0.16528522671867382,0.9875914492165788
0.1654477490654965,0.9875914492165788
0.1654477490654965,0.9876064716751544
0.16561027141231918,0.9876064716751544
0.16561027141231918,0.9876665615094566
0.16585405493255323,0.9876665615094566
0.16585405493255323,0.9876815839680322
0.16593531610596457,0.9876815839680322
0.16593531610596457,0.9876966064266077
0.1663416219730213,0.9876966064266077
0.1663416219730213,0.9877116288851834
0.1669104501869007,0.9877116288851834
0.1669104501869007,0.9877266513437589
0.16731675605395743,0.9877266513437589
0.16731675605395743,0.9877867411780612
0.16756053957419145,0.9877867411780612
0.16756053957419145,0.9878017636366367
0.1676418007476028,0.9878017636366367
0.1676418007476028,0.9878167860952124
0.16780432309442547,0.9878167860952124
0.16780432309442547,0.9878318085537879
0.16804810661465952,0.9878318085537879
0.16804810661465952,0.9878468310123635
0.16837315130830488,0.9878468310123635
0.16837315130830488,0.9879069208466658
0.1685356736551276,0.9879069208466658
0.1685356736551276,0.987936965763817
0.16918576304241834,0.987936965763817
0.16942954656265236,0.987936965763817
0.16991711360312042,0.987936965763817
0.16991711360312042,0.987967010680968
0.16999837477653176,0.987967010680968
0.16999837477653176,0.9879970555981192
0.17007963594994313,0.9879970555981192
0.17007963594994313,0.9880271005152703
0.17016089712335447,0.9880271005152703
0.17016089712335447,0.9880571454324215
0.1702421582967658,0.9880571454324215
0.1702421582967658,0.988072167890997
0.17048594181699983,0.988072167890997
0.17048594181699983,0.9880871903495726
0.17072972533723388,0.9880871903495726
0.17089224768405656,0.9880871903495726
0.17089224768405656,0.9881172352667238
0.17162359824475865,0.9881172352667238
0.17162359824475865,0.9881472801838749
0.17178612059158135,0.9881472801838749
0.17178612059158135,0.9881773251010261
0.1721111652852267,0.9881773251010261
0.1721111652852267,0.9881923475596016
0.1722736876320494,0.9881923475596016
0.1724362099788721,0.9881923475596016
0.17251747115228344,0.9881923475596016
0.17251747115228344,0.9882073700181772
0.17259873232569478,0.9882073700181772
0.17259873232569478,0.9882374149353284
0.17267999349910612,0.9882374149353284
0.17267999349910612,0.9882524373939039
0.1731675605395742,0.9882524373939039
0.1731675605395742,0.9882674598524794
0.17324882171298553,0.9882674598524794
0.17324882171298553,0.988282482311055
0.17341134405980824,0.988282482311055
0.17341134405980824,0.9882975047696306
0.17349260523321958,0.9882975047696306
0.17349260523321958,0.9883125272282062
0.1737363887534536,0.9883125272282062
0.1737363887534536,0.9883275496867817
0.17381764992686494,0.9883275496867817
0.17381764992686494,0.9883425721453573
0.17398017227368764,0.9883425721453573
0.17398017227368764,0.9883575946039329
0.174305216967333,0.9883575946039329
0.174305216967333,0.988387639521084
0.17479278400780107,0.988387639521084
0.17479278400780107,0.9884327068968107
0.1750365675280351,0.9884327068968107
0.1750365675280351,0.9884477293553863
0.17511782870144646,0.9884477293553863
0.17511782870144646,0.9884627518139619
0.1751990898748578,0.9884627518139619
0.1751990898748578,0.9884777742725375
0.17544287339509182,0.9884777742725375
0.17544287339509182,0.9885078191896886
0.1757679180887372,0.9885078191896886
0.1757679180887372,0.9885228416482642
0.1759304404355599,0.9885228416482642
0.1759304404355599,0.9885829314825665
0.17609296278238257,0.9885829314825665
0.17609296278238257,0.988597953941142
0.17625548512920527,0.988597953941142
0.17625548512920527,0.9886129763997176
0.17658052982285063,0.9886129763997176
0.17658052982285063,0.9886279988582931
0.17666179099626197,0.9886279988582931
0.17666179099626197,0.9886580437754443
0.17698683568990736,0.9886580437754443
0.17698683568990736,0.9886730662340198
0.1770680968633187,0.9886730662340198
0.1770680968633187,0.9886880886925954
0.17723061921014138,0.9886880886925954
0.17723061921014138,0.988703111151171
0.17788070859743216,0.988703111151171
0.17788070859743216,0.9887181336097466
0.1779619697708435,0.9887181336097466
0.17812449211766618,0.9887181336097466
0.17820575329107752,0.9887181336097466
0.17820575329107752,0.9887481785268977
0.17828701446448886,0.9887481785268977
0.17828701446448886,0.9887782234440489
0.1785307979847229,0.9887782234440489
0.1785307979847229,0.9887932459026244
0.17861205915813425,0.9887932459026244
0.17861205915813425,0.9888082683612
0.17877458150495693,0.9888082683612
0.17877458150495693,0.9888232908197756
0.1790996261986023,0.9888232908197756
0.1790996261986023,0.9888383132783511
0.17918088737201365,0.9888383132783511
0.17934340971883633,0.9888383132783511
0.17958719323907038,0.9888383132783511
0.17958719323907038,0.9888533357369267
0.17974971558589306,0.9888533357369267
0.17974971558589306,0.9888683581955022
0.17991223793271574,0.9888683581955022
0.17999349910612708,0.9888683581955022
0.17999349910612708,0.9888833806540779
0.1801560214529498,0.9888833806540779
0.1801560214529498,0.9888984031126534
0.1805623273200065,0.9888984031126534
0.1807248496668292,0.9888984031126534
0.18080611084024054,0.9888984031126534
0.18080611084024054,0.988913425571229
0.18121241670729726,0.988913425571229
0.18121241670729726,0.9889434704883802
0.18145620022753128,0.9889434704883802
0.18145620022753128,0.9889584929469557
0.18169998374776533,0.9889584929469557
0.18169998374776533,0.989018582781258
0.18235007313505608,0.989018582781258
0.18235007313505608,0.9890336052398335
0.18275637900211278,0.9890336052398335
0.18275637900211278,0.9890936950741358
0.18324394604258085,0.9890936950741358
0.18324394604258085,0.9891087175327115
0.18340646838940355,0.9891087175327115
0.18340646838940355,0.989123739991287
0.1834877295628149,0.989123739991287
0.1834877295628149,0.9891537849084381
0.18356899073622623,0.9891537849084381
0.18356899073622623,0.9891838298255893
0.18356899073622623,0.9892138747427404
0.18356899073622623,0.9892439196598916
0.18365025190963757,0.9892439196598916
0.18365025190963757,0.9892589421184671
0.18413781895010564,0.9892589421184671
0.18413781895010564,0.9892739645770426
0.18446286364375103,0.9892739645770426
0.18446286364375103,0.9892889870356183
0.1847879083373964,0.9892889870356183
0.1847879083373964,0.9893040094941938
0.18486916951080773,0.9893040094941938
0.18486916951080773,0.9893190319527694
0.18551925889809848,0.9893190319527694
0.18551925889809848,0.9893490768699206
0.18568178124492118,0.9893490768699206
0.18568178124492118,0.9893640993284961
0.18576304241833252,0.9893640993284961
0.18576304241833252,0.9893941442456472
0.18608808711197788,0.9893941442456472
0.18608808711197788,0.9894241891627984
0.1862506094588006,0.9894241891627984
0.1862506094588006,0.9894392116213739
0.18681943767268,0.9894392116213739
0.18681943767268,0.9894542340799495
0.18690069884609134,0.9894542340799495
0.18706322119291402,0.9894542340799495
0.18714448236632536,0.9894542340799495
0.18714448236632536,0.9894692565385251
0.1881196164472615,0.9894692565385251
0.1881196164472615,0.9894993014556762
0.1881196164472615,0.989544368831403
0.18820087762067284,0.989544368831403
0.18820087762067284,0.9895593912899785
0.18844466114090688,0.9895593912899785
0.18844466114090688,0.989574413748554
0.18860718348772956,0.989574413748554
0.18860718348772956,0.9895894362071297
0.18876970583455224,0.9895894362071297
0.18876970583455224,0.9896194811242808
0.18909475052819763,0.9896194811242808
0.18909475052819763,0.989679570958583
0.18917601170160897,0.989679570958583
0.18917601170160897,0.9896945934171586
0.18917601170160897,0.9897246383343098
0.18917601170160897,0.9897997506271876
0.18933853404843165,0.9897997506271876
0.1895823175686657,0.9897997506271876
0.1895823175686657,0.9898147730857633
0.1899886234357224,0.9898147730857633
0.1899886234357224,0.9898297955443388
0.19023240695595645,0.9898297955443388
0.19023240695595645,0.9898448180029144
0.19031366812936779,0.9898448180029144
0.19031366812936779,0.9898898853786411
0.19047619047619047,0.9898898853786411
0.19047619047619047,0.9899049078372166
0.1907199739964245,0.9899049078372166
0.1908824963432472,0.9899049078372166
0.19096375751665853,0.9899049078372166
0.19096375751665853,0.9899499752129434
0.19128880221030392,0.9899499752129434
0.19128880221030392,0.9899800201300945
0.19153258573053794,0.9899800201300945
0.19153258573053794,0.9899950425886701
0.19161384690394928,0.9899950425886701
0.19161384690394928,0.9900100650472456
0.192020152771006,0.9900100650472456
0.192020152771006,0.9900250875058212
0.1923451974646514,0.9900250875058212
0.1923451974646514,0.9900551324229724
0.19250771981147408,0.9900551324229724
0.19250771981147408,0.9900851773401235
0.19332033154558753,0.9900851773401235
0.19332033154558753,0.9901302447158502
0.19340159271899887,0.9901302447158502
0.19340159271899887,0.9901602896330013
0.19372663741264423,0.9901602896330013
0.19372663741264423,0.9901753120915769
0.19397042093287828,0.9901753120915769
0.19397042093287828,0.9901903345501525
0.19405168210628962,0.9901903345501525
0.19405168210628962,0.990205357008728
0.19413294327970096,0.990205357008728
0.19413294327970096,0.9902203794673036
0.19429546562652364,0.9902203794673036
0.19429546562652364,0.9902504243844548
0.19437672679993498,0.9902504243844548
0.19437672679993498,0.9902654468430303
0.19445798797334635,0.9902654468430303
0.19462051032016903,0.9902654468430303
0.19462051032016903,0.9902804693016058
0.1947830326669917,0.9902804693016058
0.1947830326669917,0.9902954917601815
0.19527059970745977,0.9902954917601815
0.19527059970745977,0.9903255366773326
0.19535186088087111,0.9903255366773326
0.19535186088087111,0.9903405591359081
0.1955143832276938,0.9903405591359081
0.1955143832276938,0.9903706040530593
0.1956769055745165,0.9903706040530593
0.1956769055745165,0.9904006489702105
0.19600195026816186,0.9904006489702105
0.19600195026816186,0.9904306938873616
0.1964082561352186,0.9904306938873616
0.1964082561352186,0.9904457163459371
0.19673330082886398,0.9904457163459371
0.19689582317568666,0.9904457163459371
0.19689582317568666,0.9904607388045128
0.196977084349098,0.9904607388045128
0.196977084349098,0.9904757612630883
0.19730212904274338,0.9904757612630883
0.19730212904274338,0.9904907837216639
0.19746465138956606,0.9904907837216639
0.19746465138956606,0.9905208286388151
0.19762717373638874,0.9905208286388151
0.19762717373638874,0.9905358510973906
0.19770843490980008,0.9905358510973906
0.1978709572566228,0.9905358510973906
0.1978709572566228,0.9905658960145417
0.19795221843003413,0.9905658960145417
0.19795221843003413,0.9905809184731174
0.1981147407768568,0.9905809184731174
0.1981147407768568,0.9906109633902684
0.19852104664391354,0.9906109633902684
0.19876483016414756,0.9906109633902684
0.19908987485779295,0.9906109633902684
0.19908987485779295,0.9906410083074196
0.19925239720461563,0.9906410083074196
0.19925239720461563,0.9906560307659952
0.19949618072484968,0.9906560307659952
0.19949618072484968,0.9906710532245707
0.19957744189826102,0.9906710532245707
0.19957744189826102,0.9907010981417219
0.19957744189826102,0.990731143058873
0.19965870307167236,0.990731143058873
0.19965870307167236,0.9907611879760242
0.19982122541849504,0.9907611879760242
0.19982122541849504,0.9907762104345997
0.19990248659190638,0.9907762104345997
0.19990248659190638,0.9907912328931753
0.2003087924589631,0.9907912328931753
0.2003087924589631,0.9908062553517508
0.20039005363237444,0.9908062553517508
0.20039005363237444,0.9908212778103265
0.20055257597919715,0.9908212778103265
0.2008776206728425,0.9908212778103265
0.2010401430196652,0.9908212778103265
0.20128392653989924,0.9908212778103265
0.20128392653989924,0.990836300268902
0.20136518771331058,0.990836300268902
0.20152771006013326,0.990836300268902
0.20160897123354463,0.990836300268902
0.20160897123354463,0.9908513227274776
0.20169023240695597,0.9908513227274776
0.20169023240695597,0.9908663451860531
0.20185275475377865,0.9908663451860531
0.20185275475377865,0.9908813676446288
0.20282788883471478,0.9908813676446288
0.20282788883471478,0.9909264350203554
0.20290915000812612,0.9909264350203554
0.20290915000812612,0.990941457478931
0.2030716723549488,0.990941457478931
0.2030716723549488,0.9909564799375066
0.20372176174223955,0.9909564799375066
0.20372176174223955,0.9909715023960821
0.2038030229156509,0.9909715023960821
0.2038030229156509,0.9909865248546578
0.2039655452624736,0.9909865248546578
0.2039655452624736,0.99104661468896
0.20420932878270762,0.99104661468896
0.20420932878270762,0.9910616371475356
0.20485941816999836,0.9910616371475356
0.20485941816999836,0.9910916820646867
0.20494067934340973,0.9910916820646867
0.20494067934340973,0.9911217269818379
0.2051032016902324,0.9911217269818379
0.2051032016902324,0.9911367494404134
0.2052657240370551,0.9911367494404134
0.20542824638387777,0.9911367494404134
0.20559076873070048,0.9911367494404134
0.20559076873070048,0.9911667943575646
0.2058345522509345,0.9911667943575646
0.20607833577116855,0.9911667943575646
0.2061595969445799,0.9911667943575646
0.2061595969445799,0.9911818168161401
0.20624085811799123,0.9911818168161401
0.20624085811799123,0.9912118617332912
0.20624085811799123,0.9912268841918669
0.20632211929140257,0.9912268841918669
0.20632211929140257,0.9912419066504424
0.2064033804648139,0.9912419066504424
0.2064033804648139,0.991256929109018
0.20648464163822525,0.991256929109018
0.20664716398504795,0.991256929109018
0.20689094750528197,0.991256929109018
0.20689094750528197,0.9912869740261692
0.20689094750528197,0.9913019964847447
0.20697220867869331,0.9913019964847447
0.20697220867869331,0.9913170189433202
0.207134731025516,0.9913170189433202
0.207134731025516,0.9913320414018958
0.20721599219892736,0.9913320414018958
0.20721599219892736,0.9913470638604714
0.2072972533723387,0.9913470638604714
0.2072972533723387,0.991362086319047
0.20754103689257272,0.991362086319047
0.20754103689257272,0.9913771087776225
0.20762229806598406,0.9913771087776225
0.20762229806598406,0.9913921312361981
0.20819112627986347,0.9913921312361981
0.20819112627986347,0.9914371986119248
0.20851617097350886,0.9914371986119248
0.20851617097350886,0.991467243529076
0.2085974321469202,0.991467243529076
0.2085974321469202,0.9914822659876515
0.20900373801397693,0.9914822659876515
0.20900373801397693,0.9915123109048026
0.20941004388103365,0.9915123109048026
0.20941004388103365,0.9915273333633783
0.20957256622785633,0.9915273333633783
0.20957256622785633,0.9915423558219538
0.2098976109215017,0.9915423558219538
0.2098976109215017,0.9915724007391049
0.2100601332683244,0.9915724007391049
0.21014139444173574,0.9915724007391049
0.21014139444173574,0.9915874231976806
0.21038517796196976,0.9915874231976806
0.21038517796196976,0.9916024456562561
0.2106289614822038,0.9916024456562561
0.2106289614822038,0.9916174681148316
0.2107914838290265,0.9916174681148316
0.2107914838290265,0.9916324905734073
0.21095400617584917,0.9916324905734073
0.21111652852267188,0.9916324905734073
0.21144157321631724,0.9916324905734073
0.21144157321631724,0.9916625354905584
0.21209166260360798,0.9916625354905584
0.21209166260360798,0.9916775579491339
0.21233544612384203,0.9916775579491339
0.21233544612384203,0.9917226253248607
0.2124979684706647,0.9917226253248607
0.2124979684706647,0.9917376477834362
0.2126604908174874,0.9917376477834362
0.2128230131643101,0.9917376477834362
0.21314805785795546,0.9917376477834362
0.21314805785795546,0.9917526702420119
0.2133918413781895,0.9917526702420119
0.2133918413781895,0.9917977376177385
0.21363562489842353,0.9917977376177385
0.21363562489842353,0.9918277825348897
0.21404193076548025,0.9918277825348897
0.21404193076548025,0.9918428049934652
0.21420445311230293,0.9918428049934652
0.21420445311230293,0.9918578274520408
0.21428571428571427,0.9918578274520408
0.21428571428571427,0.9918728499106164
0.21436697545912564,0.9918728499106164
0.21436697545912564,0.991887872369192
0.21477328132618234,0.991887872369192
0.21477328132618234,0.9919028948277675
0.21517958719323907,0.9919028948277675
0.21517958719323907,0.991917917286343
0.2152608483666504,0.991917917286343
0.2152608483666504,0.9919329397449187
0.2154233707134731,0.9919329397449187
0.2154233707134731,0.9919479622034942
0.21550463188688446,0.9919479622034942
0.21566715423370714,0.9919479622034942
0.21591093775394116,0.9919479622034942
0.21591093775394116,0.9919629846620698
0.21623598244758654,0.9919629846620698
0.21639850479440922,0.9919629846620698
0.21639850479440922,0.9919780071206453
0.21647976596782056,0.9919780071206453
0.21647976596782056,0.991993029579221
0.2167235494880546,0.991993029579221
0.2168860718348773,0.991993029579221
0.2168860718348773,0.9920080520377965
0.21704859418169997,0.9920080520377965
0.21704859418169997,0.9920380969549476
0.21721111652852268,0.9920380969549476
0.21721111652852268,0.9920531194135233
0.21753616122216804,0.9920531194135233
0.21753616122216804,0.9920681418720988
0.21761742239557938,0.9920681418720988
0.21761742239557938,0.9920981867892499
0.21794246708922477,0.9920981867892499
0.21794246708922477,0.9921132092478255
0.21826751178287015,0.9921132092478255
0.21826751178287015,0.9921282317064011
0.2183487729562815,0.9921282317064011
0.21851129530310417,0.9921282317064011
0.21851129530310417,0.9921432541649766
0.21859255647651551,0.9921432541649766
0.21859255647651551,0.9921732990821278
0.21883633999674956,0.9921732990821278
0.21899886234357224,0.9921732990821278
0.21916138469039492,0.9921732990821278
0.21916138469039492,0.9922033439992789
0.21924264586380626,0.9922033439992789
0.21924264586380626,0.9922183664578544
0.219648951730863,0.9922183664578544
0.219648951730863,0.9922333889164301
0.21973021290427433,0.9922333889164301
0.21973021290427433,0.9922484113750056
0.21997399642450838,0.9922484113750056
0.21997399642450838,0.9922784562921568
0.2202177799447424,0.9922784562921568
0.2202177799447424,0.9922934787507324
0.22029904111815374,0.9922934787507324
0.22029904111815374,0.9923085012093079
0.22038030229156508,0.9923085012093079
0.22038030229156508,0.9923235236678835
0.22070534698521047,0.9923235236678835
0.22070534698521047,0.9923385461264591
0.22086786933203315,0.9923385461264591
0.22094913050544449,0.9923385461264591
0.22094913050544449,0.9923685910436102
0.22127417519908987,0.9923685910436102
0.22127417519908987,0.9923836135021857
0.2213554363725012,0.9923836135021857
0.2213554363725012,0.9923986359607614
0.22208678693320333,0.9923986359607614
0.22208678693320333,0.9924136584193369
0.22265561514708274,0.9924136584193369
0.22265561514708274,0.9924286808779125
0.22273687632049408,0.9924286808779125
0.22273687632049408,0.992443703336488
0.22322444336096214,0.992443703336488
0.22322444336096214,0.9924737482536392
0.22379327157484155,0.9924737482536392
0.22395579392166423,0.9924737482536392
0.22395579392166423,0.9924887707122148
0.22436209978872096,0.9924887707122148
0.22436209978872096,0.9925037931707903
0.22476840565577766,0.9925037931707903
0.22476840565577766,0.992518815629366
0.22493092800260037,0.992518815629366
0.2250121891760117,0.992518815629366
0.2250121891760117,0.9925338380879415
0.22509345034942305,0.9925338380879415
0.22509345034942305,0.992548860546517
0.22566227856330245,0.992548860546517
0.22566227856330245,0.9925789054636682
0.2257435397367138,0.9925789054636682
0.2257435397367138,0.9925939279222438
0.22590606208353647,0.9925939279222438
0.22590606208353647,0.9926089503808193
0.22614984560377052,0.9926089503808193
0.22639362912400454,0.9926089503808193
0.22647489029741588,0.9926089503808193
0.22647489029741588,0.9926239728393949
0.22655615147082725,0.9926239728393949
0.22655615147082725,0.992654017756546
0.22696245733788395,0.992654017756546
0.22696245733788395,0.9926690402151216
0.2270437185112953,0.9926690402151216
0.2270437185112953,0.9926990851322728
0.22753128555176336,0.9926990851322728
0.22753128555176336,0.9927141075908483
0.22769380789858606,0.9927141075908483
0.22769380789858606,0.9927591749665751
0.2283438972858768,0.9927591749665751
0.2283438972858768,0.9927741974251506
0.22883146432634488,0.9927741974251506
0.22883146432634488,0.9928042423423017
0.22891272549975622,0.9928042423423017
0.2290752478465789,0.9928042423423017
0.22915650901999024,0.9928042423423017
0.22915650901999024,0.9928342872594529
0.22923777019340158,0.9928342872594529
0.22923777019340158,0.9928493097180284
0.229806598407281,0.9928493097180284
0.229806598407281,0.9928793546351796
0.23021290427433772,0.9928793546351796
0.23037542662116042,0.9928793546351796
0.23045668779457176,0.9928793546351796
0.23045668779457176,0.9928943770937552
0.2305379489679831,0.9928943770937552
0.23070047131480578,0.9928943770937552
0.23102551600845117,0.9928943770937552
0.23118803835527385,0.9928943770937552
0.23135056070209653,0.9928943770937552
0.23135056070209653,0.9929093995523307
0.23151308304891924,0.9929093995523307
0.23151308304891924,0.9929244220109064
0.23167560539574192,0.9929244220109064
0.23167560539574192,0.9929394444694819
0.23175686656915326,0.9929394444694819
0.23175686656915326,0.9929544669280574
0.23200065008938728,0.9929544669280574
0.23200065008938728,0.992969489386633
0.23232569478303267,0.992969489386633
0.23232569478303267,0.9929845118452086
0.23265073947667805,0.9929845118452086
0.23265073947667805,0.9930145567623597
0.23289452299691207,0.9930145567623597
0.23289452299691207,0.9930295792209353
0.23313830651714612,0.9930295792209353
0.2333008288639688,0.9930295792209353
0.23338209003738014,0.9930295792209353
0.23338209003738014,0.9930446016795109
0.23362587355761416,0.9930446016795109
0.2340321794246709,0.9930446016795109
0.23435722411831628,0.9930446016795109
0.23435722411831628,0.9930596241380865
0.23484479115878434,0.9930596241380865
0.23484479115878434,0.993074646596662
0.23500731350560702,0.993074646596662
0.23500731350560702,0.9930896690552375
0.23508857467901836,0.9930896690552375
0.23508857467901836,0.9931046915138132
0.23525109702584104,0.9931046915138132
0.23525109702584104,0.9931197139723887
0.23533235819925238,0.9931197139723887
0.23533235819925238,0.9931347364309643
0.2354948805460751,0.9931347364309643
0.2354948805460751,0.9931647813481155
0.2357386640663091,0.9931647813481155
0.2357386640663091,0.9931948262652666
0.23614496993336584,0.9931948262652666
0.23614496993336584,0.9932098487238421
0.23655127580042257,0.9932098487238421
0.23655127580042257,0.9932248711824178
0.2366325369738339,0.9932248711824178
0.2366325369738339,0.9932549160995688
0.2366325369738339,0.99328496101672
0.23768893222818138,0.99328496101672
0.23768893222818138,0.9932999834752956
0.23777019340159272,0.9932999834752956
0.23777019340159272,0.9933150059338711
0.23817649926864945,0.9933150059338711
0.23817649926864945,0.9933300283924467
0.23833902161547213,0.9933300283924467
0.23833902161547213,0.9933450508510223
0.23931415569640827,0.9933450508510223
0.23931415569640827,0.9933600733095979
0.23980172273687633,0.9933600733095979
0.23980172273687633,0.9933750957681734
0.24045181212416708,0.9933750957681734
0.24045181212416708,0.9933901182267489
0.24053307329757842,0.9933901182267489
0.24053307329757842,0.9934051406853246
0.24110190151145783,0.9934051406853246
0.24110190151145783,0.9934201631439001
0.24118316268486917,0.9934201631439001
0.24134568503169185,0.9934201631439001
0.2415894685519259,0.9934201631439001
0.2415894685519259,0.9934502080610512
0.24167072972533724,0.9934502080610512
0.24167072972533724,0.9934652305196269
0.24199577441898262,0.9934652305196269
0.24199577441898262,0.993495275436778
0.24223955793921664,0.993495275436778
0.24223955793921664,0.9935102978953535
0.24240208028603932,0.9935102978953535
0.24321469202015278,0.9935102978953535
0.24337721436697546,0.9935102978953535
0.2434584755403868,0.9935102978953535
0.24362099788720948,0.9935102978953535
0.24370225906062085,0.9935102978953535
0.24370225906062085,0.9935253203539292
0.24378352023403219,0.9935253203539292
0.24378352023403219,0.9935403428125047
0.24418982610108889,0.9935403428125047
0.24443360962132293,0.9935403428125047
0.24443360962132293,0.9935553652710802
0.24475865431496832,0.9935553652710802
0.24475865431496832,0.9935854101882314
0.244921176661791,0.9935854101882314
0.244921176661791,0.993600432646807
0.24524622135543636,0.993600432646807
0.24524622135543636,0.9936154551053825
0.24532748252884773,0.9936154551053825
0.24532748252884773,0.9936455000225337
0.2456525272224931,0.9936455000225337
0.2456525272224931,0.9936605224811093
0.24581504956931577,0.9936605224811093
0.24581504956931577,0.9936905673982604
0.24614009426296116,0.9936905673982604
0.24614009426296116,0.993705589856836
0.2462213554363725,0.993705589856836
0.2462213554363725,0.9937206123154115
0.24630261660978384,0.9937206123154115
0.24630261660978384,0.9937356347739871
0.24638387778319518,0.9937356347739871
0.24638387778319518,0.9937506572325627
0.24703396717048595,0.9937506572325627
0.24703396717048595,0.9937656796911383
0.24776531773118804,0.9937656796911383
0.24776531773118804,0.9937807021497138
0.24784657890459938,0.9937807021497138
0.24800910125142206,0.9937807021497138
0.24882171298553551,0.9937807021497138
0.24882171298553551,0.9937957246082894
0.24939054119941492,0.9937957246082894
0.24939054119941492,0.993810747066865
0.2495530635462376,0.993810747066865
0.24971558589306028,0.993810747066865
0.24995936941329433,0.993810747066865
0.24995936941329433,0.9938257695254405
0.25004063058670567,0.9938257695254405
0.25020315293352835,0.9938257695254405
0.25093450349423047,0.9938257695254405
0.25093450349423047,0.9938558144425916
0.2521534210954006,0.9938558144425916
0.25239720461563464,0.9938558144425916
0.25264098813586866,0.9938558144425916
0.25264098813586866,0.9938708369011673
0.25288477165610274,0.9938708369011673
0.2530472940029254,0.9938708369011673
0.25312855517633676,0.9938708369011673
0.25312855517633676,0.9938858593597428
0.25329107752315944,0.9938858593597428
0.2534535998699821,0.9938858593597428
0.2534535998699821,0.9939008818183184
0.25353486104339346,0.9939008818183184
0.25353486104339346,0.9939159042768939
0.2538599057370388,0.9939159042768939
0.2538599057370388,0.9939309267354696
0.25426621160409557,0.9939309267354696
0.25426621160409557,0.9939609716526207
0.25442873395091825,0.9939609716526207
0.25442873395091825,0.9939759941111962
0.255078823338209,0.9939759941111962
0.255078823338209,0.9939910165697718
0.25572891272549975,0.9939910165697718
0.25572891272549975,0.9940210614869229
0.2558101738989111,0.9940210614869229
0.25597269624573377,0.9940210614869229
0.2563790021127905,0.9940210614869229
0.2563790021127905,0.9940360839454985
0.25646026328620186,0.9940360839454985
0.25646026328620186,0.9940511064040741
0.25662278563302454,0.9940511064040741
0.25662278563302454,0.9940661288626497
0.25686656915325856,0.9940661288626497
0.25686656915325856,0.9940811513212252
0.2569478303266699,0.9940811513212252
0.2571103526734926,0.9940811513212252
0.25735413619372666,0.9940811513212252
0.25751665854054934,0.9940811513212252
0.2583292702746628,0.9940811513212252
0.2583292702746628,0.9940961737798008
0.25841053144807413,0.9940961737798008
0.25841053144807413,0.9941111962383764
0.25865431496830815,0.9941111962383764
0.25865431496830815,0.994126218696952
0.25889809848854217,0.994126218696952
0.25922314318218753,0.994126218696952
0.25979197139606697,0.994126218696952
0.260035754916301,0.994126218696952
0.26019827726312367,0.994126218696952
0.26084836665041444,0.994126218696952
0.26084836665041444,0.9941412411555275
0.2610108889972371,0.9941412411555275
0.2611734113440598,0.9941412411555275
0.2613359336908825,0.9941412411555275
0.26149845603770516,0.9941412411555275
0.2618235007313506,0.9941412411555275
0.2618235007313506,0.994156263614103
0.2619047619047619,0.994156263614103
0.26214854542499594,0.994156263614103
0.2622298065984073,0.994156263614103
0.2622298065984073,0.9941712860726787
0.262636112465464,0.9941712860726787
0.2627986348122867,0.9941712860726787
0.2627986348122867,0.9941863085312542
0.2633674630261661,0.9941863085312542
0.2633674630261661,0.9942013309898298
0.2635299853729888,0.9942013309898298
0.2635299853729888,0.9942163534484054
0.26442385828051357,0.9942163534484054
0.26458638062733625,0.9942163534484054
0.2651552088412157,0.9942163534484054
0.26531773118803836,0.9942163534484054
0.26548025353486104,0.9942163534484054
0.26548025353486104,0.994231375906981
0.26637412644238584,0.994231375906981
0.2665366487892085,0.994231375906981
0.2666991711360312,0.994231375906981
0.2669429546562652,0.994231375906981
0.2669429546562652,0.994261420824132
0.2671054770030879,0.994261420824132
0.2671054770030879,0.9942764432827077
0.26726799934991063,0.9942764432827077
0.26726799934991063,0.9943064881998588
0.267349260523322,0.9943064881998588
0.267349260523322,0.9943215106584343
0.267593044043556,0.9943215106584343
0.26783682756379,0.9943215106584343
0.26881196164472615,0.9943215106584343
0.26881196164472615,0.99433653311701
0.2691370063383715,0.99433653311701
0.2691370063383715,0.9943515555755855
0.2696245733788396,0.9943515555755855
0.2697870957256623,0.9943515555755855
0.2700308792458963,0.9943515555755855
0.2700308792458963,0.9943665780341611
0.27011214041930764,0.9943665780341611
0.2702746627661303,0.9943665780341611
0.2702746627661303,0.9943816004927366
0.270437185112953,0.9943816004927366
0.2709247521534211,0.9943816004927366
0.2710872745002438,0.9943816004927366
0.2713310580204778,0.9943816004927366
0.2713310580204778,0.9943966229513123
0.2714935803673005,0.9943966229513123
0.2716561027141232,0.9943966229513123
0.2723874532748253,0.9943966229513123
0.2723874532748253,0.9944116454098878
0.27279375914188203,0.9944116454098878
0.27279375914188203,0.9944416903270389
0.27287502031529337,0.9944416903270389
0.27287502031529337,0.9944867577027656
0.2729562814887047,0.9944867577027656
0.2731188038355274,0.9944867577027656
0.2731188038355274,0.9945017801613412
0.27320006500893873,0.9945017801613412
0.27320006500893873,0.9945168026199168
0.27344384852917275,0.9945168026199168
0.27360637087599543,0.9945168026199168
0.27360637087599543,0.9945318250784924
0.27368763204940677,0.9945318250784924
0.2740126767430522,0.9945318250784924
0.2740939379164635,0.9945318250784924
0.2744189826101089,0.9945318250784924
0.27506907199739966,0.9945318250784924
0.27506907199739966,0.9945468475370679
0.275150333170811,0.9945468475370679
0.2753128555176337,0.9945468475370679
0.275394116691045,0.9945468475370679
0.2755566390378677,0.9945468475370679
0.27636925077198116,0.9945468475370679
0.27636925077198116,0.9945618699956434
0.2764505119453925,0.9945618699956434
0.2766130342922152,0.9945618699956434
0.2773443848529173,0.9945618699956434
0.2775881683731513,0.9945618699956434
0.277750690719974,0.9945618699956434
0.277750690719974,0.9945768924542191
0.27840078010726477,0.9945768924542191
0.27840078010726477,0.9945919149127946
0.27856330245408745,0.9945919149127946
0.2787258248009101,0.9945919149127946
0.27880708597432147,0.9945919149127946
0.27880708597432147,0.9946069373713702
0.2791321306679668,0.9946069373713702
0.2791321306679668,0.9946219598299457
0.2796196977084349,0.9946219598299457
0.2796196977084349,0.9946369822885214
0.2799447424020803,0.9946369822885214
0.2799447424020803,0.9946670272056725
0.2804323094425484,0.9946670272056725
0.2804323094425484,0.994682049664248
0.2806760929627824,0.994682049664248
0.2806760929627824,0.9946970721228237
0.28075735413619374,0.9946970721228237
0.2809198764830164,0.9946970721228237
0.28100113765642776,0.9946970721228237
0.28116366000325044,0.9946970721228237
0.28189501056395255,0.9946970721228237
0.28205753291077523,0.9946970721228237
0.2826263611246546,0.9946970721228237
0.2826263611246546,0.9947120945813992
0.28278888347147735,0.9947120945813992
0.28319518933853405,0.9947120945813992
0.28319518933853405,0.9947271170399747
0.2832764505119454,0.9947271170399747
0.28343897285876807,0.9947271170399747
0.2835202340321794,0.9947271170399747
0.2836827563790021,0.9947271170399747
0.2838452787258248,0.9947271170399747
0.2838452787258248,0.9947571619571259
0.28392653989923616,0.9947571619571259
0.28392653989923616,0.9947721844157015
0.2841703234194702,0.9947721844157015
0.2841703234194702,0.994787206874277
0.2842515845928815,0.994787206874277
0.2842515845928815,0.9948022293328526
0.2845766292865269,0.9948022293328526
0.2845766292865269,0.9948172517914282
0.2851454575004063,0.9948172517914282
0.28522671867381766,0.9948172517914282
0.28522671867381766,0.9948472967085793
0.28538924102064034,0.9948472967085793
0.28538924102064034,0.9948773416257305
0.2857142857142857,0.9948773416257305
0.2859580692345198,0.9948773416257305
0.28612059158134245,0.9948773416257305
0.2867706809686332,0.9948773416257305
0.2867706809686332,0.9949073865428816
0.2868519421420445,0.9949073865428816
0.2870144644888672,0.9949073865428816
0.2870957256622786,0.9949073865428816
0.2870957256622786,0.9949224090014572
0.2873395091825126,0.9949224090014572
0.2873395091825126,0.9949374314600328
0.28798959856980333,0.9949374314600328
0.28798959856980333,0.9949524539186083
0.2882333820900374,0.9949524539186083
0.2882333820900374,0.9949674763771839
0.2883959044368601,0.9949674763771839
0.2883959044368601,0.994997521294335
0.2888022103039168,0.994997521294335
0.2888022103039168,0.9950125437529106
0.28912725499756214,0.9950125437529106
0.28912725499756214,0.9950275662114861
0.2892897773443849,0.9950275662114861
0.2892897773443849,0.9950425886700618
0.2895335608646189,0.9950425886700618
0.2895335608646189,0.9950576111286373
0.29002112790508694,0.9950576111286373
0.2901836502519096,0.9950576111286373
0.2904274337721437,0.9950576111286373
0.2906712172923777,0.9950576111286373
0.29075247846578905,0.9950576111286373
0.29075247846578905,0.9950726335872129
0.29115878433284575,0.9950726335872129
0.29115878433284575,0.9950876560457884
0.2917276125467252,0.9950876560457884
0.29189013489354787,0.9950876560457884
0.29229644076060457,0.9950876560457884
0.29245896310742725,0.9950876560457884
0.29278400780107267,0.9950876560457884
0.29294653014789535,0.9950876560457884
0.29359661953518607,0.9950876560457884
0.29384040305542014,0.9950876560457884
0.29424670892247684,0.9950876560457884
0.29424670892247684,0.9951177009629396
0.2948967983097676,0.9951177009629396
0.2948967983097676,0.9951327234215152
0.29497805948317896,0.9951327234215152
0.29497805948317896,0.9951627683386663
0.295709410043881,0.9951627683386663
0.2958719323907037,0.9951627683386663
0.2959531935641151,0.9951627683386663
0.2959531935641151,0.9951777907972419
0.29611571591093777,0.9951777907972419
0.29611571591093777,0.9951928132558174
0.29652202177799447,0.9951928132558174
0.29652202177799447,0.995207835714393
0.2970095888184625,0.995207835714393
0.2972533723386966,0.995207835714393
0.2976596782057533,0.995207835714393
0.29782220055257597,0.995207835714393
0.2981472452462214,0.995207835714393
0.2983910287664554,0.995207835714393
0.2983910287664554,0.9952228581729686
0.29871607346010076,0.9952228581729686
0.29871607346010076,0.9952378806315442
0.29887859580692344,0.9952378806315442
0.29887859580692344,0.9952529030901197
0.2989598569803348,0.9952529030901197
0.2989598569803348,0.9952679255486953
0.29912237932715746,0.9952679255486953
0.29912237932715746,0.9952829480072709
0.2992849016739802,0.9952829480072709
0.29960994636762556,0.9952829480072709
0.29960994636762556,0.9952979704658464
0.2996912075410369,0.9952979704658464
0.2998537298878596,0.9952979704658464
0.300422558101739,0.9952979704658464
0.3005850804485617,0.9952979704658464
0.3005850804485617,0.995312992924422
0.3009913863156184,0.995312992924422
0.3009913863156184,0.9953280153829975
0.30164147570290917,0.9953280153829975
0.30164147570290917,0.9953430378415732
0.3019665203965545,0.9953430378415732
0.3021290427433772,0.9953430378415732
0.30221030391678855,0.9953430378415732
0.30221030391678855,0.9953730827587243
0.30245408743702257,0.9953730827587243
0.30269787095725664,0.9953730827587243
0.30310417682431334,0.9953730827587243
0.30310417682431334,0.9953881052172998
0.3031854379977247,0.9953881052172998
0.30334796034454736,0.9953881052172998
0.30351048269137004,0.9953881052172998
0.3036730050381928,0.9953881052172998
0.3036730050381928,0.9954031276758755
0.3040793109052495,0.9954031276758755
0.30424183325207216,0.9954031276758755
0.3044856167723062,0.9954031276758755
0.3047294002925402,0.9954031276758755
0.3049731838127743,0.9954031276758755
0.3049731838127743,0.995418150134451
0.3054607508532423,0.995418150134451
0.305623273200065,0.995418150134451
0.3059483178937104,0.995418150134451
0.3061108402405331,0.995418150134451
0.3063546237607671,0.995418150134451
0.3065171461075898,0.995418150134451
0.3067609296278238,0.995418150134451
0.3067609296278238,0.9954331725930265
0.3070047131480579,0.9954331725930265
0.3074110190151146,0.9954331725930265
0.3074110190151146,0.9954481950516021
0.3076548025353486,0.9954481950516021
0.3076548025353486,0.9954632175101777
0.3078173248821713,0.9954632175101777
0.30797984722899396,0.9954632175101777
0.30822363074922804,0.9954632175101777
0.30822363074922804,0.9954932624273288
0.3089549813099301,0.9954932624273288
0.3089549813099301,0.9955082848859045
0.3092800260035755,0.9955082848859045
0.3092800260035755,0.9955383298030556
0.3096050706972209,0.9955383298030556
0.3096050706972209,0.9955533522616311
0.30993011539086623,0.9955533522616311
0.31017389891110025,0.9955533522616311
0.31017389891110025,0.9955683747202068
0.3102551600845116,0.9955683747202068
0.3102551600845116,0.9955984196373578
0.31041768243133433,0.9955984196373578
0.31041768243133433,0.9956134420959334
0.310580204778157,0.9956134420959334
0.31090524947180237,0.9956134420959334
0.3111490329920364,0.9956134420959334
0.3116366000325045,0.9956134420959334
0.3116366000325045,0.995628464554509
0.3124492117666179,0.995628464554509
0.3126117341134406,0.995628464554509
0.3126117341134406,0.9956434870130846
0.3127742564602633,0.9956434870130846
0.31309930115390866,0.9956434870130846
0.31326182350073134,0.9956434870130846
0.313424345847554,0.9956434870130846
0.3135868681943767,0.9956434870130846
0.3135868681943767,0.9956585094716601
0.3136681293677881,0.9956585094716601
0.3138306517146108,0.9956585094716601
0.31569965870307165,0.9956585094716601
0.31569965870307165,0.9956735319302357
0.3161059645701284,0.9956735319302357
0.3162684869169511,0.9956735319302357
0.3176499268649439,0.9956735319302357
0.3178124492117666,0.9956735319302357
0.3180562327320007,0.9956735319302357
0.31838127742564604,0.9956735319302357
0.3185437997724687,0.9956735319302357
0.3185437997724687,0.9956885543888113
0.31862506094588006,0.9956885543888113
0.31862506094588006,0.9957035768473869
0.31878758329270274,0.9957035768473869
0.3189501056395254,0.9957035768473869
0.31903136681293676,0.9957035768473869
0.31935641150658217,0.9957035768473869
0.3194376726799935,0.9957035768473869
0.31968145620022753,0.9957035768473869
0.31968145620022753,0.9957185993059624
0.3198439785470502,0.9957185993059624
0.3198439785470502,0.995733621764538
0.320494067934341,0.995733621764538
0.320494067934341,0.9957486442231136
0.320737851454575,0.9957486442231136
0.3209003738013977,0.9957486442231136
0.3213066796684544,0.9957486442231136
0.3213066796684544,0.9957636666816891
0.32195676905574516,0.9957636666816891
0.32211929140256784,0.9957636666816891
0.3226881196164473,0.9957636666816891
0.32285064196326996,0.9957636666816891
0.32301316431009264,0.9957636666816891
0.3231756866569153,0.9957636666816891
0.3239882983910288,0.9957636666816891
0.3242320819112628,0.9957636666816891
0.3242320819112628,0.9957786891402647
0.3243946042580855,0.9957786891402647
0.32455712660490815,0.9957786891402647
0.32480091012514223,0.9957786891402647
0.3251259548187876,0.9957786891402647
0.32528847716561027,0.9957786891402647
0.3253697383390216,0.9957786891402647
0.3255322606858443,0.9957786891402647
0.32561352185925563,0.9957786891402647
0.3258573053794897,0.9957786891402647
0.3262636112465464,0.9957786891402647
0.3265073947667804,0.9957786891402647
0.3273200065008939,0.9957786891402647
0.3273200065008939,0.9957937115988402
0.32748252884771656,0.9957937115988402
0.32748252884771656,0.9958087340574159
0.3278075735413619,0.9958087340574159
0.328051357061596,0.9958087340574159
0.328051357061596,0.9958237565159914
0.3284576629286527,0.9958237565159914
0.3286201852754754,0.9958237565159914
0.3286201852754754,0.995838778974567
0.3287014464488867,0.995838778974567
0.3287014464488867,0.9958538014331425
0.32910775231594347,0.9958538014331425
0.32910775231594347,0.9958688238917182
0.32927027466276615,0.9958688238917182
0.32927027466276615,0.9958838463502937
0.3293515358361775,0.9958838463502937
0.3293515358361775,0.9958988688088692
0.3295953193564115,0.9958988688088692
0.3295953193564115,0.9959138912674448
0.32983910287664553,0.9959138912674448
0.3301641475702909,0.9959138912674448
0.3307329757841703,0.9959138912674448
0.3307329757841703,0.9959289137260204
0.330895498130993,0.9959289137260204
0.3317893710385178,0.9959289137260204
0.3319518933853405,0.9959289137260204
0.3321956769055745,0.9959289137260204
0.3323581992523972,0.9959289137260204
0.3325207215992199,0.9959289137260204
0.3326832439460426,0.9959289137260204
0.33390216154721275,0.9959289137260204
0.33406468389403543,0.9959289137260204
0.33430846741426945,0.9959289137260204
0.33430846741426945,0.995943936184596
0.3343897285876808,0.995943936184596
0.33463351210791487,0.995943936184596
0.33503981797497157,0.995943936184596
0.33503981797497157,0.9959739811017471
0.3351210791483829,0.9959739811017471
0.3351210791483829,0.9959890035603227
0.3352836014952056,0.9959890035603227
0.3352836014952056,0.9960040260188983
0.3361774744027304,0.9960040260188983
0.3361774744027304,0.9960190484774738
0.3362587355761417,0.9960190484774738
0.3364212579229644,0.9960190484774738
0.3365837802697871,0.9960190484774738
0.3369088249634325,0.9960190484774738
0.3380464813911913,0.9960190484774738
0.3380464813911913,0.9960340709360493
0.33877783195189337,0.9960340709360493
0.3390216154721274,0.9960340709360493
0.3393466601657728,0.9960340709360493
0.3395904436860068,0.9960340709360493
0.3395904436860068,0.996049093394625
0.3397529660328295,0.996049093394625
0.3399154883796522,0.996049093394625
0.340809361287177,0.996049093394625
0.341053144807411,0.996049093394625
0.3412969283276451,0.996049093394625
0.3412969283276451,0.9960641158532005
0.34145945067446776,0.9960641158532005
0.34145945067446776,0.9960791383117761
0.34251584592881523,0.9960791383117761
0.34251584592881523,0.9961091832289273
0.3426783682756379,0.9961091832289273
0.34292215179587193,0.9961091832289273
0.34292215179587193,0.9961242056875028
0.34316593531610595,0.9961242056875028
0.34349098000975137,0.9961242056875028
0.3437347635299854,0.9961242056875028
0.3437347635299854,0.9961392281460784
0.3438160247033967,0.9961392281460784
0.3439785470502194,0.9961392281460784
0.34405980822363075,0.9961392281460784
0.34405980822363075,0.996154250604654
0.3447098976109215,0.996154250604654
0.3448724199577442,0.996154250604654
0.34535998699821224,0.996154250604654
0.3455225093450349,0.996154250604654
0.34560377051844626,0.996154250604654
0.345766292865269,0.996154250604654
0.34584755403868034,0.996154250604654
0.346010076385503,0.996154250604654
0.3464163822525597,0.996154250604654
0.3464163822525597,0.9961692730632296
0.34649764342597106,0.9961692730632296
0.3467414269462051,0.9961692730632296
0.34779782220055255,0.9961692730632296
0.34804160572078663,0.9961692730632296
0.34844791158784333,0.9961692730632296
0.34869169510807735,0.9961692730632296
0.3487729562814887,0.9961692730632296
0.34901673980172276,0.9961692730632296
0.34917926214854544,0.9961692730632296
0.3492605233219568,0.9961692730632296
0.34942304566877946,0.9961692730632296
0.3497480903624248,0.9961692730632296
0.3499106127092475,0.9961692730632296
0.3500731350560702,0.9961692730632296
0.35031691857630426,0.9961692730632296
0.3505607020965383,0.9961692730632296
0.3505607020965383,0.9961842955218051
0.35072322444336096,0.9961842955218051
0.3508044856167723,0.9961842955218051
0.3508044856167723,0.9961993179803806
0.350967007963595,0.9961993179803806
0.3510482691370063,0.9961993179803806
0.3510482691370063,0.9962143404389563
0.351210791483829,0.9962143404389563
0.35137331383065173,0.9962143404389563
0.3516983585242971,0.9962143404389563
0.3516983585242971,0.9962443853561074
0.3522671867381765,0.9962443853561074
0.3522671867381765,0.9962594078146829
0.35251097025841055,0.9962594078146829
0.35267349260523323,0.9962594078146829
0.3528360149520559,0.9962594078146829
0.35291727612546725,0.9962594078146829
0.35291727612546725,0.9962744302732586
0.35307979847228993,0.9962744302732586
0.35307979847228993,0.9962894527318341
0.35332358199252395,0.9962894527318341
0.3534861043393467,0.9962894527318341
0.35405493255322606,0.9962894527318341
0.3542987160734601,0.9962894527318341
0.35446123842028276,0.9962894527318341
0.35454249959369416,0.9962894527318341
0.35470502194051684,0.9962894527318341
0.3548675442873395,0.9962894527318341
0.3550300666341622,0.9962894527318341
0.3551925889809849,0.9962894527318341
0.35535511132780756,0.9962894527318341
0.3555988948480416,0.9962894527318341
0.35584267836827566,0.9962894527318341
0.356167723061921,0.9962894527318341
0.356167723061921,0.9963044751904097
0.3565740289289777,0.9963044751904097
0.3567365512758004,0.9963044751904097
0.3568178124492118,0.9963044751904097
0.35698033479603447,0.9963044751904097
0.3579554688769706,0.9963044751904097
0.3581992523972046,0.9963044751904097
0.35852429709085,0.9963044751904097
0.35868681943767267,0.9963044751904097
0.3590118641313181,0.9963044751904097
0.35958069234519746,0.9963044751904097
0.35974321469202014,0.9963044751904097
0.3601495205590769,0.9963044751904097
0.3601495205590769,0.9963194976489852
0.36047456525272226,0.9963194976489852
0.36088087111977896,0.9963194976489852
0.361124654640013,0.9963194976489852
0.36136843816024705,0.9963194976489852
0.36136843816024705,0.9963345201075609
0.36153096050706973,0.9963345201075609
0.3618560052007151,0.9963345201075609
0.36193726637412643,0.9963345201075609
0.3620997887209491,0.9963345201075609
0.3623435722411832,0.9963345201075609
0.3623435722411832,0.9963495425661364
0.36250609458800587,0.9963495425661364
0.36266861693482855,0.9963495425661364
0.3641313180562327,0.9963495425661364
0.3642938404030554,0.9963495425661364
0.36486266861693484,0.9963495425661364
0.36510645213716886,0.9963495425661364
0.36640663091175035,0.9963495425661364
0.36656915325857303,0.9963495425661364
0.36689419795221845,0.9963495425661364
0.36705672029904113,0.9963495425661364
0.3672192426458638,0.9963495425661364
0.36746302616609783,0.9963495425661364
0.36754428733950917,0.9963495425661364
0.36754428733950917,0.9963645650247119
0.36770680968633185,0.9963645650247119
0.36770680968633185,0.9963795874832875
0.3678693320331546,0.9963795874832875
0.36803185437997726,0.9963795874832875
0.3681131155533886,0.9963795874832875
0.3681131155533886,0.9963946099418631
0.36843816024703396,0.9963946099418631
0.368681943767268,0.9963946099418631
0.3690069884609134,0.9963946099418631
0.3690069884609134,0.9964246548590142
0.36973833902161546,0.9964246548590142
0.36990086136843814,0.9964246548590142
0.3699821225418495,0.9964246548590142
0.3699821225418495,0.9964396773175898
0.3703071672354949,0.9964396773175898
0.3703071672354949,0.9964546997761654
0.3704696895823176,0.9964546997761654
0.3704696895823176,0.996469722234741
0.37079473427596293,0.996469722234741
0.37128230131643103,0.996469722234741
0.37176986835689907,0.996469722234741
0.37209491305054443,0.996469722234741
0.3723386965707785,0.996469722234741
0.37241995774418984,0.996469722234741
0.3725824800910125,0.996469722234741
0.37307004713148056,0.996469722234741
0.37323256947830324,0.996469722234741
0.3734763529985373,0.996469722234741
0.37363887534536,0.996469722234741
0.37412644238582804,0.996469722234741
0.3742889647326507,0.996469722234741
0.3745327482528848,0.996469722234741
0.3749390541199415,0.996469722234741
0.3751015764667642,0.996469722234741
0.37558914350723227,0.996469722234741
0.37575166585405495,0.996469722234741
0.3758329270274663,0.996469722234741
0.37599544937428897,0.996469722234741
0.3760767105477003,0.996469722234741
0.3760767105477003,0.9964847446933165
0.37640175524134567,0.9964847446933165
0.37656427758816835,0.9964847446933165
0.3769705834552251,0.9964847446933165
0.3771331058020478,0.9964847446933165
0.3772143669754591,0.9964847446933165
0.3773768893222818,0.9964847446933165
0.37745815049569315,0.9964847446933165
0.3776206728425158,0.9964847446933165
0.37770193401592717,0.9964847446933165
0.3780269787095726,0.9964847446933165
0.37924589631074274,0.9964847446933165
0.3794084186575654,0.9964847446933165
0.37989598569803346,0.9964847446933165
0.38013976921826753,0.9964847446933165
0.3804648139119129,0.9964847446933165
0.38062733625873557,0.9964847446933165
0.38103364212579227,0.9964847446933165
0.381196164472615,0.9964847446933165
0.381196164472615,0.996499767151892
0.3813586868194377,0.996499767151892
0.3817649926864944,0.996499767151892
0.38192751503331707,0.996499767151892
0.3822525597269625,0.996499767151892
0.3824963432471965,0.996499767151892
0.38330895498130996,0.996499767151892
0.38330895498130996,0.9965147896104677
0.3833902161547213,0.9965147896104677
0.38371526084836666,0.9965147896104677
0.384040305542012,0.9965147896104677
0.384040305542012,0.9965298120690432
0.3842028278888347,0.9965298120690432
0.3843653502356574,0.9965298120690432
0.3844466114090688,0.9965298120690432
0.38460913375589145,0.9965298120690432
0.38460913375589145,0.9965448345276188
0.38517796196977083,0.9965448345276188
0.38542174549000485,0.9965448345276188
0.38542174549000485,0.9965598569861943
0.38574679018365027,0.9965598569861943
0.3859905737038843,0.9965598569861943
0.3860718348772956,0.9965598569861943
0.3864781407443523,0.9965598569861943
0.38664066309117506,0.9965598569861943
0.38680318543799774,0.9965598569861943
0.3868844466114091,0.9965598569861943
0.3868844466114091,0.99657487944477
0.3871282301316431,0.99657487944477
0.38745327482528846,0.99657487944477
0.38745327482528846,0.9965899019033455
0.3875345359986998,0.9965899019033455
0.3876970583455225,0.9965899019033455
0.3885909312530473,0.9965899019033455
0.3885909312530473,0.996604924361921
0.3886721924264586,0.996604924361921
0.38883471477328135,0.996604924361921
0.38899723712010403,0.996604924361921
0.3891597594669267,0.996604924361921
0.38924102064033805,0.996604924361921
0.38940354298716073,0.996604924361921
0.38980984885421743,0.996604924361921
0.38997237120104017,0.996604924361921
0.39078498293515357,0.996604924361921
0.39094750528197625,0.996604924361921
0.3910287664553876,0.996604924361921
0.3911912888022103,0.996604924361921
0.39127254997562166,0.996604924361921
0.391597594669267,0.996604924361921
0.391597594669267,0.9966199468204966
0.39184137818950104,0.9966199468204966
0.3924102064033805,0.9966199468204966
0.3924102064033805,0.9966349692790722
0.3924914675767918,0.9966349692790722
0.39273525109702584,0.9966349692790722
0.3930602957906712,0.9966349692790722
0.3932228181374939,0.9966349692790722
0.3933040793109053,0.9966349692790722
0.393710385177962,0.9966349692790722
0.393710385177962,0.9966499917376478
0.3941166910450187,0.9966499917376478
0.3941166910450187,0.9966650141962233
0.39427921339184135,0.9966650141962233
0.39427921339184135,0.9966800366547989
0.39460425808548677,0.9966800366547989
0.3946855192588981,0.9966800366547989
0.3948480416057208,0.9966800366547989
0.39492930277913213,0.9966800366547989
0.3952543474727775,0.9966800366547989
0.39549813099301157,0.9966800366547989
0.39566065333983425,0.9966800366547989
0.39590443686006827,0.9966800366547989
0.39590443686006827,0.9966950591133745
0.39606695920689095,0.9966950591133745
0.3963920039005363,0.9966950591133745
0.39720461563464976,0.9966950591133745
0.3974483991548838,0.9966950591133745
0.3975296603282951,0.9966950591133745
0.3975296603282951,0.9967100815719501
0.39769218267511786,0.9967100815719501
0.3980172273687632,0.9967100815719501
0.3981797497155859,0.9967100815719501
0.3984235332358199,0.9967100815719501
0.3984235332358199,0.9967251040305256
0.39866731675605394,0.9967251040305256
0.39882983910287667,0.9967251040305256
0.39939866731675605,0.9967251040305256
0.39964245083699007,0.9967251040305256
0.4000487567040468,0.9967251040305256
0.40069884609133755,0.9967251040305256
0.4008613684381602,0.9967251040305256
0.4011051519583943,0.9967251040305256
0.40118641313180564,0.9967251040305256
0.4013489354786283,0.9967251040305256
0.40143019665203966,0.9967251040305256
0.40143019665203966,0.9967401264891012
0.40159271899886234,0.9967401264891012
0.4020802860393304,0.9967401264891012
0.4020802860393304,0.9967551489476768
0.4024053307329758,0.9967551489476768
0.4024053307329758,0.9967701714062523
0.40273037542662116,0.9967701714062523
0.4030554201202665,0.9967701714062523
0.40321794246708925,0.9967701714062523
0.4035429871607346,0.9967701714062523
0.40403055420120265,0.9967701714062523
0.40403055420120265,0.9967851938648279
0.40427433772143667,0.9967851938648279
0.4044368600682594,0.9967851938648279
0.40451812124167075,0.9967851938648279
0.40476190476190477,0.9967851938648279
0.40492442710872745,0.9967851938648279
0.4050869494555501,0.9967851938648279
0.40533073297578415,0.9967851938648279
0.4054932553226069,0.9967851938648279
0.40581830001625224,0.9967851938648279
0.4061433447098976,0.9967851938648279
0.40654965057695436,0.9967851938648279
0.4066309117503657,0.9967851938648279
0.4067934340971884,0.9967851938648279
0.40711847879083374,0.9967851938648279
0.40711847879083374,0.9968002163234035
0.4071997399642451,0.9968002163234035
0.4071997399642451,0.9968152387819791
0.40736226231106776,0.9968152387819791
0.40752478465789044,0.9968152387819791
0.4076873070047132,0.9968152387819791
0.40784982935153585,0.9968152387819791
0.4080936128717699,0.9968152387819791
0.40825613521859255,0.9968152387819791
0.4085811799122379,0.9968152387819791
0.40866244108564925,0.9968152387819791
0.408824963432472,0.9968152387819791
0.40898748577929467,0.9968152387819791
0.40915000812611735,0.9968152387819791
0.4092312692995287,0.9968152387819791
0.40939379164635137,0.9968152387819791
0.40971883633999673,0.9968152387819791
0.40971883633999673,0.9968302612405546
0.41028766455387616,0.9968302612405546
0.4105314480741102,0.9968302612405546
0.4105314480741102,0.9968452836991302
0.41085649276775554,0.9968452836991302
0.41085649276775554,0.9968603061577058
0.41118153746140096,0.9968603061577058
0.41134405980822364,0.9968603061577058
0.411425320981635,0.9968603061577058
0.41158784332845766,0.9968603061577058
0.41223793271574843,0.9968603061577058
0.41288802210303915,0.9968603061577058
0.41337558914350725,0.9968603061577058
0.41353811149032993,0.9968603061577058
0.4137006338371526,0.9968603061577058
0.4137006338371526,0.9968753286162814
0.41378189501056395,0.9968753286162814
0.41402567853079797,0.9968753286162814
0.41402567853079797,0.9968903510748569
0.4141069397042093,0.9968903510748569
0.414269462051032,0.9968903510748569
0.4148382902649114,0.9968903510748569
0.4150008126117341,0.9968903510748569
0.4152445961319681,0.9968903510748569
0.41540711847879086,0.9968903510748569
0.41556964082561354,0.9968903510748569
0.4157321631724362,0.9968903510748569
0.41621973021290426,0.9968903510748569
0.41621973021290426,0.9969053735334324
0.41638225255972694,0.9969053735334324
0.4165447749065497,0.9969053735334324
0.416626036079961,0.9969053735334324
0.4167885584267837,0.9969053735334324
0.4171948642938404,0.9969053735334324
0.4174386478140744,0.9969053735334324
0.41816999837477653,0.9969053735334324
0.4183325207215992,0.9969053735334324
0.4184950430684219,0.9969053735334324
0.4184950430684219,0.9969203959920081
0.41857630424183323,0.9969203959920081
0.4188200877620673,0.9969203959920081
0.4190638712823013,0.9969203959920081
0.419226393629124,0.9969203959920081
0.4196326994961807,0.9969203959920081
0.4196326994961807,0.9969354184505836
0.4199577441898261,0.9969354184505836
0.4199577441898261,0.9969504409091592
0.4202827888834715,0.9969504409091592
0.4202827888834715,0.9969654633677347
0.4205265724037055,0.9969654633677347
0.42085161709735086,0.9969654633677347
0.42109540061758494,0.9969654633677347
0.4214204453112303,0.9969654633677347
0.4216642288314643,0.9969654633677347
0.421826751178287,0.9969654633677347
0.421826751178287,0.9969804858263104
0.4225581017389891,0.9969804858263104
0.4227206240858118,0.9969804858263104
0.42304566877945715,0.9969804858263104
0.4232894522996912,0.9969804858263104
0.4234519746465139,0.9969804858263104
0.4236957581667479,0.9969804858263104
0.42426458638062736,0.9969804858263104
0.42426458638062736,0.9969955082848859
0.4247521534210954,0.9969955082848859
0.4249146757679181,0.9969955082848859
0.42507719811474076,0.9969955082848859
0.4253209816349748,0.9969955082848859
0.42597107102226556,0.9969955082848859
0.4262961157159109,0.9969955082848859
0.42637737688932226,0.9969955082848859
0.42637737688932226,0.9970105307434615
0.426783682756379,0.9970105307434615
0.4269462051032017,0.9970105307434615
0.4273525109702584,0.9970105307434615
0.4275150333170811,0.9970105307434615
0.4278400780107265,0.9970105307434615
0.42816512270437185,0.9970105307434615
0.42840890622460587,0.9970105307434615
0.42857142857142855,0.9970105307434615
0.42857142857142855,0.997025553202037
0.42865268974483994,0.997025553202037
0.4288152120916626,0.997025553202037
0.42979034617259876,0.997025553202037
0.42979034617259876,0.9970405756606127
0.4298716073460101,0.9970405756606127
0.4300341296928328,0.9970405756606127
0.43076548025353484,0.9970405756606127
0.43076548025353484,0.9970555981191882
0.4310092637737689,0.9970555981191882
0.4337721436697546,0.9970555981191882
0.4338534048431659,0.9970555981191882
0.4338534048431659,0.9970706205777637
0.4340159271899886,0.9970706205777637
0.4342597107102227,0.9970706205777637
0.434340971883634,0.9970706205777637
0.434340971883634,0.9970856430363393
0.43523484479115876,0.9970856430363393
0.4355598894848042,0.9970856430363393
0.43661628473915165,0.9970856430363393
0.43661628473915165,0.9971156879534905
0.4371038517796197,0.9971156879534905
0.4371038517796197,0.997130710412066
0.4373476352998537,0.997130710412066
0.4373476352998537,0.9971457328706416
0.43791646351373315,0.9971457328706416
0.43816024703396717,0.9971457328706416
0.4384852917276125,0.9971457328706416
0.4384852917276125,0.9971607553292172
0.43962294815537134,0.9971607553292172
0.4397854705021941,0.9971607553292172
0.4402730375426621,0.9971607553292172
0.4402730375426621,0.9971757777877928
0.44149195514383227,0.9971757777877928
0.44181699983747763,0.9971757777877928
0.44295465626523645,0.9971757777877928
0.4431171786120592,0.9971757777877928
0.44344222330570454,0.9971757777877928
0.4436047456525272,0.9971757777877928
0.4437672679993499,0.9971757777877928
0.44417357386640666,0.9971757777877928
0.44433609621322934,0.9971757777877928
0.444498618560052,0.9971757777877928
0.44457987973346336,0.9971757777877928
0.44474240208028604,0.9971757777877928
0.4448236632536974,0.9971757777877928
0.44498618560052006,0.9971757777877928
0.44563627498781083,0.9971757777877928
0.44563627498781083,0.9971908002463683
0.4457987973346335,0.9971908002463683
0.4457987973346335,0.9972058227049438
0.44588005850804485,0.9972058227049438
0.44604258085486753,0.9972058227049438
0.4464488867219243,0.9972058227049438
0.44661140906874697,0.9972058227049438
0.44742402080286037,0.9972058227049438
0.4475865431496831,0.9972058227049438
0.4478303266699171,0.9972058227049438
0.4479928490167398,0.9972058227049438
0.44807411019015114,0.9972058227049438
0.4482366325369738,0.9972058227049438
0.44831789371038516,0.9972058227049438
0.44831789371038516,0.9972208451635195
0.44848041605720784,0.9972208451635195
0.4487241995774419,0.9972208451635195
0.44880546075085326,0.9972208451635195
0.44896798309767594,0.9972208451635195
0.4492930277913213,0.9972208451635195
0.4492930277913213,0.997235867622095
0.44961807248496666,0.997235867622095
0.4497805948317894,0.997235867622095
0.45010563952543475,0.997235867622095
0.45010563952543475,0.9972508900806706
0.4503494230456688,0.9972508900806706
0.4503494230456688,0.9972659125392461
0.4505932065659028,0.9972659125392461
0.4505932065659028,0.9972809349978218
0.45083699008613687,0.9972809349978218
0.45099951243295955,0.9972809349978218
0.4510807736063709,0.9972809349978218
0.45124329595319357,0.9972809349978218
0.4513245571266049,0.9972809349978218
0.4513245571266049,0.9972959574563973
0.4517308629936616,0.9972959574563973
0.45189338534048434,0.9972959574563973
0.45229969120754104,0.9972959574563973
0.45229969120754104,0.9973109799149729
0.45270599707459774,0.9973109799149729
0.4528685194214204,0.9973109799149729
0.45319356411506584,0.9973109799149729
0.4533560864618885,0.9973109799149729
0.4533560864618885,0.9973260023735484
0.454412481716236,0.9973260023735484
0.454412481716236,0.9973410248321241
0.4545750040630587,0.9973410248321241
0.45473752640988135,0.9973410248321241
0.4550625711035267,0.9973410248321241
0.45514383227693805,0.9973410248321241
0.4553063546237608,0.9973410248321241
0.45538761579717213,0.9973410248321241
0.4555501381439948,0.9973410248321241
0.45603770518446285,0.9973410248321241
0.45603770518446285,0.9973560472906996
0.4566877945717536,0.9973560472906996
0.4566877945717536,0.9973710697492751
0.4570941004388103,0.9973710697492751
0.457256622785633,0.9973710697492751
0.457256622785633,0.9973860922078507
0.45733788395904434,0.9973860922078507
0.45733788395904434,0.9974011146664263
0.45806923451974646,0.9974011146664263
0.4583130180399805,0.9974011146664263
0.45871932390703724,0.9974011146664263
0.45871932390703724,0.9974161371250019
0.4588005850804486,0.9974161371250019
0.45912562977409394,0.9974161371250019
0.45953193564115064,0.9974161371250019
0.46001950268161873,0.9974161371250019
0.46156346497643425,0.9974161371250019
0.46156346497643425,0.9974311595835774
0.4617259873232569,0.9974311595835774
0.46180724849666827,0.9974311595835774
0.461969770843491,0.9974311595835774
0.462213554363725,0.9974311595835774
0.462213554363725,0.9974461820421531
0.4623760767105477,0.9974461820421531
0.4625385990573704,0.9974461820421531
0.4627823825776044,0.9974461820421531
0.4638387778319519,0.9974461820421531
0.4638387778319519,0.9974612045007286
0.464570128392654,0.9974612045007286
0.46473265073947667,0.9974612045007286
0.46513895660653337,0.9974612045007286
0.4653014789533561,0.9974612045007286
0.4654640013001788,0.9974612045007286
0.46562652364700147,0.9974612045007286
0.4658703071672355,0.9974612045007286
0.4658703071672355,0.9974762269593042
0.4659515683406468,0.9974762269593042
0.4661140906874695,0.9974762269593042
0.46741426946205106,0.9974762269593042
0.4676580529822851,0.9974762269593042
0.46782057532910776,0.9974762269593042
0.46798309767593044,0.9974762269593042
0.4680643588493418,0.9974762269593042
0.4680643588493418,0.9974912494178797
0.46928327645051193,0.9974912494178797
0.46928327645051193,0.9975212943350309
0.46977084349098003,0.9975212943350309
0.4699333658378027,0.9975212943350309
0.47001462701121405,0.9975212943350309
0.4703396717048594,0.9975212943350309
0.4705834552250934,0.9975212943350309
0.4705834552250934,0.9975363167936064
0.47090849991873884,0.9975363167936064
0.47090849991873884,0.9975663617107576
0.47115228343897286,0.9975663617107576
0.47131480578579554,0.9975663617107576
0.4713960669592069,0.9975663617107576
0.47155858930602956,0.9975663617107576
0.47180237282626364,0.9975663617107576
0.4722899398667317,0.9975663617107576
0.47245246221355436,0.9975663617107576
0.47245246221355436,0.9975813841693332
0.4731838127742565,0.9975813841693332
0.47334633512107915,0.9975813841693332
0.47334633512107915,0.9975964066279087
0.4736713798147245,0.9975964066279087
0.4739964245083699,0.9975964066279087
0.47448399154883797,0.9975964066279087
0.47464651389566065,0.9975964066279087
0.474727775069072,0.9975964066279087
0.474971558589306,0.9975964066279087
0.47505281976271735,0.9975964066279087
0.4752153421095401,0.9975964066279087
0.47537786445636276,0.9975964066279087
0.47537786445636276,0.9976114290864843
0.47554038680318544,0.9976114290864843
0.47554038680318544,0.9976264515450599
0.47627173736388756,0.9976264515450599
0.47643425971071024,0.9976264515450599
0.47724687144482364,0.9976264515450599
0.47724687144482364,0.9976414740036355
0.4774093937916464,0.9976414740036355
0.47797822200552575,0.9976414740036355
0.4782220055257598,0.9976414740036355
0.47870957256622787,0.9976414740036355
0.47870957256622787,0.997656496462211
0.47903461725987323,0.997656496462211
0.47903461725987323,0.9976865413793622
0.47911587843328457,0.9976865413793622
0.47927840078010725,0.9976865413793622
0.47960344547375267,0.9976865413793622
0.47976596782057535,0.9976865413793622
0.48041605720786607,0.9976865413793622
0.48057857955468875,0.9976865413793622
0.4808223630749228,0.9976865413793622
0.4811474077685682,0.9976865413793622
0.48147245246221354,0.9976865413793622
0.4816349748090362,0.9976865413793622
0.48171623598244756,0.9976865413793622
0.4818787583292703,0.9976865413793622
0.482285064196327,0.9976865413793622
0.482285064196327,0.9977015638379377
0.48261010888997236,0.9977015638379377
0.48277263123679504,0.9977015638379377
0.4831789371038518,0.9977015638379377
0.4831789371038518,0.9977165862965133
0.4834227206240858,0.9977165862965133
0.48366650414431983,0.9977165862965133
0.48439785470502195,0.9977165862965133
0.4845603770518446,0.9977165862965133
0.48480416057207865,0.9977165862965133
0.48504794409231267,0.9977165862965133
0.4852104664391354,0.9977165862965133
0.4852104664391354,0.9977316087550888
0.48553551113278076,0.9977316087550888
0.4858605558264261,0.9977316087550888
0.48610433934666014,0.9977316087550888
0.48610433934666014,0.9977466312136645
0.48618560052007154,0.9977466312136645
0.48618560052007154,0.99776165367224
0.4871607346010076,0.99776165367224
0.48732325694783035,0.99776165367224
0.48837965220217777,0.99776165367224
0.48837965220217777,0.9977766761308156
0.48846091337558917,0.9977766761308156
0.48846091337558917,0.9977916985893911
0.48886721924264587,0.9977916985893911
0.48902974158946855,0.9977916985893911
0.4893547862831139,0.9977916985893911
0.4896798309767593,0.9977916985893911
0.4900048756704047,0.9977916985893911
0.4902486591906387,0.9977916985893911
0.49065496505769546,0.9977916985893911
0.49065496505769546,0.9978067210479667
0.49122379327157484,0.9978067210479667
0.4913863156183975,0.9978067210479667
0.49146757679180886,0.9978067210479667
0.49146757679180886,0.9978217435065423
0.4915488379652202,0.9978217435065423
0.4915488379652202,0.9978517884236934
0.49171136031204293,0.9978517884236934
0.4918738826588656,0.9978517884236934
0.4922801885259223,0.9978517884236934
0.49236144969933365,0.9978517884236934
0.49252397204615633,0.9978517884236934
0.49252397204615633,0.997866810882269
0.4929302779132131,0.997866810882269
0.4929302779132131,0.9978818333408446
0.49309280026003577,0.9978818333408446
0.49325532260685845,0.9978818333408446
0.49366162847391515,0.9978818333408446
0.49382415082073783,0.9978818333408446
0.4940679343409719,0.9978818333408446
0.49439297903461726,0.9978818333408446
0.4946367625548513,0.9978818333408446
0.49479928490167396,0.9978818333408446
0.49496180724849664,0.9978818333408446
0.4951243295953194,0.9978818333408446
0.49569315780919876,0.9978818333408446
0.49569315780919876,0.9978968557994201
0.4957744189826101,0.9978968557994201
0.4959369413294328,0.9978968557994201
0.49618072484966685,0.9978968557994201
0.49634324719648953,0.9978968557994201
0.4964245083699009,0.9978968557994201
0.4966682918901349,0.9978968557994201
0.4970745977571916,0.9978968557994201
0.4970745977571916,0.9979118782579957
0.49723712010401433,0.9979118782579957
0.49772468714448237,0.9979118782579957
0.49788720949130505,0.9979118782579957
0.4986998212254185,0.9979118782579957
0.4988623435722412,0.9979118782579957
0.4988623435722412,0.9979269007165713
0.49951243295953196,0.9979269007165713
0.49967495530635464,0.9979269007165713
0.49991873882658866,0.9979269007165713
0.49991873882658866,0.9979419231751468
0.5008126117341134,0.9979419231751468
0.5008126117341134,0.9979569456337224
0.5011376564277589,0.9979569456337224
0.5013001787745816,0.9979569456337224
0.5013814399479929,0.9979569456337224
0.5013814399479929,0.9979719680922979
0.503087924589631,0.9979719680922979
0.5032504469364537,0.9979719680922979
0.5046318868844466,0.9979719680922979
0.5046318868844466,0.9979869905508736
0.5053632374451487,0.9979869905508736
0.5056882821387941,0.9979869905508736
0.507557289127255,0.9979869905508736
0.5077198114740776,0.9979869905508736
0.5086136843816025,0.9979869905508736
0.5086136843816025,0.9980020130094491
0.5090199902486592,0.9980020130094491
0.5091825125954819,0.9980020130094491
0.5092637737688932,0.9980020130094491
0.5092637737688932,0.9980170354680247
0.5095075572891272,0.9980170354680247
0.5098326019827726,0.9980170354680247
0.5098326019827726,0.9980320579266002
0.5099951243295954,0.9980320579266002
0.5099951243295954,0.9980470803851759
0.5105639525434748,0.9980470803851759
0.5105639525434748,0.9980621028437514
0.5107264748902974,0.9980621028437514
0.5107264748902974,0.998077125302327
0.5111327807573541,0.998077125302327
0.5111327807573541,0.9980921477609026
0.5116203477978222,0.9980921477609026
0.5121891760117017,0.9980921477609026
0.5121891760117017,0.9981071702194781
0.5130017877458151,0.9981071702194781
0.5130017877458151,0.9981372151366292
0.5131643100926377,0.9981372151366292
0.5133268324394604,0.9981372151366292
0.5135706159596944,0.9981372151366292
0.5135706159596944,0.9981522375952049
0.5142207053469852,0.9981522375952049
0.5142207053469852,0.998182282512356
0.5151958394279214,0.998182282512356
0.5151958394279214,0.9981973049709315
0.5161709735088574,0.9981973049709315
0.5163334958556801,0.9981973049709315
0.5164147570290915,0.9981973049709315
0.5165772793759141,0.9981973049709315
0.5166585405493256,0.9981973049709315
0.5166585405493256,0.9982123274295072
0.5175524134568503,0.9982123274295072
0.5175524134568503,0.9982273498880827
0.517714935803673,0.9982273498880827
0.517714935803673,0.9982423723466582
0.5180399804973184,0.9982423723466582
0.518202502844141,0.9982423723466582
0.5190151145782546,0.9982423723466582
0.5190151145782546,0.9982573948052338
0.5206403380464814,0.9982573948052338
0.5206403380464814,0.9982724172638094
0.5207215992198927,0.9982724172638094
0.5209653827401267,0.9982724172638094
0.5212091662603608,0.9982724172638094
0.5212091662603608,0.998287439722385
0.5212904274337722,0.998287439722385
0.5212904274337722,0.9983024621809605
0.5215342109540062,0.9983024621809605
0.5216967333008289,0.9983024621809605
0.5216967333008289,0.9983174846395361
0.5221030391678856,0.9983174846395361
0.5222655615147083,0.9983174846395361
0.5223468226881196,0.9983174846395361
0.5225093450349423,0.9983174846395361
0.522671867381765,0.9983174846395361
0.5228343897285876,0.9983174846395361
0.5229969120754103,0.9983174846395361
0.5229969120754103,0.9983325070981117
0.523159434422233,0.9983325070981117
0.523159434422233,0.9983475295566873
0.5233219567690558,0.9983475295566873
0.5239720461563465,0.9983475295566873
0.5242158296765805,0.9983475295566873
0.5242970908499919,0.9983475295566873
0.5244596131968146,0.9983475295566873
0.5247033967170486,0.9983475295566873
0.5251909637575166,0.9983475295566873
0.525272224930928,0.9983475295566873
0.5255972696245734,0.9983475295566873
0.5260848366650415,0.9983475295566873
0.5260848366650415,0.9983625520152628
0.5262473590118641,0.9983625520152628
0.5264098813586868,0.9983625520152628
0.5268974483991549,0.9983625520152628
0.5270599707459775,0.9983625520152628
0.5276287989598569,0.9983625520152628
0.5277913213066797,0.9983625520152628
0.5277913213066797,0.9983775744738383
0.5297415894685519,0.9983775744738383
0.5297415894685519,0.998392596932414
0.529985372988786,0.998392596932414
0.5305542012026654,0.998392596932414
0.5305542012026654,0.9984076193909895
0.5312042905899561,0.9984076193909895
0.5312042905899561,0.9984226418495651
0.532341947017715,0.9984226418495651
0.532341947017715,0.9984376643081406
0.5327482528847717,0.9984376643081406
0.5327482528847717,0.9984526867667163
0.5332358199252397,0.9984526867667163
0.5333983422720624,0.9984526867667163
0.5338859093125304,0.9984526867667163
0.5340484316593531,0.9984526867667163
0.5347797822200553,0.9984526867667163
0.5350235657402893,0.9984526867667163
0.5351048269137006,0.9984526867667163
0.5352673492605233,0.9984526867667163
0.5359986998212254,0.9984526867667163
0.5359986998212254,0.9984677092252918
0.5360799609946367,0.9984677092252918
0.5362424833414594,0.9984677092252918
0.5372176174223956,0.9984677092252918
0.5372176174223956,0.9984827316838674
0.5372988785958069,0.9984827316838674
0.537542662116041,0.9984827316838674
0.537786445636275,0.9984827316838674
0.537786445636275,0.9985127766010186
0.5383552738501544,0.9985127766010186
0.5385990573703884,0.9985127766010186
0.5387615797172112,0.9985127766010186
0.5388428408906225,0.9985127766010186
0.5388428408906225,0.9985277990595941
0.5396554526247359,0.9985277990595941
0.5398179749715586,0.9985277990595941
0.5400617584917926,0.9985277990595941
0.5400617584917926,0.9985428215181696
0.540874370225906,0.9985428215181696
0.5410368925727288,0.9985428215181696
0.5429058995611896,0.9985428215181696
0.5429058995611896,0.9985728664353208
0.5430684219080123,0.9985728664353208
0.5432309442548351,0.9985728664353208
0.5445311230294165,0.9985728664353208
0.5446936453762392,0.9985728664353208
0.5447749065496506,0.9985728664353208
0.5449374288964732,0.9985728664353208
0.5454249959369414,0.9985728664353208
0.5457500406305867,0.9985728664353208
0.5458313018039981,0.9985728664353208
0.5460750853242321,0.9985728664353208
0.5462376076710548,0.9985728664353208
0.5464001300178775,0.9985728664353208
0.5466439135381115,0.9985728664353208
0.5468876970583455,0.9985728664353208
0.5468876970583455,0.9985878888938964
0.5471314805785795,0.9985878888938964
0.5473752640988135,0.9985878888938964
0.5473752640988135,0.9986029113524719
0.5485129205265724,0.9986029113524719
0.5485129205265724,0.9986179338110475
0.5499756216479766,0.9986179338110475
0.5501381439947993,0.9986179338110475
0.5501381439947993,0.9986329562696231
0.550544449861856,0.9986329562696231
0.5507069722086787,0.9986329562696231
0.5518446286364375,0.9986329562696231
0.5520071509832603,0.9986329562696231
0.5520071509832603,0.9986479787281987
0.5520884121566716,0.9986479787281987
0.552413456850317,0.9986479787281987
0.552657240370551,0.9986479787281987
0.5529822850641963,0.9986479787281987
0.5529822850641963,0.9986630011867742
0.5537136356248984,0.9986630011867742
0.5538761579717211,0.9986630011867742
0.5539574191451324,0.9986630011867742
0.5541199414919551,0.9986630011867742
0.5550138143994799,0.9986630011867742
0.555257597919714,0.9986630011867742
0.5555826426133593,0.9986630011867742
0.555745164960182,0.9986630011867742
0.5559076873070047,0.9986630011867742
0.5559076873070047,0.9986780236453497
0.5563952543474727,0.9986780236453497
0.5563952543474727,0.9986930461039254
0.5573703884284089,0.9986930461039254
0.5573703884284089,0.9987080685625009
0.5581830001625223,0.9987080685625009
0.558345522509345,0.9987080685625009
0.5586705672029905,0.9987080685625009
0.5588330895498131,0.9987080685625009
0.5592393954168698,0.9987080685625009
0.5594831789371039,0.9987080685625009
0.5604583130180399,0.9987080685625009
0.5608646188850968,0.9987080685625009
0.5615147082723875,0.9987080685625009
0.5615147082723875,0.9987230910210765
0.5616772306192102,0.9987230910210765
0.5621647976596782,0.9987230910210765
0.5623273200065009,0.9987230910210765
0.5627336258735576,0.9987230910210765
0.5628961482203803,0.9987230910210765
0.5629774093937916,0.9987230910210765
0.5629774093937916,0.9987381134796521
0.5631399317406144,0.9987381134796521
0.5633837152608484,0.9987381134796521
0.5648464163822525,0.9987381134796521
0.5648464163822525,0.9987531359382277
0.5650089387290752,0.9987531359382277
0.5651714610758979,0.9987531359382277
0.5651714610758979,0.9987681583968032
0.5652527222493092,0.9987681583968032
0.565415244596132,0.9987681583968032
0.5659028116366001,0.9987681583968032
0.5660653339834227,0.9987681583968032
0.5663091175036568,0.9987681583968032
0.5663091175036568,0.9987831808553788
0.5663903786770681,0.9987831808553788
0.5666341621973021,0.9987831808553788
0.5667966845441248,0.9987831808553788
0.5671217292377702,0.9987831808553788
0.5674467739314155,0.9987831808553788
0.567528035104827,0.9987831808553788
0.5676905574516496,0.9987831808553788
0.5679343409718837,0.9987831808553788
0.5681781244921177,0.9987831808553788
0.5689094750528197,0.9987831808553788
0.5692345197464651,0.9987831808553788
0.5693970420932878,0.9987831808553788
0.5694783032666991,0.9987831808553788
0.5696408256135218,0.9987831808553788
0.5698846091337559,0.9987831808553788
0.5698846091337559,0.9987982033139544
0.57012839265399,0.9987982033139544
0.57012839265399,0.99881322577253
0.570372176174224,0.99881322577253
0.570615959694458,0.99881322577253
0.5712660490817487,0.99881322577253
0.5714285714285714,0.99881322577253
0.5724037055095076,0.99881322577253
0.5726474890297416,0.99881322577253
0.5730537948967983,0.99881322577253
0.5733788395904437,0.99881322577253
0.573703884284089,0.99881322577253
0.573947667804323,0.99881322577253
0.5745977571916139,0.99881322577253
0.5747602795384366,0.99881322577253
0.5754103689257273,0.99881322577253
0.57557289127255,0.99881322577253
0.5757354136193726,0.99881322577253
0.5757354136193726,0.9988282482311055
0.5758979359661953,0.9988282482311055
0.5759791971396067,0.9988282482311055
0.5761417194864293,0.9988282482311055
0.5761417194864293,0.998843270689681
0.5764667641800748,0.998843270689681
0.5767105477003088,0.998843270689681
0.5769543312205428,0.998843270689681
0.5771168535673655,0.998843270689681
0.5772793759141882,0.998843270689681
0.5775231594344222,0.998843270689681
0.5776044206078336,0.998843270689681
0.5776044206078336,0.9988582931482567
0.5791483829026491,0.9988582931482567
0.5793921664228832,0.9988582931482567
0.5794734275962945,0.9988582931482567
0.5797984722899399,0.9988582931482567
0.5801235169835852,0.9988582931482567
0.5802860393304079,0.9988582931482567
0.5802860393304079,0.9988883380654078
0.5815049569315781,0.9988883380654078
0.5816674792784008,0.9988883380654078
0.5817487404518121,0.9988883380654078
0.5819112627986348,0.9988883380654078
0.5821550463188688,0.9988883380654078
0.5821550463188688,0.9989033605239833
0.5832927027466277,0.9989033605239833
0.5834552250934504,0.9989033605239833
0.5835364862668617,0.9989033605239833
0.5836990086136844,0.9989033605239833
0.5845116203477978,0.9989033605239833
0.5846741426946205,0.9989033605239833
0.5858117991223794,0.9989033605239833
0.5858117991223794,0.998918382982559
0.585974321469202,0.998918382982559
0.5861368438160247,0.998918382982559
0.5865431496830814,0.998918382982559
0.5867869332033154,0.998918382982559
0.5875182837640176,0.998918382982559
0.5875182837640176,0.9989334054411345
0.5881683731513083,0.9989334054411345
0.588330895498131,0.9989334054411345
0.5895498130993011,0.9989334054411345
0.5897123354461239,0.9989334054411345
0.5897935966195352,0.9989334054411345
0.5897935966195352,0.9989484278997101
0.5906062083536486,0.9989484278997101
0.5907687307004713,0.9989484278997101
0.5910125142207053,0.9989484278997101
0.5912562977409394,0.9989484278997101
0.5912562977409394,0.9989634503582856
0.5921501706484642,0.9989634503582856
0.5924752153421096,0.9989634503582856
0.5939379164635137,0.9989634503582856
0.5941004388103365,0.9989634503582856
0.5944254835039818,0.9989634503582856
0.5945880058508045,0.9989634503582856
0.5947505281976272,0.9989634503582856
0.5950755728912726,0.9989634503582856
0.5996261986023078,0.9989634503582856
0.5996261986023078,0.9989784728168613
0.5997074597757192,0.9989784728168613
0.5997074597757192,0.9989934952754368
0.5998699821225418,0.9989934952754368
0.6001137656427759,0.9989934952754368
0.6004388103364212,0.9989934952754368
0.6007638550300667,0.9989934952754368
0.6010076385503007,0.9989934952754368
0.6011701608971234,0.9989934952754368
0.6016577279375914,0.9989934952754368
0.6019015114578254,0.9989934952754368
0.6023078173248821,0.9989934952754368
0.6024703396717048,0.9989934952754368
0.6026328620185275,0.9989934952754368
0.6028766455387616,0.9989934952754368
0.603201690232407,0.9989934952754368
0.6033642125792297,0.9989934952754368
0.6036079960994637,0.9989934952754368
0.603933040793109,0.9989934952754368
0.603933040793109,0.9990085177340123
0.6042580854867544,0.9990085177340123
0.6042580854867544,0.9990235401925879
0.6051519583942793,0.9990235401925879
0.6051519583942793,0.9990385626511635
0.6052332195676906,0.9990385626511635
0.6052332195676906,0.9990535851097391
0.6057207866081586,0.9990535851097391
0.6059645701283927,0.9990535851097391
0.6061270924752153,0.9990535851097391
0.606289614822038,0.9990535851097391
0.606533398342272,0.9990535851097391
0.606533398342272,0.9990686075683146
0.6068584430359174,0.9990686075683146
0.6070209653827401,0.9990686075683146
0.6076710547700309,0.9990686075683146
0.6078335771168536,0.9990686075683146
0.6080773606370876,0.9990686075683146
0.6083211441573216,0.9990686075683146
0.6110840240533073,0.9990686075683146
0.6110840240533073,0.9990836300268902
0.6115715910937753,0.9990836300268902
0.6118153746140095,0.9990836300268902
0.6119778969608322,0.9990836300268902
0.6121404193076548,0.9990836300268902
0.6169348285389241,0.9990836300268902
0.6169348285389241,0.9990986524854658
0.6181537461400942,0.9990986524854658
0.6183162684869169,0.9990986524854658
0.6186413131805624,0.9990986524854658
0.6186413131805624,0.9991136749440414
0.6190476190476191,0.9991136749440414
0.6193726637412644,0.9991136749440414
0.6196164472614984,0.9991136749440414
0.6197789696083211,0.9991136749440414
0.6197789696083211,0.9991437198611924
0.6202665366487892,0.9991437198611924
0.6202665366487892,0.9991587423197681
0.6205103201690232,0.9991587423197681
0.6207541036892573,0.9991587423197681
0.6208353648626687,0.9991587423197681
0.6209978872094913,0.9991587423197681
0.6227856330245408,0.9991587423197681
0.6227856330245408,0.9991737647783436
0.6231919388915976,0.9991737647783436
0.6233544612384203,0.9991737647783436
0.6235982447586543,0.9991737647783436
0.6238420282788883,0.9991737647783436
0.6239232894522997,0.9991737647783436
0.6240858117991224,0.9991737647783436
0.6248984235332358,0.9991737647783436
0.6252234682268812,0.9991737647783436
0.6256297740939379,0.9991737647783436
0.6259548187875833,0.9991737647783436
0.6262798634812287,0.9991737647783436
0.6264423858280513,0.9991737647783436
0.6270112140419307,0.9991737647783436
0.6270112140419307,0.9991887872369192
0.6279863481228669,0.9991887872369192
0.6281488704696896,0.9991887872369192
0.628961482203803,0.9991887872369192
0.6291240045506257,0.9991887872369192
0.6291240045506257,0.9992038096954947
0.6310742727124979,0.9992038096954947
0.6312367950593206,0.9992038096954947
0.6312367950593206,0.9992188321540704
0.6322119291402568,0.9992188321540704
0.6324557126604908,0.9992188321540704
0.6343247196489518,0.9992188321540704
0.6343247196489518,0.9992338546126459
0.6358686819437672,0.9992338546126459
0.6358686819437672,0.9992488770712215
0.6360312042905899,0.9992488770712215
0.6370875995449374,0.9992488770712215
0.6370875995449374,0.999263899529797
0.6373313830651715,0.999263899529797
0.6376564277588168,0.999263899529797
0.6380627336258735,0.999263899529797
0.6382252559726962,0.999263899529797
0.6396066959206891,0.999263899529797
0.6397692182675118,0.999263899529797
0.6400130017877458,0.999263899529797
0.6401755241345685,0.999263899529797
0.6401755241345685,0.9992789219883726
0.6405005688282139,0.9992789219883726
0.6405005688282139,0.9992939444469482
0.6410693970420933,0.9992939444469482
0.6410693970420933,0.9993089669055237
0.6411506582155047,0.9993089669055237
0.6413131805623273,0.9993089669055237
0.6416382252559727,0.9993089669055237
0.6416382252559727,0.9993239893640993
0.643832276938079,0.9993239893640993
0.6439947992849017,0.9993239893640993
0.6444011051519584,0.9993239893640993
0.644563627498781,0.9993239893640993
0.644563627498781,0.9993540342812505
0.6447261498456037,0.9993540342812505
0.6448886721924264,0.9993540342812505
0.6458638062733626,0.9993540342812505
0.6462701121404193,0.9993540342812505
0.6463513733138306,0.9993540342812505
0.6465138956606533,0.9993540342812505
0.6470827238745327,0.9993540342812505
0.6472452462213555,0.9993540342812505
0.6477328132618235,0.9993540342812505
0.6477328132618235,0.999369056739826
0.6480578579554689,0.999369056739826
0.6487079473427596,0.999369056739826
0.6489517308629936,0.999369056739826
0.649276775556639,0.999369056739826
0.6496830814236958,0.999369056739826
0.6498456037705185,0.999369056739826
0.6503331708109865,0.999369056739826
0.6504956931578092,0.999369056739826
0.6513083048919226,0.999369056739826
0.6516333495855681,0.999369056739826
0.6520396554526248,0.999369056739826
0.6522021777994474,0.999369056739826
0.6526084836665041,0.999369056739826
0.6529335283601495,0.999369056739826
0.6536648789208516,0.999369056739826
0.6539086624410857,0.999369056739826
0.6551275800422558,0.999369056739826
0.6554526247359012,0.999369056739826
0.658946855192589,0.999369056739826
0.659190638712823,0.999369056739826
0.6612221680481066,0.999369056739826
0.6613846903949293,0.999369056739826
0.6616284739151633,0.999369056739826
0.6625223468226881,0.999369056739826
0.6626848691695109,0.999369056739826
0.6638225255972696,0.999369056739826
0.6638225255972696,0.9993840791984017
0.6652852267186738,0.9993840791984017
0.6654477490654965,0.9993840791984017
0.6655290102389079,0.9993840791984017
0.6655290102389079,0.9993991016569772
0.6674792784007801,0.9993991016569772
0.6677230619210142,0.9993991016569772
0.6681293677880709,0.9993991016569772
0.6682918901348935,0.9993991016569772
0.6685356736551276,0.9993991016569772
0.6687794571753616,0.9993991016569772
0.6690232406955956,0.9993991016569772
0.6693482853892411,0.9993991016569772
0.6696733300828864,0.9993991016569772
0.6698358524297091,0.9993991016569772
0.6708109865106452,0.9993991016569772
0.6709735088574679,0.9993991016569772
0.6713798147245246,0.9993991016569772
0.6715423370713474,0.9993991016569772
0.6721111652852267,0.9993991016569772
0.6722736876320494,0.9993991016569772
0.6724362099788721,0.9993991016569772
0.6726799934991061,0.9993991016569772
0.6729237770193401,0.9993991016569772
0.6730862993661628,0.9993991016569772
0.6733300828863968,0.9993991016569772
0.6735738664066309,0.9993991016569772
0.6737363887534537,0.9993991016569772
0.6760929627823826,0.9993991016569772
0.6760929627823826,0.9994141241155527
0.6770680968633187,0.9994141241155527
0.6770680968633187,0.9994291465741283
0.67714935803673,0.9994291465741283
0.6773931415569641,0.9994291465741283
0.679993499106127,0.9994291465741283
0.6801560214529497,0.9994291465741283
0.6814562002275313,0.9994291465741283
0.681618722574354,0.9994291465741283
0.6817812449211766,0.9994291465741283
0.6821875507882333,0.9994291465741283
0.6832439460425809,0.9994291465741283
0.6834064683894036,0.9994291465741283
0.6836502519096376,0.9994291465741283
0.6838940354298716,0.9994291465741283
0.6840565577766943,0.9994291465741283
0.6853567365512758,0.9994291465741283
0.6856817812449212,0.9994291465741283
0.6857630424183325,0.9994291465741283
0.6859255647651552,0.9994291465741283
0.6865756541524459,0.9994291465741283
0.6867381764992686,0.9994291465741283
0.6873882658865594,0.9994291465741283
0.6876320494067935,0.9994291465741283
0.6876320494067935,0.9994441690327039
0.6877945717536161,0.9994441690327039
0.6880383552738502,0.9994441690327039
0.6882008776206728,0.9994441690327039
0.6882821387940842,0.9994441690327039
0.6884446611409069,0.9994441690327039
0.6900698846091338,0.9994441690327039
0.6902324069559564,0.9994441690327039
0.6923451974646514,0.9994441690327039
0.6925077198114741,0.9994441690327039
0.6942954656265237,0.9994441690327039
0.6942954656265237,0.9994591914912795
0.694620510320169,0.9994591914912795
0.6947830326669917,0.9994591914912795
0.6953518608808711,0.9994591914912795
0.6955143832276938,0.9994591914912795
0.6960832114415733,0.9994591914912795
0.6960832114415733,0.999474213949855
0.6962457337883959,0.999474213949855
0.6964082561352186,0.999474213949855
0.697220867869332,0.999474213949855
0.6973833902161547,0.999474213949855
0.6977084349098001,0.999474213949855
0.6978709572566227,0.999474213949855
0.6979522184300341,0.999474213949855
0.6981147407768569,0.999474213949855
0.6982772631236795,0.999474213949855
0.6986023078173249,0.999474213949855
0.6989273525109703,0.999474213949855
0.6989273525109703,0.9994892364084306
0.700065008938729,0.9994892364084306
0.7002275312855518,0.9994892364084306
0.7023403217942467,0.9994892364084306
0.7025028441410694,0.9994892364084306
0.7043718511295303,0.9994892364084306
0.7043718511295303,0.9995042588670062
0.7049406793434098,0.9995042588670062
0.7051032016902324,0.9995042588670062
0.7052657240370551,0.9995042588670062
0.7054282463838778,0.9995042588670062
0.7061595969445799,0.9995042588670062
0.7061595969445799,0.9995192813255818
0.7074597757191614,0.9995192813255818
0.7076222980659841,0.9995192813255818
0.7076222980659841,0.9995343037841573
0.7077848204128068,0.9995343037841573
0.7080286039330408,0.9995343037841573
0.7086786933203315,0.9995343037841573
0.7089224768405655,0.9995343037841573
0.7111165285226718,0.9995343037841573
0.7112790508694945,0.9995343037841573
0.7112790508694945,0.9995493262427328
0.7115228343897286,0.9995493262427328
0.7117666179099627,0.9995493262427328
0.7119291402567853,0.9995493262427328
0.7128230131643101,0.9995493262427328
0.7128230131643101,0.9995643487013085
0.7136356248984236,0.9995643487013085
0.7137981472452463,0.9995643487013085
0.7140419307654803,0.9995643487013085
0.714204453112303,0.9995643487013085
0.7142857142857143,0.9995643487013085
0.7145294978059483,0.9995643487013085
0.7158296765805299,0.9995643487013085
0.7158296765805299,0.999579371159884
0.7171298553551113,0.999579371159884
0.7171298553551113,0.9995943936184596
0.7176986835689907,0.9995943936184596
0.7178612059158134,0.9995943936184596
0.7179424670892248,0.9995943936184596
0.7181049894360475,0.9995943936184596
0.719892735251097,0.9995943936184596
0.7200552575979197,0.9995943936184596
0.7207053469852105,0.9995943936184596
0.7208678693320332,0.9995943936184596
0.7217617422395579,0.9995943936184596
0.7219242645863806,0.9995943936184596
0.7232244433609621,0.9995943936184596
0.7233869657077848,0.9995943936184596
0.7237120104014302,0.9995943936184596
0.7239557939216642,0.9995943936184596
0.7239557939216642,0.9996094160770351
0.724605883308955,0.9996094160770351
0.7249309280026004,0.9996094160770351
0.7261498456037705,0.9996094160770351
0.7263123679505932,0.9996094160770351
0.7270437185112953,0.9996094160770351
0.7272875020315294,0.9996094160770351
0.7276938078985861,0.9996094160770351
0.7278563302454087,0.9996094160770351
0.7278563302454087,0.9996244385356108
0.7280188525922314,0.9996244385356108
0.7281813749390541,0.9996244385356108
0.7289939866731676,0.9996244385356108
0.7291565090199903,0.9996244385356108
0.7303754266211604,0.9996244385356108
0.7303754266211604,0.9996394609941863
0.7307817324882171,0.9996394609941863
0.7309442548350398,0.9996394609941863
0.7311067771818625,0.9996394609941863
0.7311067771818625,0.9996544834527619
0.7322444336096213,0.9996544834527619
0.732406955956444,0.9996544834527619
0.735007313505607,0.9996544834527619
0.7351698358524297,0.9996544834527619
0.7356574028928978,0.9996544834527619
0.7358199252397205,0.9996544834527619
0.7364700146270112,0.9996544834527619
0.7366325369738339,0.9996544834527619
0.7378514545750041,0.9996544834527619
0.7378514545750041,0.9996695059113374
0.7379327157484155,0.9996695059113374
0.7380952380952381,0.9996695059113374
0.7395579392166423,0.9996695059113374
0.7395579392166423,0.9996845283699131
0.7405330732975784,0.9996845283699131
0.7406955956444011,0.9996845283699131
0.7412644238582805,0.9996845283699131
0.7415894685519259,0.9996845283699131
0.7421582967658052,0.9996845283699131
0.742320819112628,0.9996845283699131
0.7426458638062734,0.9996845283699131
0.7428083861530961,0.9996845283699131
0.7428896473265074,0.9996845283699131
0.7432146920201528,0.9996845283699131
0.7432959531935641,0.9996845283699131
0.7434584755403868,0.9996845283699131
0.7443523484479115,0.9996845283699131
0.7445961319681457,0.9996845283699131
0.744921176661791,0.9996845283699131
0.7450836990086137,0.9996845283699131
0.7463026166097838,0.9996845283699131
0.7466276613034292,0.9996845283699131
0.746790183650252,0.9996845283699131
0.7476027953843654,0.9996845283699131
0.747765317731188,0.9996845283699131
0.7489029741589469,0.9996845283699131
0.7490654965057696,0.9996845283699131
0.7493092800260036,0.9996845283699131
0.7493092800260036,0.9996995508284886
0.7499593694132943,0.9996995508284886
0.750121891760117,0.9996995508284886
0.7509345034942304,0.9996995508284886
0.7510970258410531,0.9996995508284886
0.7525597269624573,0.9996995508284886
0.75272224930928,0.9996995508284886
0.7535348610433935,0.9996995508284886
0.7538599057370389,0.9996995508284886
0.7541036892572729,0.9996995508284886
0.7541036892572729,0.9997145732870641
0.7549163009913863,0.9997145732870641
0.755078823338209,0.9997145732870641
0.7557289127254998,0.9997145732870641
0.7557289127254998,0.9997295957456397
0.7561352185925565,0.9997295957456397
0.7561352185925565,0.9997446182042153
0.7571916138469039,0.9997446182042153
0.7571916138469039,0.9997596406627909
0.7575979197139606,0.9997596406627909
0.7577604420607834,0.9997596406627909
0.7579229644076061,0.9997596406627909
0.7579229644076061,0.9997746631213664
0.7582480091012515,0.9997746631213664
0.7584105314480741,0.9997746631213664
0.7585730537948968,0.9997746631213664
0.7588168373151308,0.9997746631213664
0.7590606208353649,0.9997746631213664
0.7592231431821875,0.9997746631213664
0.7597919713960669,0.9997746631213664
0.7597919713960669,0.999789685579942
0.7602795384365351,0.999789685579942
0.7605233219567691,0.999789685579942
0.7606045831301804,0.999789685579942
0.7607671054770031,0.999789685579942
0.76239232894523,0.999789685579942
0.7625548512920527,0.999789685579942
0.7645863806273363,0.999789685579942
0.764748902974159,0.999789685579942
0.7655615147082724,0.999789685579942
0.7660490817487404,0.999789685579942
0.7665366487892085,0.999789685579942
0.7666991711360313,0.999789685579942
0.7684869169510807,0.999789685579942
0.7687307004713148,0.999789685579942
0.7697870957256623,0.999789685579942
0.769949618072485,0.999789685579942
0.7703559239395417,0.999789685579942
0.7705184462863643,0.999789685579942
0.7716561027141232,0.999789685579942
0.7718186250609459,0.999789685579942
0.7731188038355273,0.999789685579942
0.7731188038355273,0.9998047080385176
0.7740939379164635,0.9998047080385176
0.7743377214366975,0.9998047080385176
0.7745002437835202,0.9998047080385176
0.7746627661303429,0.9998047080385176
0.7746627661303429,0.9998197304970932
0.7755566390378678,0.9998197304970932
0.7758004225581018,0.9998197304970932
0.7761254672517471,0.9998197304970932
0.7762879895985698,0.9998197304970932
0.7804323094425484,0.9998197304970932
0.7807573541361937,0.9998197304970932
0.7831139281651227,0.9998197304970932
0.7832764505119454,0.9998197304970932
0.7835202340321794,0.9998197304970932
0.7836827563790021,0.9998197304970932
0.7846578904599383,0.9998197304970932
0.784820412806761,0.9998197304970932
0.787420770355924,0.9998197304970932
0.787664553876158,0.9998197304970932
0.7878270762229806,0.9998197304970932
0.787908337396392,0.9998197304970932
0.7880708597432147,0.9998197304970932
0.7882333820900373,0.9998197304970932
0.78839590443686,0.9998197304970932
0.7887209491305055,0.9998197304970932
0.7888834714773282,0.9998197304970932
0.7890459938241509,0.9998197304970932
0.7899398667316756,0.9998197304970932
0.7901023890784983,0.9998197304970932
0.790508694945555,0.9998197304970932
0.7906712172923777,0.9998197304970932
0.790752478465789,0.9998197304970932
0.790752478465789,0.9998347529556687
0.7914025678530798,0.9998347529556687
0.7915650901999025,0.9998347529556687
0.7924589631074272,0.9998347529556687
0.7927027466276613,0.9998347529556687
0.792865268974484,0.9998347529556687
0.7940029254022428,0.9998347529556687
0.7942467089224768,0.9998347529556687
0.7946530147895335,0.9998347529556687
0.7948155371363562,0.9998347529556687
0.7958719323907038,0.9998347529556687
0.7960344547375264,0.9998347529556687
0.7966845441248172,0.9998347529556687
0.7968470664716398,0.9998347529556687
0.7970095888184625,0.9998347529556687
0.7971721111652852,0.9998347529556687
0.7973346335121079,0.9998347529556687
0.797578417032342,0.9998347529556687
0.7979847228993987,0.9998347529556687
0.7981472452462214,0.9998347529556687
0.7990411181537461,0.9998347529556687
0.7992036405005688,0.9998347529556687
0.8013164310092638,0.9998347529556687
0.8014789533560864,0.9998347529556687
0.8015602145294978,0.9998347529556687
0.8017227368763205,0.9998347529556687
0.8018039980497318,0.9998347529556687
0.8018039980497318,0.9998497754142442
0.8021290427433773,0.9998497754142442
0.8024540874370226,0.9998497754142442
0.8040793109052494,0.9998497754142442
0.8042418332520722,0.9998497754142442
0.8043230944254836,0.9998497754142442
0.8044856167723062,0.9998497754142442
0.8055420120266537,0.9998497754142442
0.8055420120266537,0.9998647978728199
0.8057857955468877,0.9998647978728199
0.806110840240533,0.9998647978728199
0.8070047131480579,0.9998647978728199
0.8071672354948806,0.9998647978728199
0.8074922801885259,0.9998647978728199
0.8076548025353486,0.9998647978728199
0.8086299366162848,0.9998647978728199
0.8088737201365188,0.9998647978728199
0.8090362424833415,0.9998647978728199
0.8091987648301642,0.9998647978728199
0.8092800260035755,0.9998647978728199
0.8095238095238095,0.9998647978728199
0.8109865106452138,0.9998647978728199
0.8111490329920364,0.9998647978728199
0.8114740776856818,0.9998647978728199
0.8116366000325045,0.9998647978728199
0.8121241670729725,0.9998647978728199
0.8122866894197952,0.9998647978728199
0.8125304729400292,0.9998647978728199
0.8127742564602632,0.9998647978728199
0.8131805623273201,0.9998647978728199
0.8133430846741427,0.9998647978728199
0.8147245246221355,0.9998647978728199
0.8148870469689582,0.9998647978728199
0.8156996587030717,0.9998647978728199
0.8156996587030717,0.9998798203313954
0.8159434422233057,0.9998798203313954
0.8161059645701284,0.9998798203313954
0.8164310092637738,0.9998798203313954
0.8165935316105964,0.9998798203313954
0.8168373151308305,0.9998798203313954
0.8169185763042418,0.9998798203313954
0.8170810986510645,0.9998798203313954
0.8173248821712985,0.9998798203313954
0.8175686656915326,0.9998798203313954
0.8177311880383553,0.9998798203313954
0.8183000162522347,0.9998798203313954
0.8184625385990574,0.9998798203313954
0.8187063221192914,0.9998798203313954
0.8187063221192914,0.999894842789971
0.8188688444661141,0.999894842789971
0.820250284414107,0.999894842789971
0.8204128067609296,0.999894842789971
0.820737851454575,0.999894842789971
0.8209003738013977,0.999894842789971
0.8221192914025679,0.999894842789971
0.8222818137493906,0.999894842789971
0.8225255972696246,0.999894842789971
0.8229319031366813,0.999894842789971
0.823094425483504,0.999894842789971
0.8235007313505607,0.999894842789971
0.8236632536973834,0.999894842789971
0.8239882983910287,0.999894842789971
0.8241508207378515,0.999894842789971
0.825694783032667,0.999894842789971
0.825694783032667,0.9999098652485465
0.8276450511945392,0.9999098652485465
0.8278888347147733,0.9999098652485465
0.8279700958881846,0.9999098652485465
0.8279700958881846,0.9999248877071222
0.82829514058183,0.9999248877071222
0.8284576629286526,0.9999248877071222
0.8305704534373476,0.9999248877071222
0.8308142369575817,0.9999248877071222
0.8321144157321632,0.9999248877071222
0.8322769380789858,0.9999248877071222
0.8324394604258085,0.9999248877071222
0.8326832439460425,0.9999248877071222
0.8335771168535674,0.9999248877071222
0.8337396392003901,0.9999248877071222
0.8340646838940354,0.9999248877071222
0.8342272062408581,0.9999248877071222
0.8346335121079148,0.9999248877071222
0.8347960344547375,0.9999248877071222
0.8357711685356737,0.9999248877071222
0.8359336908824964,0.9999248877071222
0.8367463026166098,0.9999248877071222
0.8369088249634324,0.9999248877071222
0.838696570778482,0.9999248877071222
0.8388590931253047,0.9999248877071222
0.8395091825125954,0.9999248877071222
0.8396717048594182,0.9999248877071222
0.8397529660328296,0.9999248877071222
0.8399154883796522,0.9999248877071222
0.8400780107264749,0.9999248877071222
0.8403217942467089,0.9999248877071222
0.8406468389403543,0.9999248877071222
0.8406468389403543,0.9999399101656977
0.8434909800097513,0.9999399101656977
0.8434909800097513,0.9999549326242733
0.843653502356574,0.9999549326242733
0.8438160247033967,0.9999549326242733
0.8455225093450349,0.9999549326242733
0.8456850316918576,0.9999549326242733
0.8458475540386803,0.9999549326242733
0.846010076385503,0.9999549326242733
0.8464163822525598,0.9999549326242733
0.8465789045993825,0.9999549326242733
0.8473915163334959,0.9999549326242733
0.8475540386803185,0.9999549326242733
0.8477978222005526,0.9999549326242733
0.8479603445473752,0.9999549326242733
0.8494230456687795,0.9999549326242733
0.8496668291890135,0.9999549326242733
0.8521046643913538,0.9999549326242733
0.8522671867381765,0.9999549326242733
0.8526734926052332,0.9999549326242733
0.8528360149520559,0.9999549326242733
0.853323581992524,0.9999549326242733
0.8534861043393467,0.9999549326242733
0.8540549325532261,0.9999549326242733
0.8542174549000487,0.9999549326242733
0.8555988948480416,0.9999549326242733
0.8557614171948643,0.9999549326242733
0.8560052007150983,0.9999549326242733
0.856167723061921,0.9999549326242733
0.8572241183162684,0.9999549326242733
0.8573866406630912,0.9999549326242733
0.859011864131318,0.9999549326242733
0.8591743864781407,0.9999549326242733
0.8603120429058996,0.9999549326242733
0.8605558264261336,0.9999549326242733
0.8620997887209492,0.9999549326242733
0.8624248334145945,0.9999549326242733
0.8630749228018852,0.9999549326242733
0.8633187063221193,0.9999549326242733
0.863481228668942,0.9999549326242733
0.8638062733625873,0.9999549326242733
0.8645376239232895,0.9999549326242733
0.8648626686169348,0.9999549326242733
0.8655127580042256,0.9999549326242733
0.8655127580042256,0.9999699550828488
0.8673005038192751,0.9999699550828488
0.8674630261660978,0.9999699550828488
0.8692507719811474,0.9999699550828488
0.8695758166747928,0.9999699550828488
0.8699821225418495,0.9999699550828488
0.8701446448886722,0.9999699550828488
0.8719323907037217,0.9999699550828488
0.8720949130505444,0.9999699550828488
0.8735576141719487,0.9999699550828488
0.8737201365187713,0.9999699550828488
0.8740451812124167,0.9999699550828488
0.8742077035592394,0.9999699550828488
0.8748577929465301,0.9999699550828488
0.8751828376401756,0.9999699550828488
0.8752640988135869,0.9999699550828488
0.8754266211604096,0.9999699550828488
0.8756704046806436,0.9999699550828488
0.8759141882008776,0.9999699550828488
0.8778644563627499,0.9999699550828488
0.8780269787095726,0.9999699550828488
0.8782707622298066,0.9999699550828488
0.8784332845766293,0.9999699550828488
0.8791646351373313,0.9999699550828488
0.879327157484154,0.9999699550828488
0.8801397692182675,0.9999699550828488
0.8803835527385016,0.9999699550828488
0.8816024703396717,0.9999699550828488
0.8817649926864944,0.9999699550828488
0.8820087762067285,0.9999699550828488
0.8821712985535511,0.9999699550828488
0.8830651714610759,0.9999699550828488
0.8832276938078986,0.9999699550828488
0.8833089549813099,0.9999699550828488
0.8834714773281326,0.9999699550828488
0.8836339996749553,0.9999699550828488
0.8837965220217779,0.9999699550828488
0.8842028278888348,0.9999699550828488
0.8845278725824801,0.9999699550828488
0.8846903949293028,0.9999699550828488
0.8848529172761255,0.9999699550828488
0.8859093125304729,0.9999699550828488
0.8860718348772957,0.9999699550828488
0.8863156183975297,0.9999699550828488
0.8863156183975297,0.9999849775414245
0.88875345359987,0.9999849775414245
0.8889159759466927,0.9999849775414245
0.8891597594669267,0.9999849775414245
0.8893222818137494,0.9999849775414245
0.8894035429871607,0.9999849775414245
0.8895660653339834,0.9999849775414245
0.8898098488542174,0.9999849775414245
0.8900536323744515,0.9999849775414245
0.8902974158946855,0.9999849775414245
0.8904599382415082,0.9999849775414245
0.891110027628799,0.9999849775414245
0.8912725499756217,0.9999849775414245
0.8957419145132456,0.9999849775414245
0.8961482203803023,0.9999849775414245
0.8966357874207703,0.9999849775414245
0.896798309767593,0.9999849775414245
0.8969608321144157,0.9999849775414245
0.8972858768080612,0.9999849775414245
0.8986673167560539,0.9999849775414245
0.8988298391028766,0.9999849775414245
0.8992361449699333,0.9999849775414245
0.8993986673167561,0.9999849775414245
0.9001300178774582,0.9999849775414245
0.9002925402242808,0.9999849775414245
0.9023240695595645,0.9999849775414245
0.9026491142532098,0.9999849775414245
0.9048431659353161,0.9999849775414245
0.9050056882821388,0.9999849775414245
0.9052494718023728,0.9999849775414245
0.9054119941491955,0.9999849775414245
0.9055745164960182,0.9999849775414245
0.9057370388428408,0.9999849775414245
0.9063871282301317,0.9999849775414245
0.9065496505769544,0.9999849775414245
0.906712172923777,0.9999849775414245
0.9068746952705997,0.9999849775414245
0.9071184787908337,0.9999849775414245
0.9072810011376564,0.9999849775414245
0.9098813586868194,0.9999849775414245
0.9100438810336421,0.9999849775414245
0.913781895010564,0.9999849775414245
0.9141882008776206,0.9999849775414245
0.9148382902649115,0.9999849775414245
0.9150820737851455,0.9999849775414245
0.9152445961319682,0.9999849775414245
0.9156509019990249,0.9999849775414245
0.9158134243458476,0.9999849775414245
0.9158946855192589,0.9999849775414245
0.9161384690394929,0.9999849775414245
0.9162197302129043,0.9999849775414245
0.9165447749065496,0.9999849775414245
0.9184950430684219,0.9999849775414245
0.9186575654152446,0.9999849775414245
0.9199577441898261,0.9999849775414245
0.9201202665366488,0.9999849775414245
0.9203640500568828,0.9999849775414245
0.9205265724037055,0.9999849775414245
0.9206078335771168,0.9999849775414245
0.9208516170973509,0.9999849775414245
0.9217454900048757,0.9999849775414245
0.9219080123516984,0.9999849775414245
0.9232081911262798,0.9999849775414245
0.9233707134731025,0.9999849775414245
0.923695758166748,0.9999849775414245
0.9238582805135707,0.9999849775414245
0.9247521534210954,0.9999849775414245
0.9249959369413294,0.9999849775414245
0.9266211604095563,0.9999849775414245
0.9268649439297904,0.9999849775414245
0.9269462051032017,0.9999849775414245
0.9271087274500244,0.9999849775414245
0.9282463838777832,0.9999849775414245
0.9284089062246059,0.9999849775414245
0.9289777344384853,0.9999849775414245
0.929140256785308,0.9999849775414245
0.9293027791321307,0.9999849775414245
0.9294653014789533,0.9999849775414245
0.9299528685194214,0.9999849775414245
0.9301966520396554,0.9999849775414245
0.9306842190801236,0.9999849775414245
0.9308467414269462,0.9999849775414245
0.9316593531610596,0.9999849775414245
0.9318218755078823,0.9999849775414245
0.9344222330570453,0.9999849775414245
0.934584755403868,0.9999849775414245
0.9349098000975135,0.9999849775414245
0.9350723224443361,0.9999849775414245
0.9353161059645702,0.9999849775414245
0.9357224118316269,0.9999849775414245
0.9360474565252722,0.9999849775414245
0.9371038517796197,0.9999849775414245
0.9372663741264424,0.9999849775414245
0.9376726799934991,0.9999849775414245
0.9378352023403218,0.9999849775414245
0.9384852917276125,0.9999849775414245
0.9386478140744352,0.9999849775414245
0.9387290752478465,0.9999849775414245
0.9388915975946692,0.9999849775414245
0.9396229481553714,0.9999849775414245
0.9397854705021941,0.9999849775414245
0.9400292540224281,0.9999849775414245
0.9408418657565415,0.9999849775414245
0.9411669104501869,0.9999849775414245
0.9413294327970095,0.9999849775414245
0.941654477490655,0.9999849775414245
0.9418169998374777,0.9999849775414245
0.944011051519584,0.9999849775414245
0.9441735738664067,0.9999849775414245
0.9443360962132293,0.9999849775414245
0.944498618560052,0.9999849775414245
0.9445798797334634,0.9999849775414245
0.944742402080286,0.9999849775414245
0.9449861856005201,0.9999849775414245
0.9482366325369739,0.9999849775414245
0.9485616772306192,0.9999849775414245
0.9486429384040306,0.9999849775414245
0.9488054607508533,0.9999849775414245
0.9491305054444986,0.9999849775414245
0.9492930277913213,0.9999849775414245
0.9502681618722575,0.9999849775414245
0.9504306842190802,0.9999849775414245
0.9515683406468389,0.9999849775414245
0.9517308629936616,0.9999849775414245
0.9522184300341296,0.9999849775414245
0.9523809523809523,0.9999849775414245
0.9527872582480091,0.9999849775414245
0.9529497805948318,0.9999849775414245
0.9542499593694133,0.9999849775414245
0.9544937428896473,0.9999849775414245
0.9556313993174061,0.9999849775414245
0.9558751828376402,0.9999849775414245
0.9562814887046969,0.9999849775414245
0.9565252722249309,0.9999849775414245
0.9575816674792784,0.9999849775414245
0.9577441898261011,0.9999849775414245
0.9590443686006825,0.9999849775414245
0.9592068909475053,0.9999849775414245
0.9601820250284414,0.9999849775414245
0.9603445473752641,0.9999849775414245
0.9609133755891435,0.9999849775414245
0.9610758979359662,0.9999849775414245
0.9620510320169023,0.9999849775414245
0.962213554363725,0.9999849775414245
0.9636762554851293,0.9999849775414245
0.9638387778319519,0.9999849775414245
0.9642450836990086,0.9999849775414245
0.9644888672192427,0.9999849775414245
0.964570128392654,0.9999849775414245
0.9647326507394767,0.9999849775414245
0.9665203965545263,0.9999849775414245
0.9666829189013489,0.9999849775414245
0.966926702421583,0.9999849775414245
0.9670892247684056,0.9999849775414245
0.9688769705834552,0.9999849775414245
0.9691207541036893,0.9999849775414245
0.9694457987973346,0.9999849775414245
0.96977084349098,0.9999849775414245
0.9709897610921502,0.9999849775414245
0.9711522834389729,0.9999849775414245
0.9713148057857955,0.9999849775414245
0.9714773281326182,0.9999849775414245
0.9722086786933203,0.9999849775414245
0.9723712010401431,0.9999849775414245
0.9726149845603771,0.9999849775414245
0.9727775069071998,0.9999849775414245
0.9741589468551926,0.9999849775414245
0.9741589468551926,1.0
0.9742402080286039,1.0
0.9744027303754266,1.0
0.9746465138956607,1.0
0.9748090362424834,1.0
0.9752966032829514,1.0
0.9754591256297741,1.0
0.9757029091500081,1.0
0.9758654314968308,1.0
0.9762717373638875,1.0
0.9764342597107102,1.0
0.9781407443523484,1.0
0.9783032666991711,1.0
0.9786283113928165,1.0
0.9788720949130505,1.0
0.979684706647164,1.0
0.979928490167398,1.0
0.9804973183812774,1.0
0.9806598407281001,1.0
0.9807411019015114,1.0
0.9809848854217454,1.0
0.9818787583292703,1.0
0.982041280676093,1.0
0.9839102876645539,1.0
0.9842353323581993,1.0
0.987729562814887,1.0
0.9878920851617098,1.0
0.9882983910287665,1.0
0.9884609133755892,1.0
0.9893547862831139,1.0
0.9895173086299366,1.0
0.9901673980172274,1.0
0.9903299203640501,1.0
0.9926864943929791,1.0
0.9929302779132131,1.0
0.9956931578091988,1.0
0.9958556801560214,1.0
0.9972371201040143,1.0
0.9975621647976597,1.0
0.9989436047456526,1.0
0.9991061270924753,1.0
1.0,1.0
